-2.705665403  0.205960323  9.484645176    -2.74838674 -0.05835179427    9.525029253 1777094056 1777094056
-2.732255802 0.2354560143   9.46906827   -2.750739297 -0.03742709612    9.546508341 1777094056 1777094056
-2.766242601 0.2639872716  9.449717618    -2.758102103 -0.002698733345     9.578984978 1777094056 1777094056
-2.820913419 0.2684430589  9.421154035  -2.774206136 0.04516399998   9.618098036 1777094056 1777094056
-2.880244206  0.268842827  9.391560782 -2.802149125 0.1040385424  9.658158177 1777094056 1777094056
-2.936857043 0.2787351759  9.363710439 -2.843451485 0.1702999342  9.693068588 1777094056 1777094056
-2.974588403 0.3181810031  9.340572318 -2.897070783 0.2394523307  9.716825414 1777094056 1777094056
-2.992365419 0.3062298011   9.32569856 -2.958679687 0.3065033248  9.723944112 1777094056 1777094056
-2.998099972 0.3008683677  9.309238372 -3.020687718 0.3665261762  9.710437383 1777094056 1777094056
-2.990370851 0.3034744313  9.288853697 -3.072972569 0.4149645777  9.673714192 1777094056 1777094056
-2.972244925 0.3192962445  9.256947949 -3.10411952 0.447863916 9.612948779 1777094056 1777094056
-2.919686647 0.3561564337  9.215710742 -3.103799463 0.4630732099  9.529736797 1777094056 1777094056
-2.868939417 0.3738583547  9.166184285 -3.064133087 0.4597540168  9.426867714 1777094056 1777094056
-2.784298791 0.3558556764  9.100623879 -2.981786755 0.4380276504  9.310516431 1777094056 1777094056
-2.686559411  0.314772405  9.044331867 -2.859320698 0.4004539695  9.189029857 1777094056 1777094056
-2.575295208 0.2568424932  8.987489363 -2.705140501 0.3482842199  9.071466633 1777094056 1777094056
 -2.43093627 0.2038290297  8.945186143 -2.533237427 0.2848208185  8.968367345 1777094056 1777094056
-2.354438804  0.169812363  8.919177693 -2.360898641 0.2127709483  8.886392658 1777094056 1777094056
 -2.310608324 0.09598286279    8.90133112 -2.207603132 0.1356032357  8.835389848 1777094056 1777094056
-2.269977065 0.0248280436  8.924217852   -2.09127906 0.05756536915   8.822536305 1777094056 1777094056
  -2.230674268 -0.02512433297    8.982608161   -2.025654141 -0.01698565316     8.85021235 1777094056 1777094056
  -2.218720739 -0.05554623978    9.074658571   -2.017717288 -0.08345024597    8.917757538 1777094056 1777094056
  -2.258072547 -0.07463900893    9.164796139  -2.067697915 -0.1382941646   9.021761071 1777094056 1777094056
  -2.370221852 -0.09532453316    9.265466135  -2.168951576 -0.1785604104   9.154966018 1777094056 1777094056
 -2.480593319 -0.1042258814   9.366805741  -2.308492403 -0.2027792943   9.305068779 1777094056 1777094056
 -2.566612463 -0.1064988229   9.458485924  -2.469935416 -0.2096862254   9.457632987 1777094056 1777094056
 -2.664403615 -0.0846012251   9.539038494 -2.635694226 -0.199086486  9.598357034 1777094056 1777094056
   -2.74810748 -0.04805616925    9.581425121  -2.789695716 -0.1712258906    9.71453795 1777094056 1777094056
  -2.861281547 0.005015244564     9.59251719  -2.919836794 -0.1280322342    9.79593657 1777094056 1777094056
 -2.939393118 0.06829449437   9.583087888   -3.019611502 -0.07248997824     9.83543635 1777094056 1777094056
 -2.98801838 0.1205576735    9.5598515 -3.087942911 -0.006843438  9.832187312 1777094056 1777094056
-3.016566054 0.1608852523  9.525031073  -3.128954059 0.06596194906   9.790788215 1777094056 1777094056
-3.034788801 0.1936705896  9.488049326 -3.150046871 0.1430670897  9.720767483 1777094056 1777094056
 -3.06342627 0.2323623652   9.44482422 -3.160243691  0.221087164  9.634349902 1777094056 1777094056
 -3.07872016 0.2773583145  9.409457211 -3.167992336 0.2962321012  9.544151692 1777094056 1777094056
-3.088144065 0.3162365757  9.381698928 -3.178635994 0.3648597219  9.462055331 1777094056 1777094056
-3.092386854 0.3491290684  9.358617247 -3.194187983  0.422753468  9.397025327 1777094056 1777094056
-3.089765555 0.3535025837  9.343263802 -3.212417206 0.4655756237  9.353783964 1777094056 1777094056
-3.091421202  0.340749417  9.324974299 -3.227709533 0.4890455821  9.332883426 1777094056 1777094056
-3.075505907   0.31942162  9.306831235 -3.232632287 0.4892446428  9.330533292 1777094056 1777094056
-3.035218819 0.3087057615  9.299396861 -3.219596503 0.4632333084   9.34005715 1777094056 1777094056
-2.951588229 0.2818733985   9.28558812 -3.182737137  0.409734205   9.35298027 1777094056 1777094056
-2.887338785  0.277163084  9.268117483 -3.119334283 0.3296201817  9.361007055 1777094056 1777094056
-2.828129491 0.2124394392  9.247135127 -3.031024667 0.2263319928  9.358834455 1777094056 1777094056
-2.766313516 0.1262713044  9.229611224 -2.923287545 0.1062394211  9.343945117 1777094056 1777094056
 -2.692214042 0.02599276046   9.221553523  -2.805042162 -0.0220198692   9.317534305 1777094057 1777094057
   -2.62374439 -0.05910297249    9.219871931  -2.686957889 -0.1482781491   9.283143942 1777094057 1777094057
  -2.56974294 -0.1398072124   9.224728085  -2.580386844 -0.2618975019   9.247479356 1777094057 1777094057
 -2.547321408 -0.2459701286   9.230527158  -2.495557422 -0.3531247821   9.218112642 1777094057 1777094057
-2.555558935 -0.329317547  9.237596431  -2.439716127 -0.4143252375   9.200969936 1777094057 1777094057
 -2.583300084 -0.3735516554   9.247764368  -2.416651375 -0.4408528307   9.200806882 1777094057 1777094057
 -2.634551814 -0.3699127016   9.261738383  -2.425977753 -0.4316402091   9.219968237 1777094057 1777094057
 -2.67719031 -0.302612642   9.28181996  -2.464329497 -0.3897933068   9.257635621 1777094057 1777094057
  -2.73171284 -0.2148817593   9.302771567    -2.5257135 -0.3219278373   9.310072459 1777094057 1777094057
 -2.792636757 -0.1197651818   9.320673258 -2.601948328 -0.237078371  9.371067588 1777094057 1777094057
  -2.857888878 -0.02643508238    9.337263509    -2.6839422 -0.1454724536   9.433142174 1777094057 1777094057
 -2.908380259 0.05994537783   9.356518572   -2.763197113 -0.05721397599    9.488775068 1777094057 1777094057
-2.916553112 0.1206481212  9.381103687   -2.83295593 0.01900703071   9.531471265 1777094057 1777094057
 -2.90214191 0.1732914644  9.410273153  -2.888342805 0.07722594348   9.556983555 1777094057 1777094057
-2.864899742 0.1996651396  9.441640246 -2.926258412 0.1149679799   9.56375964 1777094057 1777094057
-2.812828362 0.2020087641  9.471559148 -2.945402902 0.1334194423  9.553201405 1777094057 1777094057
-2.766813318 0.1921373016  9.496302927 -2.946204339 0.1370911904  9.529189255 1777094057 1777094057
-2.729030283 0.1706207232  9.514542643 -2.930530816 0.1326995481  9.497145293 1777094057 1777094057
-2.714444669 0.1642214835  9.524077777 -2.901381142 0.1282584548  9.463164918 1777094057 1777094057
-2.696302108 0.1663750619  9.533369342 -2.862451422 0.1316549255  9.432903416 1777094057 1777094057
 -2.67445835 0.1928824522  9.543080539 -2.817633113  0.149328884  9.410948584 1777094057 1777094057
-2.666741775 0.2255457558  9.548285333 -2.770815325 0.1854651247  9.400155513 1777094057 1777094057
-2.666314335  0.286094512  9.551081518 -2.725734576 0.2412790299  9.401254345 1777094057 1777094057
 -2.67521534 0.3545758798  9.549772603 -2.685676445 0.3150112717  9.412994115 1777094057 1777094057
-2.683375304 0.4206805864  9.546001283 -2.652885901 0.4021464565  9.432696314 1777094057 1777094057
-2.689425772 0.5003242609    9.5374917 -2.628933932  0.496050672  9.457065543 1777094057 1777094057
-2.693000893 0.5710743599  9.523145451   -2.6144566 0.5888046985  9.482098358 1777094057 1777094057
-2.690814756 0.6284210164  9.501518709 -2.609219805 0.6722770761  9.504180478 1777094057 1777094057
-2.684024049 0.6553198188  9.475331178 -2.611801714 0.7390439949  9.520425633 1777094057 1777094057
-2.673508491 0.6605079037  9.442042406 -2.619902472 0.7832951676  9.529280975 1777094057 1777094057
-2.649192653 0.6551881409  9.408507254 -2.630708595 0.8014655999  9.530309377 1777094057 1777094057
-2.616413092  0.652852042  9.371501147  -2.64126171 0.7926291654  9.523967044 1777094057 1777094057
-2.577058008  0.638227656  9.339192268 -2.648909734 0.7587072815  9.511541511 1777094057 1777094057
-2.555863665 0.5912619252  9.312735228 -2.651439171 0.7044097327  9.495367023 1777094057 1777094057
-2.553548878 0.5314792889  9.290537415 -2.647525553 0.6367748399  9.477557398 1777094057 1777094057
-2.544179624 0.4968149516  9.281747479 -2.636860645 0.5645268156  9.459412548 1777094057 1777094057
-2.540113248 0.4880326665  9.283929203 -2.620673971  0.497356167  9.441690858 1777094057 1777094057
-2.539270125 0.5113013768  9.298198739 -2.601350974 0.4449829425  9.424489466 1777094057 1777094057
-2.536027325 0.5131994514  9.323858823 -2.582509529 0.4161277733  9.407440611 1777094057 1777094057
 -2.54344576 0.5235266309  9.354291773 -2.568278344 0.4174482574   9.38978055 1777094057 1777094057
-2.563292667 0.5646009568  9.382250337 -2.563051654  0.452775694   9.37188396 1777094057 1777094057
-2.586359036 0.6493383737  9.403195492 -2.570521243 0.5224316919  9.355468455 1777094057 1777094057
-2.610260448 0.7707800069  9.415651019 -2.593273591 0.6226381795  9.342710532 1777094057 1777094057
 -2.63730527 0.8626252476  9.414926597 -2.631380706 0.7456164893  9.335372387 1777094057 1777094057
-2.671398157 0.9415994814  9.399920007 -2.681823143 0.8807166412  9.336571479 1777094057 1777094057
-2.69390365  1.01190386 9.375492747 -2.73949526 1.015101826  9.34880788 1777094057 1777094057
-2.721618222  1.058697479  9.338275913 -2.797175786  1.135352164  9.373183915 1777094057 1777094057
-2.749009029  1.108170542  9.291542832 -2.847564423  1.228963106  9.409448548 1777094057 1777094057
-2.767684011  1.104569821   9.24910085 -2.88325021  1.28585126 9.453881462 1777094057 1777094057
-2.786369019  1.058983173  9.210005199 -2.898825074  1.300159751  9.501729933 1777094057 1777094057
-2.791972709   1.00169131  9.178350453 -2.891874111  1.270644443  9.545825805 1777094058 1777094058
-2.800934053 0.9334586876  9.150974924 -2.863645712  1.200717765   9.57726173 1777094058 1777094058
-2.797588514 0.8950943627  9.127887185 -2.819013391  1.098160879  9.586945892 1777094058 1777094058
-2.795881227 0.8645686408  9.107832905 -2.765708314 0.9739135052  9.566931711 1777094058 1777094058
 -2.80581583 0.7782587828  9.090951165 -2.713387228   0.84038737  9.512167641 1777094058 1777094058
-2.803491879 0.7404484859  9.073745313 -2.671961298 0.7103387516  9.422250218 1777094058 1777094058
-2.791704695 0.7158430011  9.057474126  -2.64985812 0.5944167286   9.30147132 1777094058 1777094058
-2.790006825 0.6882974564  9.037154755 -2.652540611 0.5003198788  9.159085498 1777094058 1777094058
-2.813632745 0.6633888976  9.008854158 -2.681234029 0.4319345821  9.008556909 1777094058 1777094058
-2.862115976 0.5388283045  8.980777485 -2.732557014 0.3887696998  8.865716746 1777094058 1777094058
-2.876345559 0.5112357423  8.960934469 -2.799042746  0.367859497   8.74740803 1777094058 1777094058
-2.862034601 0.5187344908  8.954499914 -2.870633413 0.3626373105  8.667302281 1777094058 1777094058
-2.846061926 0.4503909178  8.960700706 -2.936441512 0.3652510714  8.634691128 1777094058 1777094058
-2.873757794 0.4183320482  8.959466867 -2.986682845 0.3683444067  8.652708462 1777094058 1777094058
-2.912971761 0.3190141751  8.965101189 -3.014468969 0.3653220905  8.718129439 1777094058 1777094058
-2.930863693 0.3008054592  8.980701556 -3.017185289 0.3523337039  8.820856642 1777094058 1777094058
-2.939026986 0.3288199261   9.00096587 -2.997272828 0.3279239178  8.946267585 1777094058 1777094058
-2.949541158 0.2961768581  9.025191342 -2.961472864 0.2932532626   9.07722954 1777094058 1777094058
-2.977620834  0.305530822  9.037496834  -2.91979426 0.2520741855  9.196737713 1777094058 1777094058
-3.009775474 0.2536041919  9.044602119  -2.88325159 0.2092664142  9.289890523 1777094058 1777094058
-3.023333159 0.2482361832  9.047477481  -2.86203675 0.1705586256  9.346831405 1777094058 1777094058
-3.028835374  0.259035892  9.041770828 -2.863038419 0.1413595079  9.363343939 1777094058 1777094058
 -3.02852198 0.2342927843    9.0259541 -2.888995659 0.1245839129  9.340433042 1777094058 1777094058
-3.041013633 0.2389385109  8.994948565 -2.938225366 0.1211455972  9.285002316 1777094058 1777094058
-3.046937195 0.1704094777  8.957693129 -3.003682449 0.1282884062  9.205179615 1777094058 1777094058
 -3.02631723 0.1564611113  8.920898259 -3.07503978 0.142914426 9.112849293 1777094058 1777094058
-2.993869383 0.1629549718  8.881953801 -3.140335138 0.1590672907  9.018115688 1777094058 1777094058
-2.958003862 0.1590161054  8.845089719 -3.188551627  0.169139385  8.929109529 1777094058 1777094058
 -2.93854743 0.1719122561   8.80844141 -3.211092978 0.1669312957  8.851863707 1777094058 1777094058
-2.920067329 0.1373047503  8.779593515 -3.203425587 0.1477473795  8.790137143 1777094058 1777094058
 -2.898281234 0.09237953999   8.761973636 -3.166277727 0.1101275165  8.745415008 1777094058 1777094058
 -2.873272432 0.05203179781   8.755845031  -3.105347532 0.05548579321   8.717093023 1777094058 1777094058
    -2.84598871 -0.001681703212     8.763353626    -3.02972518 -0.01129468343     8.70431749 1777094058 1777094058
    -2.84807274 -0.008472097414     8.772387608   -2.949888813 -0.08293401411    8.704583776 1777094058 1777094058
  -2.858835113 -0.06771238623    8.787473447  -2.877163655 -0.1505284208   8.717659998 1777094058 1777094058
  -2.85490258 -0.1361147102   8.816794434  -2.821222365 -0.2064361988   8.741391453 1777094058 1777094058
 -2.831872154 -0.1719475561   8.858222634  -2.788642489 -0.2446825712   8.774440392 1777094058 1777094058
 -2.799636705 -0.2156900625   8.907950113  -2.782171299 -0.2620704576   8.816505138 1777094058 1777094058
 -2.783401241 -0.2275478295   8.953031341  -2.800953829 -0.2595361792   8.866884349 1777094058 1777094058
 -2.791557927 -0.2712916296   8.991157241  -2.841055552 -0.2418954086    8.92500476 1777094058 1777094058
 -2.801109529 -0.3432507939   9.033387981  -2.895606093 -0.2169700193   8.989397818 1777094058 1777094058
 -2.795890604 -0.3844767021   9.086057933  -2.955875121 -0.1942051504   9.058083946 1777094058 1777094058
 -2.773546915 -0.4202896418   9.147240925 -3.012506542  -0.18321757  9.129215251 1777094058 1777094058
 -2.773665285 -0.4247105283   9.204125931  -3.056332422 -0.1916681827   9.200743754 1777094058 1777094058
-2.788080538 -0.487085604  9.255834935  -3.079838688 -0.2236517322   9.271999042 1777094058 1777094058
 -2.779625931 -0.5631279291   9.322846984  -3.077887201 -0.2794818576   9.342549464 1777094058 1777094058
 -2.772477416 -0.6361751106   9.391959513  -3.047894806 -0.3554714343   9.412477459 1777094058 1777094058
 -2.754216385 -0.7000392891   9.468859359 -2.990234067 -0.444332978  9.482710938 1777094058 1777094058
 -2.732684814 -0.6931968403   9.549627733  -2.908345961 -0.5373289913   9.553831599 1777094058 1777094058
  -2.74715307 -0.7104044085   9.596168827  -2.808489666 -0.6243690479   9.627476671 1777094058 1777094058
 -2.768334921 -0.8681518451   9.647710809    -2.700354 -0.698011198    9.7045836 1777094059 1777094059
 -2.749513157 -0.7962027222   9.717575217  -2.594500586 -0.7539963154   9.783605373 1777094059 1777094059
  -2.70321605 -0.7016160048   9.798073622  -2.502000559 -0.7896028998   9.864270623 1777094059 1777094059
 -2.653145997 -0.6142293029   9.868127656   -2.43302599 -0.8067388622   9.944346832 1777094059 1777094059
 -2.664868818 -0.6589193043   9.907181007  -2.395622321 -0.8102748532   10.02110969 1777094059 1777094059
 -2.661383592 -0.7473880948   9.952459746  -2.393968823 -0.8056494815   10.09049173 1777094059 1777094059
 -2.638923426 -0.6928314455   10.01431652  -2.427899661 -0.7984157281   10.14834069 1777094059 1777094059
 -2.602297575 -0.6108695264   10.08074154  -2.492858871 -0.7928601765   10.19167859 1777094059 1777094059
 -2.579735062 -0.5447026606    10.1372194 -2.579663801 -0.790515217  10.21908846 1777094059 1777094059
 -2.589292098 -0.5824060193   10.17091214  -2.676030151 -0.7887739944    10.2312775 1777094059 1777094059
 -2.567708206 -0.7244058031   10.20283082 -2.769210336 -0.783001523  10.23015751 1777094059 1777094059
 -2.558925208 -0.6572696127   10.23668397  -2.845584991 -0.7705893538   10.21629375 1777094059 1777094059
 -2.544486712 -0.5697494261   10.25983063  -2.895500387 -0.7450454049   10.19559624 1777094059 1777094059
 -2.548188105 -0.5163106058   10.26306526  -2.912078522 -0.7021912344   10.17368641 1777094059 1777094059
 -2.577560214 -0.5683659313   10.24413862  -2.894112233 -0.6413126924   10.15605302 1777094059 1777094059
 -2.581218221 -0.5910774496   10.22329393  -2.846208086 -0.5677940646   10.14577412 1777094059 1777094059
  -2.60112798 -0.5757373985   10.19269632  -2.776326757 -0.4890227554   10.14571601 1777094059 1777094059
 -2.607012882 -0.5544524621   10.16311708 -2.695968423 -0.414551163  10.15735171 1777094059 1777094059
 -2.610151152 -0.5218350288   10.13738941  -2.616957215 -0.3549948089   10.18000241 1777094059 1777094059
-2.621335053 -0.516150206   10.1148508  -2.550182492 -0.3195249795   10.21135084 1777094059 1777094059
 -2.601833319 -0.5243312134   10.10556031  -2.50377947 -0.314482901  10.24736179 1777094059 1777094059
 -2.587762968 -0.5229012885   10.10357961  -2.481402697 -0.3417321304   10.28314515 1777094059 1777094059
 -2.559971398 -0.5298287141   10.11447231  -2.482898193 -0.3978197547   10.31376928 1777094059 1777094059
 -2.539391594 -0.5290792755    10.1314864  -2.503762514 -0.4746358017   10.33460513 1777094059 1777094059
 -2.539493251 -0.5507113412    10.1458336  -2.536969926 -0.5604136633   10.34233042 1777094059 1777094059
 -2.527423095 -0.5772309963   10.16461903 -2.574703145 -0.642379612  10.33517534 1777094059 1777094059
 -2.536780118 -0.5998056255   10.17791383  -2.608960916 -0.7086772122   10.31295736 1777094059 1777094059
 -2.546280973 -0.6305340523   10.18539326  -2.634272207 -0.7504485859   10.27783604 1777094059 1777094059
 -2.561201432 -0.6568274532   10.18248468 -2.647599038 -0.763790386  10.23326429 1777094059 1777094059
-2.601589725 -0.712168492  10.16147488  -2.649003285 -0.7498646086   10.18428368 1777094059 1777094059
 -2.616863615 -0.7392736146   10.13728872  -2.641905237 -0.7156999457   10.13578436 1777094059 1777094059
-2.642659645 -0.758447051  10.09999287   -2.63078688 -0.6715318003   10.09288093 1777094059 1777094059
 -2.645249848 -0.7789823965   10.05502791  -2.621587108 -0.6295205948   10.05936183 1777094059 1777094059
 -2.639907694 -0.8111972936    10.0068738  -2.619136609 -0.6014013835   10.03732091 1777094059 1777094059
 -2.652846402 -0.8436487004   9.953153819  -2.626770387 -0.5962451521   10.02653804 1777094059 1777094059
 -2.647734713 -0.8748078489   9.903556099  -2.645528755 -0.6188224667    10.0243907 1777094059 1777094059
 -2.653385946 -0.8834617564    9.85452064  -2.67355683 -0.668715165  10.02642002 1777094059 1777094059
 -2.638513384 -0.8907437558   9.817539943  -2.707506549 -0.7402354508   10.02717896 1777094059 1777094059
 -2.623994114 -0.8928412869   9.792495223  -2.742054559 -0.8239460184   10.02098833 1777094059 1777094059
 -2.628940501 -0.8943778952   9.774797632   -2.77158017 -0.9084914099   10.00292396 1777094059 1777094059
 -2.628162884 -0.9029394328   9.765603447  -2.791336974 -0.9824944901   9.970567315 1777094059 1777094059
 -2.650434295 -0.9005449959   9.758458072 -2.797235031 -1.036864632  9.923083597 1777094059 1777094059
 -2.664383584 -0.9017375632   9.756509953 -2.788169769 -1.066350994  9.863455542 1777094059 1777094059
  -2.67555539 -0.9397330517   9.749580192 -2.764519101 -1.070027364  9.796395517 1777094059 1777094059
 -2.692032623 -0.9701274695   9.734875417 -2.729028481 -1.052206957  9.727114661 1777094059 1777094059
-2.706493301 -1.022822949  9.706603284 -2.686332709 -1.019682943  9.662447692 1777094059 1777094059
-2.732017346 -1.049394124  9.661303105  -2.641241379 -0.9813292413   9.607133055 1777094059 1777094059
-2.736666757 -1.089641366  9.598937778  -2.599776583 -0.9458436098   9.565183505 1777094059 1777094059
 -2.71275975 -1.154557899   9.52118628  -2.567547305 -0.9205323288   9.536924765 1777094059 1777094059
-2.703007262 -1.194832336  9.436370542  -2.548783809 -0.9102114305   9.517973948 1777094059 1777094059
-2.704790215 -1.209598714  9.326935442  -2.546716911 -0.9156297313   9.502652617 1777094060 1777094060
-2.689892744 -1.209490698  9.215609288  -2.561793781 -0.9344205916   9.482674836 1777094060 1777094060
-2.651226454 -1.180648721   9.11000184  -2.593011226 -0.9615021001   9.448933433 1777094060 1777094060
-2.616246778 -1.132751502   9.00790954  -2.637146208 -0.9900429097   9.393997654 1777094060 1777094060
-2.607695258  -1.06956694   8.91894433 -2.689383852 -1.012740685  9.312712974 1777094060 1777094060
 -2.613030342 -0.9891029266   8.830166685 -2.743852201 -1.023093835  9.205696047 1777094060 1777094060
-2.610986519 -0.938696493   8.75344975 -2.793712592 -1.016496566  9.078159244 1777094060 1777094060
 -2.587701858 -0.8884750665   8.711978673   -2.83281031 -0.9895431478   8.938470105 1777094060 1777094060
 -2.596711764 -0.7551641325    8.66695933  -2.855726417 -0.9413238593   8.800392359 1777094060 1777094060
 -2.621814967 -0.7228085806   8.625578664  -2.859236122 -0.8737450003   8.678628533 1777094060 1777094060
 -2.665135715 -0.6791156851    8.58471822  -2.842812902 -0.7887832373   8.586914798 1777094060 1777094060
 -2.697621881 -0.6014639528   8.552997889  -2.808451362 -0.6898691694   8.535981834 1777094060 1777094060
 -2.713365956 -0.5116167658   8.525112544  -2.760838458 -0.5824364377   8.530033918 1777094060 1777094060
 -2.724083544 -0.4470853316   8.497688628  -2.707739629 -0.4721816874   8.566284271 1777094060 1777094060
-2.751018636 -0.371264677  8.463639786  -2.657832847 -0.3645630582   8.635124005 1777094060 1777094060
  -2.77836421 -0.3112878877   8.428927689  -2.619567256 -0.2651182953   8.720613759 1777094060 1777094060
 -2.788595237 -0.2656060751   8.400585686   -2.60058929 -0.1788460836   8.803309386 1777094060 1777094060
 -2.777354915 -0.2520618198   8.386218847  -2.606768628 -0.1091196204   8.863593779 1777094060 1777094060
 -2.768929892 -0.2122949582   8.379360127   -2.641140508 -0.05837442903    8.884869169 1777094060 1777094060
 -2.767114182 -0.1671083226    8.37979943   -2.702785134 -0.02767325725    8.856514623 1777094060 1777094060
 -2.776508618 -0.1471481304   8.385411365    -2.78712693 -0.01609175056    8.776176402 1777094060 1777094060
 -2.775699525 -0.1549208433   8.400223432   -2.886062949 -0.01968152495    8.650030959 1777094060 1777094060
 -2.773037105 -0.1412074804   8.419486793   -2.989421506 -0.03212236162    8.492875765 1777094060 1777094060
  -2.791509171 -0.06617990077     8.43401702   -3.086306751 -0.04594566316    8.325858861 1777094060 1777094060
  -2.811763258 -0.03183194515     8.44098978   -3.166044456 -0.05363296088    8.172326674 1777094060 1777094060
 -2.855423411 0.01399221188   8.434905435   -3.219810726 -0.04733744793    8.054814893 1777094060 1777094060
-2.890363679 0.0479736419  8.422800365   -3.241549374 -0.02098664366    7.991026282 1777094060 1777094060
 -2.908953884 0.09512588962   8.408348928  -3.228976489 0.02881944214   7.990998797 1777094060 1777094060
-2.925201649  0.172386135  8.387025834 -3.184268635 0.1016991371  8.055039655 1777094060 1777094060
-2.926711411 0.1982808701  8.371218013 -3.112969165  0.193385903  8.173859827 1777094060 1777094060
-2.932674865 0.2477155116  8.352306365 -3.023882742 0.2967886307   8.33032265 1777094060 1777094060
-2.934179106 0.2848857511   8.34144865 -2.927694781 0.4022116985  8.501976784 1777094060 1777094060
-2.919096655 0.2984389473   8.34630352 -2.835557763 0.4989999577  8.665066636 1777094060 1777094060
-2.899959146 0.3366121854  8.365305637 -2.758138746 0.5774558795  8.797555166 1777094060 1777094060
-2.879439816 0.3396724145  8.395382914 -2.704661131  0.629662324  8.882964134 1777094060 1777094060
-2.885688364 0.3997701432  8.431635558 -2.681545077 0.6517803462  8.912600125 1777094060 1777094060
-2.896770121 0.4484550786  8.477789698  -2.69097489 0.6439154449  8.888100933 1777094060 1777094060
-2.934625349 0.4617391321  8.530346384 -2.732325511 0.6101269214  8.819598329 1777094060 1777094060
 -2.97974669 0.4697019916  8.597112193 -2.801516109 0.5589187003  8.723866621 1777094060 1777094060
-3.002030961 0.5172165866  8.662142593 -2.891902876 0.5024844829  8.621912202 1777094060 1777094060
-3.051499211 0.6336499909   8.72989627 -2.995283173 0.4530983831  8.536849236 1777094060 1777094060
-3.089825582 0.7261100409  8.806856658 -3.101948709 0.4214941577  8.488462298 1777094060 1777094060
-3.120212267 0.7985750295   8.89777971 -3.202635746 0.4165711228  8.491303754 1777094060 1777094060
-3.130462956 0.8525052337  9.009084815 -3.288748548 0.4452511775  8.552404763 1777094060 1777094060
-3.110764617 0.9033714896  9.118882435 -3.352982374 0.5123152441  8.671482712 1777094060 1777094060
-3.107022796 0.9974347357   9.21065088 -3.389603823 0.6187645595  8.842007654 1777094060 1777094060
-3.112635043  1.141835127  9.311394608 -3.396486754 0.7554054556  9.049321769 1777094060 1777094060
-3.096906018   1.23803402  9.421928865 -3.373621251 0.9123740975   9.27389765 1777094060 1777094060
-3.051530774  1.252965031   9.54153777 -3.322920966  1.078893188  9.495837932 1777094060 1777094060
-2.995991158  1.297305707  9.633577532 -3.247856084  1.242464162  9.699838854 1777094060 1777094060
-2.938960733  1.322119813  9.707189301 -3.15367383 1.387958724 9.870869324 1777094061 1777094061
-2.895134088   1.38335889  9.753001204 -3.050017559  1.502285567  9.998733965 1777094061 1777094061
-2.844010664  1.470648554  9.775794745 -2.946095879  1.576177972  10.07710333 1777094061 1777094061
-2.789666769  1.438369812  9.787687946 -2.849191884  1.603338661  10.10407909 1777094061 1777094061
-2.741816684  1.402297372  9.778739147 -2.765629053  1.581020665  10.08580792 1777094061 1777094061
-2.699397522    1.3283016  9.762000088 -2.700869329  1.512544456    10.028806 1777094061 1777094061
-2.693321745   1.30937328  9.720051375 -2.659779278  1.407252174  9.943374224 1777094061 1777094061
-2.679793249  1.299312334  9.671657057 -2.643694552  1.277655856  9.840617019 1777094061 1777094061
-2.658193282  1.227855237  9.644450494 -2.649360651  1.138221819  9.733076251 1777094061 1777094061
-2.629445074  1.141982584  9.640393418 -2.671442205  1.005254271  9.634059752 1777094061 1777094061
-2.605448856  1.054243697  9.652406382  -2.70282686 0.8946357944  9.555405305 1777094061 1777094061
-2.601310188  1.003779501  9.674562709 -2.735620257 0.8188993089   9.50726862 1777094061 1777094061
-2.584440428  1.051360275  9.713657738  -2.76202265 0.7861620177  9.496755847 1777094061 1777094061
-2.563016808  1.090256001  9.779268474 -2.774695581 0.8006405621  9.526791849 1777094061 1777094061
-2.535816759  1.078680034  9.862882219 -2.768683701 0.8605995898  9.596644836 1777094061 1777094061
-2.498346712  1.044647486  9.957933547 -2.741703043  0.958190076  9.702400611 1777094061 1777094061
-2.467162309  1.043943738  10.04777195 -2.695385612  1.080270704  9.836940934 1777094061 1777094061
-2.435204894  1.083114641  10.13718508 -2.634584511  1.210933065  9.989343699 1777094061 1777094061
-2.415353354  1.115780684  10.21913449 -2.564870048  1.332200618  10.14608914 1777094061 1777094061
-2.400981016  1.094302148  10.28271329 -2.49424008 1.427392227   10.292705 1777094061 1777094061
-2.400131428  1.020750239  10.32904656 -2.42945693 1.481268885 10.41626275 1777094061 1777094061
-2.407168349 0.9614231471  10.35257311 -2.378527369   1.48430405  10.50715991 1777094061 1777094061
-2.414144577 0.9431971676  10.35397172 -2.348564517  1.434513991   10.5584669 1777094061 1777094061
-2.442883122 0.9594948804  10.32910148 -2.34140929 1.335313316 10.56724809 1777094061 1777094061
-2.470377269 0.9522929068  10.29098809 -2.357213357  1.197490407  10.53528834 1777094061 1777094061
-2.501627992 0.8794365751  10.25100914 -2.393070263  1.036741702   10.4691728 1777094061 1777094061
-2.528212048 0.8115024142  10.20875556 -2.444267424 0.8709921849  10.38055686 1777094061 1777094061
-2.542076715 0.7974363941  10.16031607 -2.504364325 0.7190798473  10.28238539 1777094061 1777094061
-2.551349845 0.8502437164  10.11790248 -2.565182629 0.5983450552  10.18776984 1777094061 1777094061
-2.552305245  0.874491288  10.08586238  -2.61912757 0.5221491613  10.10837746 1777094061 1777094061
-2.549095888 0.8244661283  10.07853879 -2.659773656 0.4976529819  10.05368047 1777094061 1777094061
-2.564013203 0.7889249763  10.07712662  -2.68254642 0.5249676264  10.02978592 1777094061 1777094061
-2.555622094  0.811004348  10.09298948 -2.685767903  0.597704417  10.03839553 1777094061 1777094061
-2.548307447 0.8966377106  10.11282928 -2.669766295 0.7036494684  10.07740251 1777094061 1777094061
-2.530977878 0.9629072838  10.15126042 -2.637477993 0.8273267839  10.14033288 1777094061 1777094061
-2.525163361 0.9553308873  10.19018969 -2.593629875 0.9526129906  10.21712963 1777094061 1777094061
-2.537635443 0.9383537082  10.22566545 -2.544333352  1.063975127  10.29762483 1777094061 1777094061
-2.534144501 0.9714520401  10.26077488 -2.497964783  1.149626466  10.37235282 1777094061 1777094061
-2.526219087  1.075667504  10.27469324 -2.460601095  1.202735597  10.43231363 1777094061 1777094061
-2.520211608  1.149907186  10.27500307 -2.437029302  1.224393376   10.4675422 1777094061 1777094061
-2.517195914   1.11509915  10.26728494 -2.429642809  1.221691369  10.46950429 1777094061 1777094061
-2.53920785 1.074899013 10.23689065 -2.440418319  1.202482563  10.43924589 1777094061 1777094061
-2.547025095  1.095563051  10.17584651 -2.470408481   1.17671751  10.38029638 1777094061 1777094061
-2.556758001  1.195422853  10.08255462 -2.513979779  1.155383891  10.29696402 1777094061 1777094061
-2.541006598  1.295506677    9.9786234 -2.565175699  1.147637675  10.19252767 1777094061 1777094061
-2.516490245  1.330391154  9.884797651 -2.616772473  1.157119022  10.07285794 1777094061 1777094061
-2.524911054  1.310656797  9.777762271 -2.660523487  1.182059458  9.947939119 1777094061 1777094061
-2.502210738  1.329039507  9.674354026 -2.690921108  1.216689675  9.826126708 1777094061 1777094061
-2.483556804  1.393279176  9.536498304 -2.703280091  1.253442781  9.713185378 1777094061 1777094061
-2.465534818  1.535515909  9.406360888 -2.696676051   1.28316608  9.611315993 1777094061 1777094061
-2.493742432  1.543272871  9.308639136 -2.673958053  1.295677228  9.520804254 1777094062 1777094062
-2.537927292  1.401125656  9.234164957 -2.640552703  1.286090354  9.440849799 1777094062 1777094062
-2.55436457 1.306307753 9.158088377 -2.603669282  1.256577514   9.36799047 1777094062 1777094062
-2.584422754  1.305888092  9.066002219 -2.572173233  1.212002205  9.297785185 1777094062 1777094062
-2.605674067  1.365199522   8.97873736 -2.554136746  1.159990415  9.226471426 1777094062 1777094062
-2.63297372 1.342021438 8.913063055 -2.55633437  1.10960126 9.149473881 1777094062 1777094062
-2.64312632 1.218249485 8.860200392 -2.582324477  1.070464518  9.064438545 1777094062 1777094062
-2.639174389  1.158433272  8.795626576 -2.632377924  1.049710189  8.973701186 1777094062 1777094062
-2.641536386  1.132238613  8.715242356 -2.701002954  1.048809681  8.880293757 1777094062 1777094062
-2.638121587  1.159002702  8.622052882 -2.779768435  1.064180882  8.788612832 1777094062 1777094062
-2.646651306  1.136092072  8.545142366 -2.857913117  1.085337859  8.700465211 1777094062 1777094062
-2.658619365  1.010626817  8.467097719 -2.922627807  1.100134436  8.621240586 1777094062 1777094062
-2.666739352 0.9259881987  8.395869834 -2.963129968  1.096077067  8.555512635 1777094062 1777094062
-2.671814629 0.8459171683  8.328714982 -2.971588984  1.061554195   8.50436078 1777094062 1777094062
-2.675958711 0.7944568084  8.275221188 -2.944915301 0.9889640191  8.466713141 1777094062 1777094062
-2.690503288  0.696643468  8.245429721 -2.885780213 0.8749527372   8.44054564 1777094062 1777094062
-2.702966977 0.5308874637  8.236976258  -2.80227384 0.7249541686  8.422882198 1777094062 1777094062
-2.717203673  0.401032656  8.243259645 -2.707163485  0.550753211  8.409038662 1777094062 1777094062
-2.753226395 0.3065795446   8.25535155 -2.615833729  0.367655622   8.39469926 1777094062 1777094062
 -2.78740805 0.2299954954  8.279538187 -2.543351761 0.1925683402  8.377278947 1777094062 1777094062
-2.815529231 0.1220111795   8.30689289  -2.502821323 0.04050835098   8.357235182 1777094062 1777094062
  -2.845526811 0.006063340224    8.337319418   -2.503524761 -0.07558935207    8.333716639 1777094062 1777094062
  -2.867203547 -0.04031170191    8.361528408  -2.548656229 -0.1493058334   8.308796368 1777094062 1777094062
  -2.887094195 -0.07258144457    8.383077461   -2.63534489 -0.1810720142   8.286410269 1777094062 1777094062
  -2.897552961 -0.07094238825    8.402420824  -2.754290579 -0.1772223839   8.270998498 1777094062 1777094062
  -2.911598339 -0.06095726548    8.413234928  -2.891405899 -0.1492210981   8.268005197 1777094062 1777094062
  -2.940073966 -0.08159115784    8.420806035   -3.03038554 -0.1103244959   8.280648633 1777094062 1777094062
  -2.959284696 -0.06954189118    8.433287767   -3.15464696 -0.0736195842    8.31024517 1777094062 1777094062
 -2.963110869 -0.0691032035   8.456480344   -3.249600278 -0.05026952033    8.357196109 1777094062 1777094062
  -2.963511544 -0.05717077947     8.48852879  -3.304960919 -0.0471329822    8.41909484 1777094062 1777094062
  -2.964087583 -0.06211759711    8.527754154   -3.316192107 -0.06636055027    8.492358523 1777094062 1777094062
  -2.959016331 -0.08878212433    8.576572235  -3.284743486 -0.1052368112   8.571653894 1777094062 1777094062
  -2.943476774 -0.09294379805    8.629902508  -3.217546694 -0.1573794692   8.651092278 1777094062 1777094062
 -2.929036126 -0.1013444795   8.686501689  -3.126405059 -0.2138774927   8.725401503 1777094062 1777094062
  -2.915716441 -0.09382240865    8.739483754  -3.025270791 -0.2653315393    8.79035064 1777094062 1777094062
  -2.914166275 -0.06279169055    8.783914479  -2.928520599 -0.3035955586   8.843404589 1777094062 1777094062
  -2.920011065 -0.05190027031      8.8190697  -2.848687296 -0.3233575971   8.883413314 1777094062 1777094062
  -2.917650081 -0.05147191587    8.849718324  -2.794698678 -0.3221450378   8.911048785 1777094062 1777094062
  -2.903834208 -0.05528569204    8.877505426  -2.770924611 -0.3006799595   8.928664085 1777094062 1777094062
  -2.889287426 -0.05130576047    8.900082266  -2.777051926 -0.2626063836   8.939770765 1777094062 1777094062
  -2.877525402 -0.02150359999    8.917753079  -2.808238073 -0.2136557143   8.948211632 1777094062 1777094062
   -2.86864823 -0.03114590872    8.932412859  -2.856066283 -0.1613241207   8.957260871 1777094062 1777094062
  -2.863990186 -0.02750095029    8.945311936  -2.910502232 -0.1123103213   8.969972396 1777094062 1777094062
  -2.860766029 -0.03987484297    8.958555238   -2.961423753 -0.07347897519    8.987880385 1777094062 1777094062
  -2.866284046 -0.06645983663    8.971129408 -3.000446877 -0.050167144  9.011303243 1777094062 1777094062
  -2.876715174 -0.08140887596    8.984938307   -3.021800034 -0.04581728459    9.039175883 1777094062 1777094062
 -2.893648586 -0.1186788328    8.99995738   -3.023386046 -0.06235642663    9.069579023 1777094062 1777094062
 -2.923335928 -0.1727803431   9.014807523   -3.006940549 -0.09954786559     9.09989705 1777094062 1777094062
 -2.948717459 -0.2329657061   9.034231689  -2.977596738 -0.1554892163   9.127322672 1777094062 1777094062
 -2.968894495 -0.2960625521   9.059112027  -2.942512833 -0.2269439407   9.149423398 1777094062 1777094062
 -2.988599635 -0.3211779659   9.084124661   -2.90943217 -0.3097359856   9.164508794 1777094063 1777094063
 -3.004166908 -0.3907182257   9.109952676  -2.885627627 -0.3987496003   9.173070379 1777094063 1777094063
-3.001095741 -0.444799142  9.140011786  -2.876283799 -0.4888952448   9.174971454 1777094063 1777094063
 -2.975962766 -0.4805509676   9.173201141    -2.8835042 -0.5752984741   9.171932352 1777094063 1777094063
 -2.933338723 -0.5184911397   9.205817395  -2.905465396 -0.6535349839   9.167000983 1777094063 1777094063
 -2.892111356 -0.5557005547    9.23041673  -2.937368401 -0.7201486944   9.163324843 1777094063 1777094063
 -2.866373206 -0.6519741448   9.241421267  -2.972423577 -0.7728559138   9.164293363 1777094063 1777094063
 -2.848234049 -0.7433114549   9.248445006  -3.002925055 -0.8120611162   9.170971209 1777094063 1777094063
 -2.814335572 -0.7818239658   9.266534763  -3.021443987 -0.8385936917    9.18580408 1777094063 1777094063
 -2.772348223 -0.8168395091   9.295707011   -3.02220882 -0.8535583106   9.211367875 1777094063 1777094063
 -2.749933684 -0.8344988001   9.331597876  -3.003033171 -0.8591871506   9.248665363 1777094063 1777094063
 -2.755240314 -0.8979481334   9.370958537  -2.965394536 -0.8591924478   9.297980203 1777094063 1777094063
 -2.771751055 -0.9579520951    9.42470089  -2.913409873 -0.8565788352    9.35976508 1777094063 1777094063
 -2.774932561 -0.9645201807   9.511259941  -2.853255733 -0.8531952128   9.434484355 1777094063 1777094063
 -2.765619405 -0.9498736523   9.620589031  -2.792465542 -0.8515344213   9.521029416 1777094063 1777094063
 -2.767599019 -0.9199336872   9.732675293  -2.738525097 -0.8533702329   9.618084644 1777094063 1777094063
 -2.788336626 -0.9459157212   9.838267753  -2.696684382 -0.8594802965   9.724447484 1777094063 1777094063
 -2.786805136 -0.9822163479   9.949222951   -2.66964953 -0.8688167058   9.838446164 1777094063 1777094063
 -2.748531346 -0.9611961421   10.07639932  -2.657803753 -0.8808749362   9.956683401 1777094063 1777094063
 -2.695392915 -0.9319843724   10.19376993  -2.658550143 -0.8945666839   10.07653495 1777094063 1777094063
 -2.666312808 -0.8898567001    10.2877048 -2.666160367 -0.907878068  10.19485713 1777094063 1777094063
 -2.663805817 -0.9078810497    10.3485759   -2.67540979 -0.9163661063   10.30944655 1777094063 1777094063
 -2.652854673 -0.9209120005   10.39602275  -2.682614354 -0.9189722151   10.41469669 1777094063 1777094063
 -2.626924119 -0.9010698618   10.43522258  -2.684977205 -0.9147731806   10.50570575 1777094063 1777094063
 -2.577282957 -0.8574837947    10.4646586 -2.681983167 -0.902492253  10.57875171 1777094063 1777094063
 -2.537311174 -0.7893458148   10.47951246  -2.672806836 -0.8818318311   10.62996154 1777094063 1777094063
 -2.525074371 -0.7560537122    10.4755446  -2.659484818 -0.8524687215   10.65720544 1777094063 1777094063
-2.538201993 -0.694800209  10.46133115 -2.645344833 -0.816944618  10.65834029 1777094063 1777094063
  -2.56618478 -0.6262385661   10.43954839  -2.634861259 -0.7762735303   10.63501089 1777094063 1777094063
 -2.591543876 -0.5642338039   10.41592157  -2.631409794 -0.7314627926   10.59098968 1777094063 1777094063
 -2.642498001 -0.4952898751   10.38866778  -2.637304481 -0.6837803779   10.53234073 1777094063 1777094063
 -2.730457744 -0.4510257975   10.34958403  -2.653745951 -0.6345352877   10.46652035 1777094063 1777094063
 -2.791221686 -0.4240524793   10.31700708  -2.679291265 -0.5853926346   10.40025473 1777094063 1777094063
 -2.834635062 -0.4188519881    10.2868861  -2.710957964 -0.5382872045   10.33975127 1777094063 1777094063
 -2.841735371 -0.4449372787   10.26366016  -2.744944109 -0.4957136845   10.28937569 1777094063 1777094063
 -2.845115288 -0.4744578498   10.24153316  -2.777447796 -0.4605052067   10.25210327 1777094063 1777094063
-2.868742172 -0.526857881  10.21329209  -2.804879918 -0.4349131823   10.22870247 1777094063 1777094063
 -2.852222207 -0.5646678652   10.19521166  -2.825271817 -0.4212922497   10.21739317 1777094063 1777094063
 -2.820265434 -0.5996137539   10.17738437  -2.837482652 -0.4211663772   10.21606805 1777094063 1777094063
 -2.779827371 -0.6585062162   10.16548003 -2.841615804 -0.434796771  10.22199069 1777094063 1777094063
-2.732243173 -0.670552192  10.15311985  -2.837294712 -0.4630642449   10.23079292 1777094063 1777094063
 -2.719767027 -0.6739999823   10.13635693  -2.825122033 -0.5049239103   10.23906037 1777094063 1777094063
  -2.70180351 -0.6735532402   10.12441761  -2.806466313 -0.5586427505   10.24410488 1777094063 1777094063
 -2.690264174 -0.6732531253   10.11222052  -2.781954918 -0.6215820848   10.24391344 1777094063 1777094063
 -2.674411716 -0.7164573156   10.10184722  -2.753124207 -0.6902918312   10.23776616 1777094063 1777094063
 -2.671000636 -0.7583796365   10.09094202  -2.721220212 -0.7616780578   10.22455228 1777094063 1777094063
 -2.686639017 -0.8009041851   10.07604614  -2.688467774 -0.8315097775   10.20461402 1777094063 1777094063
 -2.683284213 -0.8383756403   10.06476544  -2.657559084 -0.8951871892    10.1789693 1777094063 1777094063
 -2.697328693 -0.8880434894   10.04334213  -2.631396794 -0.9487909755   10.14839816 1777094063 1777094063
 -2.695125433 -0.9686272397   10.01677011  -2.613600786 -0.9894877854   10.11376857 1777094063 1777094063
-2.698411236 -1.047858394  9.981317366 -2.607150771 -1.015766758  10.07551465 1777094064 1777094064
-2.717703664 -1.099014082  9.939204905 -2.614318535 -1.027411118  10.03416356 1777094064 1777094064
-2.716055529 -1.131628701  9.894456225 -2.635797178 -1.025481886  9.990530249 1777094064 1777094064
-2.716338625 -1.144708688  9.843166936 -2.670153826 -1.012322239  9.945662403 1777094064 1777094064
-2.708152414 -1.168584453   9.78625255   -2.71412291 -0.9909420134   9.900961659 1777094064 1777094064
-2.702903019 -1.177647304  9.729572802  -2.762343367 -0.9652780235   9.857235104 1777094064 1777094064
-2.716330367 -1.155074194  9.672380319  -2.808411856 -0.9393528668   9.814934773 1777094064 1777094064
 -2.72820384 -1.136920126  9.612611845  -2.845751117 -0.9165902975   9.774663677 1777094064 1777094064
-2.745385217 -1.105171038  9.544308168  -2.868402942 -0.8999937035   9.735841325 1777094064 1777094064
 -2.73762866 -1.080202059  9.499176073  -2.873637807 -0.8919889145   9.695799329 1777094064 1777094064
 -2.72537882 -1.015702038  9.445188787  -2.860009034 -0.8933131188   9.653150185 1777094064 1777094064
 -2.75792316 -1.003594661   9.37671599  -2.829859941 -0.9036799488    9.60559647 1777094064 1777094064
-2.778009428 -1.004213965  9.310200515   -2.78953333 -0.9222607529   9.549847881 1777094064 1777094064
 -2.790559987 -0.9758459409   9.243430671  -2.745637327 -0.9464962919   9.483671972 1777094064 1777094064
 -2.792453586 -0.9440123375   9.180700778  -2.706442702 -0.9728153236    9.40633833 1777094064 1777094064
 -2.795606047 -0.9103767622   9.115037479  -2.679371786 -0.9967052427   9.318639481 1777094064 1777094064
 -2.794948578 -0.8796188696     9.0533911 -2.669929247 -1.013030095  9.223023256 1777094064 1777094064
 -2.804491891 -0.8580920147   8.983537919 -2.680678079 -1.016726582  9.123855887 1777094064 1777094064
 -2.839283571 -0.8742650693   8.892827032 -2.710579612  -1.00359662  9.026733735 1777094064 1777094064
 -2.859774466 -0.8667121849   8.838335384  -2.755034362 -0.9688759866   8.937376163 1777094064 1777094064
 -2.869380039 -0.7288100731   8.763132568  -2.807252913 -0.9117991062   8.861629179 1777094064 1777094064
 -2.896148527 -0.7156155876   8.687657967  -2.858901563 -0.8345576139   8.803582276 1777094064 1777094064
  -2.90548222 -0.7012491137    8.61852411  -2.901486047 -0.7397961417    8.76500585 1777094064 1777094064
  -2.90056556 -0.6588361077   8.556042114  -2.92837867 -0.633070039  8.744868505 1777094064 1777094064
 -2.887221477 -0.6041942301   8.506082873  -2.935888098 -0.5217209015   8.739127208 1777094064 1777094064
 -2.874100123 -0.5266965605   8.457453649  -2.923727985 -0.4139034501   8.741441958 1777094064 1777094064
 -2.874469433 -0.4623803392   8.410920494  -2.894972134 -0.3171048763   8.744015804 1777094064 1777094064
 -2.891694739 -0.4170136914   8.368482225   -2.85597756 -0.2373335277   8.738349224 1777094064 1777094064
 -2.909783346 -0.3528212376   8.333824664    -2.8146656 -0.1781865154   8.716932719 1777094064 1777094064
 -2.917054661 -0.3041749868   8.313790294  -2.779093968 -0.1404471767   8.674746396 1777094064 1777094064
 -2.930713816 -0.2408010765   8.302678868  -2.756377551 -0.1217186802    8.60944922 1777094064 1777094064
  -2.95167647 -0.1717872675   8.298831831  -2.751524499 -0.1173003091   8.522973596 1777094064 1777094064
 -2.989676888 -0.1245976822    8.29699467 -2.766661787 -0.121062894  8.421233194 1777094064 1777094064
   -3.02408334 -0.08644369031    8.301501716   -2.80030287 -0.1253273353   8.313178885 1777094064 1777094064
  -3.045917415 -0.01379006062    8.313156358  -2.848266419 -0.1224636113    8.21023452 1777094064 1777094064
 -3.037096426 0.07399074586   8.338032401  -2.904134756 -0.1070372099   8.124042824 1777094064 1777094064
-3.021128815 0.1156011175  8.361720192   -2.961163312 -0.07520130458    8.064951496 1777094064 1777094064
-3.014989472 0.1548431534  8.378622032   -3.012735036 -0.02492077256    8.040920234 1777094064 1777094064
-2.993214324 0.1553121599  8.397419917  -3.053100694 0.04280726212   8.055264515 1777094064 1777094064
-2.971597998  0.190152993  8.408396697 -3.079288891  0.126684739  8.108452444 1777094064 1777094064
 -2.92449275 0.3423740493  8.422378928 -3.090300992 0.2211090156  8.194019504 1777094064 1777094064
 -2.88309696 0.3681633424  8.435624806 -3.087492587 0.3194672342  8.302407365 1777094064 1777094064
-2.860512213 0.4042739645  8.442524075 -3.073827457 0.4166571937  8.422686082 1777094064 1777094064
-2.846190971 0.4412808422    8.4502023 -3.052902992 0.5065014987  8.542464311 1777094064 1777094064
-2.846619914 0.4598763301  8.458672952 -3.028337933 0.5839565613  8.650435893 1777094064 1777094064
-2.857454638 0.5052688835  8.472341865  -3.0027747  0.64510848 8.737832207 1777094064 1777094064
-2.867938199 0.5004727328  8.495033676 -2.977591817 0.6877073984  8.799450128 1777094064 1777094064
-2.892518136  0.516825607  8.521044183 -2.953231787 0.7118945032  8.833825145 1777094064 1777094064
-2.911082886 0.5145448278  8.561250186 -2.929028578 0.7190479524  8.843382723 1777094064 1777094064
 -2.92422142 0.5108739246  8.596571793  -2.90422748 0.7133500728  8.833860635 1777094064 1777094064
-2.935270054  0.619539323  8.642619495 -2.878295961 0.6998376744  8.813304345 1777094065 1777094065
-2.935694778 0.6010493008  8.693058822 -2.851507481 0.6831216716   8.78890732 1777094065 1777094065
 -2.91669683 0.6031439997  8.748858688 -2.824894063 0.6700764726  8.769415427 1777094065 1777094065
 -2.88278148 0.6326362564   8.80624463 -2.800430298 0.6660525089   8.76163855 1777094065 1777094065
-2.846780682 0.7024595147   8.85723726 -2.780601628 0.6749284637   8.77035463 1777094065 1777094065
-2.796522494 0.7852215909  8.917105306 -2.767145056 0.6983692372  8.796993011 1777094065 1777094065
-2.737460254  0.828271952    8.9755275 -2.761038291 0.7359692353  8.841452624 1777094065 1777094065
 -2.68363378 0.8731252209  9.031907168   -2.7619999 0.7848948715  8.901810632 1777094065 1777094065
-2.634225239  0.918822286  9.091583755 -2.768761196 0.8396755037  8.974222608 1777094065 1777094065
-2.618599123  0.965807644  9.138064847 -2.778664012 0.8939013208  9.053988894 1777094065 1777094065
-2.619440237  1.003013722  9.186968074 -2.788114066 0.9405039319   9.13600846 1777094065 1777094065
-2.639095619 0.9742256949  9.228289815 -2.793423778 0.9737697162  9.215405723 1777094065 1777094065
-2.655360295 0.9645421376  9.262085645 -2.791500147  0.990468294  9.287765172 1777094065 1777094065
-2.673837235 0.9894301248  9.291287682 -2.780728022 0.9897755235  9.349646602 1777094065 1777094065
-2.688930457  1.010289569  9.316500681 -2.761182608 0.9739705621  9.398952034 1777094065 1777094065
-2.702472071 0.9826572976  9.346777719 -2.734490232 0.9480650314  9.434824053 1777094065 1777094065
  -2.6961415 0.9017924438  9.379895015 -2.703786896 0.9197988868  9.458239953 1777094065 1777094065
-2.695871543 0.9141656618  9.400564103 -2.672942192 0.8977204768  9.473125328 1777094065 1777094065
-2.674431587 0.9613946109  9.431918684 -2.645419111 0.8889504259  9.483233305 1777094065 1777094065
-2.628643851 0.9980110936  9.478309438 -2.623944946  0.899033907  9.493418758 1777094065 1777094065
-2.573136352 0.9941085208  9.550003528 -2.609174372 0.9307698885  9.508534692 1777094065 1777094065
-2.531805207 0.9718021593  9.624001334 -2.600878647  0.982845417  9.534200958 1777094065 1777094065
-2.49762437 1.000557298 9.699515883 -2.59721249 1.049890495 9.574671496 1777094065 1777094065
-2.471163676  1.052602502   9.78635044 -2.596337476  1.123471938  9.631151864 1777094065 1777094065
-2.436944366  1.093852633  9.891632445 -2.596589201  1.193728783  9.703128267 1777094065 1777094065
-2.425046797  1.090262315  10.00665133 -2.595960436  1.250261055  9.788268156 1777094065 1777094065
-2.418286446   1.06241969  10.10639418 -2.594562039  1.284438863   9.88339795 1777094065 1777094065
-2.432099929  1.030103724  10.19315089 -2.593219226  1.290775419  9.983549696 1777094065 1777094065
-2.466183786  0.977102444   10.2677321 -2.59352871  1.26808641 10.08317911 1777094065 1777094065
-2.483915218 0.9936159989  10.30390178 -2.598205109  1.219167682  10.17906565 1777094065 1777094065
-2.554881814  1.058885521  10.33023203 -2.608590303  1.151876264   10.2659164 1777094065 1777094065
-2.598858468  1.043271367  10.34010756 -2.625678191  1.077260976  10.33970605 1777094065 1777094065
-2.635304538  1.014574208  10.33668497 -2.648346978  1.006483109  10.39984785 1777094065 1777094065
-2.669552397 0.9952254071  10.32115621 -2.673932496 0.9502326603   10.4464803 1777094065 1777094065
-2.67889754 1.056157167 10.29302278 -2.700221956 0.9156428486   10.4808852 1777094065 1777094065
-2.667350143  1.126780038  10.26207312 -2.721356022 0.9079561759   10.5031108 1777094065 1777094065
-2.629805417  1.158650275   10.2400693 -2.732767193  0.927583159  10.51338345 1777094065 1777094065
-2.597817983  1.110686515  10.22512783 -2.731033043 0.9700835388   10.5124287 1777094065 1777094065
-2.578920341  1.079152554  10.20580397 -2.715556082  1.025721299  10.50266089 1777094065 1777094065
-2.554617757  1.063074315   10.1862253 -2.689119521  1.083023683  10.48445509 1777094065 1777094065
-2.536244947  1.060565279  10.16686378 -2.655942819  1.130034164   10.4585827 1777094065 1777094065
-2.528380872  1.020537969  10.15717867 -2.622742932  1.156076245  10.42535551 1777094065 1777094065
-2.532787992 0.9098120986  10.15341526 -2.596998024  1.153008828  10.38612983 1777094065 1777094065
-2.556709391 0.8234769099  10.14640237  -2.5857534 1.116851884 10.34308445 1777094065 1777094065
-2.570365633 0.7805612672   10.1411831 -2.594152561   1.04915839  10.29822011 1777094065 1777094065
 -2.59562601 0.8146322956  10.13022732 -2.623280492 0.9565621609  10.25381471 1777094065 1777094065
-2.623463575 0.8440695731  10.11988912 -2.670760176 0.8506450964  10.21134169 1777094065 1777094065
-2.649820754  0.824399648  10.11334205 -2.730267126 0.7460465882  10.17204901 1777094065 1777094065
-2.667310301 0.8144137955  10.10671452 -2.792830547  0.658003917  10.13797738 1777094065 1777094065
-2.664939116 0.8633383641  10.09578799 -2.848795843 0.6007252046  10.11091029 1777094065 1777094065
-2.672349935 0.9899277103  10.07395829 -2.888354869 0.5857576136  10.09196466 1777094066 1777094066
-2.651944976   1.07814303  10.05630764 -2.903566534 0.6210928569  10.07950797 1777094066 1777094066
-2.631726492  1.124593101  10.04170878 -2.890116475  0.707984835  10.07295431 1777094066 1777094066
-2.615726353  1.124587034  10.03128318  -2.84864003 0.8412623447  10.07106105 1777094066 1777094066
-2.581799324  1.172064388  10.01544897 -2.78596852 1.008978475 10.07397748 1777094066 1777094066
-2.583316051  1.292287471   9.97856044 -2.709690947   1.19462762   10.0800983 1777094066 1777094066
-2.598720914  1.388673395  9.938270363 -2.630947793  1.379499283   10.0842967 1777094066 1777094066
-2.617854817  1.416381376  9.903360316 -2.561650403  1.543436843  10.08194244 1777094066 1777094066
-2.633446287  1.365646375  9.875566287 -2.511766533  1.667682019  10.06911992 1777094066 1777094066
-2.625657809  1.339456889  9.830602374 -2.488786527  1.737567475  10.04447124 1777094066 1777094066
-2.638263271  1.400993711  9.756958797 -2.494343541  1.745629751  10.00515865 1777094066 1777094066
-2.640360038  1.449866375  9.666632952 -2.526038301  1.692116286  9.947278318 1777094066 1777094066
-2.640955278  1.449901525  9.572076839 -2.577693022  1.584688324  9.868866839 1777094066 1777094066
-2.63246931 1.382672589 9.487303166 -2.63928311  1.43794801 9.770392213 1777094066 1777094066
-2.594873818  1.288382934  9.375586113 -2.699971494  1.271740741  9.655936482 1777094066 1777094066
-2.573806981  1.295829473   9.23000172 -2.749491871  1.108233655  9.530693812 1777094066 1777094066
-2.55906673 1.331696127   9.0853176 -2.779606294   0.96723819  9.398405237 1777094066 1777094066
-2.548451073  1.279522221  8.964283081 -2.786165174 0.8633612617  9.264042224 1777094066 1777094066
-2.546572238  1.191359973  8.852879469 -2.769519628 0.8052607385  9.134702232 1777094066 1777094066
-2.54314637 1.121555244  8.73573655 -2.734604727 0.7940544136  9.016156182 1777094066 1777094066
-2.549609957  1.109615115  8.660124376 -2.689731853 0.8213175673  8.912027335 1777094066 1777094066
-2.581340402  1.022408922  8.570625305 -2.645320701 0.8729426549  8.824635511 1777094066 1777094066
-2.620380311 0.9800323398  8.515987965 -2.612089229 0.9304803433  8.754734328 1777094066 1777094066
-2.687834893 0.8855239615  8.470779669 -2.598659013 0.9753828186  8.701728428 1777094066 1777094066
-2.750245367 0.7996892532  8.442089819 -2.609810349 0.9920231382  8.663575822 1777094066 1777094066
 -2.81766637 0.7265098552  8.420390069 -2.646511349 0.9706172169  8.637151293 1777094066 1777094066
-2.872731162 0.6991269628  8.406253232 -2.705004388 0.9090279391  8.619045018 1777094066 1777094066
-2.902524679  0.666012962  8.403871213 -2.777282516  0.811475228  8.607440034 1777094066 1777094066
-2.917456072  0.587972495  8.410453739 -2.852736672 0.6900273257  8.599862681 1777094066 1777094066
-2.907555937 0.5379245939  8.421590301  -2.91936495 0.5609628836  8.594074567 1777094066 1777094066
-2.892035588 0.5235236939  8.430120479  -2.96667485 0.4417796207  8.588946257 1777094066 1777094066
-2.872081947 0.5292022361  8.437144726 -2.986743696  0.347480348  8.583552613 1777094066 1777094066
-2.851746188  0.513006858  8.445036148 -2.975806834 0.2871924865   8.57691512 1777094066 1777094066
-2.814957634 0.4463633571  8.462098584 -2.93529188 0.264164221 8.568026898 1777094066 1777094066
-2.781283911 0.4085900248   8.47856694 -2.871737987 0.2747566836  8.556068744 1777094066 1777094066
-2.773323906 0.3896143902  8.488176533 -2.795726963 0.3085310746  8.540212936 1777094066 1777094066
-2.761277451 0.3538654951  8.505164765 -2.719809793 0.3513677096  8.520301608 1777094066 1777094066
-2.769984974 0.3421540334  8.518263945 -2.656985302 0.3877674899  8.496823019 1777094066 1777094066
-2.783454233 0.2924973535   8.53595813 -2.618048512 0.4034531919  8.471876381 1777094066 1777094066
-2.804190271 0.2268277278  8.555155845 -2.609907345 0.3888767976  8.448689633 1777094066 1777094066
-2.829662361 0.1587184455  8.575155597  -2.63433264 0.3400853597  8.431684332 1777094066 1777094066
 -2.85495572 0.1022161301  8.596479055 -2.687544492 0.2594584039  8.426016476 1777094066 1777094066
 -2.878796602 0.04676582447   8.617561224 -2.761017813 0.1546718409  8.436708695 1777094066 1777094066
   -2.89792391 -0.01942546295    8.639314289  -2.842900316 0.03732483233   8.467491342 1777094066 1777094066
  -2.891680149 -0.05446424456    8.666596259   -2.919920467 -0.07897514954    8.519975957 1777094066 1777094066
   -2.86546403 -0.07864429975    8.697752547  -2.979843122 -0.1815874859   8.592639126 1777094066 1777094066
  -2.830710295 -0.08672473577    8.729157029   -3.01336615 -0.2603548285   8.680705397 1777094066 1777094066
  -2.810320699 -0.07053707901    8.753916281   -3.01568229 -0.3091321389   8.776393081 1777094066 1777094066
  -2.811083642 -0.05737617336    8.770294639  -2.986961044 -0.3266897036   8.869827041 1777094066 1777094066
   -2.81092055 -0.03770325165    8.786148351  -2.932191829 -0.3158081542   8.950693186 1777094066 1777094066
  -2.794940962 -0.01441617565    8.806803324 -2.860621081 -0.282708609  9.009621512 1777094067 1777094067
  -2.78331656 0.01424459462   8.825679553  -2.784400326 -0.2355454553   9.039777227 1777094067 1777094067
 -2.788366458 0.04340012857   8.838757955  -2.716011687 -0.1829850879   9.038351465 1777094067 1777094067
 -2.808794088 0.05332171072   8.846001235  -2.666415112 -0.1329004056   9.007188059 1777094067 1777094067
 -2.830146174 0.05474720778   8.850816104   -2.643020284 -0.09131018557    8.952328199 1777094067 1777094067
 -2.859688431 0.03096542978   8.850116874   -2.648751697 -0.06232546904    8.883436233 1777094067 1777094067
  -2.880489626 -0.00187967271    8.848429009   -2.681379727 -0.04808011036    8.811889131 1777094067 1777094067
   -2.901796088 -0.003161821974     8.842505137   -2.734572238 -0.04923809977    8.749388385 1777094067 1777094067
   -2.92226832 -0.04532073474    8.833566582   -2.799087978 -0.06607077287    8.706250799 1777094067 1777094067
 -2.921637922 -0.1109667729   8.829775145    -2.8641617 -0.0978717747   8.689174016 1777094067 1777094067
  -2.88849132 -0.1691895932   8.837838092  -2.919608324 -0.1436050919   8.700947908 1777094067 1777094067
 -2.843369517 -0.2238972349    8.85443263  -2.957592884 -0.2025995756   8.740442154 1777094067 1777094067
 -2.806467009 -0.2672323612   8.876828301  -2.973393425 -0.2738659069   8.802744561 1777094067 1777094067
 -2.789076803 -0.3450833084   8.902586164  -2.966361262 -0.3556832575    8.88082825 1777094067 1777094067
 -2.780951243 -0.4356940703   8.935350672  -2.939629556 -0.4451914229   8.966383492 1777094067 1777094067
 -2.771263143 -0.5075557415   8.983767779  -2.899945053 -0.5388382713   9.050866598 1777094067 1777094067
 -2.766578362 -0.5597865789   9.042010703  -2.856025008 -0.6321203754   9.128319625 1777094067 1777094067
 -2.765024072 -0.5966216409    9.10448508  -2.816653835 -0.7196319178   9.195256295 1777094067 1777094067
  -2.78139699 -0.6409530545   9.167366241  -2.790046427 -0.7966023645   9.249895122 1777094067 1777094067
 -2.791349675 -0.7013291224   9.218537281  -2.781084037 -0.8585421938   9.293027623 1777094067 1777094067
 -2.810413812 -0.7797211629   9.248304055 -2.791011325 -0.903111755  9.325327681 1777094067 1777094067
 -2.877148316 -0.9199347084   9.282982987  -2.819302915 -0.9307576271   9.347774248 1777094067 1777094067
 -2.875720871 -0.9087319714   9.326699561  -2.862030281 -0.9418492019   9.363253728 1777094067 1777094067
 -2.930503576 -0.9496327806   9.338819604  -2.916075307 -0.9412897671   9.374515094 1777094067 1777094067
-3.014798555 -1.042042332  9.330960893  -2.977494949 -0.9354774847   9.383441852 1777094067 1777094067
-3.057868274 -1.086528417  9.340252056  -3.039307321 -0.9264852968   9.392722039 1777094067 1777094067
  -3.0566093 -1.129777613   9.36663347  -3.095599667 -0.9183957997   9.403557206 1777094067 1777094067
 -3.05444908 -1.079817255  9.407298784  -3.142514294 -0.9139216749    9.41841247 1777094067 1777094067
-3.060942777 -1.027782175  9.453967953  -3.174374945 -0.9157608797    9.43706358 1777094067 1777094067
-3.054283483   -1.0239981  9.500679649  -3.184587074 -0.9241346626    9.45941385 1777094067 1777094067
-2.996674008 -1.045197739  9.573701251   -3.16915952 -0.9348789474   9.488602455 1777094067 1777094067
-2.877197111 -1.030214639  9.703217762   -3.12669126 -0.9445818813   9.527843665 1777094067 1777094067
 -2.820954751 -0.9059759822   9.824891077  -3.056711257 -0.9525351928   9.579706657 1777094067 1777094067
 -2.759867392 -0.8542986037   9.943080411  -2.962062748 -0.9564979499   9.651129538 1777094067 1777094067
 -2.640410215 -0.8755917476   10.07691654 -2.849343106  -0.95405976  9.748538737 1777094067 1777094067
 -2.540954185 -0.8801909355   10.22394911  -2.723533746 -0.9467888181   9.871327104 1777094067 1777094067
 -2.472887657 -0.8316718648   10.36433889  -2.593605618 -0.9375038102    10.0187682 1777094067 1777094067
 -2.433047539 -0.7723013064   10.49550141  -2.469306455 -0.9272943477   10.18831227 1777094067 1777094067
 -2.442580367 -0.7495876465   10.61056122  -2.359787271 -0.9163379285   10.37377715 1777094067 1777094067
 -2.462544088 -0.7646892265   10.70440588   -2.27606686 -0.9066595009   10.56624633 1777094067 1777094067
 -2.532602175 -0.7746223542   10.79837946  -2.225007753 -0.9008029936   10.75277645 1777094067 1777094067
  -2.60399722 -0.7856066225   10.88164548 -2.213427857 -0.898368218  10.92303021 1777094067 1777094067
 -2.684113349 -0.7995767818   10.95514996  -2.243449752 -0.8990460318   11.06698504 1777094067 1777094067
 -2.778468655 -0.8382067716   11.00842755   -2.31405492 -0.9021962627   11.17790104 1777094067 1777094067
 -2.840249053 -0.8915139211   11.05523168  -2.421089712 -0.9069514979    11.2516831 1777094067 1777094067
-2.887415878 -0.930771827  11.09649934  -2.554693038 -0.9126597422    11.2878523 1777094067 1777094067
  -2.88364372 -0.9635447235   11.12735046  -2.702213478 -0.9188396342   11.28914681 1777094067 1777094067
 -2.892882856 -0.9737215248    11.1314338  -2.847991213 -0.9266776077   11.26141563 1777094067 1777094067
 -2.951533386 -0.9839087094   11.09680401  -2.976383856 -0.9372176786   11.21128659 1777094067 1777094067
-2.991922919 -1.005357099  11.04208398  -3.074733586 -0.9515498986   11.14370912 1777094067 1777094067
-2.982183858  -1.01836545  10.97010823   -3.13422366 -0.9705643693   11.06417996 1777094068 1777094068
-2.923747875 -1.052058788  10.88776376  -3.151576013 -0.9938745431   10.97844801 1777094068 1777094068
-2.867137713 -1.081399352   10.7791382 -3.127772648 -1.021140152  10.89056479 1777094068 1777094068
-2.849287961  -1.11299757  10.65762905 -3.069730081 -1.050919799  10.80227588 1777094068 1777094068
-2.818660124 -1.129208828   10.5282553 -2.989357932 -1.081068225  10.71348075 1777094068 1777094068
-2.790675502 -1.120820706  10.38465798 -2.899111881 -1.108475515  10.62262868 1777094068 1777094068
-2.764971664  -1.12987482  10.22543947 -2.812374822 -1.129514701  10.52759128 1777094068 1777094068
-2.755259679 -1.153250109  10.07255535 -2.740015327 -1.141906872  10.42481828 1777094068 1777094068
-2.768379476 -1.130564165  9.932449132 -2.689874174 -1.144232677  10.31085695 1777094068 1777094068
-2.777959508 -1.089560141  9.805053399 -2.665666025 -1.134540461   10.1853022 1777094068 1777094068
-2.788531358 -1.012247697  9.677579913 -2.665988092   -1.1124736  10.04911186 1777094068 1777094068
  -2.78545714 -0.9868074182   9.567691108 -2.686056806 -1.078975329  9.905706479 1777094068 1777094068
-2.762813382 -0.979844381  9.469839652  -2.71828711 -1.036592366  9.759423193 1777094068 1777094068
 -2.749981492 -0.9701912173   9.390410495  -2.753989174 -0.9887904558   9.615593004 1777094068 1777094068
  -2.73553546 -0.9344517229   9.324478751  -2.784929505 -0.9395281955   9.480438052 1777094068 1777094068
 -2.734535201 -0.8916518422   9.259046844  -2.804258525 -0.8928087734   9.360281568 1777094068 1777094068
 -2.714850357 -0.8924896274   9.202967578  -2.808074648 -0.8522984954   9.260202274 1777094068 1777094068
 -2.680454993 -0.9179537365   9.154097426  -2.795010784 -0.8209865361   9.182568309 1777094068 1777094068
 -2.665345752 -0.9303536454   9.109113792  -2.766329434 -0.8006239845   9.126608006 1777094068 1777094068
 -2.659430567 -0.9221573511   9.064133724  -2.725641692 -0.7914895808   9.089888311 1777094068 1777094068
 -2.653546053 -0.9053004471   9.017134846  -2.677452794 -0.7923079309   9.067991277 1777094068 1777094068
 -2.620584418 -0.9094071029   8.974592082 -2.627213721 -0.800743338  9.054827068 1777094068 1777094068
 -2.579377149 -0.9339934062   8.927510363  -2.580555103 -0.8133167964   9.043271299 1777094068 1777094068
 -2.574861968 -0.9429135063   8.872808268  -2.543081795 -0.8252234206   9.026341648 1777094068 1777094068
 -2.603410028 -0.9251094411   8.807686214  -2.51931406 -0.832004431  8.999122461 1777094068 1777094068
 -2.629900969 -0.8834885445   8.743434118  -2.512383219 -0.8292910502   8.959206188 1777094068 1777094068
 -2.633219395 -0.8253094999   8.685189745  -2.524565115 -0.8139661702   8.906639689 1777094068 1777094068
 -2.641123991 -0.7898942721   8.626300425  -2.557409261 -0.7842379106   8.843701082 1777094068 1777094068
 -2.672144176 -0.7555603287   8.572497636  -2.610946301 -0.7391189392   8.775158602 1777094068 1777094068
 -2.739500046 -0.7000099273   8.517808671  -2.683351607 -0.6796972532   8.707549652 1777094068 1777094068
 -2.800897198 -0.6597162599    8.47749783  -2.770331941 -0.6088772999   8.648140844 1777094068 1777094068
 -2.837925579 -0.6132955879   8.460702506  -2.865696273 -0.5307362098   8.603099893 1777094068 1777094068
-2.867023694 -0.570025556  8.461288456  -2.961851111 -0.4505786984   8.577155562 1777094068 1777094068
-2.900854078 -0.514852689  8.473945009   -3.05013054 -0.3745573694    8.57274086 1777094068 1777094068
 -2.944439149 -0.4794860599   8.490057116 -3.122021745 -0.308527695  8.589261178 1777094068 1777094068
 -2.978352394 -0.4361354077   8.513854983  -3.169928489 -0.2570201223   8.622327762 1777094068 1777094068
 -2.999875529 -0.3878403618   8.540417024  -3.18885099 -0.222697079  8.664985075 1777094068 1777094068
 -3.015213511 -0.3246379759   8.565301187  -3.177533277 -0.2065117291   8.708519657 1777094068 1777094068
 -3.022412116 -0.2527509953   8.584614412   -3.13854849 -0.2062251297   8.743869903 1777094068 1777094068
 -3.019131195 -0.1823891085   8.599860944  -3.078437776 -0.2172883896   8.763434926 1777094068 1777094068
 -3.016200947 -0.1346088204   8.606152459  -3.007195394 -0.2331590031   8.762943724 1777094068 1777094068
  -3.008033652 -0.08879676801    8.608946895  -2.936980032 -0.2463754591   8.742084161 1777094068 1777094068
  -3.005200298 -0.02655843271    8.607131345  -2.880074076 -0.2492067802   8.704344278 1777094068 1777094068
 -3.002088527 0.03059693462   8.605128267  -2.846536859 -0.2349469373   8.656627484 1777094068 1777094068
 -3.007738879 0.05271363581   8.602131994  -2.842681285 -0.1990042409   8.607846295 1777094068 1777094068
 -3.013666077 0.06380640082   8.602189264 -2.869099861 -0.139136785  8.566973743 1777094068 1777094068
 -3.013770205 0.09166959632   8.606542622   -2.92072924 -0.0564698641   8.541139436 1777094068 1777094068
-3.000348584 0.1519624267  8.616830977  -2.987736162 0.04417563268   8.535451363 1777094068 1777094068
-2.973234474 0.1661088873  8.631701218 -3.057214823 0.1544514961  8.551903099 1777094068 1777094068
-2.978146834 0.1679189819  8.632152484 -3.116153902 0.2651537924  8.587785352 1777094068 1777094068
-2.984339765 0.1992995381  8.627836861 -3.152446015 0.3660268148  8.637780836 1777094069 1777094069
-2.993600883 0.2265294588  8.617711538 -3.158495884  0.447694014  8.693915907 1777094069 1777094069
-2.993355313  0.238343824  8.607455294 -3.132099492 0.5040467381  8.747209169 1777094069 1777094069
-2.970868155 0.2714099601   8.60396892 -3.076774817 0.5332882322  8.790328889 1777094069 1777094069
-2.935394578 0.3052663356  8.606154464 -3.001621825  0.536703327   8.81785087 1777094069 1777094069
-2.906977297 0.3391718601  8.609539791  -2.92031403 0.5196117479  8.827352906 1777094069 1777094069
-2.896619724 0.3627282933  8.614228832 -2.847754008 0.4903267644  8.820124668 1777094069 1777094069
-2.889595007 0.3978154667  8.626678718 -2.797741432 0.4584880376  8.800661331 1777094069 1777094069
-2.884663041 0.4283288163  8.646122688 -2.780559637 0.4335385787  8.775268635 1777094069 1777094069
-2.894453938 0.4654960885  8.668019026 -2.801256701 0.4229679978  8.750871341 1777094069 1777094069
-2.906783311 0.5037521881    8.6983978 -2.857397636 0.4315760801  8.734484156 1777094069 1777094069
-2.913019819 0.5407236305  8.734206711 -2.940037118 0.4604719679  8.730770729 1777094069 1777094069
-2.910181348 0.5922515611  8.777712435 -3.034796482 0.5069466196  8.742108852 1777094069 1777094069
-2.885093012 0.6336004285  8.824544089 -3.124003173 0.5654356115  8.767987376 1777094069 1777094069
-2.869947511 0.6847820914  8.864562823 -3.190186761 0.6288681472  8.806001629 1777094069 1777094069
-2.851447218 0.7308422001  8.905797557 -3.217926827 0.6891980865  8.851917722 1777094069 1777094069
-2.833151444 0.7582506216  8.942711997 -3.197670283 0.7399264663  8.900462754 1777094069 1777094069
-2.802902725 0.7822188042  8.978013063 -3.126743431 0.7777289199  8.946768236 1777094069 1777094069
-2.742088198 0.7712953527   9.01812184 -3.010235428 0.8017511781   8.98710436 1777094069 1777094069
-2.688997276 0.7631422954  9.046451798 -2.860073293 0.8145810289  9.021258111 1777094069 1777094069
-2.647900591 0.8027458127  9.063026924 -2.693663459 0.8199533806  9.049599042 1777094069 1777094069
-2.612658124 0.8324068037  9.073992256 -2.532041836 0.8227767847  9.072825819 1777094069 1777094069
-2.572982668 0.8377028625   9.08621936 -2.394931726  0.827891353  9.093133805 1777094069 1777094069
-2.527143547  0.818562234  9.103416656 -2.298928194 0.8385596765  9.113316863 1777094069 1777094069
-2.500423198 0.8097775565  9.117475903 -2.255241702 0.8556999474  9.135127131 1777094069 1777094069
-2.521188835 0.8644148412  9.119893924 -2.269010302 0.8787004629  9.158203529 1777094069 1777094069
 -2.55410483 0.9145102026  9.130561319 -2.336880883 0.9042600622  9.181999154 1777094069 1777094069
-2.605748205 0.9317995836  9.154271323 -2.448827941 0.9275177797  9.205350582 1777094069 1777094069
-2.648829144  0.900392122  9.192673067 -2.589839883 0.9439698364  9.226404747 1777094069 1777094069
-2.692848406 0.8723140939  9.235721342 -2.742226584 0.9505725223  9.243488073 1777094069 1777094069
-2.754369241 0.8643615345  9.273353921 -2.888113773 0.9457354523  9.256634309 1777094069 1777094069
-2.809765382 0.8781267876   9.32604007 -3.011925982 0.9292170293  9.267316875 1777094069 1777094069
-2.848622113 0.8563482157  9.387084976 -3.103029308 0.9039239875  9.278507461 1777094069 1777094069
-2.857591784 0.7848443518  9.458353956 -3.155495512 0.8752580593  9.294543354 1777094069 1777094069
-2.845793577 0.7424637699  9.518506773 -3.167534872 0.8497241764  9.322868187 1777094069 1777094069
-2.848896587 0.7811643875  9.575937927 -3.142587712 0.8325398956  9.370057661 1777094069 1777094069
-2.817264795 0.8288161542  9.656725474 -3.08875953 0.828627085 9.439108233 1777094069 1777094069
-2.765422217 0.8769628604  9.755586282 -3.014661496 0.8416907579  9.532720578 1777094069 1777094069
-2.685040398  0.914001166  9.883547213 -2.928290829 0.8732182375  9.651083324 1777094069 1777094069
-2.626059328 0.9443613364  10.00464757 -2.835791239 0.9217177991  9.792981708 1777094069 1777094069
-2.60631162 1.044212712 10.13115775 -2.743242078 0.9840100876  9.954393022 1777094069 1777094069
-2.562520875  1.193405411  10.30523838 -2.656908302  1.056629418  10.12829649 1777094069 1777094069
-2.503105745  1.305647673  10.49035618 -2.578934921  1.134620997  10.30787284 1777094069 1777094069
-2.418705302  1.388916427  10.68225305 -2.510106287  1.212462435  10.48728616 1777094069 1777094069
-2.350405792  1.433167661  10.84866525 -2.449895246  1.285105479  10.66157982 1777094069 1777094069
-2.307520021  1.471341291   11.0139198 -2.399000868  1.348480152  10.82685504 1777094069 1777094069
-2.27497886 1.480713965 11.14332596 -2.358554633  1.399331588   10.9804555 1777094069 1777094069
-2.271397572  1.529469231   11.2338341 -2.328393713  1.434634635  11.12203825 1777094069 1777094069
-2.262580037  1.539967832  11.28314318 -2.308657827  1.454608787  11.24813481 1777094069 1777094069
-2.259712013  1.486669646  11.29958614 -2.297786782  1.460629054  11.35534964 1777094069 1777094069
-2.273556999   1.42026926  11.28183608 -2.295158007  1.454018208  11.44096309 1777094070 1777094070
-2.282567693  1.368663989  11.22943163 -2.299894844  1.437457336  11.50070926 1777094070 1777094070
-2.303623514  1.383188342  11.13823413 -2.307920372  1.414704527  11.53031836 1777094070 1777094070
-2.306081504  1.406306528  11.03550609 -2.316012729  1.391947355  11.52232148 1777094070 1777094070
-2.297305404  1.380211091  10.93707373 -2.320124621  1.374938495  11.47125049 1777094070 1777094070
-2.305193754  1.365071483  10.83445017 -2.317671152  1.367001012  11.37699724 1777094070 1777094070
-2.301932294  1.372811142  10.71881718 -2.308606857  1.370890552  11.24145079 1777094070 1777094070
-2.319027653  1.460270321  10.58265266 -2.29304373 1.387492004 11.07111743 1777094070 1777094070
-2.332866912  1.545277816  10.45807171 -2.273453141  1.416703295  10.87342939 1777094070 1777094070
-2.336089719  1.575080951  10.35159258 -2.253726418  1.455581177  10.65991772 1777094070 1777094070
-2.349957654  1.537508549  10.26035409 -2.238393294  1.499087962  10.44438288 1777094070 1777094070
-2.348036588  1.526799402  10.16217188 -2.233508376  1.540998097   10.2423566 1777094070 1777094070
-2.375262057  1.601312632   10.0409025 -2.242261895  1.575105692  10.06679377 1777094070 1777094070
-2.405440079  1.680591553  9.923023997 -2.266413318   1.59661916  9.924719054 1777094070 1777094070
-2.437598988  1.680855526  9.822413446 -2.305875564  1.602271019  9.818254779 1777094070 1777094070
-2.455614078  1.586794044  9.754827448 -2.358571591  1.590745677  9.745105882 1777094070 1777094070
-2.460178201  1.460981903  9.681815806 -2.420651229  1.563145201  9.700541059 1777094070 1777094070
-2.508528439  1.481630128  9.570189245 -2.486092972  1.523409896  9.676559476 1777094070 1777094070
-2.569888964  1.558428964  9.451435776 -2.548671496  1.476728545  9.658429354 1777094070 1777094070
-2.614445074  1.555231032  9.356876538 -2.603197975  1.427721652  9.631209268 1777094070 1777094070
-2.640988174  1.442968486  9.293187471 -2.646039128   1.38036566  9.583873473 1777094070 1777094070
-2.660719807  1.333665443  9.216174711 -2.675563016  1.338934447  9.511191378 1777094070 1777094070
-2.712435195  1.335732792   9.10198724 -2.692260517  1.306099426   9.41173994 1777094070 1777094070
-2.774013149  1.447185833  8.970733078 -2.698342357  1.281213507  9.287525186 1777094070 1777094070
-2.801146638  1.420373144  8.879735374 -2.697983277   1.25902504  9.143325456 1777094070 1777094070
-2.797605223  1.299638864  8.812406119 -2.696416528  1.236662349  8.990418885 1777094070 1777094070
-2.786495468  1.209268854  8.735484679 -2.698299653  1.211932767  8.842511763 1777094070 1777094070
-2.78696576 1.188244179 8.643884881 -2.708003774  1.182060539  8.711651419 1777094070 1777094070
-2.790065114  1.231533672  8.544612115 -2.727376671  1.145085048  8.607571225 1777094070 1777094070
-2.782367196  1.162428388  8.485527104 -2.756571395  1.098461314  8.533682844 1777094070 1777094070
-2.757133714  1.025051307  8.445462488 -2.793472823  1.044078106  8.492402681 1777094070 1777094070
-2.729930833 0.8943741321  8.410226952 -2.834015292 0.9845421693  8.481128247 1777094070 1777094070
-2.718621409  0.812517988  8.375062088 -2.872898071 0.9222355474   8.49237199 1777094070 1777094070
-2.720152943 0.8069653381  8.335137378 -2.904552039 0.8601469327  8.515615389 1777094070 1777094070
-2.714210084 0.7595623549   8.32221369 -2.923913442 0.7953556804  8.539289381 1777094070 1777094070
-2.714485224 0.5452077618  8.315944176  -2.92767007 0.7293969609  8.554408159 1777094070 1777094070
-2.721088507 0.4430898472  8.303116641 -2.915262243 0.6640812281  8.552083158 1777094070 1777094070
-2.759059105 0.4012169652  8.278197813 -2.889184939 0.5979660948  8.527823694 1777094070 1777094070
-2.816773036 0.3958659424  8.241998306 -2.853679656 0.5303123859  8.480101512 1777094070 1777094070
-2.866339249 0.3559781352  8.213703356 -2.814816888 0.4581146399  8.416282854 1777094070 1777094070
-2.921221882 0.2351342194  8.183467487 -2.779061874 0.3820122627  8.342517793 1777094070 1777094070
-2.963578462 0.1745470419  8.157801256 -2.753753214 0.3039267667  8.264487011 1777094070 1777094070
-2.998269115   0.17278771   8.14116232 -2.744266395 0.2247784808  8.192931945 1777094070 1777094070
-3.019600609 0.1641072983  8.140387549 -2.753199133 0.1465439273  8.139163557 1777094070 1777094070
-3.022726884 0.1609473095  8.158565593  -2.780485287 0.07244254613   8.112353593 1777094070 1777094070
-3.019894316 0.1275756015  8.195250383   -2.823807995 0.006042758874    8.118409444 1777094070 1777094070
-3.002702277 0.1007595467  8.251159108   -2.878332748 -0.04971533838    8.158604207 1777094070 1777094070
 -2.981837067 0.07855200558   8.319597941   -2.936884633 -0.09272076866    8.231147666 1777094070 1777094070
-2.951411544 0.0552059493  8.399464093  -2.991130754 -0.1215147484   8.330670221 1777094070 1777094070
 -2.928975568 0.07541243984   8.477681238  -3.033402189 -0.1354220246   8.447907964 1777094070 1777094070
 -2.912151525 0.06524882827   8.551139122  -3.058138499 -0.1355502997   8.572067619 1777094071 1777094071
 -2.907736816 0.06330744035   8.611373884   -3.06248378 -0.1236103467   8.690750903 1777094071 1777094071
 -2.910197727 0.06974073584   8.656845585  -3.046888949 -0.1025928856   8.792579051 1777094071 1777094071
 -2.924739025 0.08512653413    8.68523222    -3.01519202 -0.07609993849    8.868123625 1777094071 1777094071
-2.947601214 0.1081605955  8.697677198    -2.97419553 -0.04836028592    8.911145661 1777094071 1777094071
 -2.981465499 0.09342398898   8.696593199   -2.932286431 -0.02449839272    8.919131651 1777094071 1777094071
 -3.018331441 0.05094799637   8.688183997    -2.898101651 -0.009160703843     8.894600599 1777094071 1777094071
   -3.047298139 -0.002396351766     8.680145704    -2.879160846 -0.006745671093     8.844132021 1777094071 1777094071
  -3.071401269 -0.07018648596    8.675841593   -2.880320134 -0.02082079195    8.777556458 1777094071 1777094071
 -3.084043554 -0.1062428324    8.68076339   -2.903112759 -0.05404673972    8.706584508 1777094071 1777094071
 -3.096479726 -0.1990601232   8.692729025  -2.945118771 -0.1080891678    8.64311026 1777094071 1777094071
 -3.087458504 -0.3057521102   8.719754197  -3.000422348 -0.1818575795   8.597808988 1777094071 1777094071
 -3.066384211 -0.3962265965   8.760777243  -3.061056584 -0.2728003116   8.578627057 1777094071 1777094071
 -3.033646656 -0.4654750919   8.816545854  -3.118170048 -0.3769367144   8.589729502 1777094071 1777094071
 -3.015983678 -0.5081945401   8.872443873  -3.163869718 -0.4896965827     8.6315283 1777094071 1777094071
 -3.022378121 -0.6045518111   8.925287735  -3.192496547 -0.6059389386   8.700765799 1777094071 1777094071
 -3.026640237 -0.7101554754   8.982786275  -3.201528704 -0.7202525123   8.791139052 1777094071 1777094071
 -3.028415469 -0.7946087437   9.051608906  -3.192390895 -0.8281880665   8.894885193 1777094071 1777094071
 -3.031638773 -0.8567185792   9.131858193  -3.169992179 -0.9270304104   9.004255631 1777094071 1777094071
 -3.046735221 -0.8934615828   9.209969622 -3.141404364 -1.015788071  9.113024066 1777094071 1777094071
 -3.088864681 -0.9659724814   9.284550533 -3.114407813 -1.094671695  9.217520521 1777094071 1777094071
-3.121909757 -1.074703634  9.364476497 -3.096204619 -1.164656342  9.316512321 1777094071 1777094071
 -3.14000619 -1.152044889  9.460955588 -3.091276417 -1.227552859  9.410135579 1777094071 1777094071
-3.149653422  -1.21964644   9.57106882 -3.10105644 -1.28482412 9.501344691 1777094071 1777094071
-3.168334208 -1.247176856  9.671722034 -3.122438117 -1.337133647  9.593984417 1777094071 1777094071
-3.195174412 -1.316616943  9.765111677 -3.150105891 -1.383387406  9.692060146 1777094071 1777094071
-3.178344945 -1.397444881  9.858714519  -3.17677411 -1.422038411  9.796406767 1777094071 1777094071
-3.113872767 -1.414869781  9.980578303 -3.193464014 -1.451729741  9.904564595 1777094071 1777094071
-3.024606829 -1.391457333  10.10416621 -3.192241459 -1.469182719  10.01459452 1777094071 1777094071
-2.952594323 -1.343064142  10.20648491 -3.167076214 -1.471820562  10.12249959 1777094071 1777094071
 -2.90374768 -1.347210913  10.27972376 -3.116045051 -1.457952384  10.22330235 1777094071 1777094071
-2.815663895 -1.362918609  10.35732129 -3.041029205 -1.428513142  10.31065504 1777094071 1777094071
-2.733842418 -1.309688524  10.42453589 -2.947193341 -1.386076663  10.38027806 1777094071 1777094071
-2.632710045 -1.262230863  10.49119299  -2.84278516 -1.334533016  10.43079987 1777094071 1777094071
-2.569842756 -1.184871017  10.53685287 -2.737101896 -1.279637952  10.46272719 1777094071 1777094071
-2.540769862 -1.172552712  10.55721006  -2.63920298 -1.227257022  10.47958914 1777094071 1777094071
-2.495908878 -1.178482784  10.57263208 -2.556572791 -1.183373502  10.48640724 1777094071 1777094071
-2.462333546 -1.168650993  10.57966786 -2.493619832 -1.152872205  10.48900148 1777094071 1777094071
-2.423262525 -1.158174086  10.58052561  -2.45189093 -1.138376559  10.49347563 1777094071 1777094071
-2.404430105  -1.14585322  10.57163759 -2.429247307 -1.139630394  10.50444979 1777094071 1777094071
-2.419730384 -1.165395762  10.54782554 -2.421227558 -1.153393547  10.52468714 1777094071 1777094071
-2.427998238 -1.200413009  10.51899091 -2.422949186 -1.174889137   10.5541291 1777094071 1777094071
-2.446406553 -1.231325663  10.48445072 -2.42828328 -1.19812506 10.58926778 1777094071 1777094071
-2.445206141 -1.236709074  10.45214379 -2.433789691 -1.217679457   10.6243748 1777094071 1777094071
-2.437635203 -1.217808534  10.42904731 -2.436277311 -1.228441875  10.65215636 1777094071 1777094071
-2.456885201   -1.1774913  10.39911168 -2.435717757 -1.227575452  10.66524669 1777094071 1777094071
-2.464831691 -1.169164341  10.36851309 -2.435516548 -1.213980761  10.65826893 1777094071 1777094071
-2.473853082 -1.158994235  10.33323676 -2.439327226 -1.190200494  10.62663215 1777094071 1777094071
-2.463836632  -1.15959101  10.29637854 -2.451890255 -1.160292503  10.56905783 1777094071 1777094071
-2.466548287 -1.142497138  10.25397691 -2.476123201 -1.129781593  10.48721373 1777094071 1777094071
-2.505407602 -1.106226932  10.19943688 -2.513388593 -1.103693539  10.38591869 1777094072 1777094072
-2.531119792 -1.091437763  10.12832735 -2.562341858 -1.085535381  10.27185385 1777094072 1777094072
-2.542333971 -1.082344007  10.05580151 -2.617708925 -1.077526485  10.15214627 1777094072 1777094072
-2.533346009 -1.067853788  9.961266026 -2.672004013 -1.078948193  10.03440231 1777094072 1777094072
-2.541972764 -1.067260983  9.860686517 -2.715913891 -1.086748088  9.925062384 1777094072 1777094072
-2.573885786 -1.059799481  9.755213961 -2.741356726 -1.096310434  9.828295484 1777094072 1777094072
-2.586358525 -1.084581055  9.639815375 -2.743048609 -1.101455287  9.747618531 1777094072 1777094072
-2.593010206 -1.093843372  9.535385975 -2.718256222 -1.097082226  9.682449908 1777094072 1777094072
-2.576940559 -1.075843085  9.438113053 -2.669423769 -1.078906468   9.63104344 1777094072 1777094072
 -2.55346442 -1.060353367  9.362734175 -2.602767909 -1.044727356   9.58943929 1777094072 1777094072
-2.546184377 -1.008310664  9.306852955  -2.528528704 -0.9956877441   9.551326779 1777094072 1777094072
 -2.546287771 -0.9475088139   9.257023098  -2.459190027 -0.9340666455   9.512590663 1777094072 1777094072
 -2.561784011 -0.9023972058   9.215996697  -2.406659571 -0.8642681219   9.468611359 1777094072 1777094072
-2.570543677 -0.843277085  9.184626466  -2.381259398 -0.7915057365   9.416093265 1777094072 1777094072
 -2.582694557 -0.7787082861   9.157395433   -2.38885668 -0.7201478092   9.353641648 1777094072 1777094072
 -2.604635553 -0.6972955361   9.129004125  -2.430445093 -0.6525098535   9.282021693 1777094072 1777094072
 -2.628349185 -0.5806864971   9.090589869  -2.501029341 -0.5892134518   9.203698538 1777094072 1777094072
  -2.66207295 -0.4758872599   9.037080744  -2.591027226 -0.5289230624    9.12193174 1777094072 1777094072
  -2.68236196 -0.3595269996   8.974554746  -2.687541643 -0.4676169225   9.040060795 1777094072 1777094072
 -2.698462038 -0.2432314428   8.898856452 -2.777260747  -0.40106142  8.961553286 1777094072 1777094072
 -2.727692428 -0.1411015184   8.819508339   -2.84874165 -0.3247010695   8.889352825 1777094072 1777094072
  -2.761309686 -0.03564052815    8.729601886  -2.894174102 -0.2356516048   8.825398634 1777094072 1777094072
 -2.789213586 0.04068855937   8.649807504  -2.911021107 -0.1331215206   8.770850392 1777094072 1777094072
 -2.78235449 0.1293316214  8.596123869   -2.901934314 -0.01841200707    8.726281402 1777094072 1777094072
-2.760048689 0.2290289026  8.565046932 -2.874613513 0.1041532589  8.691428746 1777094072 1777094072
-2.753569957 0.3143855865  8.550715521 -2.839831758 0.2281287765  8.665430569 1777094072 1777094072
-2.771323185 0.3738380237  8.550590114 -2.808657819  0.346118591  8.647393911 1777094072 1777094072
-2.792896553 0.4334411425  8.566650177 -2.790132079 0.4513086492  8.636954042 1777094072 1777094072
-2.802047919 0.4939323335  8.601931603 -2.788970868 0.5381117139  8.633689318 1777094072 1777094072
-2.798291996 0.5261717458  8.646242574 -2.805460038 0.6031698166  8.637293552 1777094072 1777094072
-2.804752421 0.5652064903  8.687135872 -2.834863343   0.64634992  8.648343753 1777094072 1777094072
-2.831472714 0.5828634917  8.716972164 -2.868609679 0.6696106245  8.666383228 1777094072 1777094072
-2.861791072  0.598907601  8.738993721 -2.896543734 0.6775922551  8.691530495 1777094072 1777094072
-2.861786981  0.614368687  8.759834999 -2.908617963 0.6760319997   8.72449494 1777094072 1777094072
-2.845547605 0.6572382298  8.776828527 -2.898471751 0.6706572915  8.765258387 1777094072 1777094072
-2.832437753 0.7165175344  8.788338799 -2.864530344 0.6667931662  8.812546629 1777094072 1777094072
-2.830265466 0.7431787543  8.800713586 -2.810314612 0.6684000378  8.864968152 1777094072 1777094072
-2.835775767 0.7599751863  8.818830631 -2.744155428 0.6783453531  8.920902936 1777094072 1777094072
-2.812544098 0.7633058313  8.857219431 -2.677629396 0.6974846955  8.978233253 1777094072 1777094072
-2.773703138 0.7940731983  8.912721058 -2.622974337 0.7257644462  9.033294893 1777094072 1777094072
-2.734447281 0.8268235907  8.979857332 -2.591233238 0.7605201404  9.083334961 1777094072 1777094072
-2.720034175  0.822252553  9.053630205 -2.590384241 0.7975073246  9.127346899 1777094072 1777094072
-2.718449901  0.813284177  9.129570333 -2.623254501 0.8324102188  9.165462582 1777094072 1777094072
-2.736818995 0.8087002861  9.199910684 -2.686778526 0.8626499365  9.199236724 1777094072 1777094072
-2.754794071 0.8220115015  9.263839057  -2.77206579 0.8872807747  9.229906019 1777094072 1777094072
-2.777653025 0.8432099254  9.315900882 -2.866136479 0.9071335686   9.25878994 1777094072 1777094072
-2.818635306 0.8549787636  9.355679395 -2.953700601 0.9253478478  9.286343109 1777094072 1777094072
-2.847214278  0.867472115  9.383519786  -3.02021571 0.9447805804  9.311728983 1777094072 1777094072
-2.843498525 0.8939624095   9.40836309 -3.054795106 0.9673012031  9.335209705 1777094072 1777094072
-2.823018185 0.9363792245  9.428217436 -3.052861344 0.9925832347   9.35822723 1777094072 1777094072
-2.795710975 0.9867437195  9.442921858  -3.0162766  1.01895261 9.382451642 1777094073 1777094073
-2.777873222  1.012116956  9.455796901 -2.952933512  1.043366774  9.409399885 1777094073 1777094073
-2.774669271  1.022528456  9.463734156 -2.875190013  1.061921788  9.440960661 1777094073 1777094073
-2.76214278 1.052194943 9.477686919 -2.797301826  1.073099386  9.477925826 1777094073 1777094073
-2.755863234  1.037776823   9.49739001 -2.732349876  1.076242507  9.519227721 1777094073 1777094073
-2.747443382  1.032199721  9.517076224 -2.690321374  1.072260517  9.562593956 1777094073 1777094073
-2.765125907  1.004076911  9.535290987 -2.676530265  1.061658315  9.604716692 1777094073 1777094073
-2.788806806 0.9524776913  9.552038489 -2.69106614 1.046126751 9.642795614 1777094073 1777094073
-2.830254959 0.9133785559  9.557856001  -2.7292203 1.027688024 9.674740653 1777094073 1777094073
-2.861803157 0.8626336644  9.560857066 -2.782493924  1.007972173  9.698360246 1777094073 1777094073
-2.878418445 0.8202940886  9.557883931 -2.840644883 0.9880467564  9.712194609 1777094073 1777094073
-2.906380969 0.7660999642  9.540914408  -2.89340349 0.9681934382  9.714924111 1777094073 1777094073
-2.920471402 0.7112370853  9.516053596 -2.932235257 0.9479168468  9.705285524 1777094073 1777094073
-2.918205475 0.6749969573  9.483846812 -2.953124705 0.9249628401  9.682573327 1777094073 1777094073
-2.902904112 0.6371113484  9.445740466 -2.955506877 0.8967974689  9.646294796 1777094073 1777094073
-2.874071899 0.6272308827  9.405367221 -2.943741906 0.8601125777  9.597378402 1777094073 1777094073
-2.855096036 0.5881972102  9.360405702 -2.924917674 0.8121365494  9.537140034 1777094073 1777094073
 -2.84253054 0.5364558745  9.316110392   -2.9075593 0.7513302665    9.4688379 1777094073 1777094073
-2.846331165   0.49367824  9.273236901 -2.899650145 0.6778307079  9.396371278 1777094073 1777094073
-2.860693831 0.4506488192  9.237036144 -2.906981319 0.5935590606  9.324237948 1777094073 1777094073
-2.874486869 0.4067591149  9.214996662 -2.931540865 0.5025498733  9.257500978 1777094073 1777094073
-2.899388095 0.3386860386  9.205717922 -2.971182453 0.4102315718  9.201429402 1777094073 1777094073
-2.928310015 0.2743351523  9.210770426 -3.019966548 0.3226426728  9.160403664 1777094073 1777094073
-2.963584471 0.2421833125   9.22697975 -3.068987263  0.245700161  9.138188505 1777094073 1777094073
-2.989964039 0.2235579493  9.258229056 -3.109160127 0.1843874332  9.137957276 1777094073 1777094073
-3.00990014 0.219041994 9.298826516 -3.131786659 0.1421778307  9.161293478 1777094073 1777094073
-3.033830033 0.2023557828  9.342355758 -3.130674099 0.1204348385  9.208040759 1777094073 1777094073
-3.036459615 0.1772384985  9.393465799 -3.103368676 0.1181589549  9.275499255 1777094073 1777094073
-3.005119372 0.1628170236  9.450251716  -3.05195993 0.1319524588  9.359171471 1777094073 1777094073
 -2.95380492 0.1570543591  9.505831222 -2.982792094 0.1568078451  9.453104136 1777094073 1777094073
-2.900254592  0.166109722   9.55137055 -2.905985576 0.1863470079  9.550049732 1777094073 1777094073
-2.858612148 0.1619232994  9.582488174 -2.833544373  0.213837552  9.641574475 1777094073 1777094073
-2.845545834 0.1353080274  9.594453875 -2.777050533 0.2332607777  9.719730829 1777094073 1777094073
-2.842791342 0.1156098414  9.594203524 -2.747288174 0.2396729347  9.777783009 1777094073 1777094073
 -2.870311928 0.09861703294   9.578752001 -2.750988382 0.2303588612  9.810717282 1777094073 1777094073
 -2.927557926 0.09025872839   9.549871707 -2.791066127 0.2048059796  9.815990209 1777094073 1777094073
 -2.994290085 0.05704388146   9.519460066 -2.865644322 0.1650183076   9.79378944 1777094073 1777094073
  -3.076971599 0.001069182776    9.486490321  -2.96896808 0.1154901761  9.747882415 1777094073 1777094073
  -3.156151515 -0.02942008311    9.459586237  -3.091872796 0.06152388379   9.684035996 1777094073 1777094073
  -3.242542168 -0.03346145913    9.435620616   -3.223318084 0.009540160694    9.609823909 1777094073 1777094073
  -3.341522883 -0.03656418893    9.413162744   -3.351727882 -0.03458448061    9.533680731 1777094073 1777094073
  -3.432625296 -0.05293708119    9.394927977   -3.466630771 -0.06615221907    9.463472074 1777094073 1777094073
  -3.517181377 -0.06595215358    9.380347997  -3.560062552 -0.0822510056   9.404727315 1777094073 1777094073
   -3.58429519 -0.05725788537    9.370085077   -3.626602153 -0.08274867208    9.360928589 1777094073 1777094073
  -3.613177493 -0.02539527252    9.370463431   -3.664977976 -0.06913519849    9.333014146 1777094073 1777094073
  -3.62240765 0.03526880444   9.372559383   -3.677297628 -0.04483443808    9.320142651 1777094073 1777094073
 -3.621366846 0.06112578148   9.371660791 -3.668700491 -0.014245775  9.319314024 1777094073 1777094073
 -3.607040831 0.06685754273   9.367913683   -3.64593427 0.01816148122    9.32627117 1777094073 1777094073
 -3.592045927 0.07353973471   9.357412209  -3.616532383 0.04813984362   9.336975908 1777094073 1777094073
 -3.571621619 0.08404062312   9.342397501   -3.58708563 0.07288709264   9.348069814 1777094073 1777094073
-3.558405239 0.1195657718  9.315729333  -3.563097733 0.09061404109   9.357699881 1777094074 1777094074
 -3.55684089 0.1158038089   9.28065239 -3.547134219 0.1008978658  9.364239841 1777094074 1777094074
-3.553541646 0.0848783292  9.239434457 -3.539271277 0.1046927838  9.368564318 1777094074 1777094074
-3.549654024 0.0555061184  9.192791998 -3.537452076 0.1031506636  9.372629073 1777094074 1777094074
 -3.525437259 0.04491053755   9.154566875  -3.536868547 0.09838471302   9.378143936 1777094074 1777094074
 -3.467795323 0.04612272693   9.120220741 -3.532225412 0.0914918637  9.386636121 1777094074 1777094074
 -3.408364613 0.02894713585   9.084801234  -3.517920033 0.08325269881   9.398545864 1777094074 1777094074
   -3.353713734 -0.003917962056     9.045442852  -3.489137146 0.07404083741   9.412596032 1777094074 1777094074
  -3.296496205 -0.02537754642    9.006475014  -3.442261708 0.06332524068   9.425080879 1777094074 1777094074
  -3.230338846 -0.02498808896    8.978559324  -3.375447948 0.05074483952   9.430371918 1777094074 1777094074
  -3.128197236 -0.01911361075    8.962499127  -3.289149157 0.03575121606    9.42313251 1777094074 1777094074
  -3.040050078 -0.03262950709    8.953169073  -3.185918986 0.01843762875   9.398756223 1777094074 1777094074
  -2.915833651 -0.05231730324    8.959928436     -3.070080305 -0.0003001114763      9.354323453 1777094074 1777094074
  -2.802413165 -0.05456630809    8.972636281   -2.947306729 -0.01907257717    9.290065087 1777094074 1777094074
  -2.691764819 -0.04583177763    8.992902799   -2.823861486 -0.03627466776    9.210352324 1777094074 1777094074
  -2.552181425 -0.02030275089    9.025559461   -2.706193588 -0.05020213969    9.123155894 1777094074 1777094074
  -2.521111006 -0.03731099863    9.031365646    -2.60018791 -0.05958000274    9.038701184 1777094074 1777094074
 -2.503455107 -0.0543110438   9.035516128  -2.510408687 -0.0636237442   8.968981909 1777094074 1777094074
  -2.493102268 -0.06196718423     9.03800415  -2.439970936 -0.0622577639   8.925474073 1777094074 1777094074
  -2.489389244 -0.03987316542    9.037900097   -2.390057673 -0.05575347124    8.916883226 1777094074 1777094074
-2.425447497 0.0209640474  9.051937867   -2.360045304 -0.04473673736    8.948048212 1777094074 1777094074
 -2.422034679 0.02895904269   9.047840828   -2.346884083 -0.02995670845    9.015809253 1777094074 1777094074
 -2.395302838 0.04831409128   9.047774423   -2.346167178 -0.01235337141    9.113309084 1777094074 1777094074
 -2.358796625 0.07205723256   9.048691829   -2.351819577 0.007480663916    9.227646279 1777094074 1777094074
-2.327559083 0.1016934296  9.047641129  -2.356890567 0.02910644508   9.342636737 1777094074 1777094074
-2.173628656 0.1469985583  9.075299371  -2.354746314 0.05244885402   9.442494456 1777094074 1777094074
-2.228731997  0.149274435  9.054198377  -2.338968648 0.07719655696   9.508301963 1777094074 1777094074
 -2.24717398 0.1368200055  9.044888509  -2.30589411 0.1021333601  9.531966511 1777094074 1777094074
-2.201794775 0.1130400961  9.056685718 -2.254758491  0.125630913  9.509307475 1777094074 1777094074
 -2.146894851 0.09191259145   9.076733291 -2.188206274 0.1452433774  9.442825106 1777094074 1777094074
-1.882855271 0.1382520631  9.152622197 -2.113253858 0.1578851801  9.344400409 1777094074 1777094074
 -1.972491344 0.09447734821   9.162103791  -2.03649928 0.1609002301  9.223467546 1777094074 1777094074
 -2.136461517 0.02476769004   9.163290195 -1.969848446 0.1514354735  9.102788353 1777094074 1777094074
  -2.162377344 -0.01354037031    9.212195072  -1.92534546 0.1281653537  9.004300695 1777094074 1777094074
  -2.138584669 -0.01659699895    9.280273507  -1.911230677 0.09215367122   8.944258554 1777094074 1777094074
 -2.006399211 0.08252335525   9.394084518  -1.932372802 0.04620455013    8.93500527 1777094074 1777094074
 -2.083355614 0.02011941719   9.453410197    -1.987453088 -0.004312109288     8.981233034 1777094074 1777094074
  -2.172160527 -0.02492130641    9.526186788   -2.071254238 -0.05376048939    9.082414697 1777094074 1777094074
   -2.21022425 -0.04155948978    9.607406285   -2.172430265 -0.09542693134    9.230082621 1777094074 1777094074
  -2.208897027 -0.02780015237    9.683355166  -2.275342735 -0.1228747204   9.409857461 1777094074 1777094074
-2.078509096 0.1161764625  9.795967816  -2.362808469 -0.1312374061   9.604008955 1777094074 1777094074
 -2.196859869 0.07534241688   9.821993828  -2.418405783 -0.1176817936   9.793287027 1777094074 1777094074
  -2.246728015 0.002763525361    9.859607154   -2.429853943 -0.08216598389     9.96064804 1777094074 1777094074
  -2.199555366 -0.01312075754    9.904958084     -2.3913428 -0.02748111317    10.09300696 1777094074 1777094074
 -2.114477231 0.02273404364   9.943099112 -2.304920666 0.0406472042  10.18242653 1777094074 1777094074
 -1.95123399 0.1740499996  9.984438196  -2.18097089 0.1145593369  10.22722622 1777094074 1777094074
-1.970032758 0.1709780261  9.979462846 -2.035601423 0.1864130174  10.22949773 1777094074 1777094074
-2.004948269 0.1332350949  9.964799034 -1.890753369 0.2477930128  10.19855241 1777094074 1777094074
 -1.98821001 0.1366902512  9.953530519 -1.769170724 0.2921641148  10.14666125 1777094074 1777094074
-1.958936538  0.163320623  9.942167071 -1.689973935 0.3154201045   10.0863521 1777094074 1777094074
-1.884806967 0.2587438572  9.931849801 -1.666077122 0.3165684471  10.03004038 1777094075 1777094075
 -1.89465083 0.2779164897  9.909527627 -1.700119238 0.2984911572  9.985479245 1777094075 1777094075
-1.909841177  0.235036554  9.883113341 -1.785967258 0.2656879751  9.958993134 1777094075 1777094075
 -1.89358937 0.2053138593  9.859607932 -1.907799871 0.2243350595  9.952260061 1777094075 1777094075
-1.868135603 0.1977554457  9.835743098  -2.04226288 0.1820163309  9.961549648 1777094075 1777094075
-1.792430777 0.2546672734  9.807080472 -2.163266706 0.1453919926  9.980565422 1777094075 1777094075
-1.805329826 0.2405082394   9.76650452 -2.243954614 0.1213195995  9.996423466 1777094075 1777094075
-1.833138174 0.2011429961  9.713378705 -2.265252156 0.1125327882  10.00003084 1777094075 1777094075
-1.811873591 0.1668190127  9.660651896 -2.217259198 0.1187771968  9.983049915 1777094075 1777094075
-1.795038585  0.153514529  9.604737529 -2.100325932 0.1370886497  9.937350279 1777094075 1777094075
-1.715117062 0.1872850319   9.54929862   -1.9277784 0.1620798169  9.861276019 1777094075 1777094075
-1.737511896 0.2054229835  9.486410431 -1.720815855 0.1879792674  9.753625636 1777094075 1777094075
-1.822346206 0.1357156976  9.413841787 -1.509677968 0.2076424663  9.623078427 1777094075 1777094075
 -1.835955734 0.08460196822   9.359860084 -1.326195521 0.2153433598  9.482536459 1777094075 1777094075
 -1.815753496 0.06203708775   9.330690491 -1.197997849 0.2076906357  9.345054662 1777094075 1777094075
-1.733928436 0.1056471221  9.320385698 -1.145563528 0.1844023294  9.226239916 1777094075 1777094075
-1.731898718 0.1427587342  9.307503332 -1.178760188 0.1476579739  9.138236829 1777094075 1777094075
 -1.872826228 0.07465020079    9.27638382 -1.295535373 0.1017421414  9.089810141 1777094075 1777094075
 -1.956169516 0.01733700827   9.258153169  -1.481404551 0.05344917222   9.086088852 1777094075 1777094075
   -1.960998141 -0.006489582763      9.25293931  -1.712788969 0.01032698658   9.124277963 1777094075 1777094075
 -1.899378535 0.02192372416   9.253926723   -1.960746285 -0.02080783068    9.194710018 1777094075 1777094075
 -1.960186691 0.06447534628   9.215020416    -2.19584802 -0.03499329634    9.280365375 1777094075 1777094075
  -2.02844515 0.03945210011   9.159381163   -2.391423176 -0.03054417501    9.363100764 1777094075 1777094075
-2.101418117 0.0230805712  9.081910239    -2.528803747 -0.008666820967     9.424776081 1777094075 1777094075
 -2.154695293 0.01047031432   9.002685294   -2.59961828 0.02585202772   9.448927738 1777094075 1777094075
-2.247349629 0.0472144909  8.904754934  -2.606376769 0.06628069717   9.423680216 1777094075 1777094075
 -2.363770976 0.07394381958   8.793953078 -2.561129191 0.1047799895  9.345906628 1777094075 1777094075
 -2.452619144 0.04459500223   8.699290654 -2.483731423 0.1332490579  9.221174741 1777094075 1777094075
 -2.538135268 0.02636164391   8.620185279 -2.398098384 0.1453430746  9.060249996 1777094075 1777094075
 -2.608795421 0.02087191565   8.567653797 -2.327212861 0.1379544709  8.880694438 1777094075 1777094075
 -2.704977689 0.04705715508   8.528159468 -2.289848885 0.1113481741  8.703029717 1777094075 1777094075
  -2.78110173 0.06103328965   8.518011647  -2.297996589 0.06868650536   8.549145115 1777094075 1777094075
 -2.820969497 0.01862715007   8.539741897  -2.355021332 0.01582703979   8.436517681 1777094075 1777094075
  -2.818298196 -0.03824726612    8.592707134   -2.455338115 -0.03915639063    8.375717705 1777094075 1777094075
  -2.800940419 -0.07509434458    8.653005762   -2.587192614 -0.08823469247    8.370396264 1777094075 1777094075
  -2.794241262 -0.08484179136    8.714972574   -2.73441651 -0.1247170564   8.416857292 1777094075 1777094075
 -2.753280703 -0.0448656777   8.781099474  -2.877893356 -0.1436754472   8.504417374 1777094075 1777094075
 -2.681401428 -0.0482349808   8.843010453  -2.998431003 -0.1432376995   8.616537479 1777094075 1777094075
  -2.591733461 -0.06268522396    8.891233049 -3.079752103 -0.123102773  8.735462965 1777094075 1777094075
 -2.502077399 -0.0418402924   8.917909349   -3.111340868 -0.08616930539    8.844344369 1777094075 1777094075
  -2.426783874 0.005411949002    8.918244155   -3.087491818 -0.03610614113    8.928574831 1777094075 1777094075
 -2.365579104 0.04791353417   8.902325611  -3.009776082 0.02179075326   8.977861984 1777094075 1777094075
-2.328734356  0.102518343  8.857002825  -2.886162942 0.08210747341   8.987850569 1777094075 1777094075
-2.268865204 0.1474480186  8.809511315 -2.730016752 0.1395411589  8.960443155 1777094075 1777094075
-2.220503055 0.1984402177  8.756638211 -2.558951368  0.190256604  8.902946631 1777094075 1777094075
-2.204497482 0.2259865224  8.698637835 -2.391404557 0.2305528624  8.825526273 1777094075 1777094075
-2.217883616 0.2616448827  8.634793749 -2.245407841 0.2597542684  8.740832124 1777094075 1777094075
-2.243116463 0.2527220678   8.58761407 -2.136405266 0.2778115016   8.65970558 1777094075 1777094075
-2.335233543 0.2143256703  8.536671336 -2.075837544 0.2851881112  8.590580564 1777094075 1777094075
-2.412837669 0.1937861065  8.507281412 -2.069410561 0.2843784865  8.540957328 1777094075 1777094075
-2.513596004 0.1824513375  8.489569934 -2.118216401 0.2761004998  8.512188066 1777094076 1777094076
 -2.61173405 0.1771297966  8.492013047 -2.218043968 0.2608942706  8.503056942 1777094076 1777094076
-2.688905603 0.1663170679   8.51328399 -2.361049542 0.2378681488  8.509468359 1777094076 1777094076
-2.818852356 0.1061964687   8.53117598 -2.535942814 0.2051631341  8.527535058 1777094076 1777094076
 -2.916916536 0.06638804742   8.565347254 -2.728060906 0.1638746466  8.553915146 1777094076 1777094076
 -3.023251375 0.03628214257   8.598382289 -2.923892154 0.1151359212  8.585446304 1777094076 1777094076
 -3.123672697 0.00224799392   8.631523103  -3.109916093 0.06067691524   8.619910333 1777094076 1777094076
  -3.219904946 -0.01323405849     8.66084812    -3.27489326 0.003943618026    8.655755961 1777094076 1777094076
  -3.33660842 -0.0436358023    8.68134415   -3.411456657 -0.04935569926    8.691998705 1777094076 1777094076
  -3.386773541 -0.02681660079    8.719147379  -3.515249097 -0.0938367847   8.726575886 1777094076 1777094076
  -3.450446929 0.002363747088    8.749373103   -3.58683151 -0.1240872142   8.760118814 1777094076 1777094076
 -3.485575818 0.02119539189   8.794654596  -3.628184287 -0.1371379502   8.792624381 1777094076 1777094076
 -3.483829728 0.06115980823   8.851211408  -3.643613823 -0.1313676029   8.824877532 1777094076 1777094076
 -3.497084944 0.07681340863   8.906057565  -3.639566075 -0.1070550547   8.858327122 1777094076 1777094076
    -3.520618 0.09958996904   8.956367296   -3.621978515 -0.06664910202    8.893875926 1777094076 1777094076
-3.578904966 0.1150450257   8.99869692   -3.596360005 -0.01417389021     8.93318808 1777094076 1777094076
 -3.595008378 0.09443979529   9.060744319  -3.565679268 0.04454684329   8.977950909 1777094076 1777094076
-3.575271691 0.1045879739  9.127734547  -3.53288807 0.1041822203  9.029946831 1777094076 1777094076
-3.568518551 0.1032882929  9.191310916  -3.50000752 0.1584914671  9.090884281 1777094076 1777094076
-3.566177182 0.1222617907  9.246288964 -3.467939574 0.2038498677  9.162238885 1777094076 1777094076
-3.584207323 0.1423534672  9.297905661 -3.436650578 0.2376779113  9.244155419 1777094076 1777094076
 -3.51033569 0.1395138952  9.370386284 -3.407007544 0.2578904669  9.334690131 1777094076 1777094076
-3.462282481 0.1547407644   9.43297787 -3.381853846  0.263345584   9.43242539 1777094076 1777094076
-3.424147683 0.1418362519  9.493878877 -3.363441492 0.2545108375  9.533208751 1777094076 1777094076
-3.402426391 0.1400588543  9.548829345 -3.354263854 0.2333489106  9.633367178 1777094076 1777094076
-3.413088214 0.1425935835  9.601234795  -3.35714953 0.2017465663  9.728111582 1777094076 1777094076
-3.412718662 0.1500877924  9.669175106 -3.374675619 0.1614388549  9.812799633 1777094076 1777094076
-3.386863118 0.1700002382  9.751305303 -3.408328366 0.1144265504  9.884552588 1777094076 1777094076
-3.403769975 0.1507205677  9.836178394 -3.458077283 0.0637863554  9.942720374 1777094076 1777094076
-3.431111809 0.1492285517  9.926312292  -3.522357714 0.01332818152   9.987772688 1777094076 1777094076
-3.494166082 0.1439171627  10.02039969  -3.598399207 -0.0321397932   10.02228169 1777094076 1777094076
 -3.51660431 0.1322440875  10.14104992   -3.681694043 -0.06804004219     10.0495267 1777094076 1777094076
 -3.45851585 0.1313197023  10.27781995   -3.766544686 -0.09028412058    10.07387403 1777094076 1777094076
-3.454881186 0.1047513422  10.36247071   -3.845097718 -0.09494136307    10.10252956 1777094076 1777094076
-3.482426223 0.1156538809  10.45453557   -3.912018141 -0.07954637601    10.13779391 1777094076 1777094076
-3.459781216 0.1281177289  10.53191389   -3.961543376 -0.04308454142    10.18203312 1777094076 1777094076
-3.409024747 0.1183739421  10.59159445  -3.987980098 0.01181149946   10.23614051 1777094076 1777094076
-3.334192756 0.1245395929    10.624475  -3.986589131 0.07896846757   10.29906271 1777094076 1777094076
-3.243533191 0.1175673101  10.63950124 -3.954562819  0.150115121  10.36733801 1777094076 1777094076
-3.159529411 0.1288456148  10.63460473 -3.889922458 0.2168492499   10.4369685 1777094076 1777094076
-3.114428233 0.1581866386  10.60470921 -3.792766293 0.2703074197  10.50334041 1777094076 1777094076
-3.131927086  0.169914115  10.55688124 -3.665893767  0.302384698   10.5621134 1777094076 1777094076
-3.167571409 0.1699958618  10.52134463 -3.515332975 0.3072485614  10.60994397 1777094076 1777094076
-3.153544627  0.148310204  10.51925966 -3.349445375 0.2828771269  10.64600364 1777094076 1777094076
-3.163227814 0.1510403986  10.53514968 -3.177675153 0.2312931885  10.67300597 1777094076 1777094076
-3.200608424 0.1445406086  10.57453853 -3.012195741 0.1592173406  10.69504338 1777094076 1777094076
-3.258575135 0.1173082846  10.63800079  -2.865763442 0.07596329711   10.71755596 1777094076 1777094076
-3.298331516 0.1099211874  10.71372019    -2.751159893 -0.006604515841     10.74584327 1777094076 1777094076
 -3.250588042 0.09795680421   10.82498519   -2.680235236 -0.07671408127    10.78340987 1777094076 1777094076
-3.247695317 0.1050534082  10.92390945  -2.659248298 -0.1240785175   10.83367381 1777094076 1777094076
-3.295927401 0.1267914676   10.9956079  -2.690712297 -0.1411293636   10.89653899 1777094077 1777094077
-3.390048662 0.1251150902  11.03330823  -2.772483061 -0.1244525447   10.96833618 1777094077 1777094077
-3.491552367 0.1401346518  11.02424411    -2.89837894 -0.07486813442    11.04152573 1777094077 1777094077
-3.464221954 0.1401334303  11.02691145    -3.061889152 0.0003998897851     11.10296519 1777094077 1777094077
-3.436416374 0.1517789336   10.9973252  -3.246137524 0.09178754657   11.14491576 1777094077 1777094077
-3.470196907  0.171595601  10.91743824 -3.434165849 0.1883024183  11.15911879 1777094077 1777094077
 -3.57803093 0.1711681405  10.77636609 -3.611107471 0.2780244041  11.13810788 1777094077 1777094077
-3.734923302 0.1743346498  10.62560443 -3.766072338 0.3508112255  11.07573184 1777094077 1777094077
-3.724302724 0.1468667991  10.51628418 -3.892210119 0.3973471359   10.9680627 1777094077 1777094077
-3.700423536 0.1316241356  10.40698061 -3.979405245 0.4131083267  10.82388706 1777094077 1777094077
-3.722078386 0.1301764735  10.27979733 -4.024872631 0.3989381202  10.65304559 1777094077 1777094077
-3.788068624 0.1242362147  10.13649085 -4.030497363 0.3583655829  10.46713164 1777094077 1777094077
-3.852956025 0.1468040574  10.01796502    -4.001526 0.2988867512  10.27812533 1777094077 1777094077
-3.815365763 0.1655377508  9.930361933 -3.944782955 0.2297161659  10.09873925 1777094077 1777094077
-3.776184173 0.1895887098  9.851334806 -3.869478801 0.1614366455  9.939975817 1777094077 1777094077
-3.767437094   0.22442568  9.756325991 -3.785639549  0.103527972  9.809019901 1777094077 1777094077
-3.814742754 0.2413393699  9.634602283 -3.702691704   0.06306208  9.708737975 1777094077 1777094077
-3.847229122 0.2629910676  9.527328506  -3.628793234 0.04355560001   9.636017223 1777094077 1777094077
-3.764975229 0.2580927342  9.459253926  -3.570785575 0.04464567822   9.583118285 1777094077 1777094077
 -3.69132301 0.2334857809   9.37739574  -3.532799738 0.06402429931   9.542628688 1777094077 1777094077
-3.660309258 0.2180797489  9.269658134  -3.516122588 0.09591695576   9.504991371 1777094077 1777094077
 -3.68425969 0.2097915133  9.126790151  -3.51900811 0.1335254145  9.460568126 1777094077 1777094077
-3.708879928 0.2129745026  8.993516372  -3.53698836 0.1682720876  9.398960352 1777094077 1777094077
-3.639171399 0.1931626258  8.892968813 -3.562233643 0.1928509728    9.3139818 1777094077 1777094077
-3.559295698 0.1636575906  8.793369773 -3.585615976 0.2035936556  9.206513258 1777094077 1777094077
-3.525057323 0.1464461985  8.686085451 -3.597847102 0.1979196075  9.080245652 1777094077 1777094077
 -3.50339285 0.0993508083  8.569627906 -3.590734329 0.1761332761  8.942292895 1777094077 1777094077
 -3.540733265 0.06669831408   8.447340689 -3.557529509 0.1404234722  8.802584172 1777094077 1777094077
 -3.480507091 0.04518782671   8.406959085  -3.491825674 0.09515737018   8.672928381 1777094077 1777094077
    -3.305086066 -0.0007575526246      8.397704161  -3.398638467 0.04646299797   8.565020496 1777094077 1777094077
  -3.267174697 -0.03114761359    8.364638247     -3.285888397 -2.369828043e-05      8.487147362 1777094077 1777094077
  -3.24169456 -0.0562912571   8.344487656   -3.164663024 -0.03942448764    8.443842923 1777094077 1777094077
  -3.209502454 -0.06867018364     8.34372949   -3.048231898 -0.06880488616    8.435184811 1777094077 1777094077
  -3.169631629 -0.06564682528    8.358480828   -2.951429806 -0.08769399075     8.45609539 1777094077 1777094077
  -3.135238192 -0.06966196766     8.38032651   -2.889286004 -0.09635920121    8.497610298 1777094077 1777094077
  -3.167723827 -0.07359628521    8.381994979   -2.871488009 -0.09648876386    8.548462575 1777094077 1777094077
  -3.210962272 -0.06083619469    8.383478377   -2.900822038 -0.08972997794    8.596256931 1777094077 1777094077
  -3.259854729 -0.04082311335    8.382257518   -2.973005312 -0.07885324772    8.629686778 1777094077 1777094077
  -3.252881396 -0.01033965804    8.402846224   -3.076567682 -0.06576445441    8.640393665 1777094077 1777094077
  -3.289320797 -0.01661933907    8.400414679   -3.193898155 -0.04962044246    8.625693698 1777094077 1777094077
-3.220467102 0.0148070561  8.443522331   -3.304022617 -0.02877223291    8.588608664 1777094077 1777094077
 -3.215054777 0.03890546504   8.459995269    -3.386291276 -0.001827053262     8.537021797 1777094077 1777094077
 -3.161789783 0.06957670691   8.496661439  -3.421351705 0.03230571275   8.482318513 1777094077 1777094077
 -3.094114522 0.08805887617   8.539238747   -3.39668101 0.07370928269   8.438354887 1777094077 1777094077
 -2.984673523 0.08907003723   8.598444118  -3.30764767 0.1213741893   8.41862821 1777094077 1777094077
-2.868328931  0.115060365  8.659103329 -3.159323542 0.1729641559  8.433197455 1777094077 1777094077
-2.757096877 0.1408955567  8.714149003   -2.9644837 0.2236160583  8.486957513 1777094077 1777094077
-2.642231472 0.1858529841  8.765745741 -2.742644912 0.2682543296   8.57824337 1777094077 1777094077
-2.567733652 0.1956791385  8.796883726 -2.516282186 0.3008864621   8.69906538 1777094077 1777094077
-2.497265927  0.164156419  8.818076717 -2.306766873 0.3169872253   8.83671112 1777094077 1777094077
-2.401260881 0.1352239941  8.835627047 -2.133768486  0.315117273  8.974029465 1777094078 1777094078
-2.372142928 0.1302315992   8.82588152 -2.010729509 0.2956682997  9.093458568 1777094078 1777094078
-2.321950332 0.1417194611  8.814694392 -1.942810564 0.2615521416  9.181272792 1777094078 1777094078
-2.280025678 0.1325722948    8.8004297  -1.92819795 0.2171684124  9.226749412 1777094078 1777094078
-2.235753836  0.115620317  8.787352725 -1.958320161 0.1687927531  9.225752306 1777094078 1777094078
-2.202117106 0.1041845757  8.778012947 -2.019890397 0.1234199738  9.181196887 1777094078 1777094078
-2.172748144  0.105334699  8.776747201  -2.096564324 0.08591086422   9.102052763 1777094078 1777094078
-2.143355606 0.1352256811   8.78723504  -2.172231853 0.05999918073   9.002391343 1777094078 1777094078
-2.133515676 0.1578083647  8.808146466  -2.232893706 0.04618986697   8.897297605 1777094078 1777094078
-2.142031332 0.1707651385  8.830906518   -2.26912367 0.04291076498   8.804869176 1777094078 1777094078
-2.115297085 0.1671704908  8.880875899  -2.277125526 0.04739380434   8.739353329 1777094078 1777094078
-2.142099418 0.1723408812  8.924742461  -2.258228139 0.05633429421   8.710040312 1777094078 1777094078
-2.172565291 0.1749332712  8.974805383  -2.218791416 0.06662545105   8.722403383 1777094078 1777094078
-2.241578727 0.1477600672  9.018290042  -2.168280362 0.07614058296   8.775363866 1777094078 1777094078
-2.300790774 0.1219303035  9.056826637  -2.117711448 0.08396398721   8.861839855 1777094078 1777094078
-2.328144876 0.1061650956  9.106495478  -2.077683089 0.09063574703   8.970700659 1777094078 1777094078
 -2.367274836 0.09800628477   9.142571777  -2.057398259 0.09772905835   9.088828924 1777094078 1777094078
-2.404887355 0.1374319196  9.180034633  -2.06359971 0.1073520413  9.203180365 1777094078 1777094078
-2.52238532 0.134970075 9.171049772 -2.100341727 0.1208495619  9.302630458 1777094078 1777094078
-2.544619768 0.1515555413  9.191799542 -2.167247511 0.1386954677  9.378512722 1777094078 1777094078
-2.571131677 0.1548820692  9.202825274  -2.2603934 0.159798131 9.426139393 1777094078 1777094078
-2.581642244 0.1626495337  9.212305344 -2.371275498 0.1819047288  9.445307768 1777094078 1777094078
-2.495593384 0.2314764316  9.246090511 -2.488104364 0.2019103333  9.439989988 1777094078 1777094078
-2.528663637 0.2441440179  9.247182128 -2.598388471 0.2152841348  9.415549246 1777094078 1777094078
-2.500257468 0.2197603352  9.270600416 -2.686478023 0.2191373347  9.380746777 1777094078 1777094078
-2.452217904 0.1844855892  9.307154908 -2.739602017 0.2119353672  9.345442863 1777094078 1777094078
-2.409791943 0.1505500277  9.345905682 -2.747508807 0.1938554207  9.319070909 1777094078 1777094078
 -2.30756426 0.1948417539  9.408191035 -2.704718849 0.1671416327  9.310179347 1777094078 1777094078
-2.279092909 0.1208743864  9.457043964 -2.610758186 0.1354368299  9.322994854 1777094078 1777094078
 -2.222745121 0.03410830479   9.515205714 -2.471900379 0.1031601529  9.361818898 1777094078 1777094078
  -2.110092496 -0.02193020394     9.59144278  -2.299828554 0.07433860203    9.42643898 1777094078 1777094078
  -2.016366427 -0.03540354429    9.658201618  -2.109652044 0.05273070716   9.512105759 1777094078 1777094078
  -1.903323198 0.006731672868    9.729369676  -1.919200018 0.04073186429   9.612307419 1777094078 1777094078
 -1.889378539 0.01167833313   9.768624298  -1.745245912 0.03943432815   9.716763513 1777094078 1777094078
  -1.848790827 0.007207284801    9.809917458  -1.604545336 0.04678603481   9.818365397 1777094078 1777094078
 -1.797092057 0.03529767549   9.851194505  -1.508415276 0.06063184012   9.908528357 1777094078 1777094078
 -1.767597441 0.09164313099   9.882384283  -1.462599976 0.07756642337   9.980797971 1777094078 1777094078
-1.738986165 0.1809730246  9.914188801  -1.467018812 0.09405525041   10.03221665 1777094078 1777094078
-1.757990704 0.2089835813  9.931833424  -1.51520363 0.1083524369  10.06287968 1777094078 1777094078
-1.763274507 0.2067225431   9.95133754 -1.596538399 0.1183323745  10.07671948 1777094078 1777094078
-1.747522821 0.1910830508  9.975252324 -1.696530214 0.1239598657   10.0791726 1777094078 1777094078
-1.748033463 0.1714370025  9.991632071 -1.799086929   0.12593057  10.07617208 1777094078 1777094078
 -1.73036519 0.2249574181  10.00488998 -1.889448697 0.1254885479  10.07421311 1777094078 1777094078
-1.72025836  0.19469853 10.01117751 -1.955016941 0.1258863377  10.07786108 1777094078 1777094078
-1.727675509 0.1210495275  10.00744736 -1.987251631 0.1280914744  10.08885426 1777094078 1777094078
 -1.713512975 0.06994060718   9.999531788 -1.983212127 0.1329992556  10.10736444 1777094078 1777094078
 -1.696989173 0.02971185307   9.979785504 -1.944550165 0.1408659475  10.13014495 1777094078 1777094078
 -1.649572475 0.05244907467   9.957113195 -1.877861203  0.150769666  10.15276263 1777094078 1777094078
 -1.654127885 0.05284945333   9.924434539 -1.791978854 0.1622112379  10.16641404 1777094078 1777094078
 -1.688823881 0.03804747736   9.877154112 -1.699219834 0.1730067657  10.16588385 1777094078 1777094078
 -1.709686488 0.05555813989   9.827370636 -1.612565084 0.1816732418  10.14731433 1777094079 1777094079
  -1.73391198 0.09436853462   9.775217447 -1.543261397 0.1874530452  10.10740841 1777094079 1777094079
 -1.74794777 0.1815532525  9.713737602 -1.500198844 0.1892610584   10.0464482 1777094079 1777094079
-1.764912279 0.1920528273    9.6547971 -1.488385527 0.1874724124  9.965841848 1777094079 1777094079
 -1.81418071 0.1777418866  9.589402507 -1.509224429 0.1819031534   9.86978972 1777094079 1777094079
-1.850251163 0.1643450419  9.517750581 -1.560894434 0.1729006311  9.763939895 1777094079 1777094079
-1.874451341 0.1522928179   9.45351389  -1.63807434 0.1609506943   9.65262354 1777094079 1777094079
-1.889312162 0.1693220018  9.370983531 -1.733650637 0.1462611287  9.540082707 1777094079 1777094079
-1.927181471 0.1427851152  9.292294014 -1.838623933 0.1294416488  9.428898212 1777094079 1777094079
 -1.978004287 0.07604344508    9.20512758 -1.944700946 0.1101074403  9.321274391 1777094079 1777094079
 -1.988956823 0.02581052881   9.126521617  -2.044181837 0.08793872631   9.218264842 1777094079 1777094079
   -1.990911971 -0.005122717597     9.050589746  -2.130949426 0.06281730515   9.120465078 1777094079 1777094079
-1.960612181 0.0331282668  8.986478605 -2.200677198 0.0358186018  9.029237703 1777094079 1777094079
 -2.004894545 0.05440876299   8.911627721   -2.251849072 0.008437901351    8.946385292 1777094079 1777094079
 -2.083824733 0.04556625971   8.837089997   -2.285413312 -0.01729504726    8.875161574 1777094079 1777094079
 -2.141072125 0.04049607862   8.768941915   -2.303877685 -0.03828893099    8.819356867 1777094079 1777094079
-2.157754004 0.0425837552  8.722388228   -2.311458313 -0.05120927705    8.781891313 1777094079 1777094079
  -2.20956411 0.07181783608   8.670598483   -2.313490062 -0.05261970797    8.764500908 1777094079 1777094079
 -2.249158725 0.09364011915   8.630685845  -2.315369751 -0.0402338476   8.767267389 1777094079 1777094079
 -2.311595162 0.09229520209   8.585857576   -2.321829616 -0.01335164763    8.787575641 1777094079 1777094079
 -2.339597574 0.07598323122   8.555951414  -2.336167006 0.02703774916   8.820305279 1777094079 1777094079
 -2.361815676 0.04459467756   8.532795401  -2.360284547 0.07795183303    8.85761003 1777094079 1777094079
-2.399062035 0.0188045931  8.511449623 -2.394207771 0.1348128993  8.890280778 1777094079 1777094079
 -2.442686545 0.05926375819   8.495130856 -2.435577852 0.1919018137  8.909345034 1777094079 1777094079
 -2.471002745 0.06456405182   8.491311472 -2.479905066 0.2413797207  8.906881691 1777094079 1777094079
 -2.489290765 0.05868177669   8.500082975 -2.521796592 0.2768764377  8.878347281 1777094079 1777094079
 -2.476106791 0.05893396458   8.525916868  -2.55576527 0.2935855864  8.823062189 1777094079 1777094079
 -2.466309817 0.06905965236   8.555991831 -2.577343461  0.288898956   8.74471732 1777094079 1777094079
-2.451545559 0.1242188669   8.59318319 -2.583420965 0.2634856519  8.651596295 1777094079 1777094079
 -2.43212813 0.1468862836   8.62465646 -2.574170443 0.2201653212  8.555054966 1777094079 1777094079
-2.453583037 0.1528107699    8.6467497 -2.552103011 0.1648145742  8.468173086 1777094079 1777094079
-2.431471277 0.1501892294  8.670990215 -2.522123227 0.1054310864  8.403980653 1777094079 1777094079
-2.428971982 0.1551478844  8.680968503  -2.492023244 0.05064989268   8.372204741 1777094079 1777094079
-2.449695009 0.1553104884   8.67668919   -2.470838172 0.008358215842    8.378176771 1777094079 1777094079
-2.523314921  0.135321375  8.653717731   -2.467773374 -0.01591873439    8.421273548 1777094079 1777094079
 -2.634611806 0.09669866938    8.61999888   -2.489124027 -0.01987803246    8.496881505 1777094079 1777094079
 -2.708521788 0.06656495496   8.603885425    -2.539238121 -0.003468639261     8.595154709 1777094079 1777094079
 -2.817154042 0.04620412595   8.587904174   -2.62000356 0.02938525279   8.701532164 1777094079 1777094079
 -2.943846072 0.04912884128   8.585887967  -2.727232434 0.07183282093   8.801901283 1777094079 1777094079
 -3.002779695 0.06974359882   8.606223712 -2.854113696 0.1140045281  8.882738644 1777094079 1777094079
 -3.164277339 0.04575864436   8.621106152 -2.988651399 0.1465149305  8.935765332 1777094079 1777094079
  -3.15391278 0.06026137801   8.694796256   -3.1167104 0.1630041213  8.956074545 1777094079 1777094079
 -3.120219244 0.07831659146   8.779389018 -3.227738293 0.1599980039  8.946372835 1777094079 1777094079
  -3.07211379 0.09383460919   8.861714651 -3.311585949 0.1371016926   8.91486033 1777094079 1777094079
-3.066800169 0.1033120346  8.915253835 -3.361664314 0.0978986204  8.873663372 1777094079 1777094079
 -3.105416487 0.05907867285    8.94403509  -3.376930376 0.05008213399   8.834112971 1777094079 1777094079
 -3.088945968 0.03662469235    8.97697207   -3.359698808 0.001121311305    8.804740609 1777094079 1777094079
 -3.086091414 0.03520118705   8.994403839   -3.318162273 -0.04073926788    8.793826075 1777094079 1777094079
 -3.079190128 0.04952137545   9.008191792  -3.262629595 -0.0687854102    8.80519635 1777094079 1777094079
 -3.058027992 0.07878224543   9.023131771  -3.205649958 -0.0782455397   8.838416865 1777094079 1777094079
 -3.090572726 0.07362491283   9.024850632   -3.159389638 -0.06828236249    8.888823725 1777094080 1777094080
 -3.069641575 0.08917324242   9.052905146   -3.131607429 -0.04035985351    8.949501105 1777094080 1777094080
-3.075296973 0.1212513934  9.077402945    -3.128408758 0.0006177771664     9.011571832 1777094080 1777094080
-3.117700956 0.1572172263  9.101273765  -3.148975437 0.04779260467   9.067783905 1777094080 1777094080
-3.128529378 0.1942044938  9.134919037  -3.187906706 0.09393312341   9.112996471 1777094080 1777094080
 -3.15395234 0.1962897291  9.170816018 -3.235876646 0.1332501439  9.145159868 1777094080 1777094080
-3.168848389 0.2096637068  9.203828353 -3.281754129 0.1625469759  9.165975535 1777094080 1777094080
-3.210321405 0.2320265934  9.220235743 -3.314393118 0.1812544966  9.180065723 1777094080 1777094080
-3.235939459 0.2363521095  9.234898292 -3.325244761 0.1900560623  9.191310318 1777094080 1777094080
-3.215702183  0.249660301  9.248882131 -3.310210434 0.1912599937  9.206123859 1777094080 1777094080
-3.280013814 0.2153268352  9.226552452 -3.270611442 0.1888693211  9.228151832 1777094080 1777094080
-3.312494915  0.183823305  9.207480768 -3.213547993 0.1851612959  9.257377877 1777094080 1777094080
-3.336691948 0.1664880902  9.188658909 -3.150197103 0.1816459886  9.293060102 1777094080 1777094080
-3.330687343  0.143818042  9.183798528 -3.094106457 0.1779386708  9.331933742 1777094080 1777094080
-3.288580002 0.1459258002  9.201178157 -3.059438123 0.1724297881  9.370391677 1777094080 1777094080
 -3.28741659 0.1213452082  9.218193083 -3.057293373  0.163090566  9.404260721 1777094080 1777094080
-3.283571808 0.1138636159  9.254006149 -3.093472341 0.1477743716  9.431065577 1777094080 1777094080
-3.299716031 0.1002978344  9.302389247 -3.168075306 0.1243570102  9.450292481 1777094080 1777094080
 -3.312336837 0.07889298848   9.374240427  -3.274713596 0.09208437744   9.463997137 1777094080 1777094080
-3.312815052 0.0743331062  9.454986019  -3.401301653 0.05147418151   9.476879565 1777094080 1777094080
 -3.321533532 0.04765084063   9.557710864   -3.531666688 0.005105544597    9.495264575 1777094080 1777094080
 -3.319617538 0.03254078998   9.646438789  -3.648830841 -0.0421018132    9.52620057 1777094080 1777094080
 -3.402260633 0.02499559382   9.728754674   -3.737459031 -0.08417801117    9.575589217 1777094080 1777094080
 -3.416942975 0.03061079556   9.822558347  -3.787335266 -0.1158680777   9.644956551 1777094080 1777094080
 -3.416570863 0.06364659848   9.892716567  -3.792615005 -0.1329678706   9.735079484 1777094080 1777094080
 -3.448179682 0.08850052855   9.947464148  -3.755605643 -0.1318654182    9.84196536 1777094080 1777094080
-3.459240622 0.1356305143   9.99169512  -3.685822922 -0.1112239918   9.957348122 1777094080 1777094080
-3.477207745 0.1719621906  10.02436734   -3.596337055 -0.07221888299    10.07206138 1777094080 1777094080
-3.442779548 0.1788158564  10.07002067   -3.502197993 -0.02006401316    10.17603652 1777094080 1777094080
-3.399194326   0.15759227  10.11238546 -3.417933376 0.0387881919  10.26145324 1777094080 1777094080
-3.375825281 0.1244229073  10.15602884  -3.356451668 0.09694399862   10.32289967 1777094080 1777094080
-3.343786415 0.1210185823  10.21277404 -3.325155998  0.148082971   10.3596236 1777094080 1777094080
-3.337762706 0.1476448005  10.27674027 -3.325964506 0.1866729929  10.37499399 1777094080 1777094080
-3.298930133 0.1704039641  10.37126553 -3.355882103 0.2084199618  10.37519513 1777094080 1777094080
-3.225740077 0.2072076267  10.46596951 -3.406514013 0.2124014383  10.36977769 1777094080 1777094080
-3.181338676 0.2020818236  10.56867484 -3.466872458 0.1990913917  10.36920451 1777094080 1777094080
-3.154799734  0.191530905  10.66747617 -3.523479291 0.1727496896   10.3837346 1777094080 1777094080
-3.156615103 0.1836144167  10.75209612 -3.563900993 0.1391644493   10.4209291 1777094080 1777094080
-3.218372176 0.1443713293  10.81162538 -3.577641893 0.1052388567  10.48495509 1777094080 1777094080
-3.261362022 0.1138776287  10.84541742  -3.560592128 0.07741869879   10.57323648 1777094080 1777094080
-3.208940844 0.0809762419  10.89371108  -3.514078256 0.06054511208   10.67801221 1777094080 1777094080
 -3.179682495 0.08749597033   10.91811381  -3.439559373 0.05790158191   10.79155835 1777094080 1777094080
-3.177024621 0.1272595033  10.91718606  -3.345138881 0.07213811255    10.9020516 1777094080 1777094080
-3.247917744 0.1367133981  10.87921378  -3.24065647 0.1036992502  10.99785153 1777094080 1777094080
-3.304853551 0.1467053467  10.83928625 -3.139546421 0.1483439606  11.06657814 1777094080 1777094080
 -3.27317234 0.1413601414  10.82291636  -3.05354462 0.2001251807  11.09981051 1777094080 1777094080
-3.229176856 0.1452980146   10.8071514 -2.990353654 0.2512452382  11.09570867 1777094080 1777094080
-3.244254784 0.1637668166   10.7750032 -2.955623601  0.293768729  11.05653106 1777094080 1777094080
-3.360695651 0.1428671273  10.71049527 -2.952424132 0.3206100121  10.98808679 1777094080 1777094080
-3.477869027 0.1282879783   10.6572318 -2.981733457 0.3258312504  10.89871807 1777094080 1777094080
-3.448963022  0.122890599  10.64443296 -3.042221189 0.3061172267   10.7978754 1777094081 1777094081
 -3.45549417 0.1298209301  10.62242176 -3.126572731 0.2623331997  10.69864626 1777094081 1777094081
-3.510398125 0.1601526705  10.58134118 -3.227230369 0.1991697873  10.61112034 1777094081 1777094081
-3.631576821 0.1554811252   10.5103881 -3.335527898 0.1252509159  10.54318978 1777094081 1777094081
-3.730749982 0.1463060003  10.44384703  -3.446012281 0.05090760434   10.49570659 1777094081 1777094081
-3.698338159 0.1305914903  10.41408291   -3.553771831 -0.01409837052    10.46461045 1777094081 1777094081
-3.661156672 0.1089176928  10.37154108    -3.65147268 -0.05909285025    10.44648365 1777094081 1777094081
  -3.6834042 0.1088165105  10.29390869   -3.734443892 -0.07777442238    10.43358827 1777094081 1777094081
-3.756038829 0.1166728179  10.17948288   -3.801383999 -0.06698552298    10.41512785 1777094081 1777094081
-3.845337551 0.1590757796  10.03605527   -3.853095545 -0.02913009087    10.37914194 1777094081 1777094081
-3.840293202  0.191516712  9.945597058  -3.892300416 0.02976593303   10.31184882 1777094081 1777094081
-3.760842396 0.2115055139   9.83026032  -3.91771369 0.1011358541  10.21121949 1777094081 1777094081
-3.798909904 0.2230065528  9.674407395 -3.929967674 0.1739276989  10.07805454 1777094081 1777094081
 -3.84902133 0.1984664985  9.494010398 -3.930205406  0.236405224  9.913813937 1777094081 1777094081
 -3.88125288 0.1813973387  9.334469036 -3.917677487  0.279032349   9.72568736 1777094081 1777094081
-3.799542875 0.1586029145  9.217736373  -3.89056501 0.2954435609   9.52553271 1777094081 1777094081
-3.729906539  0.121183733  9.105802856 -3.848855067 0.2846659536  9.328743992 1777094081 1777094081
-3.684216191  0.110026025  8.987576032 -3.793077222  0.250275216  9.149169013 1777094081 1777094081
 -3.682229136 0.09278316159    8.86532768 -3.724479575  0.198587794  8.998164522 1777094081 1777094081
 -3.671156041 0.08604363341   8.775153485 -3.644526441 0.1382217606   8.88383947 1777094081 1777094081
 -3.595432962 0.07216585961   8.723952305  -3.557203344 0.07859791275   8.809579394 1777094081 1777094081
 -3.531961381 0.05187682689    8.68823075  -3.468954472 0.02847199071   8.773435069 1777094081 1777094081
 -3.498697261 0.04513800354   8.650990832    -3.386593771 -0.005647039655     8.769082867 1777094081 1777094081
 -3.503903537 0.04337833133   8.605279849   -3.316481545 -0.02045032343    8.787184257 1777094081 1777094081
 -3.543609145 0.04111236464   8.554355982   -3.263485722 -0.01668286485    8.815880401 1777094081 1777094081
 -3.52779461 0.0382449454  8.525653297   -3.230769494 0.001174475144    8.841804369 1777094081 1777094081
 -3.498609262 0.03932107606    8.49837298  -3.219989109 0.02860266417   8.854663628 1777094081 1777094081
  -3.47498281 0.06485852228   8.462561649 -3.229460343 0.0592637849  8.846946833 1777094081 1777094081
 -3.449815696 0.08772224818   8.417337846 -3.254530018  0.088298765  8.814525498 1777094081 1777094081
-3.402589938 0.1111278676  8.373442096 -3.287429219 0.1100940269  8.755846222 1777094081 1777094081
-3.328556427  0.118898319  8.333031801 -3.318674142 0.1217482731  8.673810828 1777094081 1777094081
 -3.271898595 0.09208274424   8.279663656 -3.338583954 0.1243334558  8.574934977 1777094081 1777094081
 -3.187698097 0.07595442347   8.240323457 -3.335593999 0.1194710917  8.465898495 1777094081 1777094081
 -3.057008596 0.04824172931   8.216729891 -3.301493761 0.1091265482  8.356439703 1777094081 1777094081
 -2.932360623 0.03827894535   8.199982342  -3.230852205 0.09623097286   8.256010346 1777094081 1777094081
 -2.790396517 0.02468746001   8.201015173   -3.12109494 0.08363722322   8.174372843 1777094081 1777094081
  -2.656336037 0.005372203528    8.209358483  -2.976460861 0.07248366981   8.117515511 1777094081 1777094081
 -2.560778565 0.01628959456      8.223552  -2.803179568 0.06440125021   8.091276076 1777094081 1777094081
 -2.436853288 0.04803676924   8.261515934  -2.612669685 0.05796730076   8.098328511 1777094081 1777094081
-2.358138751 0.0803487729  8.300660449  -2.418242174 0.05317214252   8.137928498 1777094081 1777094081
 -2.263583036 0.09676792606   8.356972654  -2.234272178 0.04861389443   8.207724506 1777094081 1777094081
 -2.188118143 0.08665266704   8.421835671  -2.074681109 0.04284613091   8.299160335 1777094081 1777094081
 -2.168019103 0.06006172572    8.47658226  -1.949590942 0.03727269824   8.403909496 1777094081 1777094081
 -2.156833306 0.03731228922   8.535666547  -1.865714573 0.03329046563   8.514515196 1777094081 1777094081
 -2.159369773 0.04536729616   8.592332012  -1.826341078 0.03214869611   8.623951854 1777094081 1777094081
 -2.180115205 0.02124335995   8.643006801  -1.831094469 0.03343596046   8.725936513 1777094081 1777094081
   -2.224579959 -0.008204286889     8.689557951  -1.875304063 0.03699814836   8.816656126 1777094081 1777094081
  -2.297069086 -0.02213343011     8.71916687  -1.951834259 0.04247540307   8.893870142 1777094081 1777094081
-2.341998282 -0.018678365  8.751592904  -2.048534624 0.04963666112   8.956018101 1777094081 1777094081
 -2.349257741 0.01518676613   8.785728752  -2.152167063 0.05841676824   9.002658683 1777094081 1777094081
-2.345457113 0.0252897754  8.818857657  -2.249100877 0.06806830938   9.032788893 1777094082 1777094082
 -2.355455644 0.01886069877   8.841995202  -2.326926052 0.07832736694   9.047267052 1777094082 1777094082
 -2.355567736 0.02607126317   8.860661669  -2.375588814 0.08901604833   9.049137741 1777094082 1777094082
 -2.322293306 0.04398264414   8.886594001  -2.389270932 0.09856210816   9.041868807 1777094082 1777094082
 -2.302324318 0.09103480109   8.908044984 -2.367319845 0.1062136999  9.028423296 1777094082 1777094082
 -2.283207783 0.08410814603   8.932040132 -2.313884678 0.1115026198  9.014230432 1777094082 1777094082
 -2.260395397 0.06533953035   8.960088608 -2.237866688 0.1136813621  9.004559804 1777094082 1777094082
  -2.22860302 0.06422831458    8.99897853 -2.150552858 0.1136871239   9.00268867 1777094082 1777094082
 -2.232778608 0.07697584486   9.036569716 -2.065113795 0.1119130764  9.010772526 1777094082 1777094082
-2.240137526 0.1415121914  9.081666974 -1.994891322 0.1097880727  9.031437229 1777094082 1777094082
-2.270867136 0.1286383414  9.130445482 -1.952273634 0.1082530199  9.067113949 1777094082 1777094082
-2.309907765  0.115877474  9.188260367 -1.946800034 0.1068692811  9.117062726 1777094082 1777094082
-2.355273955 0.1088801686  9.251177138 -1.984052164 0.1049301001  9.180457417 1777094082 1777094082
 -2.42321621 0.1057226289  9.318756294 -2.065016267 0.1015595879  9.255703583 1777094082 1777094082
-2.485796791 0.1301533503  9.361391378 -2.184760768 0.0962393642  9.339789693 1777094082 1777094082
 -2.57068611 0.1196268435  9.418294889  -2.333018171 0.08858194886   9.428485881 1777094082 1777094082
 -2.643710674 0.08532411095   9.464679592 -2.494267345 0.0796654807  9.515900252 1777094082 1777094082
 -2.668054906 0.06550298087    9.50916817  -2.649736463 0.07182867198   9.596088793 1777094082 1777094082
 -2.642506546 0.07313961426   9.555674012   -2.78041166 0.06759257892   9.664168653 1777094082 1777094082
-2.571486441 0.1039550854  9.601138586  -2.869418047 0.06904245123   9.716113735 1777094082 1777094082
-2.543492917 0.1004037393  9.621808671  -2.904017613 0.07804081694   9.749163211 1777094082 1777094082
 -2.478954187 0.09229391678   9.641191849  -2.877143182 0.09547352034   9.762522725 1777094082 1777094082
 -2.384757228 0.08669866628   9.657992055 -2.789529362 0.1203882824  9.757238526 1777094082 1777094082
-2.325134482 0.1002902242  9.659979162 -2.648979452 0.1499934438  9.735686295 1777094082 1777094082
 -2.19892276 0.1303843666  9.672086538 -2.469683806 0.1809904092  9.702742441 1777094082 1777094082
-2.169654802 0.1406679557  9.664705751   -2.2692919 0.2098529374  9.662178297 1777094082 1777094082
-2.107946332 0.1509914856   9.66223221 -2.068109717 0.2328317552  9.620548517 1777094082 1777094082
-2.054301705 0.1589456157  9.663656056 -1.885705654 0.2472668539  9.584152258 1777094082 1777094082
-2.007555572 0.1898613861  9.668259017 -1.738439755 0.2512312025  9.558619271 1777094082 1777094082
-1.944860576 0.2510814961  9.682914386 -1.638133554 0.2447663022  9.549796771 1777094082 1777094082
-1.963049608 0.2331722609  9.688669604 -1.589614179 0.2299559222  9.559660628 1777094082 1777094082
-1.961380121  0.218594245  9.706599175 -1.592102581 0.2092743422  9.591782958 1777094082 1777094082
-1.952917314 0.2076981709  9.730898732 -1.638016669  0.186165957  9.645908432 1777094082 1777094082
-1.948448226 0.1953695692  9.759390668 -1.714750974 0.1642480105  9.719035518 1777094082 1777094082
-1.914990495  0.224779944  9.795353502  -1.80702759 0.1468737754  9.806429465 1777094082 1777094082
-1.905229274 0.1896363184  9.823480739 -1.897830378 0.1368634236  9.899635339 1777094082 1777094082
-1.890069636 0.1424461313  9.852300726 -1.972070221 0.1343882256  9.990292724 1777094082 1777094082
-1.852508756 0.1189375676  9.877763038 -2.017953037 0.1384352087  10.06911362 1777094082 1777094082
-1.813209178 0.1090886583   9.89547021 -2.027902446 0.1473460861  10.12674591 1777094082 1777094082
-1.743518117 0.1404639484  9.907605029 -2.000044895 0.1587367492  10.15648578 1777094082 1777094082
-1.730617316 0.1508559169  9.900456419 -1.936837048 0.1705992598  10.15299454 1777094082 1777094082
-1.714716832 0.1296061707  9.882462894 -1.847074906 0.1799306389  10.11690474 1777094082 1777094082
-1.681570067 0.1107889778  9.855254541 -1.742301338  0.184905083   10.0517149 1777094082 1777094082
 -1.653556495 0.09498074883   9.818144765 -1.635629471 0.1849602925   9.96387875 1777094082 1777094082
-1.615386876 0.1192014247  9.771297588  -1.54079055 0.1801657591  9.863170573 1777094082 1777094082
-1.649316108 0.1251323083  9.711655026 -1.46951546 0.172110128 9.758522385 1777094082 1777094082
 -1.678676269 0.09216584034   9.638131389 -1.431643855 0.1613666867  9.661417695 1777094082 1777094082
 -1.665970474 0.05683236233   9.577682561 -1.432370367 0.1493406863  9.579801965 1777094082 1777094082
 -1.687907832 0.04581096056   9.498958643 -1.471994046 0.1368376405  9.517778847 1777094082 1777094082
-1.687383499  0.098254478  9.429049307 -1.546692009 0.1253299681  9.476660543 1777094082 1777094082
-1.753501189 0.1058975647  9.347741306 -1.648267309 0.1157426225  9.451473482 1777094083 1777094083
 -1.82153227 0.1046231913  9.262604811  -1.76552164 0.1084054854  9.437239996 1777094083 1777094083
 -1.85841377 0.1166295598  9.185991947 -1.885634326 0.1038549291  9.426167645 1777094083 1777094083
-1.883070117 0.1387019938  9.116595324 -1.995953888  0.102585061   9.40939287 1777094083 1777094083
-1.918510619 0.1838493037  9.045123232 -2.085751783 0.1052999347  9.379410149 1777094083 1777094083
-1.974993409 0.2051906838  8.972413255 -2.147798405 0.1122450697  9.331305617 1777094083 1777094083
-2.022659278 0.1946941674  8.907153637 -2.179768033 0.1231316752  9.263909558 1777094083 1777094083
-2.087470408 0.1847563363  8.837183621 -2.184595923   0.13751535  9.178548004 1777094083 1777094083
-2.152697645 0.1692503439  8.771751451 -2.170518112 0.1539996805  9.079464823 1777094083 1777094083
-2.235989981 0.1594535592  8.705928443 -2.150040666 0.1705431235  8.972391102 1777094083 1777094083
 -2.32957799 0.1589313897  8.644778193 -2.137962116 0.1846465499  8.863991707 1777094083 1777094083
-2.437694738 0.1224812944  8.588709837 -2.149626453 0.1931734662  8.760890373 1777094083 1777094083
 -2.547007749 0.08880911097   8.546243525 -2.198219716 0.1936576513  8.667680048 1777094083 1777094083
 -2.690898464 0.05429206203   8.509408438 -2.292836981 0.1842639353   8.58822695 1777094083 1777094083
 -2.847184382 0.03383455421   8.486887506 -2.436382814 0.1643844797  8.524943939 1777094083 1777094083
 -2.998316612 0.03818739376   8.483234793 -2.625245348 0.1345653377  8.479510686 1777094083 1777094083
 -3.173884513 0.02373116978    8.49232183  -2.849445997 0.09684188551   8.453228447 1777094083 1777094083
 -3.335828594 0.01421249455   8.523968894  -3.093588334 0.05463831119   8.446794157 1777094083 1777094083
 -3.468351005 0.01630550329   8.568060354   -3.33955232 0.01194912071    8.46182938 1777094083 1777094083
   -3.5888241 0.03164283294   8.626709036  -3.568232148 -0.0264349495   8.498832011 1777094083 1777094083
 -3.664176165 0.05036596386   8.697417255   -3.763116928 -0.05758945421    8.557448513 1777094083 1777094083
-3.738392376 0.0357500156  8.771108045   -3.912135477 -0.07901761667    8.636750474 1777094083 1777094083
  -3.770576712 0.004414978941    8.851988439    -4.00904612 -0.08964170084    8.733259291 1777094083 1777094083
  -3.795488198 -0.01945427509    8.928744425   -4.054383959 -0.09027410935    8.842611677 1777094083 1777094083
  -3.801933275 -0.01197615323    9.002453342   -4.054667635 -0.08261728746    8.957776117 1777094083 1777094083
 -3.800734567 0.01789993699   9.075242133   -4.021065048 -0.07014052613    9.071169506 1777094083 1777094083
 -3.788534915 0.01264575382   9.151558946   -3.967317499 -0.05599497147    9.175781841 1777094083 1777094083
  -3.777491207 -0.01141195939    9.229632438    -3.90732507 -0.04282240819    9.265717846 1777094083 1777094083
 -3.749856503 -0.0158270559   9.316631907   -3.852419388 -0.03247825761    9.337177903 1777094083 1777094083
  -3.727136262 -0.02118709348    9.406676565   -3.809984559 -0.02513419483     9.39024743 1777094083 1777094083
  -3.710167329 -0.01309527016     9.48927444   -3.782419661 -0.01993638991    9.428295424 1777094083 1777094083
  -3.709173667 -0.01007847297    9.574357873   -3.767968031 -0.01495647874    9.457761936 1777094083 1777094083
  -3.697895965 -0.01496232193    9.653558617     -3.76138921 -0.007856364409     9.486704428 1777094083 1777094083
 -3.655748217 0.02766522351   9.740096836   -3.755487346 0.003153221835    9.523775664 1777094083 1777094083
 -3.606753369 0.07765843427   9.815022449  -3.742406902 0.01951667354   9.576285504 1777094083 1777094083
-3.554206057 0.1358052019  9.881782399  -3.716107317 0.04065618192   9.647942882 1777094083 1777094083
-3.504135848 0.1524464577  9.926698363  -3.673239235 0.06484187358   9.737730594 1777094083 1777094083
-3.497598779 0.1371840277   9.94155575  -3.613905773 0.08983383288   9.840639531 1777094083 1777094083
-3.48037189 0.149354319  9.94416476 -3.542026726 0.1125346196   9.94663627 1777094083 1777094083
-3.451108724 0.1675664582  9.936892201 -3.464249541 0.1309619564  10.04329031 1777094083 1777094083
-3.404559671 0.1928979606  9.921470412 -3.388527943 0.1442830499  10.11783556 1777094083 1777094083
-3.345120996 0.1921296386  9.903162937 -3.322560461 0.1540284263  10.15958582 1777094083 1777094083
 -3.29884175 0.1806906422  9.870695997 -3.272382864 0.1639336048  10.16128474 1777094083 1777094083
 -3.22918142 0.2074610946  9.840584304 -3.240305046  0.179017461  10.12023896 1777094083 1777094083
-3.188062673 0.2583652358  9.797542686 -3.225162226 0.2055657262  10.04037563 1777094083 1777094083
-3.154523695 0.3306052534  9.740513318 -3.221891635 0.2491969515  9.930792587 1777094083 1777094083
 -3.13571256 0.3964051406  9.683766136 -3.222900297 0.3138327059   9.80450453 1777094083 1777094083
-3.085566199 0.4586660655  9.631394595 -3.218945385 0.4007462116  9.676340929 1777094083 1777094083
-3.005023176 0.5413422083  9.586274292 -3.201349543 0.5073738887  9.561391483 1777094083 1777094083
-2.919686582 0.6313841075  9.539392042 -3.163188695 0.6277302541  9.472053439 1777094083 1777094083
-2.852084308 0.7373632562  9.483058479 -3.101524355 0.7525176991  9.416015816 1777094084 1777094084
-2.818896864 0.8093041539   9.41863816 -3.017861034   0.87039194  9.393846307 1777094084 1777094084
-2.799815738 0.8305638452  9.355331281 -2.917505362 0.9701278209  9.400702283 1777094084 1777094084
-2.762955586 0.8488349962  9.302412951 -2.810682136  1.041979119  9.427748297 1777094084 1777094084
-2.718416962 0.8668095793  9.258327478 -2.709319389  1.079726881  9.462794866 1777094084 1777094084
-2.675698822 0.8905944542  9.223237075 -2.625983522  1.081620288  9.492992842 1777094084 1777094084
-2.659470324 0.8833294207  9.198456713 -2.571231907  1.051003916  9.507391433 1777094084 1777094084
-2.673066134  0.850749375  9.180906565  -2.55201882 0.9960505792  9.499177237 1777094084 1777094084
-2.708627541 0.8363378267  9.172908471 -2.570421717 0.9282137607  9.466080133 1777094084 1777094084
  -2.7369198 0.8427438372   9.18036279 -2.623105188 0.8606230508  9.410886515 1777094084 1777094084
-2.769957019 0.8656416959  9.199027447 -2.701731335 0.8059633223  9.340981426 1777094084 1777094084
-2.821865952 0.8889021907  9.220967443  -2.79431229 0.7744280233  9.266866269 1777094084 1777094084
-2.885845469 0.8831967841  9.246326585 -2.887545893 0.7720992398  9.199994378 1777094084 1777094084
-2.927359881 0.8956191652  9.277451446 -2.968678638 0.7998629357   9.15033515 1777094084 1777094084
-2.952299454 0.9174904565  9.305093632 -3.027995529 0.8536467001  9.125362965 1777094084 1777094084
-2.982565958 0.9392314782   9.32406032 -3.060085679 0.9249439499  9.128500187 1777094084 1777094084
-3.017560135 0.9527503251  9.324773186 -3.064818668   1.00227855  9.158356725 1777094084 1777094084
-3.052647295 0.9323962869  9.313549966 -3.047019553  1.073351718   9.20890631 1777094084 1777094084
 -3.07578758 0.9121065036  9.290606411 -3.015445527  1.126948398  9.270846144 1777094084 1777094084
-3.076153084 0.8918008567  9.261710979 -2.980937943  1.154845996  9.333026498 1777094084 1777094084
-3.077099103 0.8877753928  9.221526217 -2.954763288  1.152624285  9.384618638 1777094084 1777094084
 -3.07907212 0.8511511725  9.180066956 -2.946178033  1.120333717  9.416121096 1777094084 1777094084
-3.096105338 0.8007986526  9.134311892 -2.960894795  1.062353063  9.421766592 1777094084 1777094084
-3.115844875 0.7439044479    9.0923681 -3.000065974 0.9860441794  9.399676173 1777094084 1777094084
-3.116577958 0.6913742559  9.065021996 -3.060338003 0.9001029236  9.352141877 1777094084 1777094084
-3.119306354 0.6384907145   9.04337719 -3.134297254 0.8131225709  9.285323469 1777094084 1777094084
-3.145960753 0.6055466483   9.02150424 -3.211759044 0.7319844426  9.208019134 1777094084 1777094084
-3.185959703 0.5607664792  9.002583186 -3.281521604 0.6604315067  9.129792831 1777094084 1777094084
-3.212911124 0.5040847243  8.993570115 -3.333081762 0.5991103068  9.060094518 1777094084 1777094084
-3.205036143 0.4453245645  8.999619949  -3.3586796 0.545369289 9.006727365 1777094084 1777094084
-3.174141069 0.3805665936  9.014653389 -3.354293705 0.4942301541  8.975072407 1777094084 1777094084
-3.145538049 0.3304913735  9.027703884 -3.32035129 0.439954243 8.967207156 1777094084 1777094084
-3.131035867 0.2713718842  9.035329057 -3.261426894 0.3770380125  8.982216644 1777094084 1777094084
-3.110048188 0.1863264925  9.045316955 -3.185970307 0.3017298072  9.016326309 1777094084 1777094084
 -3.062644546 0.09647505539   9.064075197 -3.104534734  0.212728471  9.063705283 1777094084 1777094084
 -3.01290708 0.0142041506  9.084155565 -3.027955809 0.1116341565  9.117308856 1777094084 1777094084
  -2.979158909 -0.04754584276    9.100268193   -2.965816423 0.002808892126    9.170242766 1777094084 1777094084
 -2.965232519 -0.1185852353   9.112523441  -2.925203135 -0.1074293456   9.216683181 1777094084 1777094084
  -2.95969439 -0.2000955598   9.125116467  -2.909832313 -0.2121532637   9.252330005 1777094084 1777094084
 -2.932899976 -0.2729521465   9.147301227  -2.919271828 -0.3047729434    9.27512979 1777094084 1777094084
 -2.908476263 -0.3382500958   9.173641692  -2.949319953 -0.3802308736   9.285157221 1777094084 1777094084
 -2.891763773 -0.3687378092   9.201571026  -2.992932184 -0.4359888644   9.284653962 1777094084 1777094084
 -2.894471822 -0.4051016015   9.226108327  -3.041194714 -0.4720062878    9.27764578 1777094084 1777094084
 -2.905396071 -0.4488207728   9.251814555  -3.084916631 -0.4909850355    9.26911312 1777094084 1777094084
 -2.898131415 -0.4916659161   9.281099791  -3.115893387 -0.4974491741   9.264290619 1777094084 1777094084
 -2.882450535 -0.5097646519   9.315437365   -3.12796201 -0.4969929023   9.267655378 1777094084 1777094084
 -2.872306246 -0.5086692334   9.346677992  -3.117957042 -0.4954877907   9.282434736 1777094084 1777094084
 -2.868989913 -0.5112637904   9.372048568   -3.08569955 -0.4978230692   9.310251608 1777094084 1777094084
 -2.856492952 -0.5155657187   9.394697417  -3.033748689 -0.5072750754   9.350623028 1777094084 1777094084
 -2.828360646 -0.5198014706   9.415545996  -2.96661773 -0.525031976  9.401026497 1777094084 1777094084
 -2.787893508 -0.5246519434   9.432675714   -2.88975321 -0.5501382835   9.457287228 1777094085 1777094085
 -2.754784001 -0.5083747464   9.441372395   -2.80861168 -0.5798012874   9.514069973 1777094085 1777094085
 -2.723058569 -0.5175555454   9.441743456   -2.72794589 -0.6099211706   9.565734631 1777094085 1777094085
  -2.67921273 -0.5507546571   9.439369156  -2.651050004 -0.6360195803   9.606783027 1777094085 1777094085
-2.607983551 -0.580185345  9.443036819  -2.579565123 -0.6541623363   9.633017825 1777094085 1777094085
-2.516022652 -0.597765955  9.452388875  -2.513837917 -0.6617410874   9.642253094 1777094085 1777094085
 -2.432050247 -0.5846473288   9.466670117  -2.453466268 -0.6578618739   9.634697262 1777094085 1777094085
 -2.344832487 -0.5981070521   9.487224602 -2.397630972 -0.644085126  9.613083256 1777094085 1777094085
 -2.255973102 -0.6127078097   9.518218761  -2.345576807 -0.6247863874   9.582982024 1777094085 1777094085
  -2.16337873 -0.6289293619   9.560543284  -2.297422108 -0.6056986822   9.551943102 1777094085 1777094085
 -2.069525056 -0.6407334385   9.615572169  -2.254008604 -0.5933094174   9.528370223 1777094085 1777094085
 -2.012859126 -0.6538329967   9.672728818  -2.216522188 -0.5936595415   9.520021017 1777094085 1777094085
 -1.994258537 -0.7066484629   9.724371544  -2.186087987 -0.6114713409    9.53362013 1777094085 1777094085
 -1.982625985 -0.7697263155   9.783774025  -2.163384658 -0.6491729143   9.573477938 1777094085 1777094085
-1.967137024   -0.7919164  9.824884468  -2.147659147 -0.7050973807   9.639803903 1777094085 1777094085
-1.957815649 -0.835073509  9.876363062   -2.13689872 -0.7747397848   9.728802695 1777094085 1777094085
 -1.959580816 -0.8329608348   9.907678568  -2.127607527 -0.8501899745   9.832727153 1777094085 1777094085
 -1.989668816 -0.8703920585   9.910711606  -2.115295554 -0.9213606653   9.941771887 1777094085 1777094085
  -2.00640513 -0.9044095397   9.896032373 -2.095708515 -0.977761423  10.04308602 1777094085 1777094085
 -1.984842211 -0.9056820703   9.872845556 -2.065423875 -1.009953942   10.1236256 1777094085 1777094085
 -1.936676195 -0.8873679524   9.833360293 -2.022877557 -1.011365221  10.17269527 1777094085 1777094085
  -1.89797505 -0.8545081922   9.783468021  -1.969022741 -0.9798198806   10.18305408 1777094085 1777094085
 -1.867953158 -0.8273473474   9.714211785  -1.907940432 -0.9180343656   10.15211908 1777094085 1777094085
 -1.845297638 -0.8217347691   9.666454546 -1.846116387 -0.834007425  10.08278463 1777094085 1777094085
-1.773601566 -0.760065286  9.605409826   -1.79148299 -0.7397300552   9.983537106 1777094085 1777094085
 -1.734960356 -0.7066402951   9.556549813  -1.752260463 -0.6492133465   9.866221633 1777094085 1777094085
 -1.728378971 -0.6324036721   9.516235856  -1.735451007 -0.5760947164    9.74446065 1777094085 1777094085
 -1.757434565 -0.6020470112   9.478469253 -1.745103474 -0.531384765  9.630376833 1777094085 1777094085
 -1.800815875 -0.5975079888   9.448772079  -1.781588504 -0.5212317818   9.534014256 1777094085 1777094085
 -1.852682285 -0.5906385295    9.42927597 -1.841532055 -0.544679752  9.460496655 1777094085 1777094085
 -1.901257946 -0.5987435844   9.418617288  -1.917380481 -0.5950649313   9.409462408 1777094085 1777094085
 -1.967105278 -0.6009916266   9.411938721  -1.998901843 -0.6600635291    9.37552003 1777094085 1777094085
-2.046921605 -0.655642837  9.402403678  -2.074635512 -0.7249712152    9.35092348 1777094085 1777094085
 -2.122484734 -0.7418166894   9.394704754  -2.134137495 -0.7747668865   9.328022343 1777094085 1777094085
 -2.161411172 -0.8064420009   9.394746205  -2.169348009 -0.7976355192   9.300830629 1777094085 1777094085
 -2.183753356 -0.8641663626   9.399720971  -2.176132103 -0.7876674519   9.267214412 1777094085 1777094085
 -2.202562595 -0.9086156644   9.402799403  -2.154714708 -0.7455363824   9.230248431 1777094085 1777094085
 -2.237777174 -0.9673822791   9.398287065 -2.109683454 -0.678856716  9.197479199 1777094085 1777094085
-2.275815228 -1.037036836  9.388744442  -2.048856172 -0.6001497642    9.17924003 1777094085 1777094085
-2.302536415 -1.084951639  9.380095247  -1.981778051 -0.5247012247   9.185976024 1777094085 1777094085
-2.326831725 -1.100087775  9.373074438  -1.917672142 -0.4670883509    9.22541591 1777094085 1777094085
-2.364392857 -1.095524996  9.362824906  -1.86407855 -0.437170024  9.300332258 1777094085 1777094085
-2.437537187 -1.072186264   9.34429641  -1.825807611 -0.4399623462   9.407305629 1777094085 1777094085
-2.525076622  -1.02095959  9.324271911 -1.804658173 -0.475319175  9.538357312 1777094085 1777094085
 -2.572861313 -0.9951866268   9.313122844  -1.799661094 -0.5379871102   9.681656827 1777094085 1777094085
