1.77709e+09   0.181662 0.0613314  -1.37833    -1.3744 -0.0220158    9.96781
1.77709e+09   0.178462 0.0498936  -1.37126  -1.55409 -0.209314    9.8719
1.77709e+09   0.181853 0.0440807  -1.36409  -1.22286 -0.121203   9.45002
1.77709e+09   0.192029 0.0431323  -1.37152  -1.33639 -0.180097   9.54195
1.77709e+09   0.201798 0.0417413  -1.39036 -1.52954 -0.25768  9.59751
1.77709e+09   0.197659 0.0331431  -1.38416  -1.62089 -0.320211   9.49253
1.77709e+09   0.189689 0.0463184  -1.41131   -1.41085 -0.0646801    9.90031
1.77709e+09   0.193478 0.0404292  -1.41571  -1.60304 -0.259891   9.70761
1.77709e+09   0.181853 0.0444754  -1.41424   -1.44352 -0.0182429    9.96559
1.77709e+09   0.188824 0.0477118  -1.42497   -1.52978 -0.0769831    9.92179
1.77709e+09   0.186853 0.0513406  -1.42945  -1.51088 -0.244443   9.63137
1.77709e+09   0.176909 0.0559326  -1.43365  -1.37245 -0.260443    9.3249
1.77709e+09   0.169728 0.0505119  -1.43929  -1.63566 -0.187125   9.96428
1.77709e+09  0.156716 0.041233 -1.43808  -1.50036 -0.260765   9.47008
1.77709e+09   0.164876 0.0429499  -1.43977  -1.49531 -0.352991   9.31177
1.77709e+09   0.153882 0.0482323  -1.43809 -1.40843 -0.20059  9.64788
1.77709e+09   0.128911 0.0615063  -1.43728  -1.28197 -0.111707   9.48451
1.77709e+09   0.125827 0.0506901  -1.46127  -1.67487 -0.213846   9.86881
1.77709e+09   0.117887 0.0583069  -1.46118    -1.53247 -0.00585915     9.89707
1.77709e+09   0.110713 0.0624244  -1.45459  -1.60386 0.0623018   10.1792
1.77709e+09   0.106633 0.0563737  -1.46784  -1.56513 -0.247284   9.45187
1.77709e+09   0.098464 0.0652152  -1.47395   -1.75099 -0.0715255    9.86933
1.77709e+09  0.0748926 0.0701141  -1.47086 -1.50657 0.160192  9.84492
1.77709e+09  0.0861646 0.0694252  -1.47138  -1.69509 -0.138083   9.56853
1.77709e+09  0.0795418 0.0660365  -1.47698   -1.74497 -0.0277594    9.86492
1.77709e+09  0.0721757 0.0744209  -1.48285  -1.83824 -0.190008   9.63571
1.77709e+09  0.0795798 0.0518284   -1.4421   -1.41668 -0.0485684    9.46744
1.77709e+09  0.0661476 0.0615135  -1.45353  -1.70014 -0.156201   9.64562
1.77709e+09  0.0732672 0.0564401   -1.4392  -1.5598 -0.02646  9.70972
1.77709e+09  0.0625013 0.0424315  -1.43881 -1.72641 -0.14492  9.49452
1.77709e+09  0.0717404 0.0386395  -1.43051   -1.51534 -0.0838743    9.54702
1.77709e+09  0.0902284 0.0236561  -1.42961   -1.75023 -0.0414368    9.81261
1.77709e+09   0.0872908 0.00881052   -1.41057  -1.84025 0.0305074   10.0763
1.77709e+09  0.0887684 0.0139629  -1.42182  -1.59121 -0.189839   9.46038
1.77709e+09   0.0859697 0.00479332    -1.4056  -1.76599 0.0444438   9.92162
1.77709e+09  0.0769549 0.0149425  -1.39981 -1.68813 0.142585  10.0896
1.77709e+09    0.0838369 -0.00993064    -1.39585  -1.71461 -0.240925    9.2799
1.77709e+09    0.0763975 -0.00161267    -1.38349  -1.83362 0.0597544   9.77952
1.77709e+09     0.0970921 -0.000456072     -1.39191   -1.57968 0.00346988    9.54883
1.77709e+09   0.0934806 0.00681386    -1.3829  -1.80922 -0.231236   9.20694
1.77709e+09    0.094601 0.00759068   -1.37611  -1.84146 0.0867635   9.95685
1.77709e+09  0.0838948 0.0106913  -1.38093  -1.64032 0.0508194   9.53638
1.77709e+09  0.0751025 0.0278393  -1.38754  -1.76812 0.0990364   9.69259
1.77709e+09  0.0677419 0.0297319  -1.37809   -1.75121 -0.0315476     9.3254
1.77709e+09  0.0930532 0.0478376  -1.38742   -1.91796 -0.0289825    9.75844
1.77709e+09  0.0671662 0.0498462  -1.38809    -1.98625 -0.00911086     9.67451
1.77709e+09   0.055657 0.0633199  -1.38732  -1.6789 0.118708  9.71249
1.77709e+09  0.0614638 0.0717439  -1.38562 -1.79278 0.188517  10.0048
1.77709e+09  0.0652752 0.0734503  -1.37469  -1.65949 0.0246448   9.59947
1.77709e+09  0.0655917 0.0674929  -1.38408  -1.70555 -0.065627   9.57046
1.77709e+09  0.0591164  0.085004  -1.38154 -1.74888 0.128846  9.90084
1.77709e+09  0.0651317  0.090544  -1.37002   -1.59187 -0.0534069    9.43153
1.77709e+09  0.0645656 0.0806207  -1.38348  -1.85308 0.0225935   9.87224
1.77709e+09  0.0608553 0.0888791  -1.37892  -1.52072 0.0727002   9.73806
1.77709e+09  0.0677484 0.0869834  -1.38604 -1.93871  0.13484  9.98611
1.77709e+09  0.0591421 0.0925832  -1.36834 -1.64402 0.166062  9.79545
1.77709e+09  0.0590029 0.0863757  -1.37779 -1.86647 0.158341  10.0027
1.77709e+09   0.054251 0.0896261  -1.37102 -1.55257 0.145087  9.60486
1.77709e+09  0.0665146  0.064766  -1.37384  -1.80054 0.0710691   9.62197
1.77709e+09  0.0530953 0.0773144  -1.37554  -1.8252 0.272372  9.97809
1.77709e+09  0.0602862  0.071421  -1.36353  -1.72435 0.0726091   9.51838
1.77709e+09  0.0718122  0.063642  -1.37332    -1.833 0.0553134   9.73833
1.77709e+09  0.0857133  0.049305  -1.36463  -1.90208 0.0263781   9.75724
1.77709e+09  0.0729914 0.0536859  -1.36496 -1.52582 0.274246  9.87893
1.77709e+09  0.0742264  0.048894  -1.35814 -1.83796 0.212163  10.0282
1.77709e+09  0.0697676  0.038811  -1.34735 -1.49646  0.25853   9.7496
1.77709e+09  0.0792167 0.0272429   -1.3363 -1.76894 0.171387  10.0531
1.77709e+09  0.0858747 0.0119109  -1.32342 -1.70486   0.3159  10.1841
1.77709e+09  0.0919068 0.0134381  -1.30516 -1.51103 0.183984   9.5576
1.77709e+09    0.0928686 -0.00192393    -1.29629 -1.70075 0.248034  9.98585
1.77709e+09  0.0806743  0.006511  -1.28219 -1.57936 0.325804  10.0341
1.77709e+09    0.0984884 -0.00106069    -1.26915  -1.60951 0.0975013   9.52227
1.77709e+09     0.120796 -0.00364944    -1.26656 -1.76052 0.215052  9.85666
1.77709e+09      0.11819 -0.00510157    -1.24432 -1.94154 0.310581   9.9613
1.77709e+09    0.123964 0.00257998   -1.23692 -1.49441 0.265886  9.62542
1.77709e+09   0.134387 0.0146889  -1.22026 -1.72916  0.48921  10.1564
1.77709e+09    0.13409 0.0166806  -1.21663 -1.68511 0.419706  9.97015
1.77709e+09   0.130453 0.0214071  -1.20807 -1.50637 0.338045  9.57703
1.77709e+09  0.148703 0.022933 -1.19312 -1.36282 0.271329   9.4707
1.77709e+09   0.150555 0.0317381  -1.19801 -1.68754 0.191444   9.8612
1.77709e+09   0.151604 0.0390269  -1.19003 -1.58602 0.383272  9.83175
1.77709e+09   0.160919 0.0408122  -1.18849 -1.77568 0.333372  10.0107
1.77709e+09   0.158223 0.0399645  -1.16625 -1.65427 0.441604  9.94297
1.77709e+09   0.168556 0.0452258  -1.15225 -1.43754 0.402553   9.7265
1.77709e+09   0.167228 0.0538448  -1.14632  -1.4467 0.570006  9.76413
1.77709e+09   0.167427 0.0462259  -1.14551 -1.56201 0.365519  9.65347
1.77709e+09   0.165949 0.0480405  -1.14051 -1.62776 0.536132  9.87535
1.77709e+09   0.143262 0.0423257   -1.1388 -1.57143 0.505809  10.0966
1.77709e+09   0.148602 0.0397754  -1.12155 -1.51304 0.468709  9.79616
1.77709e+09   0.127014 0.0411971  -1.10114  -1.4219 0.531436  9.79649
1.77709e+09   0.141088 0.0430254  -1.10759 -1.53124 0.422765  9.60632
1.77709e+09   0.127921 0.0549254  -1.07606 -1.43548 0.463292  9.73032
1.77709e+09    0.13261 0.0479644  -1.08224 -1.63475 0.265213  9.46019
1.77709e+09    0.13744 0.0482169   -1.0633 -1.58162 0.300393  9.59079
1.77709e+09  0.126166 0.065253 -1.06269 -1.64063 0.514893  9.91009
1.77709e+09   0.117765 0.0534609  -1.03237 -1.30099 0.372905  9.33486
1.77709e+09   0.119736 0.0648428  -1.03438 -1.48441 0.637639  10.0185
1.77709e+09   0.128606 0.0554435  -1.03567 -1.53282 0.333479  9.41319
1.77709e+09   0.128611 0.0569758  -1.02805  -1.4438 0.424018  9.63482
1.77709e+09   0.133179 0.0645181  -1.00162 -1.31526 0.538969  9.64757
1.77709e+09   0.115307 0.0471648  -1.02884 -1.70734 0.587265  10.2896
1.77709e+09  0.117784 0.044011 -1.01519  -1.5198 0.451219  9.69017
1.77709e+09    0.10739 0.0447516  -1.01688 -1.54446 0.593385  10.1317
1.77709e+09   0.106449 0.0208115 -0.996951 -1.45376 0.439229  9.89424
1.77709e+09     0.11053 0.00109061  -0.990286 -1.38886 0.444332  9.58724
1.77709e+09    0.111853 0.00128338  -0.980974 -1.39094 0.589019  9.88947
1.77709e+09    0.111981 -0.0201249  -0.966591 -1.52201 0.456876  9.57728
1.77709e+09    0.107379 -0.0127411  -0.966224 -1.53981 0.515645  9.93944
1.77709e+09    0.113028 -0.0264467   -0.94661 -1.74709 0.546682  10.0632
1.77709e+09    0.113533 -0.0380938  -0.931216 -1.54212 0.448223   9.7058
1.77709e+09  0.0899056 -0.026439 -0.917537 -1.47936 0.741061  10.1078
1.77709e+09      0.1121 -0.0301668   -0.89971 -1.33072 0.634713  9.81408
1.77709e+09    0.099821 -0.0310894    -0.8837  -1.573 0.65248 10.0077
1.77709e+09    0.111178 -0.0327585  -0.870931 -1.53425 0.566983  9.95998
1.77709e+09   0.0922048 -0.0437072  -0.852855 -1.37153 0.727971  9.90772
1.77709e+09     0.10616 -0.0474074  -0.839535 -1.36181 0.485883  9.61896
1.77709e+09   0.0979919 -0.0365154  -0.828553 -1.27358 0.715952  9.84165
1.77709e+09     0.10559 -0.0399834  -0.820668 -1.19906 0.646666  9.70334
1.77709e+09    0.108493 -0.0390307  -0.825117 -1.41694 0.458276  9.60574
1.77709e+09   0.0926985 -0.0263862  -0.816448 -1.37085 0.377854  9.39313
1.77709e+09    0.107262 -0.0226104  -0.807227 -1.48506 0.636755   10.032
1.77709e+09    0.106517 -0.0172647   -0.80693 -1.39672 0.452363  9.65647
1.77709e+09     0.125292 -0.00418896   -0.805576 -1.50186  0.31997  9.65936
1.77709e+09    0.112157 0.00312363  -0.783156 -1.19138 0.459907  9.52986
1.77709e+09   0.123193 0.0107137 -0.797224   -1.289 0.431027   9.7768
1.77709e+09     0.11141 0.00731675  -0.782906 -1.17185 0.653156  10.0367
1.77709e+09    0.136118 0.00853158  -0.780556 -1.3561  0.4506 9.95452
1.77709e+09   0.117783 0.0129759 -0.766024 -1.19451 0.507712  9.81653
1.77709e+09   0.141014 0.0127353 -0.770391  -1.1881 0.321931  9.52386
1.77709e+09   0.129576 0.0112831 -0.762567 -1.09122 0.261284   9.3316
1.77709e+09   0.127516 0.0173348 -0.757996 -1.08642 0.431746  9.71758
1.77709e+09   0.144968 0.0119592 -0.762863 -1.20623 0.315017  9.58064
1.77709e+09    0.149092 0.00225339  -0.743397 -1.31429 0.124253  9.56879
1.77709e+09      0.13289 -0.00192828   -0.742931 -1.13064 0.421597  9.65202
1.77709e+09   0.120468 0.0108174 -0.759707 -1.51532 0.390346  10.0059
1.77709e+09    0.118772 -0.0019954  -0.753382 -1.35748 0.524296  9.97355
1.77709e+09     0.120425 -0.00728361   -0.737405 -1.15663 0.580001  9.84988
1.77709e+09     0.115312 -0.00887167   -0.732849  -1.1268 0.665189  10.0407
1.77709e+09    0.11759 -0.010434 -0.736748 -1.26687 0.385603  9.61625
1.77709e+09     0.11361 -0.0309828  -0.711266 -1.33421 0.592845  10.1519
1.77709e+09    0.104466 -0.0263293  -0.699088 -1.01401 0.497673  9.56858
1.77709e+09    0.104816 -0.0232195  -0.679296 -0.928137   0.55116   9.36454
1.77709e+09    0.102903 -0.0234389  -0.669123 -1.05176   0.7032  9.85767
1.77709e+09    0.127299 -0.0388105  -0.661445  -1.2549 0.458645  9.45479
1.77709e+09  0.0995596 -0.039407 -0.657333 -1.12421 0.488661  9.59284
1.77709e+09    0.119736 -0.0414514  -0.634268 -1.28685 0.647827  9.96235
1.77709e+09    0.105746 -0.0371361   -0.61987 -1.23642  0.72309  10.1112
1.77709e+09    0.115432 -0.0468603  -0.607481 -1.04536 0.556946  9.45576
1.77709e+09   0.116796 -0.046952 -0.609159 -1.19932 0.551681  9.61111
1.77709e+09    0.125421 -0.0352508  -0.578529 -0.925078  0.747192   9.77735
1.77709e+09   0.115722 -0.032005 -0.571394 -0.835027  0.796648    9.7168
1.77709e+09    0.140266 -0.0331972  -0.557142 -1.16605 0.741562  10.0094
1.77709e+09    0.131101 -0.0318465  -0.564355 -0.737444    0.5905   9.24834
1.77709e+09    0.135183 -0.0222867  -0.549643 -0.952474  0.645959   9.53019
1.77709e+09    0.134889 -0.0186795   -0.54827 -1.10241 0.587087  9.60511
1.77709e+09    0.139272 -0.0164188  -0.550281 -1.33479 0.595218   9.6962
1.77709e+09      0.13012 -0.00166292   -0.538035 -0.961873  0.768482   9.78714
1.77709e+09   0.101514 0.0259729 -0.542583 -0.978699  0.649839   9.32981
1.77709e+09   0.107212 0.0116353 -0.539479  -1.2022 0.834628   9.9644
1.77709e+09  0.0903873 0.0239433 -0.547817 -1.18083 0.570368  9.65748
1.77709e+09  0.0844345 0.0250894 -0.527727 -1.12509 0.713704  9.73006
1.77709e+09  0.0898593 0.0354017 -0.531212 -1.08737 0.827101  10.0078
1.77709e+09  0.0837308 0.0372207 -0.511711  -1.0598 0.916171   10.246
1.77709e+09  0.0773261 0.0231055 -0.513819 -0.924273   0.69363   9.63041
1.77709e+09  0.0686993  0.023473 -0.517277 -0.932636  0.774732   9.99209
1.77709e+09   0.0575556 0.00834365  -0.500988 -0.945164  0.741385   9.84717
1.77709e+09    0.0515425 -0.00228225   -0.493426 -0.955095  0.895703   10.1622
1.77709e+09    0.0476155 -0.00305787   -0.472603 -0.787135   0.92947   9.85212
1.77709e+09  0.0411594 -0.037147 -0.471858 -0.899665  0.779809   9.87861
1.77709e+09   0.0463412 -0.0433235  -0.452442 -0.885575   1.06086   10.1636
1.77709e+09  0.0520465 -0.051374 -0.440478 -0.921757  0.939341   10.0063
1.77709e+09   0.0384043 -0.0579706  -0.426843 -0.76187  1.06271  10.0427
1.77709e+09   0.0465081 -0.0641254  -0.411457 -0.755991  0.787065   9.67612
1.77709e+09   0.0477735 -0.0674242  -0.390546 -0.705071   1.01577   9.87571
1.77709e+09   0.0517439 -0.0651217   -0.37347 -0.691386  0.937293    9.7841
1.77709e+09   0.0581385 -0.0706035  -0.365904 -0.855379  0.705471   9.62696
1.77709e+09   0.0554677 -0.0844627  -0.353517 -0.801442   0.62525   9.42921
1.77709e+09    0.054005 -0.0519018  -0.340065 -0.938679  0.920144   10.1475
1.77709e+09   0.0478151 -0.0540481  -0.342431 -0.702007  0.870953   9.78613
1.77709e+09   0.0515614 -0.0396433  -0.311758 -0.921816  0.637372    9.6399
1.77709e+09   0.0604306 -0.0399317  -0.292188 -0.834309   0.89912   9.93846
1.77709e+09   0.0610689 -0.0310814  -0.269942 -0.85921 0.708521   9.7836
1.77709e+09   0.0628209 -0.0349103  -0.262449 -1.00113 0.933005  10.0303
1.77709e+09   0.0521496 -0.0192022   -0.26128 -0.81278  1.00804  10.1955
1.77709e+09   0.0685603 -0.0151299  -0.238897 -0.829971  0.738847   9.56054
1.77709e+09   0.0766401 -0.0232619  -0.232737 -0.934417  0.902459   9.91103
1.77709e+09    0.0813057 -0.00120658   -0.227557 -0.914288  0.730657   9.53809
1.77709e+09    0.0538438 -0.00901165    -0.20505 -0.789026    1.0976   9.98646
1.77709e+09    0.0532619 -0.00501414   -0.207342 -0.893326   1.09281   10.0463
1.77709e+09    0.059353 -0.0233351  -0.197748 -0.893383   1.13701   10.3301
1.77709e+09   0.0528753 -0.0110379  -0.178451 -0.639373  0.947182   9.61916
1.77709e+09   0.0578626 -0.0207726  -0.189899 -0.842883  0.995341   9.85416
1.77709e+09  0.0473785 -0.031313 -0.158054 -0.7448 1.24463  9.9175
1.77709e+09   0.0410791 -0.0267022  -0.150088 -0.792749  0.968378   9.66781
1.77709e+09    0.048496 -0.0372312  -0.125297 -0.615586   0.96903   9.30433
1.77709e+09   0.0188905 -0.0384414  -0.125172 -0.679433    1.0726   9.86306
1.77709e+09   0.0237836 -0.0422944  -0.110589 -0.86973  0.86815   9.6145
1.77709e+09   0.0298145 -0.0499208  -0.109771 -0.848229    1.1987   9.97537
1.77709e+09   0.0170968  -0.054476 -0.0914095 -0.809448   1.07402   9.69631
1.77709e+09   0.0179384 -0.0625676  -0.082498 -0.835922  0.942194   9.60568
1.77709e+09  -0.00476332  -0.0532839   -0.071818 -0.787322   1.28111   9.93598
1.77709e+09   0.0130764 -0.0591595 -0.0526336 -0.721942   1.10545   9.55078
1.77709e+09  -0.00597754  -0.0605411  -0.0385849 -0.649172   1.24824   9.73961
1.77709e+09  0.00936043 -0.0542861 -0.0182406 -0.803482   1.05809   9.58277
1.77709e+09  -0.00995127  -0.0606577  -0.0231486 -0.773673   1.02254   9.52026
1.77709e+09  0.000126147  -0.0597869  0.00367241 -0.82786    1.268  9.93383
1.77709e+09  -0.0153647 -0.0569118  0.0188934 -0.979669   1.15215   9.92672
1.77709e+09  -0.00173837  -0.0313246   0.0232205 -0.532521   1.10164   9.31397
1.77709e+09  -0.00783997  -0.0338921   0.0475392 -0.704276   1.28982    9.8646
1.77709e+09  -0.0100923 -0.0237273  0.0724622 -0.715111   1.34937   10.0342
1.77709e+09  -0.0171731 -0.0244289  0.0514584 -0.835361   0.92794   9.49444
1.77709e+09  -0.0160199 -0.0152587  0.0643765 -0.943155   1.32456   10.0643
1.77709e+09  -0.00495299 -0.00362881   0.0752551 -0.897884  0.974207   9.61957
1.77709e+09   -0.0272899 1.11678e-05    0.085096 -0.923843   1.21077   9.93423
1.77709e+09  -0.00634119   0.0218406   0.0972196 -0.669527   1.14611   9.69984
1.77709e+09  -0.027621 0.0143346 0.0987804 -0.63467  1.15453  9.46378
1.77709e+09  -0.00320781   0.0130873    0.122441 -0.9698  1.1261 9.85774
1.77709e+09  -0.00266381   0.0318147    0.143773 -0.89606  1.22854  10.1366
1.77709e+09  -0.003905 0.0159524  0.146565 -0.797146   1.00035   9.54033
1.77709e+09  0.00866962  0.0115236   0.157819 -0.712714   1.22361   9.66437
1.77709e+09   0.016413 0.0157518  0.187355 -0.674152   1.14673   9.67203
1.77709e+09   0.0232085 0.00202784   0.178589 -0.882928   1.09183   9.67024
1.77709e+09  0.00623067 0.00492873   0.193983 -0.90075  1.14854  10.0478
1.77709e+09  0.0204579 -0.011021  0.209057 -0.893181    1.2721   10.1962
1.77709e+09   0.0228884 -0.0227811   0.217221 -0.723786  0.990517   9.52293
1.77709e+09   0.0090817 -0.0270885   0.234477 -0.711974   1.30711   9.93858
1.77709e+09   0.0151434 -0.0438967   0.244771 -0.636771   1.18144   9.79973
1.77709e+09   0.0285907 -0.0513771   0.254446 -0.838789   1.02751   9.57883
1.77709e+09  0.0162865 -0.056698  0.262167 -0.631743  0.812039   9.30807
1.77709e+09   0.0174376 -0.0572809   0.259687 -0.908464   1.26013   10.0636
1.77709e+09   0.0207968 -0.0594632   0.283363 -0.696793   1.07605   9.70213
1.77709e+09  0.00860333 -0.0690657   0.283718 -0.936549    1.1827   10.0177
1.77709e+09   0.0204818 -0.0599707   0.295557 -0.925494   1.14505   10.2014
1.77709e+09  0.00661876 -0.0653275   0.315667 -0.709442   1.04642   9.51635
1.77709e+09   0.0113045 -0.0610394   0.304747 -0.885549  0.940505   9.64425
1.77709e+09  0.0120509 -0.053274  0.312592 -0.627403  0.930694   9.25285
1.77709e+09  -0.00265741  -0.0468679    0.312437 -0.944859   1.16755    10.166
1.77709e+09   0.0102709 -0.0373813   0.331194 -0.880009  0.981674   9.72296
1.77709e+09  0.00126972 -0.0392233   0.346342 -0.865396   1.11774   9.88562
1.77709e+09  0.000569987   -0.025973     0.35759 -0.846148   1.13476   9.95412
1.77709e+09   0.0229413 -0.0253588   0.355659 -0.894551  0.896451    9.4236
1.77709e+09     0.027038 -0.00533545     0.37504 -0.720248   1.10451   9.72813
1.77709e+09   0.0277353 -0.0213023   0.385275 -0.926237   0.86177   9.52395
1.77709e+09  0.0142012 -0.016992  0.389819 -0.838852  0.943369   9.62603
1.77709e+09    0.0203287 -0.00728464    0.394854 -0.917705   1.13604   9.93126
1.77709e+09    0.0241636 -0.00279346    0.413722 -0.866262    1.1815   10.1486
1.77709e+09    0.0262421 -0.00146235    0.419048 -0.742073  0.897177   9.41143
1.77709e+09    0.034043 -0.0134038   0.426477 -0.823855  0.939085   9.84603
1.77709e+09    0.0393945 -0.00820136    0.436477 -0.986705   0.91034   9.82374
1.77709e+09   0.0345946 0.00294773   0.469474 -0.72931 0.855412  9.53769
1.77709e+09    0.0143008 -0.00776337    0.448948 -0.89577  1.14962  10.1959
1.77709e+09   0.0253998 -0.0016035   0.462127 -0.822735   1.05398   10.0128
1.77709e+09  0.0170242 -0.003994  0.479948 -0.629304  0.985263   9.63527
1.77709e+09   0.0330716 -0.0091934   0.491746 -0.506731   1.07011   9.55846
1.77709e+09    0.0272658 -0.00496969    0.491317 -0.783314  0.894385   9.73884
1.77709e+09    0.0236067 -0.00681959    0.495776 -0.737395   1.16573   10.1821
1.77709e+09    0.0297319 -0.00701728    0.515311 -0.738187  0.849902   9.47546
1.77709e+09    0.0189591 -0.00654082    0.523424 -0.68301  1.14614  9.81668
1.77709e+09    0.0268636 -0.00977104    0.535776 -0.701573  0.936682   9.43608
1.77709e+09     0.022395 -0.00770449    0.531279 -0.768995  0.888334   9.77912
1.77709e+09    0.0345424 -0.00853909    0.542417 -0.918987  0.953424   9.81218
1.77709e+09    0.0111635 -0.00491859    0.551348 -0.772727  0.919439   9.54687
1.77709e+09    0.0353869 -0.00606227    0.555113 -0.921576  0.998585   9.88086
1.77709e+09  0.0178194  0.011173  0.564834  -0.7979 0.812897  9.39274
1.77709e+09  0.0239481 0.0107717  0.570334 -0.903756   1.01258   9.89305
1.77709e+09  0.0199223 0.0116121  0.574665 -0.608293  0.910024    9.6033
1.77709e+09  0.0142581 0.0110913  0.585605 -0.906295   1.04925   10.0585
1.77709e+09  0.0289258 0.0327703  0.585443 -0.960316   1.28888   10.1838
1.77709e+09  0.0254425 0.0184133  0.610426 -0.726991   0.86837    9.4545
1.77709e+09  0.0247315 0.0133507  0.595113 -0.852087  0.916392   9.75618
1.77709e+09  0.0399618 0.0255151  0.614074 -1.04344 0.848643  9.66044
1.77709e+09  0.0140418  0.017356  0.627287 -0.740027   1.13319   9.79289
1.77709e+09  0.0149043 0.0228976  0.635997 -0.695271  0.818302   9.26575
1.77709e+09  0.00375208  0.0203889   0.632008 -1.01345  1.01176  10.0138
1.77709e+09  0.0028251 0.0162367  0.632066 -0.987418  0.728462   9.58306
1.77709e+09  -0.00185303   0.0327914    0.640144 -0.972216  0.867468   9.61293
1.77709e+09  -0.00800842    0.031768    0.649254  -1.0025 0.980475  9.89228
1.77709e+09  -0.00524098   0.0360632    0.673335 -0.979752   1.07506   10.0956
1.77709e+09  0.00328228  0.0393949   0.669858 -0.946432  0.903463   9.53906
1.77709e+09  0.00214385  0.0362706   0.685609 -0.772609  0.868185   9.43443
1.77709e+09  -0.00589884   0.0407797     0.68297 -1.07453 0.955341  9.95637
1.77709e+09  -0.00670061   0.0381038    0.709918 -0.91948 0.875248  9.45449
1.77709e+09  -0.0136148   0.036515   0.706826 -0.894755  0.710506   9.32906
1.77709e+09  -0.00756655   0.0474858    0.734676 -0.937388  0.957019   9.70105
1.77709e+09  -0.0260291  0.0455775     0.7526 -0.77275 0.867689  9.60464
1.77709e+09  -0.0187492  0.0476742   0.738661 -1.12898 0.835056  9.78511
1.77709e+09  -0.0131117  0.0553346   0.779534 -1.03957  1.16791  10.2045
1.77709e+09  -0.0169545  0.0389852   0.781902 -1.06545 0.734349   9.5348
1.77709e+09  -0.017919 0.0371593  0.785137 -1.14813 0.832401  9.90931
1.77709e+09  -0.0167498   0.044487   0.798734 -1.02353  1.07972  9.98461
1.77709e+09  -0.0182786  0.0226959   0.807724 -1.13299 0.735131  9.64056
1.77709e+09  -0.011392 0.0262337  0.809838 -1.18056 0.921174    9.999
1.77709e+09  -0.022209 0.0193834  0.813136 -1.34702 0.862172  9.99255
1.77709e+09  -0.00932607   0.0114418    0.832785  -1.0834 0.737785    9.638
1.77709e+09  -0.0133093  0.0057155   0.828031 -1.11527 0.694333  9.53113
1.77709e+09  -0.00553669  0.00349514    0.839609 -1.11179 0.888781  10.0453
1.77709e+09  -0.00688456 -0.00478923    0.842687 -1.10269 0.788325  9.81092
1.77709e+09  -0.00125304  -0.0136593    0.841448 -1.26726 0.647246  9.71935
1.77709e+09   -0.0129786 -0.00593171    0.858061 -1.04858 0.914523  9.88296
1.77709e+09  -0.00659401  0.00215303    0.854189 -1.09458 0.685635  9.66145
1.77709e+09  -0.00880707 -0.00595174    0.868059 -0.952386  0.638737   9.39797
1.77709e+09  -0.0174773  0.0051646   0.858266 -0.95096 0.800147  9.77859
1.77709e+09  -0.000351373  -0.00473266      0.86582 -1.26196  0.66608  9.62963
1.77709e+09  -0.0252681 0.00696378   0.872934 -0.918933  0.741434   9.60393
1.77709e+09  -0.0270938 0.00123838   0.858171 -1.14582 0.713372  9.79117
1.77709e+09  -0.0141818 0.00456822   0.867437 -1.17676 0.540715  9.63692
1.77709e+09  -0.0347813  0.0138077   0.880435  -1.0252 0.942121  9.96747
1.77709e+09  -0.0327631  0.0179999    0.87558 -1.30899 0.808146  10.1549
1.77709e+09    -0.02873 0.00908542   0.898986 -0.958446  0.789879   9.77453
1.77709e+09  -0.0327103  0.0158785   0.885785 -1.12158 0.583205  9.58412
1.77709e+09  -0.0517244  0.0088946   0.897904 -1.31971 0.708448  10.1486
1.77709e+09  -0.0598539 0.00693858   0.925599 -0.862581  0.724102   9.64361
1.77709e+09  -0.0537118 0.00505212   0.936006  -1.0342 0.861271   10.031
1.77709e+09  -0.0688051 0.00391404   0.932745 -1.07159 0.715758  9.60852
1.77709e+09    -0.066199 -0.00528028    0.939973 -1.17105 0.691482  9.84802
1.77709e+09    -0.095176 -0.00965936    0.935327 -0.99976 0.662431  9.29634
1.77709e+09   -0.0784296 0.000451872    0.951504 -1.26877 0.821421  9.89046
1.77709e+09   -0.0958965 -0.00822383    0.960382 -1.02958 0.791189  9.68464
1.77709e+09  -0.0989646 -0.0191984   0.956269 -1.36632 0.915692  10.0758
1.77709e+09   -0.114626 -0.0174564   0.964552 -1.20436 0.850412  9.90596
1.77709e+09    -0.11469 -0.0262133   0.969785 -1.05653 0.741245  9.54424
1.77709e+09   -0.121419 -0.0338161    0.96901  -1.3045 0.702503  9.79965
1.77709e+09  -0.121163 -0.052811  0.979394 -1.07167 0.703452   9.3844
1.77709e+09  -0.135174 -0.053376  0.970179 -1.11423 0.688793  9.69949
1.77709e+09   -0.141846 -0.0585262   0.993135 -0.987503   1.03592   9.86029
1.77709e+09   -0.131006 -0.0734959   0.984886 -1.20689 0.812164  9.84349
1.77709e+09   -0.115262 -0.0807008    1.00201 -1.04131 0.946058  9.71009
1.77709e+09   -0.137951 -0.0818021   0.993442 -0.93661 0.951575  9.89555
1.77709e+09   -0.124818 -0.0882046   0.997816 -1.16865 0.639468  9.46396
1.77709e+09    -0.13258 -0.0912538    1.00076 -1.22556 0.774252  9.79251
1.77709e+09    -0.12401 -0.0991921    1.00066 -1.13296 0.688477  9.63218
1.77709e+09   -0.118572 -0.0881861    1.00271 -1.17873 0.791264  9.79178
1.77709e+09   -0.131768 -0.0855344    1.00914  -1.0223 0.675699  9.42231
1.77709e+09   -0.107279 -0.0759799   0.998018 -1.00909  0.66824  9.62318
1.77709e+09   -0.108269 -0.0708198    1.01484 -1.02383 0.526904   9.3803
1.77709e+09   -0.095886 -0.0691394    1.01114 -1.12368 0.582958  9.65703
1.77709e+09  -0.0971301 -0.0585214    1.02688 -0.934591  0.714577   9.74996
1.77709e+09  -0.0866863 -0.0400503     1.0187 -1.01453 0.508564  9.50487
1.77709e+09  -0.0683562 -0.0294029    1.04178 -1.04203 0.608818  9.77849
1.77709e+09   -0.0605255 -0.00853369     1.02625 -1.12215 0.668402  10.0278
1.77709e+09  -0.0575582 -0.0112529    1.04447 -0.808028  0.517608   9.41988
1.77709e+09   -0.0347831 -0.00171517     1.04862 -0.978028  0.494895   9.57725
1.77709e+09  -0.0416276 0.00416103    1.05651 -1.09223 0.329934  9.57159
1.77709e+09  -0.0292646  0.0203913    1.08247 -0.911251  0.419418   9.43154
1.77709e+09  -0.0117518  0.0382335    1.08339 -0.697761  0.386125   9.14827
1.77709e+09  -0.0147399  0.0328138    1.08016 -1.10539 0.616482  9.94607
1.77709e+09  -0.00469719   0.0521393     1.09268 -0.769714   0.56012   9.70279
1.77709e+09  -0.000436097    0.0571927      1.09788 -1.00981 0.703431  10.1749
1.77709e+09  0.00590414  0.0537258    1.10956 -0.960184  0.625961   9.95483
1.77709e+09  0.00223758  0.0567059    1.11731 -0.834529  0.589993   9.59107
1.77709e+09  -0.0020974  0.0675868    1.12991 -0.684151  0.537774   9.44311
1.77709e+09  0.00999259   0.072803    1.14532 -0.956751   0.54566   9.85264
1.77709e+09  0.00928522  0.0681639    1.15722 -0.846609  0.445797   9.46185
1.77709e+09  0.0164651 0.0733396   1.15975 -0.835471  0.457773   9.33953
1.77709e+09  0.0148926 0.0782117   1.16864 -1.09205 0.481517  9.82806
1.77709e+09  0.00875976  0.0735868    1.16773 -0.942199  0.654155   9.78137
1.77709e+09  0.0145485  0.066447   1.17627 -1.16773 0.561538  9.99517
1.77709e+09  0.00768251  0.0769278    1.17872 -0.941246  0.596428   9.65091
1.77709e+09  0.000723211   0.0611689     1.17681 -1.06328 0.432013  9.57426
1.77709e+09  -0.00849088   0.0612598     1.18788 -0.937002   0.46442   9.42176
1.77709e+09  -0.0181346  0.0510619    1.17645 -1.10161 0.549493  9.76398
1.77709e+09  -0.0101863  0.0621412    1.18985  -1.1423 0.737909  9.91622
1.77709e+09  -0.0225678  0.0503621    1.17697 -1.25731 0.616441  10.0011
1.77709e+09  -0.017535 0.0443382   1.20002  -1.0156 0.692809   9.7556
1.77709e+09  -0.0317732  0.0484357    1.19728 -1.13372 0.497332  9.46757
1.77709e+09  -0.0409192  0.0512149    1.20405 -1.30864 0.677459  9.92751
1.77709e+09  -0.0456432  0.0554741    1.21236 -1.00707 0.632267  9.71132
1.77709e+09  -0.0565654  0.0460858    1.22068 -1.02193 0.701966  9.49113
1.77709e+09  -0.0727327  0.0547727    1.22719  -1.2764 0.695132  9.79628
1.77709e+09  -0.0707193   0.061949    1.22123 -1.10212  0.49145  9.24738
1.77709e+09  -0.079679 0.0663775   1.23612  -1.1666 0.561674  9.42369
1.77709e+09  -0.0966876  0.0678037    1.23471 -1.31601 0.718304  9.85146
1.77709e+09  -0.105217 0.0616413   1.23139 -1.44415 0.577656  9.94421
1.77709e+09  -0.113271 0.0761185   1.24383 -1.03155 0.835883  9.65726
1.77709e+09  -0.147529 0.0746673   1.24393  -1.2097 0.667701  9.74623
1.77709e+09  -0.147988 0.0838556    1.2506 -1.28409 0.834576  9.99463
1.77709e+09  -0.164294 0.0835344   1.25638 -1.11042 0.804367  10.0769
1.77709e+09  -0.167688 0.0833593   1.26516 -1.29226 0.728831  9.90212
1.77709e+09  -0.182572 0.0821751   1.27183 -1.05465 0.680032  9.60771
1.77709e+09  -0.181964 0.0828098   1.26743 -1.08495 0.658897  9.55658
1.77709e+09   -0.18052 0.0819314   1.25956 -1.42715 0.555628  9.75566
1.77709e+09  -0.17264 0.084349  1.28465 -1.20012  0.57925  9.50406
1.77709e+09  -0.171003 0.0835997   1.27633 -1.38851 0.581686  9.78649
1.77709e+09  -0.175369 0.0941733   1.29694 -1.20501 0.821106  9.81914
1.77709e+09  -0.174237 0.0810329   1.29255 -1.48547 0.584425   9.9663
1.77709e+09  -0.171958 0.0931572   1.30934 -1.29762 0.679276  9.81383
1.77709e+09  -0.154213 0.0946844   1.30452 -1.30365 0.290729  9.31415
1.77709e+09   -0.16318 0.0951436   1.34437  -1.2061 0.576302  9.63725
1.77709e+09  -0.153388 0.0934703   1.33869 -1.42669 0.423091  9.52364
1.77709e+09  -0.135262 0.0897755   1.35069 -1.43209 0.284963  9.32555
1.77709e+09  -0.139703 0.0999872   1.35925 -1.51384 0.547273    9.955
1.77709e+09  -0.0978806   0.111865    1.37432 -1.70373 0.345558  9.74514
1.77709e+09  -0.101998  0.108721   1.39641 -1.39258 0.448409  9.84755
1.77709e+09  -0.0874505   0.107028    1.40909 -1.43509 0.325876    9.501
1.77709e+09  -0.0767686   0.117794    1.42997 -1.37738  0.49056   9.8069
1.77709e+09  -0.0756449   0.115964    1.40508  -1.7154 0.311406   9.7855
1.77709e+09  -0.0594356   0.109732    1.43232 -1.52312 0.265911  9.55992
1.77709e+09  -0.0506423   0.111953    1.44201 -1.46929 0.321951  9.60108
1.77709e+09  -0.045974  0.116512   1.43582 -1.55972 0.199829  9.70676
1.77709e+09  -0.0466299   0.109912    1.46139 -1.36157 0.113962  9.33967
1.77709e+09  -0.0481958   0.113845    1.43853 -1.62462 0.497291  10.2413
1.77709e+09  -0.0399898   0.100101    1.43557  -1.7827 0.245683  9.91591
1.77709e+09  -0.0337721   0.111631    1.44337 -1.49665 0.319101  9.87724
1.77709e+09  -0.0368636   0.109675    1.45432 -1.56529 0.531482  10.1032
1.77709e+09  -0.0272645  0.0982901     1.4444  -1.68722 0.0502618   9.47157
1.77709e+09  -0.0275989   0.111844    1.45604 -1.43961 0.314232  9.55606
1.77709e+09  -0.028487  0.111328   1.41595  -1.9006 0.237742  10.0889
1.77709e+09  -0.0121395    0.10106    1.41836 -1.71809 0.124688  9.58077
1.77709e+09  -0.0152178   0.103037    1.42073 -1.82312 0.200596  10.0174
1.77709e+09  -0.00615743    0.104255      1.4153 -1.76274   0.3568  10.1727
1.77709e+09  -0.0104183   0.100299    1.41897 -1.56079 0.141045  9.50351
1.77709e+09  -0.0123502  0.0896669    1.40206 -1.65865 0.125504   9.7706
1.77709e+09  -0.00735616   0.0818543     1.41215  -1.55598 0.0407661   9.35219
1.77709e+09  -0.00301947   0.0831359     1.40737 -1.61043 0.122968  9.61036
1.77709e+09  -0.0126459  0.0715246    1.37251 -1.73031 0.179179  9.92962
1.77709e+09  -0.0112739   0.065429    1.37203 -1.81424 0.200132  9.98944
1.77709e+09  -0.00319388   0.0708344     1.37655 -1.50485 0.196226  9.75509
1.77709e+09  -0.0100181  0.0587826    1.36635  -1.60969 0.0654512   9.57047
1.77709e+09  -0.00437198    0.050783     1.35974  -1.73441 0.0510023   9.54492
1.77709e+09  -0.0127865  0.0498635    1.35839 -1.53298 0.108053  9.56569
1.77709e+09  -0.0136804  0.0361638    1.33145 -1.89983 0.241371  10.0377
1.77709e+09  -0.00314148   0.0391165       1.323 -1.68744 0.160419   10.008
1.77709e+09  -0.00490397   0.0500088     1.32669  -1.4562 0.245732  9.85525
1.77709e+09  -0.0272694  0.0413875    1.32073 -1.40601 0.336627   10.051
1.77709e+09  -0.0312961  0.0422345    1.30986  -1.57627 0.0658239   9.52621
1.77709e+09  -0.0399833  0.0548694     1.2986 -1.76626 0.267401   10.205
1.77709e+09  -0.0413443  0.0513889    1.30596 -1.44948 0.157342  9.50051
1.77709e+09  -0.0462477  0.0687108     1.3138  -1.35168 0.0344398   9.33681
1.77709e+09  -0.0764436   0.054184    1.29376 -1.43803  0.23433  9.81264
1.77709e+09  -0.0666776  0.0516279    1.28236   -1.51854 -0.0597794    9.39291
1.77709e+09  -0.0679737  0.0514523    1.28021  -1.57842 0.0169326   9.58052
1.77709e+09  -0.0911051  0.0535886    1.27971 -1.60152 0.185062   9.8511
1.77709e+09  -0.0841051  0.0508312    1.26677 -1.69222 0.250399  10.0863
1.77709e+09  -0.0995374  0.0609383    1.27529  -1.40798 0.0895182   9.49566
1.77709e+09  -0.114592 0.0553421   1.26467    -1.63915 -0.00565654     9.59237
1.77709e+09   -0.12217 0.0587918   1.26203 -1.41246 0.214502  9.81661
1.77709e+09  -0.126781 0.0561923   1.25544 -1.59517  0.17724  10.0953
1.77709e+09  -0.153672 0.0509286   1.25748 -1.63121 0.222308  9.94302
1.77709e+09  -0.171679  0.055266   1.25819    -1.3173 -0.0150017    9.28313
1.77709e+09  -0.177612 0.0541926   1.26472  -1.41556 0.0277423   9.38781
1.77709e+09  -0.166267  0.047269   1.24527  -1.60119 0.0687877   9.74116
1.77709e+09   -0.17609 0.0428947   1.24412   -1.76485 -0.0145028    9.68339
1.77709e+09  -0.183654 0.0585135   1.26681 -1.32421  0.22135  9.72759
1.77709e+09  -0.195452 0.0483996   1.24048   -1.28079 -0.0938701    9.19103
1.77709e+09  -0.194592 0.0543812    1.2593 -1.63581  0.18163  9.98345
1.77709e+09  -0.177395  0.041206   1.23654  -1.63778 -0.186474   9.49418
1.77709e+09  -0.198527 0.0444023   1.27188  -1.30569 0.0974203   9.70568
1.77709e+09  -0.214263 0.0391413   1.24684  -1.56461 0.0849032   9.82806
1.77709e+09  -0.207504 0.0408008   1.25035  -1.31855 -0.018897   9.52927
1.77709e+09  -0.218189 0.0359302   1.24766   -1.26876 -0.0167511    9.30597
1.77709e+09  -0.220554 0.0409999   1.23542  -1.40373 -0.018977    9.7714
1.77709e+09  -0.213532 0.0327407   1.24554   -1.45167 -0.0845461    9.40463
1.77709e+09  -0.212221 0.0388507   1.25042   -1.2788 -0.229053   9.29886
1.77709e+09  -0.215841 0.0243975   1.23334  -1.31145 0.0229192   9.69832
1.77709e+09  -0.212958 0.0226835   1.22196  -1.57814 -0.220512   9.59331
1.77709e+09  -0.211999 0.0213046   1.22115  -1.55599 -0.118265   9.67871
1.77709e+09   -0.20993 0.0248279   1.21583   -1.50416 -0.0810209    9.85152
1.77709e+09  -0.203707 0.0264473   1.20902  -1.45513 0.0277185   10.0991
1.77709e+09  -0.198563 0.0231825   1.21549  -1.43763 -0.246053   9.40255
1.77709e+09  -0.191289 0.0288546   1.20964     -1.432 -0.0357347    9.85376
1.77709e+09  -0.195576 0.0189353   1.20075  -1.45403 -0.485356   9.31801
1.77709e+09  -0.192456 0.0240738   1.17879   -1.4346 -0.276455   9.44744
1.77709e+09  -0.185753  0.024756    1.1881 -1.59386 -0.21762  9.94921
1.77709e+09  -0.172396 0.0333569   1.16689  -1.63918 -0.149646    10.125
1.77709e+09  -0.194336 0.0246312   1.18161  -1.31862 -0.236052   9.59844
1.77709e+09  -0.195565  0.032546   1.16465  -1.56712 -0.196149   9.94948
1.77709e+09  -0.184773 0.0346724    1.1723  -1.24182 -0.341492   9.37382
1.77709e+09  -0.194817 0.0273394   1.16636   -1.4262 -0.351155    9.7372
1.77709e+09  -0.179296 0.0308876   1.16518  -1.36646 -0.354508   9.62943
1.77709e+09  -0.184929 0.0362973   1.15732  -1.47205 -0.379883   9.59128
1.77709e+09  -0.174343 0.0122353    1.1469   -1.5771 -0.450307   9.55756
1.77709e+09  -0.172427 0.0362498   1.15875  -1.26149 -0.236255   9.75997
1.77709e+09  -0.164587 0.0207217   1.15063  -1.43181 -0.358041   9.57797
1.77709e+09  -0.179658 0.0310417   1.14312   -1.2201 -0.455699   9.35876
1.77709e+09  -0.166221 0.0177521   1.14494  -1.26781 -0.270682   9.67881
1.77709e+09  -0.161266 0.0148386   1.12402  -1.32435 -0.438216   9.46855
1.77709e+09   -0.153814 0.00660441    1.13267  -1.45037 -0.445913   9.41526
1.77709e+09  -0.147363 0.0137336   1.11331  -1.39883 -0.211674   9.90668
1.77709e+09  -0.146425 0.0125262   1.11544  -1.32465 -0.343218   9.51458
1.77709e+09  -0.139994 0.0101946   1.11559  -1.12772 -0.374521   9.33139
1.77709e+09    -0.14366 0.00257697     1.0937  -1.33973 -0.239812    9.7907
1.77709e+09    -0.139464 -0.00117522     1.08719  -1.34896 -0.633124   9.27586
1.77709e+09   -0.120232 0.00724236    1.07877  -1.40956 -0.476773   9.46352
1.77709e+09   -0.131644 0.00981835    1.06854  -1.48209 -0.354454   9.85445
1.77709e+09     -0.1174 0.00611562    1.07543  -1.10773 -0.294126   9.48537
1.77709e+09  -0.123781 0.0112851   1.04743  -1.38302 -0.306214   10.0173
1.77709e+09   -0.117065 0.00686301    1.05102  -1.22783 -0.392227   9.58679
1.77709e+09  -0.109746 0.0111257   1.03473 -1.06569 -0.40494   9.5566
1.77709e+09  -0.113752 0.0183796    1.0124  -1.29575 -0.264718   9.88174
1.77709e+09  -0.109957 0.0241888   1.00989  -1.15043 -0.476258   9.56182
1.77709e+09  -0.107134 0.0113278  0.997135  -1.14607 -0.432756   9.40396
1.77709e+09  -0.124383  0.029851  0.997057  -1.16234 -0.294952   9.79089
1.77709e+09  -0.122488 0.0282788  0.985062 -1.27528 -0.25508   9.8554
1.77709e+09  -0.129435 0.0209433  0.970674  -1.26977 -0.455577   9.69741
1.77709e+09  -0.130231 0.0164057   0.97452  -1.33381 -0.309085   9.92799
1.77709e+09  -0.120645 0.0283902  0.965187  -1.07664 -0.375659   9.73755
1.77709e+09  -0.122747 0.0145705  0.968066  -1.05747 -0.391609   9.46691
1.77709e+09   -0.122743 0.00768734   0.967613  -1.15171 -0.327476    10.025
1.77709e+09  -0.129263 0.0099566  0.982375 -1.06025 -0.19398   10.169
1.77709e+09    -0.111541 -0.00525157    0.969514  -1.14662 -0.618436   9.55375
1.77709e+09    -0.138355 -0.00195259    0.962435  -1.25292 -0.415999   9.95995
1.77709e+09    -0.11917 -0.0024345   0.972746  -1.40777 -0.412972   10.1332
1.77709e+09   -0.126095 -0.0020503   0.974463 -0.952606 -0.464008   9.63978
1.77709e+09  -0.0890262 -0.0130469   0.973524  -1.26459 -0.736719   9.45644
1.77709e+09     -0.108438 -0.000497433     0.970004  -1.16378 -0.285631    10.004
1.77709e+09   -0.103204 -0.0058474   0.968854  -1.21954 -0.552582    9.6917
1.77709e+09  -0.0932365 -0.0103931    0.96739  -1.45061 -0.573767   9.79349
1.77709e+09  -0.0965664 0.00812516   0.949286  -1.19084 -0.399644   9.93078
1.77709e+09   -0.103039 0.00458839   0.953334  -1.14949 -0.513679   9.54426
1.77709e+09   -0.0920416 -0.00202107    0.912493  -1.36152 -0.452166   10.0659
1.77709e+09  -0.0924959  0.0123194   0.925556  -1.09834 -0.432748   9.74941
1.77709e+09  -0.0744831 0.00048448   0.918109  -1.15195 -0.574135   9.55143
1.77709e+09    -0.084038 -0.00753185    0.902481  -1.28959 -0.477318   10.1006
1.77709e+09  -0.0728884 -0.0136492   0.907061 -0.974883 -0.552272   9.60428
1.77709e+09  -0.0799289 -0.0149822   0.891976  -1.17374 -0.507406   10.0538
1.77709e+09  -0.0743432 -0.0261696   0.878646  -1.11673 -0.370894   10.2538
1.77709e+09  -0.0829765 -0.0269823   0.882251 -0.982239 -0.709933   9.51066
1.77709e+09  -0.0792982 -0.0253682   0.870213   -1.1188 -0.578699   9.86562
1.77709e+09  -0.100749  -0.02985  0.858999 -0.876206 -0.558064   9.79028
1.77709e+09  -0.0875454 -0.0338934   0.855239  -1.10815 -0.643338   9.53944
1.77709e+09   -0.100227 -0.0327592   0.841854 -0.986605 -0.791914   9.35862
1.77709e+09   -0.103444 -0.0142757   0.839052   -1.1991 -0.455637   10.1435
1.77709e+09  -0.0910201 -0.0167579    0.82075 -1.13391 -0.70553  9.57201
1.77709e+09   -0.107003 -0.0119822   0.819059  -1.19547 -0.500443   10.0442
1.77709e+09    -0.096365 -0.00732401     0.80327  -1.07928 -0.426598   10.2339
1.77709e+09    -0.10118 -0.0159007   0.814005 -0.997987 -0.576345   9.59765
1.77709e+09   -0.108002 -0.0213693    0.80418  -1.15474 -0.680588   9.72762
1.77709e+09   -0.113077 -0.0178758   0.807397 -0.872137 -0.541348   9.83136
1.77709e+09    -0.10721 -0.0241022   0.801548 -0.853359 -0.719248    9.5254
1.77709e+09   -0.106149 -0.0412675   0.789273 -0.832301  -0.84823    9.3651
1.77709e+09    -0.11041 -0.0414609    0.78595 -0.844186 -0.723847   9.62313
1.77709e+09   -0.105643 -0.0353771   0.779313  -0.79078 -0.647472   9.58015
1.77709e+09  -0.0951257 -0.0538963   0.749551  -1.02821 -0.590758   9.89298
1.77709e+09  -0.0969595  -0.043534   0.739183 -0.899904  -0.46286   10.1906
1.77709e+09  -0.0941307 -0.0558595   0.736036 -0.864015 -0.725868   9.49475
1.77709e+09   -0.107974 -0.0471253   0.708901 -0.842427 -0.897044   9.40603
1.77709e+09  -0.0953645  -0.051101   0.702519 -0.897375 -0.510681   9.99141
1.77709e+09  -0.0924918   -0.05374   0.694205 -0.654454  -0.61531    9.7099
1.77709e+09  -0.074878 -0.047257   0.66035 -0.808224  -0.72615   9.79996
1.77709e+09  -0.0818566 -0.0473323   0.647782   -0.7917 -0.571308   10.1178
1.77709e+09  -0.0755967 -0.0464088   0.634911 -0.730132 -0.455264   10.1865
1.77709e+09  -0.0561996 -0.0505218   0.635538 -0.736209 -0.879362   9.56399
1.77709e+09  -0.0575477 -0.0462772   0.633356  -0.63792 -0.880813   9.31978
1.77709e+09  -0.0496931  -0.040113   0.612924 -0.913255 -0.741061   10.0778
1.77709e+09   -0.047692 -0.0234062   0.620975 -0.58615 -0.83994  9.72509
1.77709e+09  -0.0207505 -0.0180318   0.604886 -0.796674 -0.898573    9.7921
1.77709e+09  -0.000982648   -0.0187512     0.604961 -0.796078 -0.641342   10.0071
1.77709e+09  0.0176095 0.0126314  0.613702 -0.682465 -0.781608   9.50557
1.77709e+09  0.0164296 0.0111538  0.608008 -0.994817 -0.763851   9.87785
1.77709e+09  0.0336957 0.0218916  0.612519 -0.844912 -0.701769   9.85194
1.77709e+09  0.0436888 0.0277759  0.609996 -0.976024  -0.71126   9.90149
1.77709e+09  0.0440884 0.0464591  0.612542 -0.710469  -0.75939   9.77695
1.77709e+09  0.0516108 0.0286502  0.597167 -0.840079 -0.872385   9.67463
1.77709e+09  0.0705661 0.0385172  0.588479 -0.886305  -1.01153   9.56811
1.77709e+09  0.0605975 0.0268272  0.585426 -0.785347 -0.827973    9.7422
1.77709e+09  0.0724167 0.0238367  0.568488 -0.880529  -1.05718   9.75635
1.77709e+09  0.0816374 0.0110086  0.544778   -1.083 -1.03991  9.78574
1.77709e+09     0.076934 0.000657284    0.538931 -0.834481 -0.982914   9.68213
1.77709e+09   0.0836822 -0.0105994   0.504484 -0.995277 -0.885571   10.0566
1.77709e+09   0.0821007 -0.0311732   0.487857 -0.737564 -0.705469   9.99523
1.77709e+09   0.0864975 -0.0360241   0.466269 -0.803838 -0.947677   9.76015
1.77709e+09    0.064125 -0.0525893   0.439166 -0.787162 -0.937919   9.57714
1.77709e+09   0.0626621 -0.0529376   0.405569 -0.68497 -0.75487  9.92796
1.77709e+09   0.0708299 -0.0801563   0.395149 -0.938934 -0.906963   9.81386
1.77709e+09   0.0503564 -0.0787659   0.358382 -0.911012 -0.720303   10.0968
1.77709e+09   0.0367579 -0.0713302   0.343665 -0.84708 -0.83238  9.75122
1.77709e+09  0.0462945 -0.079872   0.32197  -0.89538 -0.883567   9.96943
1.77709e+09   0.0298435 -0.0783583   0.317549 -0.848683 -0.671189    10.206
1.77709e+09  0.00635377 -0.0904554   0.283015 -0.948159 -0.846138   10.1581
1.77709e+09   0.0100228 -0.0873687   0.278317 -0.788607 -0.796492   10.0543
1.77709e+09  -0.0162264 -0.0894087   0.258659 -0.750488 -0.740731   10.1655
1.77709e+09  -0.0158837  -0.100799   0.254178 -0.852975 -0.910189   9.76083
1.77709e+09  -0.0360173 -0.0990579   0.233797 -0.717291 -0.822778   9.86177
1.77709e+09  -0.0266436  -0.108484   0.200404 -1.06147 -1.04374  9.78504
1.77709e+09  -0.0274475  -0.101674   0.194375 -0.948208  -1.02573   9.89589
1.77709e+09  -0.0400883  -0.110684   0.181809 -0.906902 -0.790598   10.0605
1.77709e+09  -0.035761 -0.102117  0.155988 -0.837983 -0.709847    10.385
1.77709e+09  -0.0367472  -0.103906   0.172713 -0.765032  -1.04814   9.52741
1.77709e+09  -0.0496309  -0.109056   0.115014  -1.02241 -0.965303   9.97997
1.77709e+09  -0.0627366 -0.0992137   0.118103 -0.657223 -0.799805   9.83018
1.77709e+09  -0.0629788 -0.0856959  0.0966851 -0.802976 -0.739596   10.3109
1.77709e+09  -0.0498907 -0.0940147  0.0798693 -0.795379  -0.86196   10.1224
1.77709e+09  -0.0542037 -0.0840685    0.06966 -0.572822 -0.957084   9.78051
1.77709e+09   -0.049827 -0.0876446  0.0527788 -0.599413 -0.923178   10.0266
1.77709e+09  -0.0602628 -0.0967899  0.0420848 -0.559543  -1.05837   9.64186
1.77709e+09  -0.0530352 -0.0902885  0.0289761 -0.663089  -1.04883   9.92177
1.77709e+09   -0.068983 -0.0797834 0.00779318 -0.534081  -0.90648   10.0729
1.77709e+09  -0.0616025 -0.0840865  -0.011657 -0.572535  -1.21366   9.62881
1.77709e+09   -0.057936 -0.0914959 -0.0154079 -0.622541  -1.12402   9.96019
1.77709e+09  -0.0566602 -0.0924668 -0.0460175 -0.756475  -1.05375   10.2576
1.77709e+09  -0.0513064 -0.0786874 -0.0325704 -0.436774  -1.21847   9.66399
1.77709e+09  -0.0597198 -0.0811071 -0.0488102 -0.66676 -1.24304  9.75643
1.77709e+09   -0.047643 -0.0696345  -0.060506 -0.617378  -1.03102   9.98256
1.77709e+09  -0.0397311 -0.0615497 -0.0760328 -0.63063 -1.24545  9.65514
1.77709e+09  -0.0577537 -0.0612707  -0.102522 -0.915945  -1.11929   10.1168
1.77709e+09  -0.0416493 -0.0512309  -0.105471 -0.749395  -1.29415    9.5156
1.77709e+09  -0.0332278 -0.0418597   -0.13284 -0.756549 -0.881331   10.3177
1.77709e+09  -0.0352897  -0.032578  -0.138995 -0.787908  -1.00163   10.0472
1.77709e+09  -0.0330604 -0.0251228  -0.144114 -0.494461  -1.07825   9.70092
1.77709e+09  -0.0350165 -0.0202287  -0.146161 -0.482784 -0.960738   9.59534
1.77709e+09  -0.0343176 -0.0149968  -0.173205 -0.781428  -1.13798   9.98826
1.77709e+09      -0.03796 -0.000752818       -0.195 -0.664009 -0.926165   10.2322
1.77709e+09  -0.0473465 -0.0125231  -0.211805 -0.73485 -1.25941  9.55508
1.77709e+09  -0.0566408 -0.0111777  -0.227735 -0.666578  -1.33331   9.34867
1.77709e+09   -0.0520187 -0.00459521   -0.242374 -0.570307  -1.14527   9.60553
1.77709e+09  -0.0494094 -0.0165126  -0.257294 -0.883915  -1.11649   10.2063
1.77709e+09  -0.0399706 -0.0300235  -0.272691 -0.679819  -1.16377   9.81666
1.77709e+09  -0.0539113 -0.0383303  -0.305243 -0.776995   -1.3365   9.83121
1.77709e+09   -0.033416 -0.0300019  -0.297125  -0.6228 -1.04876  10.0445
1.77709e+09  -0.0299029  -0.043975  -0.318078 -0.675037  -1.16334   9.67317
1.77709e+09  -0.0377816 -0.0572992  -0.336209 -0.537612  -1.10864   9.90436
1.77709e+09  -0.0291951 -0.0671028   -0.34614 -0.697907  -1.23792   9.72436
1.77709e+09  -0.0365254 -0.0749497  -0.364393 -0.705248  -1.04043   10.1605
1.77709e+09  -0.0180227 -0.0732002  -0.370833 -0.452191  -1.12144   9.67046
1.77709e+09  -0.0357663 -0.0793694  -0.401452 -0.710383 -0.910427    10.261
1.77709e+09  -0.00970252  -0.0847522   -0.403749 -0.566538  -1.11882   9.87392
1.77709e+09  -0.0150049  -0.091729  -0.419472 -0.371328  -1.08115   9.71622
1.77709e+09  -0.00506045  -0.0805599   -0.437851 -0.769004  -1.11784   10.0132
1.77709e+09  -0.0012622 -0.0861053  -0.460428 -0.482085  -1.13584   9.65326
1.77709e+09   0.0163121 -0.0978743  -0.476901 -0.799321 -0.998069   10.1953
1.77709e+09   0.0106452 -0.0921443  -0.501127 -0.729573  -1.02571   10.1862
1.77709e+09  0.00485827 -0.0855079  -0.504334 -0.506134  -0.98168   9.95763
1.77709e+09   0.0173306 -0.0806797  -0.520251 -0.539621 -0.915419   10.1078
1.77709e+09   0.0139159 -0.0906813  -0.530199 -0.640337  -1.15447   9.78417
1.77709e+09   0.0315293 -0.0958999  -0.562298 -0.703868 -0.944639   10.2627
1.77709e+09   0.0249298 -0.0954712  -0.568391 -0.562354  -1.08286   9.62477
1.77709e+09   0.0267692 -0.0965624  -0.593482  -0.62309 -0.969761   10.0555
1.77709e+09  0.0243175 -0.095501 -0.612739 -0.550711 -0.920279   10.2466
1.77709e+09  0.0533532 -0.103095 -0.612045 -0.572207  -1.18133    9.6351
1.77709e+09  0.0506538 -0.105388 -0.622975 -0.663019 -0.923935   10.0761
1.77709e+09  0.0682575 -0.105509 -0.648725 -0.737983 -0.936234   10.1809
1.77709e+09  0.0622225 -0.102412 -0.634151 -0.465161  -1.02824   9.67968
1.77709e+09  0.0561286 -0.114153 -0.643622 -0.660446  -1.26252   9.48802
1.77709e+09   0.0827993 -0.0910007  -0.663356 -0.628277 -0.789241   10.0729
1.77709e+09  0.0761046  -0.09501 -0.700432 -0.875844  -1.01135   9.99932
1.77709e+09   0.0901393 -0.0961017  -0.678363  -0.53571 -0.928826   9.82753
1.77709e+09   0.0829988 -0.0978256  -0.681737 -0.611094  -1.06908   9.50262
1.77709e+09   0.0866655 -0.0875321  -0.707833 -0.495528 -0.787522    9.8227
1.77709e+09   0.0913531 -0.0874905  -0.714453 -0.655084  -1.02395   9.67718
1.77709e+09   0.0926669 -0.0855377  -0.711867 -0.737685 -0.749186   10.0446
1.77709e+09    0.105221 -0.0874292  -0.729854 -0.71279 -1.09852  9.61176
1.77709e+09   0.105411 -0.078044 -0.729433 -0.736167  -0.94316   9.69434
1.77709e+09     0.10063 -0.0723234  -0.735216 -0.713146 -0.841628   9.88346
1.77709e+09   0.0991685 -0.0661913  -0.731651 -0.443385 -0.950907   9.34176
1.77709e+09   0.0907219 -0.0611989  -0.755959 -0.573489 -0.730004   9.83416
1.77709e+09    0.100212 -0.0672741   -0.75215 -0.674567 -0.884204    9.5784
1.77709e+09    0.104359 -0.0516172  -0.780139 -0.842205 -0.799973   10.1159
1.77709e+09   0.0870106 -0.0539198  -0.784517 -0.743379 -0.862635   9.56519
1.77709e+09   0.0846021 -0.0595602  -0.799618 -0.678064 -0.777482   9.98222
1.77709e+09   0.0806753 -0.0658658  -0.824658 -0.806647 -0.659049   10.1381
1.77709e+09   0.0632872 -0.0584621  -0.815495 -0.530592 -0.931149   9.56303
1.77709e+09   0.0691869 -0.0628721   -0.85114 -0.744087 -0.902716   9.73904
1.77709e+09   0.0638912 -0.0766108  -0.857947 -0.834215  -1.06507   9.51566
1.77709e+09   0.0645728 -0.0711469  -0.882305  -0.64842 -0.646957   9.90123
1.77709e+09    0.049499 -0.0853586  -0.912609 -0.819373 -0.987937   9.52405
1.77709e+09   0.0463292 -0.0949388  -0.947445 -0.896588 -0.705397   10.1293
1.77709e+09   0.0381318 -0.0927823  -0.952676 -0.556839 -0.857803   9.44223
1.77709e+09   0.0174206 -0.0881154  -0.965029  -0.63124 -0.569792   10.0262
1.77709e+09  0.0202893 -0.103587 -0.997484 -0.619033 -0.615436   9.81115
1.77709e+09  0.0255397 -0.105707  -1.01213 -0.659658 -0.759055   9.52833
1.77709e+09  0.0184123 -0.113539  -1.02364 -0.841836  -0.72861   9.99694
1.77709e+09  0.0150142 -0.107999  -1.03937 -0.683695 -0.841058   9.51303
1.77709e+09  -0.00545852   -0.115456    -1.06312 -0.777507  -0.67133   9.79537
1.77709e+09  -0.00155703   -0.117465    -1.06453 -0.914131 -0.696564   9.99471
1.77709e+09  -0.0061834  -0.108998   -1.06559 -0.578745 -0.750096   9.45575
1.77709e+09  -0.0083964  -0.116632   -1.08739 -0.741592 -0.735169   9.48491
1.77709e+09  -0.0370313  -0.120978   -1.10853 -0.585169 -0.814996   9.16498
1.77709e+09  -0.0367203 -0.0990892   -1.11221 -0.768811 -0.528892   9.97311
1.77709e+09  -0.0408816 -0.0972594   -1.12516 -0.752085 -0.710999   9.66838
1.77709e+09  -0.0361697  -0.102097   -1.13177 -0.950014 -0.653308   9.80771
1.77709e+09  -0.0482328 -0.0909024   -1.14091 -0.596796 -0.593861   9.56245
1.77709e+09  -0.0519094 -0.0848484   -1.14858 -0.759365 -0.692603   9.41387
1.77709e+09  -0.0654065 -0.0733643    -1.1779 -0.910685 -0.434245   9.99607
1.77709e+09  -0.0505882  -0.066012   -1.15965 -0.586619 -0.563222   9.48996
1.77709e+09  -0.0398987  -0.064063   -1.17626 -0.880776 -0.747493   9.37317
1.77709e+09  -0.0426023 -0.0484811   -1.16628 -0.695843   -0.4265   9.86437
1.77709e+09  -0.0402298  -0.044928   -1.16016 -0.606843 -0.552756   9.43912
1.77709e+09   -0.036069 -0.0395955   -1.16638 -0.814898 -0.603828   9.63833
1.77709e+09  -0.0247734 -0.0258258   -1.16527 -0.886707 -0.629881   9.70702
1.77709e+09  -0.0261104 -0.0304179   -1.14876 -0.644501 -0.439651   9.69271
1.77709e+09  -0.0280999 -0.0230536   -1.15361 -0.608259 -0.642071   9.24167
1.77709e+09  -0.0350813 -0.0184738   -1.15024 -0.741852 -0.471193   9.83189
1.77709e+09  -0.0191394 -0.0245155   -1.14114  -0.85012 -0.608769   9.61391
1.77709e+09   -0.0222104 -0.00666453    -1.16264 -0.702755 -0.520566   9.68105
1.77709e+09  -0.00518228 -0.00564677    -1.13862 -0.666133 -0.357032   9.79165
1.77709e+09  -0.0157462 0.00391662   -1.15174 -0.629613 -0.341748   10.0954
1.77709e+09  -0.00715293 -0.00984753    -1.14006 -0.616867 -0.578931   9.42548
1.77709e+09  -0.00762558   -0.013301    -1.13967 -0.688774  -0.42353   9.82413
1.77709e+09  -0.00449877 -0.00382816    -1.15465 -0.820881 -0.370469   9.98894
1.77709e+09   -0.0019432 -0.00340594    -1.13965 -0.635399 -0.551454    9.5539
1.77709e+09  0.00691467 0.00909839   -1.13293 -0.656671 -0.217779   10.1617
1.77709e+09  0.00281216  0.0141408   -1.13579 -0.689028  -0.31037   9.96227
1.77709e+09  0.00474331  0.0137272   -1.12189 -0.584332 -0.483784    9.5152
1.77709e+09  0.00658267  0.0170799   -1.14601 -0.968023 -0.481821   9.78712
1.77709e+09  0.0111235 0.0262427  -1.12874 -0.689636 -0.566989    9.3425
1.77709e+09  0.0172397 0.0215342  -1.14597 -0.815825 -0.419355   9.76561
1.77709e+09  0.0153436 0.0487473  -1.14047 -0.667038  -0.28175   9.85236
1.77709e+09  0.0294239 0.0374294  -1.16064 -0.977023 -0.392922   9.89941
1.77709e+09  0.0201482  0.055569  -1.14524 -0.625423    -0.337   9.72298
1.77709e+09    0.01781 0.0498293  -1.16032 -0.741013 -0.436138   9.49608
1.77709e+09  0.00188036  0.0623869   -1.16957 -0.612391 -0.147603   9.90104
1.77709e+09  0.00756214  0.0662608   -1.17206 -0.657869 -0.152286   9.89052
1.77709e+09  0.00851026  0.0571811   -1.18027 -0.768014 -0.372107   9.68703
1.77709e+09  -0.00254587   0.0463434    -1.18379 -0.872248 -0.188238   9.94541
1.77709e+09  -0.00945124   0.0712861    -1.19407 -0.855413 -0.190872    10.193
1.77709e+09  -0.00325809   0.0403998    -1.19661 -0.708603 -0.337963   9.52499
1.77709e+09  -0.0155763  0.0368354    -1.2028 -0.646208 -0.194756   10.0027
1.77709e+09  -0.0157072  0.0356078   -1.20986 -0.661662 -0.179675   9.84765
1.77709e+09  -0.0182396  0.0151658     -1.218 -0.763795  -0.32162   9.63199
1.77709e+09  -0.00368094   0.0275915     -1.2277  -0.865892 -0.0742076    10.2769
1.77709e+09  -0.0129023 0.00604558   -1.23056 -0.786109 -0.390577   9.66068
1.77709e+09  -0.0118543 0.00203811   -1.23063 -0.879257 -0.175166   9.96649
1.77709e+09  -0.0195731 0.00350282   -1.24852   -0.9379 -0.131076   10.2913
1.77709e+09  -0.0143714 0.00570005    -1.2228 -0.686452  -0.29051   9.52945
1.77709e+09   -0.0193327 -0.00104354    -1.24262 -0.894174  -0.28906   9.79572
1.77709e+09  -0.0140436 0.00982549   -1.24054 -0.837932 -0.307503   9.57255
1.77709e+09  -0.0216351 0.00612408   -1.23802  -1.03227 -0.157829   9.96483
1.77709e+09  -0.0222038  0.0122826   -1.25475 -0.830759 -0.400992   9.39117
1.77709e+09  -0.0207011  0.0171535   -1.24232 -0.969481 -0.139483   9.99484
1.77709e+09  -0.00618333   0.0346838    -1.25235 -0.737005 -0.127386   9.77781
1.77709e+09  -0.0235647  0.0456375   -1.25738  -0.966181 -0.0750252    10.2866
1.77709e+09  -0.00811114   0.0284053    -1.25136 -0.864724 -0.319668   9.49902
1.77709e+09  -0.0147879  0.0534554   -1.26514 -0.818064 -0.180314   9.70447
1.77709e+09  -0.0268963  0.0509368   -1.27288 -0.928914 -0.237123   9.70707
1.77709e+09  -0.0221212  0.0586028   -1.29642  -1.14699 -0.304864   9.73602
1.77709e+09  -0.0238825  0.0652282   -1.26675 -0.937416 -0.131484   9.88899
1.77709e+09  -0.0243388  0.0570794   -1.27406 -0.964389 -0.274642   9.64556
1.77709e+09  -0.0137131  0.0657277   -1.27191 -0.830101 -0.360545   9.43288
1.77709e+09  -0.015909 0.0664831  -1.28595 -0.866759 -0.147149   9.79082
1.77709e+09  -0.0193436  0.0605894    -1.2849 -0.969359 -0.291927   9.54513
1.77709e+09  -0.0187514  0.0423193   -1.27882 -0.967222 -0.419775   9.49639
1.77709e+09  -0.00985654   0.0473814     -1.2918   -1.00101 -0.0777009    10.1067
1.77709e+09  -0.016641 0.0384809   -1.2858 -0.743668 -0.173368   9.71964
1.77709e+09  -0.0224602  0.0213463   -1.28957 -0.947741 0.0956775   10.3825
1.77709e+09  -0.0281606   0.028233   -1.29239 -0.850575 -0.253879   9.67423
1.77709e+09  -0.0122637  0.0102368   -1.31038 -0.999882 -0.198521   9.92343
1.77709e+09  -0.0385067 0.00168335   -1.29925 -0.716946 -0.082085   9.67195
1.77709e+09   -0.0241921 -0.00625484    -1.30493 -0.981162 -0.175464    9.8802
1.77709e+09  -0.0251746 -0.0206031   -1.32173  -1.11813 -0.211491   9.85574
1.77709e+09  -0.0365898 -0.0128858   -1.30244  -0.819844 -0.0802825    9.90358
1.77709e+09  -0.0333538 -0.0225521   -1.30805 -0.936282 -0.178312   9.85919
1.77709e+09  -0.0269926 -0.0277906    -1.3314   -1.1019 -0.235733   9.86644
1.77709e+09  -0.0349802 -0.0198705   -1.30731 -0.745203 -0.084844   9.77739
1.77709e+09  -0.0305017 -0.0214578   -1.31431  -1.08493 -0.141655    9.9588
1.77709e+09   -0.035514 -0.0119069   -1.30546 -0.810514 -0.174263   9.49167
1.77709e+09    -0.0396148 -7.88456e-05     -1.31776 -0.851208 -0.193712   9.56421
1.77709e+09  -0.0205136 0.00969163   -1.32116   -1.0481 -0.212592   9.64735
1.77709e+09  -0.0261184 0.00703686   -1.32743   -1.10493 -0.0464896      9.972
1.77709e+09  -0.0355176  0.0331176   -1.32069 -0.969667 0.0200906   10.1468
1.77709e+09  -0.0290645  0.0326832   -1.33054  -1.09693 -0.213754   9.82748
1.77709e+09  -0.023324 0.0386915  -1.30976  -0.862173 -0.0196505    9.71492
1.77709e+09  -0.0166272  0.0530876   -1.32769  -0.907769 -0.0792335    9.79141
1.77709e+09  -0.0123832  0.0534713   -1.32653  -1.01137 -0.301395   9.42312
1.77709e+09  -0.0182933  0.0629736    -1.3449   -1.18046 -0.0990705    9.96205
1.77709e+09  -0.00375829   0.0591889    -1.34161 -1.03264 -0.27442  9.65276
1.77709e+09  -0.0104204  0.0703045   -1.34291 -0.896944 -0.176241   9.75101
1.77709e+09  -0.0132784  0.0602546   -1.35389  -1.03478 -0.282339   9.47527
1.77709e+09  0.000102536   0.0620572    -1.35956 -0.998787 -0.392905   9.38162
1.77709e+09  -0.00600339   0.0657667    -1.36557  -0.989662 -0.0833103    9.91875
1.77709e+09  0.0141004 0.0576354    -1.375  -1.04483 -0.362617   9.56578
1.77709e+09  0.0169316 0.0557387  -1.38947  -1.26466 -0.260996   9.52842
1.77709e+09  0.0176478 0.0634476  -1.39881  -1.07418 -0.110251   9.71981
1.77709e+09  0.0285987 0.0659458  -1.40822   -1.0225 -0.201213   9.32544
1.77709e+09  0.0334943 0.0686078  -1.43832 -0.966071 -0.287454   9.23457
1.77709e+09  0.0403037 0.0733518  -1.44296    -1.1672 -0.0784962    9.90052
1.77709e+09  0.0359171 0.0985592   -1.4616 -0.923571 -0.191312   9.50209
1.77709e+09   0.02508 0.109675 -1.49568 -1.14769 -0.18741  9.63622
1.77709e+09  0.0241634  0.162672  -1.53257   -1.18061 -0.0458425    10.1289
1.77709e+09  -0.0034145   0.177484   -1.54355   -1.1193 -0.364288   9.38889
1.77709e+09  -0.0276866   0.238994   -1.60628  -1.41985 -0.361298   9.85796
1.77709e+09  -0.0427937   0.262513   -1.60425  -1.02547 -0.295705   9.75012
1.77709e+09  -0.0473808   0.291011   -1.63202  -1.36394 -0.183765   10.1229
1.77709e+09  -0.0450731   0.309251   -1.64742  -1.20816 -0.331035   9.90853
1.77709e+09  -0.0630543   0.310477   -1.64493 -0.976766 -0.334213   9.36919
1.77709e+09  -0.0430783   0.303834   -1.65057  -1.10224 -0.334192   9.76762
1.77709e+09  -0.0484482   0.286313   -1.63608  -1.00866 -0.428958   9.49222
1.77709e+09  -0.0250256   0.272506   -1.64108  -1.22848 -0.412965    9.7374
1.77709e+09  -0.0171607    0.27315   -1.62541  -1.12303 -0.309277   9.94331
1.77709e+09  -0.0014235   0.242332   -1.60137  -1.17063 -0.206611   10.0829
1.77709e+09  0.00563201   0.213906   -1.58121   -1.0827 -0.510825   9.47442
1.77709e+09  0.043817 0.154359 -1.54933  -1.29662 -0.362854   10.0207
1.77709e+09  0.0420322  0.147811   -1.5176  -1.06661 -0.335604   9.58183
1.77709e+09  0.0680165  0.111935  -1.50754  -1.25306 -0.411164   9.61758
1.77709e+09  0.0853737 0.0712573  -1.46475  -1.22763 -0.442706   9.49082
1.77709e+09   0.107621 0.0529742  -1.43989 -1.28392  -0.3748  9.61443
1.77709e+09   0.116157 0.0320658  -1.42295  -1.40157 -0.372392   9.77256
1.77709e+09    0.13554 0.0201616  -1.41487  -1.56318 -0.340626   9.82658
1.77709e+09     0.133019 -0.00494423    -1.37871  -1.37464 -0.323721   9.49691
1.77709e+09     0.145508 -0.00868593    -1.37398  -1.51663 -0.275822   9.95839
1.77709e+09    0.132026 -0.0157017    -1.3659  -1.66506 -0.186503   10.0627
1.77709e+09    0.150007 -0.0278709   -1.34867  -1.36345 -0.435586   9.43445
1.77709e+09    0.155552 -0.0238619   -1.33842  -1.48055 -0.265582   9.82484
1.77709e+09    0.164086 -0.0220278   -1.33842  -1.60084 -0.261007   10.0624
1.77709e+09    0.156192 -0.0108803   -1.31678    -1.261 -0.276019   9.54688
1.77709e+09    0.167593 -0.0224906   -1.33066  -1.52552 -0.344244   9.66263
1.77709e+09     0.14528 0.00449792   -1.31991  -1.37796 -0.310874   9.52032
1.77709e+09    0.158228 -0.0018385   -1.33683  -1.51266 -0.359356   9.79334
1.77709e+09   0.155598 0.0168236  -1.32176  -1.42986 -0.226517   9.83568
1.77709e+09   0.146328 0.0330531  -1.34507  -1.46662 -0.422692   9.77048
1.77709e+09  0.155522  0.03173 -1.35036  -1.54742 -0.376821   9.85745
1.77709e+09   0.150431 0.0543769  -1.36363    -1.137 -0.283906   9.77086
1.77709e+09   0.149039 0.0505717  -1.35305  -1.24161 -0.399636   9.43988
1.77709e+09   0.133362 0.0686632  -1.35387   -1.0753 -0.233052   9.70431
1.77709e+09   0.152179 0.0614668  -1.37968  -1.45245 -0.230357   9.97572
1.77709e+09  0.145998 0.061093 -1.38729  -1.24134 -0.285866   9.65847
1.77709e+09   0.131938 0.0553254  -1.38846  -1.21268 -0.126432   9.92639
1.77709e+09   0.124568 0.0633436   -1.4075   -1.29723 -0.0445833    10.2842
1.77709e+09   0.131833 0.0536567   -1.3915  -1.06118 -0.267076   9.51384
1.77709e+09   0.149452 0.0533928  -1.39729  -1.20322 -0.230541    9.8125
1.77709e+09  0.139491 0.049824 -1.40826 -1.31436 -0.38431  9.64923
1.77709e+09   0.137866 0.0396956  -1.37826   -1.02702 -0.0786488     9.7619
1.77709e+09   0.135425 0.0373618  -1.40194  -1.20042 -0.300359   9.56413
1.77709e+09   0.145056 0.0405824  -1.39137  -1.02292 -0.281048   9.36958
1.77709e+09   0.148147 0.0471678  -1.40227  -1.18828 -0.155162   9.59981
1.77709e+09   0.148528 0.0461262  -1.39791  -1.31614 -0.277876   9.65475
1.77709e+09   0.140349 0.0445779  -1.40018  -1.48835 -0.273906   9.68412
1.77709e+09   0.144405 0.0678609  -1.39436   -1.24038 -0.0386753    9.86493
1.77709e+09   0.137318 0.0741505  -1.39482  -1.31146 -0.220985   9.56898
1.77709e+09   0.147542 0.0839198  -1.39349 -1.27859  -0.2286  9.34421
1.77709e+09  0.125416 0.110129 -1.39226   -1.30383 -0.0292369    9.68152
1.77709e+09  0.134611 0.123453 -1.39124   -1.20916 -0.0920135    9.67921
1.77709e+09   0.12982 0.111253 -1.39287 -1.34418 -0.15917  9.69858
1.77709e+09  0.130244 0.118756 -1.38883    -1.41428 -0.00613567     9.88102
1.77709e+09  0.138215  0.11722 -1.38232  -1.13695 -0.148737   9.56631
1.77709e+09  0.138446 0.105071 -1.38669   -1.40298 -0.0632101    10.0297
1.77709e+09   0.142381 0.0986859  -1.38882   -1.16793 0.00822785    9.85334
1.77709e+09    0.15514 0.0991278  -1.38088 -1.17036 0.168297  10.0438
1.77709e+09   0.142684 0.0874412  -1.38525  -1.22796 -0.173679   9.49453
1.77709e+09   0.153446 0.0743708  -1.38995  -1.32941 0.0183045   9.92825
1.77709e+09   0.167696 0.0635462   -1.3849   -1.41239 0.00755007    10.2044
1.77709e+09   0.164044 0.0468701  -1.37428  -1.30524 -0.154325   9.70135
1.77709e+09   0.168329 0.0332072  -1.37393  -1.24249 -0.272143   9.60007
1.77709e+09   0.153027 0.0171745  -1.36895  -1.27158 -0.283391   9.47472
1.77709e+09   0.184086 0.0248065  -1.36133  -1.29602 -0.163676   9.55874
1.77709e+09   0.180832 0.0239263  -1.35981   -1.41264 -0.0133115    9.87743
1.77709e+09  0.180995 0.019581 -1.35818  -1.56095 0.0847135   10.0434
1.77709e+09   0.189295 0.0177918  -1.35172  -1.27572 -0.125134   9.39355
1.77709e+09   0.197972 0.0246085  -1.36824  -1.39472 -0.132106   9.60967
1.77709e+09   0.202443 0.0140873  -1.36593  -1.57425 -0.135671   9.52815
1.77709e+09   0.200637 0.0409149  -1.38782   -1.45143 -0.0697912    9.51301
1.77709e+09   0.184542 0.0482645  -1.41705  -1.35143 -0.108754   9.28609
1.77709e+09   0.187479 0.0623951  -1.42774  -1.33466 0.0790994   9.62538
1.77709e+09   0.172832 0.0658049  -1.44429   -1.50905 -0.0647776     9.4505
1.77709e+09  0.184657 0.085003 -1.44973 -1.41803 0.177057  9.68468
1.77709e+09   0.176169 0.0811543   -1.4822   -1.37196 -0.0256423    9.54173
1.77709e+09  0.162603 0.088024 -1.48256 -1.41646 0.229443  9.86332
1.77709e+09   0.164972 0.0865953  -1.50624 -1.29015 0.357303  10.0897
1.77709e+09   0.161924 0.0903859  -1.49975  -1.22088 0.0385056   9.25655
1.77709e+09   0.157772 0.0822698  -1.52178  -1.3609 0.162727   9.6947
1.77709e+09   0.172408 0.0849081  -1.50371 -0.950992  0.363174   9.60782
1.77709e+09   0.179785 0.0790106  -1.50986 -1.13034 0.176031  9.46327
1.77709e+09   0.185872 0.0751788  -1.50213 -1.01952 0.157481  9.19116
1.77709e+09   0.173003 0.0644063  -1.48751 -0.927304  0.308264   9.57494
1.77709e+09   0.175802 0.0596025  -1.48014 -1.06049 0.248349   9.4105
1.77709e+09  0.179836 0.048166 -1.47222 -1.12089 0.168596  9.44959
1.77709e+09   0.183744 0.0611826  -1.45546 -1.07572 0.440237  9.77986
1.77709e+09   0.193592 0.0461812  -1.43379 -0.945835  0.295018   9.46323
1.77709e+09   0.188935 0.0413543  -1.43284 -1.07581 0.285379   9.6125
1.77709e+09   0.184097 0.0465687  -1.41342 -0.87393 0.429683  9.62156
1.77709e+09   0.191569 0.0417708  -1.42008 -0.978554  0.386254   9.36988
1.77709e+09   0.178692 0.0405012  -1.42163 -1.08347 0.459458  9.75985
1.77709e+09   0.180694 0.0545807  -1.42549 -0.987814  0.490648   9.76094
1.77709e+09   0.187505 0.0629735  -1.42693 -0.927269    0.6517   9.77383
1.77709e+09   0.174955 0.0586656  -1.42875 -1.13548  0.40037   9.5192
1.77709e+09   0.168959 0.0592324  -1.44981 -1.28175 0.722271  10.0931
1.77709e+09   0.162698 0.0709868  -1.43275 -1.05385 0.534751  9.36586
1.77709e+09   0.158708 0.0913896  -1.42854 -0.992212  0.494648   9.12836
1.77709e+09   0.169117 0.0875726  -1.46317 -1.34463 0.633868  9.77831
1.77709e+09  0.153261 0.096292  -1.4416 -1.19656 0.842444  9.73418
1.77709e+09  0.133047 0.102818 -1.44883 -1.21587 0.778831  9.70146
1.77709e+09  0.140497 0.106507 -1.45554 -1.57284 0.826501  9.93756
1.77709e+09  0.118266 0.112123 -1.45595 -1.54937 0.892434  10.0794
1.77709e+09  0.116949 0.110118 -1.45107 -1.33774 0.815422  9.38176
1.77709e+09  0.0946419  0.105266  -1.45169 -1.66328 0.749437  9.61444
1.77709e+09  0.0908097  0.111743  -1.44018 -1.40459 0.945922  9.76662
1.77709e+09  0.0848345  0.113236  -1.44002  -1.459 0.86887 9.45372
1.77709e+09  0.074027 0.107684 -1.41789 -1.28116 0.843913  9.16598
1.77709e+09  0.0528845 0.0931643   -1.4451 -1.52122 0.969603   9.7806
1.77709e+09  0.0169876 0.0831136  -1.44181 -1.47671  1.14322  9.92175
1.77709e+09  -0.0176164  0.0497421   -1.45008 -1.34974 0.971056  9.54392
1.77709e+09  -0.023791 0.0255087   -1.4432 -1.58164  1.01662   9.7157
1.77709e+09  -0.0818561  0.0196111   -1.43552 -1.47019 0.978945  9.41682
1.77709e+09  -0.0913968 0.00585739   -1.41009 -1.38736 0.713779  9.17764
1.77709e+09   -0.128152 0.00470707   -1.42409 -1.66842  1.10639  9.91497
1.77709e+09    -0.115318 -0.00804579    -1.39927 -1.39184 0.886794  9.32617
1.77709e+09   -0.153408 -0.0151656   -1.37098 -1.65506  1.00646  9.87934
1.77709e+09   -0.171791 -0.0176315   -1.33355 -1.56503 0.829173  9.52229
1.77709e+09   -0.181081 -0.0339637   -1.30481 -1.56198 0.923212  9.60286
1.77709e+09   -0.196837 -0.0584146     -1.274 -1.56818 0.779894  9.60348
1.77709e+09  -0.178316 -0.060883  -1.24672  -1.9267 0.834505  9.75344
1.77709e+09   -0.185658 -0.0765651   -1.21074 -1.40979 0.848317  9.58124
1.77709e+09   -0.167285 -0.0961603    -1.1841 -1.67477  1.00596  10.3485
1.77709e+09    -0.14299 -0.0982374   -1.17718 -1.45811 0.926787  9.69417
1.77709e+09  -0.125811 -0.107883  -1.17044  -1.4945 0.739479  9.74588
1.77709e+09  -0.0711355  -0.113159   -1.12868 -1.09954 0.739419  9.84811
1.77709e+09  -0.0332998  -0.113506   -1.11039 -1.24228 0.852397  9.70779
1.77709e+09  0.0083835 -0.114776  -1.09626 -1.33986 0.807791  10.0032
1.77709e+09  0.0187104 -0.118289  -1.06288 -1.22985 0.759461  10.0894
1.77709e+09  0.0394364 -0.115591  -1.06605 -1.35209 0.581376  9.62476
1.77709e+09  0.0572387 -0.128271  -1.05766 -1.39071 0.738232  10.0177
1.77709e+09  0.0598469 -0.130282  -1.03973 -1.39441 0.838941  10.3166
1.77709e+09  0.0574973 -0.131862  -1.02811 -1.17027 0.726853  9.69013
1.77709e+09  0.0735899 -0.126141  -1.01991 -1.32088 0.664691  9.91689
1.77709e+09   0.101242 -0.117278 -0.991161 -1.21987 0.873778  10.2203
1.77709e+09   0.105826 -0.125617 -0.963426 -1.24859 0.702857  9.77883
1.77709e+09   0.120296 -0.111318 -0.942346 -1.11925 0.790897  9.94112
1.77709e+09   0.138922 -0.117994 -0.915047 -1.22885 0.635857  9.71586
1.77709e+09   0.140913 -0.121004 -0.899055 -1.30897 0.782429  10.1771
1.77709e+09   0.164911 -0.121554 -0.828689 -1.16681 0.683121  9.81207
1.77709e+09   0.165665 -0.132565 -0.806592 -1.47445 0.772017   10.409
1.77709e+09   0.189151 -0.148026  -0.75918 -1.17038 0.749633  9.80363
1.77709e+09   0.183281 -0.150745 -0.724556 -1.29781 0.876045  10.2204
1.77709e+09   0.210238 -0.161774 -0.652697 -1.04658 0.915205  9.98951
1.77709e+09   0.213741 -0.163659 -0.645651 -1.15732 0.766957  10.0504
1.77709e+09   0.210737 -0.163991 -0.626868 -1.21737 0.971234  10.2156
1.77709e+09   0.218159 -0.181618 -0.579052 -0.986608  0.997386   10.4741
1.77709e+09   0.226579 -0.197985 -0.542065 -0.959922  0.875567   10.1279
1.77709e+09   0.236874 -0.191553 -0.530417 -0.789462  0.900829   9.97665
1.77709e+09   0.238682 -0.206059 -0.500707 -0.853703   1.03131   9.94759
1.77709e+09   0.252123 -0.213599 -0.497668 -1.02135 0.914044  9.86917
1.77709e+09   0.231287 -0.197542 -0.493724 -1.09742  1.14774  10.5006
1.77709e+09   0.257313 -0.207563 -0.487595 -1.00757 0.951727   9.9949
1.77709e+09   0.256371  -0.18922 -0.489372 -1.11606  1.20277  10.2081
1.77709e+09   0.250381 -0.174532 -0.491863 -1.12882  1.31744  10.5106
1.77709e+09   0.229058 -0.175963  -0.49385 -0.972304   1.06361   9.68842
1.77709e+09   0.206319 -0.137916  -0.49717 -0.87826  1.34753  9.94064
1.77709e+09   0.214808 -0.132311 -0.505712 -1.02067  1.21904  9.78887
1.77709e+09   0.177264 -0.100862 -0.506065 -0.83984  1.38218  9.94927
1.77709e+09    0.167334 -0.0999252  -0.531783 -1.00422  1.18191  9.65996
1.77709e+09    0.136004 -0.0688099   -0.52699 -0.736399   1.26132   9.78572
1.77709e+09     0.14688 -0.0573113  -0.516328 -0.917738    1.2721   9.79142
1.77709e+09     0.11462 -0.0373388  -0.525434 -0.842419   1.22364   9.69966
1.77709e+09    0.101236 -0.0260139  -0.537996 -0.791741   1.52378   10.1263
1.77709e+09   0.109639 0.0015352 -0.539693 -0.905511   1.41037   10.2849
1.77709e+09   0.101214 0.0166398 -0.524072 -0.631979   1.43957   10.0487
1.77709e+09   0.118292 0.0261662 -0.505885 -0.800623   1.29513   9.89311
1.77709e+09    0.12287 0.0539561  -0.47651 -1.04188  1.49823   10.352
1.77709e+09   0.116206 0.0680848 -0.431086 -0.578133   1.40151   9.79865
1.77709e+09    0.11988 0.0835959 -0.383814 -0.690956    1.7119   10.1239
1.77709e+09   0.103123 0.0813248 -0.361787 -0.536671   1.57038   9.60921
1.77709e+09   0.104042 0.0717664 -0.320426 -0.6225 1.72199  9.8801
1.77709e+09  0.0696957  0.070952  -0.29981 -0.598448    1.7865   9.79808
1.77709e+09  0.0747969 0.0569431 -0.266616 -0.812831   1.75758   10.1387
1.77709e+09  0.0643203 0.0609127 -0.255632 -0.518537   1.81978   9.68248
1.77709e+09  0.0636605 0.0521045 -0.239413 -0.881966   1.79737   10.0992
1.77709e+09  0.0432484 0.0414628 -0.223789 -0.604979   1.74332   9.69353
1.77709e+09  0.0482084 0.0280586 -0.206415 -0.747238   1.76368    9.9006
1.77709e+09   0.0267504 0.00513376  -0.197096 -0.784614   1.53351   9.75567
1.77709e+09   0.00807725 -0.00951746   -0.174393 -0.878706   1.71774   10.0994
1.77709e+09  0.00370369 -0.0112968  -0.174528 -0.820812   1.67661   10.2904
1.77709e+09  -0.0109125 -0.0132348  -0.154156 -0.788121   1.61589    9.6868
1.77709e+09  0.00899803 -0.0262496  -0.157406 -0.855179   1.62877   10.0084
1.77709e+09   0.003656 -0.021226  -0.12702 -0.843773   1.81683   10.0395
1.77709e+09  0.00717805 -0.0336556 -0.0949459 -0.846424   1.67229   9.79621
1.77709e+09   0.0160762 -0.0376624 -0.0603403 -0.872511   1.77191   10.1335
1.77709e+09   0.0179283 -0.0384426 -0.0279279 -0.944189   1.92441   10.3182
1.77709e+09   0.0172065 -0.0491857 -0.0161158 -0.649001   1.72004   9.67799
1.77709e+09     0.015401  -0.0566885 -0.00596834 -0.916825   1.72404   9.71306
1.77709e+09   0.0152221 -0.0722669  0.0305282 -1.02534  1.68832  9.74989
1.77709e+09  0.00393725 -0.0644861  0.0813213 -0.80808  1.76232  9.41482
1.77709e+09  -0.00380179  -0.0610265   0.0860328 -0.899791   1.79727   9.77825
1.77709e+09  1.79233e-05  -0.0497506    0.117799 -0.966804   1.84395   9.58734
1.77709e+09  -0.0168319 -0.0347134   0.165985 -0.83756  1.98737  9.77467
1.77709e+09   -0.018096 -0.0286779   0.183125 -0.823711   1.71302   9.40874
1.77709e+09   -0.0131077 -0.00906301    0.220885 -1.07622  1.92229  9.97699
1.77709e+09    -0.0241409 -0.000140587     0.236295 -0.781577   1.81407   9.61551
1.77709e+09  -0.0263617 0.00708292   0.256832 -0.917197   1.67854   9.45316
1.77709e+09  -0.043873 0.0262574  0.282034 -0.953002    1.5545    9.5044
1.77709e+09  -0.0469123   0.032273   0.318435 -0.788733   1.64476   9.33437
1.77709e+09  -0.0404803  0.0442875    0.32755 -1.00065  1.92793  10.1707
1.77709e+09  -0.0446654  0.0572335   0.366568 -0.965389   1.79903   9.87317
1.77709e+09  -0.0442623  0.0700076   0.395796 -0.818822   1.87812   9.73617
1.77709e+09  -0.0491103  0.0703961   0.410703 -0.961069   1.78187   9.63677
1.77709e+09  -0.0501149  0.0858217   0.456982 -0.833707   1.77257   9.73528
1.77709e+09  -0.058068 0.0856042  0.471333 -1.05515  1.64526  9.68385
1.77709e+09  -0.0473491  0.0901412   0.498767 -1.02446  1.83257   9.9834
1.77709e+09  -0.0478613    0.10197   0.546496 -1.01023  1.73615  9.77669
1.77709e+09  -0.0389332   0.103337   0.571838 -1.05396  1.86464  10.1459
1.77709e+09  -0.0619937   0.105409   0.602785 -0.901803    2.0434   10.2434
1.77709e+09  -0.0464486  0.0944209    0.62523 -0.936428   1.61786   9.54903
1.77709e+09  -0.0563284    0.08958    0.62639 -0.94558  1.70049  10.0152
1.77709e+09  -0.0550184  0.0889633    0.64802 -1.15824  1.70855  10.1401
1.77709e+09  -0.0531313  0.0754167   0.684546 -0.958607   1.68381   9.61642
1.77709e+09  -0.0526422  0.0758413   0.688872 -1.05253  1.98634  10.3819
1.77709e+09  -0.0494851  0.0660819   0.717062 -1.03066  1.86409  10.1177
1.77709e+09  -0.0613646  0.0572679   0.742958 -0.844265   1.81646   9.77731
1.77709e+09  -0.068051 0.0464149   0.76326 -0.750409   1.79902   9.62053
1.77709e+09  -0.061536 0.0435885  0.762219 -1.04231  1.73356  10.0106
1.77709e+09  -0.0504218  0.0336509    0.79929 -0.837678   1.64111   9.45764
1.77709e+09  -0.0610763  0.0231242   0.812073 -1.13979  1.80465  9.99279
1.77709e+09  -0.0559268  0.0303114    0.82553 -0.951999   1.75006   9.84294
1.77709e+09  -0.0330512  0.0144517    0.85522 -1.00259  1.44493  9.49108
1.77709e+09  -0.0675334 0.00404362   0.862558 -1.20381  1.73961  10.0833
1.77709e+09      -0.067 0.00584163   0.880979 -0.976212   1.68329   9.65294
1.77709e+09   -0.0519414 -0.00986317    0.864777 -1.22475  1.61231  9.97912
1.77709e+09  -0.0599915  -0.010554   0.899832 -1.06541  1.46723  9.62997
1.77709e+09    -0.069567 -0.00444579    0.904405 -1.16314  1.45556   9.9215
1.77709e+09  -0.0437964 -0.0232808   0.920482 -1.37187  1.44499  9.93362
1.77709e+09  -0.0556606 -0.0185586   0.927031 -1.00044  1.63783  9.85344
1.77709e+09  -0.0679527   -0.02069   0.941197 -1.06753  1.41515  9.57931
1.77709e+09  -0.0635046 -0.0233812   0.956909 -0.988014   1.45279   9.71696
1.77709e+09  -0.0658917 -0.0269691   0.969812 -1.12359  1.38166  9.67952
1.77709e+09  -0.0763476 -0.0262506   0.976259 -1.24335  1.62972  10.1217
1.77709e+09  -0.0861444 -0.0154093     1.0001 -0.93565  1.59453  9.63371
1.77709e+09  -0.0779734 -0.0372153    1.00061  -1.205 1.40638 9.93241
1.77709e+09  -0.0810508 -0.0288285    1.01819 -0.93378  1.36288  9.38558
1.77709e+09  -0.0787243 -0.0305348    1.03178 -0.989254   1.38214   9.52341
1.77709e+09   -0.067726 -0.0236382    1.04756 -1.06978  1.51124  9.90779
1.77709e+09  -0.0806073  -0.022489    1.04043 -0.945603    1.4565   9.99806
1.77709e+09  -0.0723662 -0.0182946    1.05897 -0.942048    1.5877   9.98471
1.77709e+09  -0.0653813 -0.0387287    1.06973 -0.994681     1.406   9.74038
1.77709e+09  -0.0782315  -0.026028    1.08676 -0.723849     1.453      9.48
1.77709e+09  -0.0669418 -0.0376996     1.1152 -0.840603   1.35085   9.65724
1.77709e+09  -0.0676964 -0.0474655    1.11202 -0.945113   1.39399   9.89219
1.77709e+09  -0.0836955 -0.0374703    1.13004 -1.16722  1.27362  9.86474
1.77709e+09  -0.0960139 -0.0346033    1.16937 -0.888082   1.54538   9.94079
1.77709e+09  -0.0941399 -0.0298005    1.16189 -1.02934  1.36702  9.65185
1.77709e+09    -0.10655 -0.0309177    1.20518 -0.875675   1.21801   9.28131
1.77709e+09   -0.106985 -0.0128932    1.22279 -0.984124   1.37757   9.70967
1.77709e+09    -0.11834 -0.0192706    1.22797 -1.08227  1.19005  9.42179
1.77709e+09    -0.120193 -0.00451587     1.24402 -1.07526  1.00861  9.39164
1.77709e+09    -0.118257 -0.00767123     1.24592 -1.10581  1.45136  9.97966
1.77709e+09   -0.126475 -0.0100174     1.2693 -0.946337   1.32086   9.55578
1.77709e+09    -0.123896 -0.00147552     1.28725 -0.825143   1.24071   9.33352
1.77709e+09    -0.14025 -0.0097527    1.29564 -0.97856  1.29545  9.79895
1.77709e+09   -0.144397 -0.0203017    1.29098 -0.856126  0.977185   9.24089
1.77709e+09   -0.155015 -0.0236613    1.31971 -0.92921 0.970159  9.44244
1.77709e+09   -0.153901 -0.0278003     1.3228 -1.02571  1.09544  9.80255
1.77709e+09   -0.169976 -0.0396546    1.32892 -1.11246  1.04272   9.9485
1.77709e+09   -0.175419 -0.0250475    1.36038 -0.829761  0.995568   9.58405
1.77709e+09   -0.169111 -0.0361723    1.36706 -1.12689  1.11589  9.93888
1.77709e+09   -0.200909 -0.0166722    1.38043 -0.793439  0.954709   9.28946
1.77709e+09   -0.189505 -0.0272092    1.38332 -1.01322   0.9076  9.44578
1.77709e+09   -0.182259 -0.0213116    1.37407 -1.08928  0.95144  9.77699
1.77709e+09   -0.193019 -0.0186435    1.38158 -1.07677 0.947412  9.84441
1.77709e+09    -0.187292 -0.00400612     1.38045 -1.05225  1.04231   9.8501
1.77709e+09    -0.186575 -0.00991223     1.38635  -1.2373 0.838147   9.7724
1.77709e+09    -0.17182 -0.0021301    1.39235 -0.948018  0.795388   9.25594
1.77709e+09  -0.168891 0.0187367   1.39411 -1.07789 0.779114  9.44641
1.77709e+09   -0.15945 0.0139201   1.38872 -1.29582 0.559642  9.31129
1.77709e+09  -0.156745 0.0193929   1.38573 -1.31862 0.429714  9.31758
1.77709e+09   -0.14645 0.0332085   1.39631 -1.31577 0.809226  9.70372
1.77709e+09  -0.151051 0.0367195   1.40524 -1.19096 0.495979  9.02719
1.77709e+09  -0.126138 0.0441648   1.38763 -1.51981 0.547673  9.77763
1.77709e+09  -0.123561 0.0535145   1.39095 -1.40786 0.363037  9.21763
1.77709e+09  -0.0977084  0.0559729    1.41704 -1.37918   0.3841  9.45574
1.77709e+09  -0.0931218   0.058013     1.4278  -1.5047 0.514582  9.77831
1.77709e+09  -0.0699292  0.0653593    1.43162 -1.47754 0.510416  9.98175
1.77709e+09  -0.064096 0.0600739   1.47524 -1.14172 0.388398  9.39171
1.77709e+09  -0.049519  0.054258   1.47806 -1.27282  0.34197   9.5928
1.77709e+09  -0.0272909  0.0427614    1.54452 -1.20263 0.523362  9.92933
1.77709e+09  -0.00687907   0.0471852     1.55929 -1.18735 0.269276  9.36436
1.77709e+09  0.00957748  0.0348473    1.58973 -1.16038 0.306086  9.14835
1.77709e+09  0.0288686 0.0519416   1.62573 -1.15187 0.365659  9.45099
1.77709e+09  0.0465712 0.0586396   1.63193 -1.59898 0.291222  9.62967
1.77709e+09  0.0578181 0.0708122   1.63496 -1.49437 0.260392   9.5208
1.77709e+09  0.0713691 0.0900909   1.64054 -1.56066 0.427681  9.66294
1.77709e+09  0.0760996  0.112352   1.65676 -1.53833 0.432668  9.86034
1.77709e+09  0.0769456  0.124526   1.64653 -1.57925 0.162689  9.25061
1.77709e+09  0.0740363  0.158728   1.63804 -1.67774 0.291825  9.52774
1.77709e+09  0.084106 0.167457  1.62062  -1.37924 -0.067486   9.21097
1.77709e+09  0.059414 0.207894   1.6197 -1.43297 0.191412  9.56799
1.77709e+09  0.0365431  0.215483   1.59472  -1.5542 0.162542  9.27594
1.77709e+09  0.0458106  0.220524      1.61    -1.204 0.0910984   9.34397
1.77709e+09  0.0354318    0.2111   1.57958  -1.2823 0.118158  9.40542
1.77709e+09  0.00873257   0.201639    1.57109  -1.43991 0.0333875   9.50685
1.77709e+09  0.015622 0.191984   1.5655 -1.60195 0.165081  9.86432
1.77709e+09  0.00123659   0.164773    1.57907 -1.42531 0.278704   10.131
1.77709e+09  0.0049566  0.171431   1.57037  -1.4072 0.169007  9.50399
1.77709e+09  -0.00680925    0.142941     1.58671 -1.39739 0.217177  9.64853
1.77709e+09  -0.02708 0.126698  1.59615 -1.50787 0.309188  9.68737
1.77709e+09  -0.00673537    0.103289     1.60095  -1.59577 0.0929912    9.3865
1.77709e+09  -0.029012 0.0995333   1.59732 -1.85082 0.305154  9.88286
1.77709e+09  -0.0259241  0.0820309     1.5952 -2.03857 0.425541  10.1095
1.77709e+09  -0.0313971  0.0860435    1.61952 -1.69557 0.291483   9.5752
1.77709e+09  -0.0315667  0.0640248    1.61126 -1.91987 0.399221  9.88545
1.77709e+09  -0.0545589  0.0548474    1.61517 -2.07741 0.514329  10.1939
1.77709e+09  -0.0644378  0.0424243    1.63621 -1.73355 0.308193  9.41518
1.77709e+09  -0.0751078  0.0357412    1.62788 -1.81873 0.300961  9.61229
1.77709e+09  -0.075408 0.0334524    1.6382 -1.99479 0.501491  9.93706
1.77709e+09   -0.10253 0.0301645   1.64649 -1.85108  0.53819  10.0898
1.77709e+09  -0.094606  0.015845   1.63903 -1.93371 0.315334  9.77929
1.77709e+09   -0.130235 0.00137824    1.64009 -2.17823 0.331627  9.81632
1.77709e+09  -0.112624 0.0218073   1.63805 -1.74379 0.414467  9.66865
1.77709e+09  -0.121785 0.0203814   1.63896 -1.93101 0.243677  9.51699
1.77709e+09  -0.112788 0.0181119   1.63117 -1.90547 0.139266  9.31998
1.77709e+09  -0.130781  0.024508   1.63379 -2.04051 0.398635  9.95905
1.77709e+09  -0.131737 0.0277708   1.63713 -2.21746 0.198792  9.65907
1.77709e+09  -0.131951 0.0232445   1.63504 -2.05108 0.262976  9.74759
1.77709e+09  -0.147031 0.0294016   1.63417 -1.94759 0.404528   9.7788
1.77709e+09  -0.138668 0.0342068   1.63351 -1.95454 0.147671  9.42094
1.77709e+09  -0.148268 0.0243921    1.6392  -1.8543 0.335261  9.75426
1.77709e+09  -0.134625 0.0263148   1.64009 -1.99663 0.178278  9.64862
1.77709e+09  -0.147277  0.025774    1.6528  -1.8102 0.182144  9.39818
1.77709e+09   -0.144415 0.00933998    1.64422  -1.86678 0.0564232   9.38667
1.77709e+09  -0.144093 0.0147199    1.6503 -1.98503  0.40458  9.93263
1.77709e+09   -0.154968 0.00474275    1.63453 -1.98901 0.432326  10.3194
1.77709e+09    -0.147859 -0.00372871      1.6617 -1.82837 0.214765  9.47175
1.77709e+09    -0.15527 -0.0112596    1.65863 -2.06717 0.236981   9.9097
1.77709e+09    -0.165672 -0.00923594     1.67596 -1.93235 0.203987  9.55146
1.77709e+09   -0.153539 -0.0216613    1.67817 -2.11973 0.209632  9.98787
1.77709e+09     -0.16135 -0.00868046     1.69862 -1.75907 0.276459  9.72209
1.77709e+09   -0.143239 -0.0184549    1.69687 -2.09459 0.237318  9.93075
1.77709e+09   -0.147193 -0.0126714    1.71015 -1.82894 0.177362  9.63258
1.77709e+09   -0.123949 -0.0125527    1.70733 -2.09201 0.115708  9.60634
1.77709e+09   -0.121063 -0.0101299    1.70133    -1.97373 -0.00547065     9.45184
1.77709e+09   -0.124746 0.00511516    1.71229  -1.91862 0.0434008    9.5739
1.77709e+09   -0.115531 -0.0049845    1.68339  -2.15399 0.0981208    10.024
1.77709e+09  -0.112478 0.0045411   1.69677  -2.15171 0.0918128   9.91597
1.77709e+09  -0.103148 0.0158216   1.69938 -1.84134 0.104938  9.80412
1.77709e+09   -0.101857 0.00933786     1.7019  -1.95934 0.0969044   9.68983
1.77709e+09  -0.100088 0.0167012   1.71092  -1.94031 -0.125151    9.6064
1.77709e+09  -0.0912209  0.0279882    1.72806   -1.94608 -0.0252422    10.1498
1.77709e+09  -0.0830526  0.0245724     1.7417  -1.84982 -0.207234   9.53851
1.77709e+09  -0.0642441  0.0333238    1.75905  -2.07509 -0.147887   10.0046
1.77709e+09  -0.0729334  0.0367187    1.77139   -1.86582 -0.0877037    9.76025
1.77709e+09  -0.0704259  0.0561272    1.78385   -1.89819 -0.0112803    9.90318
1.77709e+09  -0.0549149  0.0568004    1.78366 -2.20536 -0.13081  9.89801
1.77709e+09  -0.0620098  0.0566843    1.79082 -1.85105    -0.18  9.69755
1.77709e+09  -0.0539958  0.0666832    1.78424   -1.81402 -0.0745931    9.54894
1.77709e+09  -0.0483187  0.0628872    1.77463  -2.09586 -0.340899   9.77931
1.77709e+09  -0.0430571  0.0647938    1.79325  -2.05146 -0.154911   9.83853
1.77709e+09  -0.0601022   0.067158     1.7655  -2.26846 -0.225956   10.0241
1.77709e+09  -0.0369743  0.0546606    1.76764  -2.12046 -0.172095   9.84272
1.77709e+09  -0.041073 0.0706893   1.76121   -1.92879 -0.0432058    9.99036
1.77709e+09  -0.0619044  0.0619089    1.75417    -1.94668 -0.00100979      9.8956
1.77709e+09  -0.0432072  0.0479778    1.74992 -1.98995 -0.27297  9.53918
1.77709e+09  -0.041013 0.0350821   1.74746   -2.0544 -0.139501   9.92833
1.77709e+09  -0.0486779   0.025271    1.74348   -2.10942 -0.0656004     10.142
1.77709e+09  -0.0346561  0.0146179    1.74586  -1.83243 -0.100281    9.6993
1.77709e+09   -0.042334 0.00429342      1.744  -1.94056 0.0229767   10.0173
1.77709e+09    -0.031892 -0.00746249     1.74616  -1.80257 0.0399093   10.1081
1.77709e+09   -0.0411731 -0.00383876     1.75469  -1.80626 -0.131545   9.60408
1.77709e+09  -0.0479027 -0.0028775    1.75113   -1.89002 -0.0782057    9.96025
1.77709e+09  -0.0354387 -0.0200624    1.76593  -2.11809 0.0739967   10.0985
1.77709e+09   -0.0422566 -0.00367845     1.76353  -1.86064 -0.027746   9.55751
1.77709e+09   -0.0643513 -0.00170971     1.75215 -1.94864 0.275145  10.2354
1.77709e+09   -0.0750088 0.000376624     1.75257 -1.88852 0.195982  10.0208
1.77709e+09   -0.070952 0.00830844    1.75777  -1.79437 0.0593082   9.59145
1.77709e+09  -0.0986004   0.012117      1.768   -1.627 0.060073  9.40692
1.77709e+09  -0.0905377  0.0161119    1.75665  -1.99647 0.0502278   9.88956
1.77709e+09  -0.121051 0.0299203   1.76115 -1.74915 0.251296  10.0891
1.77709e+09  -0.100225 0.0285357   1.76257   -1.78536 -0.0427077    9.51987
1.77709e+09  -0.130325 0.0253147   1.77983  -1.4925 0.090604  9.57194
1.77709e+09  -0.118471 0.0252584    1.7928  -1.50754 0.0279801   9.62477
1.77709e+09  -0.119087 0.0169841   1.78392  -1.65089 -0.109885   9.70769
1.77709e+09  -0.116962 0.0238745   1.79121 -1.62063 0.143748  10.0162
1.77709e+09  -0.127347 0.0164467    1.7886   -1.74429 -0.0321388    9.75648
1.77709e+09  -0.114729  0.014065   1.82655 -1.74715  0.10462  9.82434
1.77709e+09  -0.122983 0.0064736   1.82383  -1.51998 -0.164408   9.27243
1.77709e+09   -0.119414 0.00862643    1.81068 -1.54357 0.107314  9.64679
1.77709e+09  -0.113004 0.0100433   1.81927   -1.74892 -0.0376604    9.50762
1.77709e+09     -0.120231 -0.000808692      1.81141 -1.87047 0.254846  10.0978
1.77709e+09    -0.12121 0.00558604    1.79666   -1.83355 -0.0215866    9.46777
1.77709e+09  -0.121307 0.0149489   1.79616 -1.88013 0.221426  9.77391
1.77709e+09  -0.129759 0.0150709   1.78689 -1.89168 0.329419  10.0566
1.77709e+09  -0.14364 0.016787  1.80104  -1.67056 0.0600683   9.23477
1.77709e+09  -0.131028 0.0235836   1.77893  -1.88285 0.0489954   9.75673
1.77709e+09  -0.140078 0.0214281   1.79389  -1.74323 0.0180728   9.40942
1.77709e+09  -0.146904 0.0289217   1.78187 -1.83744 0.107939    9.858
1.77709e+09  -0.155018  0.040829   1.79557 -1.54365 0.137487  9.66891
1.77709e+09   -0.13266 0.0578439   1.79859 -1.51909 0.221671  9.85168
1.77709e+09  -0.115958  0.060907   1.83021  -1.66197 0.0669663   9.88114
1.77709e+09  -0.121807 0.0585307   1.85349   -1.35118 -0.0994498    9.32373
1.77709e+09  -0.103415 0.0714982   1.87425  -1.57539 -0.199527   9.55279
1.77709e+09  -0.103557 0.0783781    1.9371   -1.44276 -0.0247766    9.85042
1.77709e+09  -0.0885666  0.0830812    1.96488  -1.48538 -0.189014   9.29479
1.77709e+09  -0.0647362   0.105142    2.02257  -1.83944 -0.117715   9.77362
1.77709e+09  -0.0685774   0.123251    2.04612  -1.49146 -0.163479   9.32201
1.77709e+09  -0.040645   0.14628   2.06045  -1.61063 -0.244438   9.34223
1.77709e+09  -0.0288144   0.159615    2.09521  -1.76056 -0.318386    9.1902
1.77709e+09  -0.0326229   0.175953    2.09693 -1.73066 -0.16977  9.69941
1.77709e+09  -0.0184771   0.189277    2.10765  -1.72918 -0.256049   9.33133
1.77709e+09  0.00590721   0.195703    2.11623  -1.55074 -0.366986   9.05127
1.77709e+09  0.0112495  0.223349   2.12747  -1.60077 -0.198521   9.49049
1.77709e+09  0.0201697  0.217265   2.12802 -1.72099 -0.56132  9.06279
1.77709e+09  0.0185254  0.222292   2.12501   -1.7778 -0.359524   9.21955
1.77709e+09  0.0141298  0.216256   2.13513 -1.86643 -0.28545  9.63507
1.77709e+09  0.014599 0.227918  2.15509 -1.54217 -0.24492  9.50829
1.77709e+09  0.0291695  0.210953   2.16521  -1.53457 -0.216961   9.38546
1.77709e+09  0.0247472  0.202514   2.16386  -1.75242 -0.286031    9.6612
1.77709e+09  0.0183569  0.186616   2.18266  -1.51902 -0.482179   9.04807
1.77709e+09  0.0244818  0.194207   2.17031  -1.64469 -0.444832   9.25128
1.77709e+09   0.01461 0.179315  2.14527  -1.84322 -0.372142   9.64884
1.77709e+09  0.021371 0.166503  2.11432   -2.0126 -0.425202   9.69542
1.77709e+09  0.0131393  0.168735   2.12416  -1.61624 -0.284704   9.61117
1.77709e+09  0.0100445  0.151377   2.06478  -1.86689 -0.267661   9.98648
1.77709e+09  0.0204924  0.135347    2.0499  -1.73202 -0.401959   9.43789
1.77709e+09  0.00365354   0.118853    2.02483  -1.77417 -0.444213   9.62795
1.77709e+09  -0.0226182  0.0946042    1.97859  -1.62045 -0.395189   9.53609
1.77709e+09  -0.0242117  0.0773759    1.94954  -1.84031 -0.404039   9.80609
1.77709e+09  -0.0186474  0.0517264    1.89764  -1.76312 -0.417308   9.87911
1.77709e+09  -0.0415391  0.0417862    1.87198  -1.59185 -0.423398   9.83565
1.77709e+09  -0.0466175  0.0203462    1.81208   -1.5586 -0.296396   10.0447
1.77709e+09  -0.042034 0.0169846    1.7761   -1.6732 -0.669572   9.57894
1.77709e+09   -0.0892985 -0.00562011     1.68253  -1.98422 -0.556714    10.238
1.77709e+09   -0.112811 -0.0104156    1.65897  -1.52865 -0.745196   9.59377
1.77709e+09  -0.152737 -0.019635   1.60457  -1.71259 -0.554029   10.2436
1.77709e+09    -0.15231 -0.0270209     1.5265  -1.56749 -0.629753   10.0849
1.77709e+09   -0.188697 -0.0263508    1.49548  -1.55594 -0.923908   9.57551
1.77709e+09   -0.182183 -0.0341914    1.43067  -1.77189 -0.807983   10.2511
1.77709e+09    -0.22631 -0.0364246    1.36578  -1.49292 -0.872438   9.67274
1.77709e+09   -0.227684 -0.0224433    1.33609 -1.43966 -0.63885  10.4404
1.77709e+09   -0.263547 -0.0372496    1.27638  -1.47849 -0.724674   10.1556
1.77709e+09    -0.29311 -0.0325823    1.23455  -1.16747 -0.789538   9.90209
1.77709e+09     -0.3243 -0.0354863    1.17648  -1.15596 -0.750746   9.71737
1.77709e+09   -0.320897 -0.0429239    1.12796   -1.4539 -0.887103    10.123
1.77709e+09   -0.370521 -0.0344583    1.03245  -1.39271 -0.773578   10.2003
1.77709e+09   -0.392539 -0.0406031   0.985274 -1.36853 -1.03713  9.70084
1.77709e+09   -0.415522 -0.0119512   0.929015  -1.2601 -1.10573  9.77081
1.77709e+09    -0.42847 -0.0174081   0.869828 -1.23433 -1.17828  9.81534
1.77709e+09    -0.433842 -0.00744327    0.827654 -1.70238 -1.17623  10.2489
1.77709e+09   -0.450596 -0.0032402   0.783219 -1.42085 -1.29645  10.0688
1.77709e+09    -0.456618 -0.00155585    0.760439 -1.31676 -1.13641   10.129
1.77709e+09    -0.45046 0.00740792    0.73189 -1.13058  -1.1188  10.2975
1.77709e+09    -0.457821 -0.00129265    0.706281 -1.26297  -1.5202  9.76251
1.77709e+09   -0.460043 -0.0302127   0.648793 -1.42154 -1.30341  10.5271
1.77709e+09   -0.440496 -0.0231933   0.638453 -1.01117 -1.52357  9.77888
1.77709e+09    -0.42799 -0.0345512   0.621639 -1.05112 -1.40861  10.1297
1.77709e+09   -0.422854 -0.0508714   0.589934 -1.10732 -1.58416  9.69841
1.77709e+09   -0.403042 -0.0611818   0.566234  -1.1975 -1.59286  10.0524
1.77709e+09   -0.385748 -0.0679647   0.542306 -1.15554 -1.73024  9.76035
1.77709e+09   -0.378431 -0.0837329   0.535062 -1.29353  -1.6539  10.1555
1.77709e+09    -0.35598 -0.0991707   0.519038 -1.36475 -1.98693  9.82095
1.77709e+09   -0.357636 -0.0961703   0.504434 -1.31118  -1.8025  10.1815
1.77709e+09  -0.332237 -0.106775  0.499661 -1.16688 -1.81772  10.2995
1.77709e+09  -0.309816  -0.11057  0.495674 -1.08886 -1.83254  10.0803
1.77709e+09  -0.299275 -0.115789  0.495733 -0.936131  -2.01537   9.79791
1.77709e+09  -0.277859 -0.122123  0.494027 -0.919354  -2.26173    9.5167
1.77709e+09  -0.251822  -0.13469  0.509649 -1.09446 -2.36321  9.63381
1.77709e+09  -0.242698 -0.133399  0.488759 -1.20038 -2.31051   9.9435
1.77709e+09  -0.240999 -0.127516  0.497847 -1.19662 -2.18441   10.354
1.77709e+09  -0.223518 -0.132819  0.515464 -0.907449  -2.05927   10.4064
1.77709e+09  -0.199585 -0.120237  0.523653 -0.849205  -2.17999   9.97795
1.77709e+09  -0.190981 -0.112479   0.52373 -0.734541  -2.39513   9.51044
1.77709e+09  -0.195074 -0.105532  0.512325 -0.884762  -2.60372   9.35281
1.77709e+09  -0.177454 -0.110505  0.495853  -1.1102 -2.32877  10.0843
1.77709e+09   -0.183051 -0.0931995    0.50392 -0.840755  -2.22512     9.965
1.77709e+09  -0.152766 -0.072399  0.478062 -1.05325  -2.4318  10.0109
1.77709e+09   -0.150159 -0.0558409   0.464029 -0.88122 -2.29437  9.92607
1.77709e+09   -0.154126 -0.0501682   0.461356 -0.982807  -2.56561   9.65749
1.77709e+09   -0.130757 -0.0369728    0.44032 -1.06152 -2.50451  9.94749
1.77709e+09   -0.117834 -0.0135808   0.413036 -0.774878  -2.52541   9.66168
1.77709e+09    -0.105218 -0.00583633    0.398953 -0.912309  -2.52924    9.8708
1.77709e+09    -0.107486 -0.00924543    0.381841 -0.930426  -2.44936   10.1875
1.77709e+09   -0.0869101 -0.00757468    0.329447 -0.750123  -2.56282   9.87063
1.77709e+09  -0.0762455 0.00270412    0.31496 -0.792931  -2.43981   10.2287
1.77709e+09   -0.0783873 -0.00111552    0.253702 -0.729308  -2.53801   9.72467
1.77709e+09  -0.0726217 -0.0109102   0.221372 -0.85712 -2.47331  10.0963
1.77709e+09   -0.0827598 -0.00930088    0.202829 -0.697547  -2.41743   9.95259
1.77709e+09  -0.0738666 -0.0122845   0.141379 -0.84864 -2.38842    10.05
1.77709e+09  -0.0656873 -0.0187967   0.119799 -0.723834  -2.52363   9.73021
1.77709e+09  -0.0580085 -0.0245323  0.0776422 -0.769651   -2.6552   9.73615
1.77709e+09  -0.0510416 -0.0352664  0.0415143 -0.581113  -2.48334   9.98466
1.77709e+09   -0.0588136  -0.0551184 0.000916984 -0.705225    -2.608   9.61028
1.77709e+09  -0.0368502 -0.0692978 -0.0446041 -0.461257   -2.7137   9.39538
1.77709e+09  -0.0256236 -0.0893622 -0.0894337 -0.395456  -2.46129   9.98513
1.77709e+09  -0.00702342    -0.10335   -0.121926 -0.656907  -2.78973   9.72068
1.77709e+09  -0.026493 -0.124098 -0.173482 -0.363068  -2.50502    9.7743
1.77709e+09  -0.0147977  -0.140843  -0.202078 -0.459598  -2.51673   9.98172
1.77709e+09  -0.0114265  -0.139342  -0.240003 -0.477505  -2.36976   10.2213
1.77709e+09  -0.0179959  -0.174517  -0.295096 -0.385743  -2.53819   9.71993
1.77709e+09  -0.0230683  -0.184123  -0.354619 -0.471666  -2.50094   9.67511
1.77709e+09  -0.0313255  -0.185764  -0.401289 -0.439485  -2.41677   9.68354
1.77709e+09  -0.0124935  -0.204455  -0.446405 -0.43692 -2.40534   9.5088
1.77709e+09  -0.0326713  -0.197203  -0.476162 -0.456366  -2.13826   10.2852
1.77709e+09  -0.0315604  -0.188783  -0.538009 -0.542088  -2.12417   10.0492
1.77709e+09  -0.0374261  -0.199382  -0.582892 -0.599739  -2.06688   10.1457
1.77709e+09  -0.044431 -0.186923 -0.602545 -0.386533  -2.13756   9.73171
1.77709e+09  -0.0449221  -0.189862  -0.639802 -0.49067 -2.17975   9.7303
1.77709e+09  -0.0513605  -0.175988  -0.676001 -0.349927   -2.1998   9.28933
1.77709e+09  -0.0409465  -0.161202  -0.706888 -0.535162  -1.86763   10.2337
1.77709e+09  -0.0503428  -0.145899  -0.767275 -0.666617  -2.20234   9.70832
1.77709e+09  -0.0542758  -0.120504  -0.809588 -0.850178  -2.34389   9.78535
1.77709e+09  -0.0646861 -0.0866817  -0.827012 -0.561099  -2.04721   9.82981
1.77709e+09  -0.0850839 -0.0682397  -0.845787 -0.66969 -2.20733  9.55522
1.77709e+09  -0.0866421 -0.0223263  -0.906034 -0.416307  -2.06971   9.68165
1.77709e+09      -0.1022 -0.00203568   -0.925227 -0.797985    -2.137   10.0867
1.77709e+09  -0.0999748  0.0449022  -0.966445 -0.587032  -2.24556   9.59715
1.77709e+09  -0.0978732  0.0797864   -0.99315 -0.657963  -2.34077   9.57748
1.77709e+09  -0.110826 0.0984915  -1.01941  -0.5891 -2.00435  10.0646
1.77709e+09  -0.110954  0.123597  -1.02321 -0.499077   -2.0941   9.56426
1.77709e+09  -0.104675  0.143558  -1.04772 -0.642043  -2.04209   9.72758
1.77709e+09  -0.103599  0.162894  -1.04916 -0.579194  -2.01466   9.54672
1.77709e+09  -0.111039   0.18382  -1.04492 -0.579232  -2.05526   9.65335
1.77709e+09  -0.0984623   0.185814   -1.05168 -0.671623  -1.83165    9.9467
1.77709e+09  -0.0902578   0.217146   -1.03235 -0.562671  -1.77064   10.1001
1.77709e+09  -0.0794468   0.232087   -1.01063 -0.542457  -1.89898   9.94111
1.77709e+09  -0.0801137   0.259068  -0.995744 -0.438238   -1.7805   9.97913
1.77709e+09  -0.0602633   0.267315  -0.965589 -0.473558  -1.74092   10.1555
1.77709e+09  -0.0396362   0.278821  -0.955859 -0.429493  -2.06988   9.55935
1.77709e+09  -0.035344  0.279437 -0.942328 -0.523839  -1.78386   9.88192
1.77709e+09  -0.0212838   0.301536  -0.895161 -0.495107  -1.84847   9.41137
1.77709e+09  -0.0084319   0.308964  -0.889533 -0.655026  -1.63035   9.99636
1.77709e+09  -0.00193683    0.330163   -0.878537 -0.876955  -1.56052    10.168
1.77709e+09  -0.0275817   0.355251  -0.865862 -0.549602  -1.49829   9.81184
1.77709e+09  -0.0271443   0.375627  -0.872491 -0.720088   -1.4552   10.0275
1.77709e+09  -0.0107856    0.38373   -0.86436 -0.74523 -1.59497  10.1189
1.77709e+09  -0.0323959   0.397747   -0.84486 -0.427985  -1.62995   9.70746
1.77709e+09  -0.00806484    0.386374   -0.842253 -0.551331  -1.61392   10.1206
1.77709e+09  0.0206014  0.386808 -0.833223 -0.448245  -1.60227    9.6789
1.77709e+09  0.0328576  0.381342 -0.845528 -0.715017  -1.79118   9.76894
1.77709e+09  0.0344677  0.369032 -0.838307 -0.678582  -1.65128   9.87999
1.77709e+09  0.0502942  0.355506 -0.837831 -0.558657  -1.54257   9.99499
1.77709e+09  0.0885882  0.311931 -0.837608 -0.552389  -1.70751   9.83042
1.77709e+09  0.0958522  0.283499 -0.831182 -0.572519  -1.63523   9.93551
1.77709e+09  0.0947547   0.24881 -0.835239 -0.594016  -1.66421   10.1187
1.77709e+09   0.121342  0.256921 -0.827662 -0.775253  -1.88923   9.83056
1.77709e+09   0.139838   0.24372 -0.829545 -0.970878  -1.79451     10.24
1.77709e+09   0.161784  0.233315 -0.842503 -0.99111 -1.59773  10.3548
1.77709e+09   0.189258   0.19962 -0.852796 -0.941581    -1.871   9.79591
1.77709e+09   0.218286   0.17091 -0.853876 -0.983762  -1.68075   10.0306
1.77709e+09   0.292687  0.103972 -0.882105 -1.00452 -1.94053  9.49012
1.77709e+09   0.320317 0.0588711 -0.916151 -1.24923 -1.77045  9.79836
1.77709e+09   0.338615 0.0721589 -0.907851 -0.95851 -1.56858  9.82544
1.77709e+09    0.409823 0.00852455  -0.986921 -1.50129 -1.61319  10.2093
1.77709e+09    0.425245 -0.0175158   -1.01302 -1.32657 -1.80234  9.87397
1.77709e+09    0.436569 -0.0461378   -1.02989  -1.5497 -1.96981   9.7832
1.77709e+09    0.457895 -0.0881482   -1.05347 -1.3168 -1.7487 9.89242
1.77709e+09   0.486895 -0.112649  -1.06366 -1.65747 -1.93707  9.56785
1.77709e+09   0.510837 -0.160858  -1.09399 -1.63765 -1.57784  9.77602
1.77709e+09   0.530052 -0.188803  -1.11276 -1.79462 -1.65612  9.64393
1.77709e+09  0.572758 -0.21507 -1.12147 -1.94135 -1.67594  9.47364
1.77709e+09   0.582981 -0.226685   -1.1403 -2.07681  -1.4683  10.1353
1.77709e+09   0.604557 -0.249964  -1.15032 -2.07693 -1.46173  10.1751
1.77709e+09   0.599051 -0.261158  -1.15141 -1.86631 -1.21841  10.4184
1.77709e+09   0.596958 -0.280717  -1.16148 -1.72748  -1.4519  9.74847
1.77709e+09   0.596375 -0.300148  -1.17234 -1.59324 -1.06217  10.0402
1.77709e+09   0.589371 -0.309467  -1.20267 -1.61205 -1.14176  9.85094
1.77709e+09   0.592025 -0.315571  -1.21012  -1.71338 -0.874245   10.2938
1.77709e+09  0.561497 -0.31857 -1.23901 -1.45545 -1.09216  9.75845
1.77709e+09   0.521238 -0.327542  -1.23751 -1.31656 -1.14477  9.56615
1.77709e+09   0.493154 -0.326258  -1.26236 -1.52759 -0.76149  10.2331
1.77709e+09   0.456689 -0.325029  -1.27763  -1.67034 -0.831138   9.87441
1.77709e+09   0.428866 -0.322442  -1.29218  -1.60784 -0.457137   10.0962
1.77709e+09   0.386167 -0.316189  -1.32699  -1.49517 -0.270251   10.1744
1.77709e+09   0.361162 -0.306838   -1.3559  -1.52614 -0.315432   9.88759
1.77709e+09   0.332654 -0.281815  -1.37949  -1.70313 -0.227255   10.0594
1.77709e+09   0.312821 -0.274656  -1.38405    -1.3221 -0.0369679    9.79753
1.77709e+09   0.252663 -0.248474  -1.41989 -1.54015 0.129528  10.0312
1.77709e+09  0.223456 -0.23812 -1.44294  -1.2898 0.132728  9.51929
1.77709e+09   0.193447 -0.222437  -1.46766 -1.38051 0.192668  9.61975
1.77709e+09  0.157393 -0.21964 -1.47063  -1.4605 0.236073   9.5432
1.77709e+09    0.13056 -0.211336  -1.49592 -1.51883 0.275064  9.63344
1.77709e+09  0.0947198 -0.183822  -1.49865 -1.32523 0.461741  9.83028
1.77709e+09  0.0420971 -0.156143  -1.52009 -1.41113 0.373995  9.98386
1.77709e+09   0.040169 -0.150553  -1.49982 -1.20363 0.487774  9.87797
1.77709e+09  0.00838717  -0.134107   -1.52094 -1.27527  0.37323   9.6462
1.77709e+09  -0.0341211 -0.0955496   -1.51766 -1.09017 0.652586  9.91014
1.77709e+09  -0.0373492 -0.0812574   -1.52919  -1.2741 0.520691  9.57664
1.77709e+09  -0.0422846 -0.0635208   -1.53612 -1.48056 0.666687   10.027
1.77709e+09  -0.0656717 -0.0330519    -1.5446 -1.28047 0.563414   9.3249
1.77709e+09   -0.0686749 -0.00913159     -1.5274 -1.2769 1.06694 10.1028
1.77709e+09   -0.0719905 -0.00842435    -1.53007 -1.24931 0.742635  9.40065
1.77709e+09  -0.0814931 0.00726258   -1.51474 -0.985937   1.01756   9.40389
1.77709e+09  -0.087538 0.0295966  -1.53357 -1.10969 0.890988  9.15312
1.77709e+09  -0.0869774  0.0323205   -1.52482 -1.27055  1.16583  9.88586
1.77709e+09  -0.0643769  0.0535464   -1.49686 -1.11047  1.02227  9.34935
1.77709e+09  -0.0683623  0.0623739   -1.47582 -1.24735  1.13999   9.9857
1.77709e+09  -0.0362875  0.0786645   -1.42839 -1.32124    1.194  9.91489
1.77709e+09  -0.0276679   0.106073   -1.39777 -1.12332  1.10769  9.67205
1.77709e+09  -0.00593677   0.0995122    -1.38068 -1.39261 0.913052  9.52073
1.77709e+09  0.0356457  0.157733  -1.31813 -1.30267  1.06169  9.46556
1.77709e+09  0.0666813  0.171808  -1.27903  -1.413 1.15538 9.58964
1.77709e+09  0.0888512  0.182935  -1.23934 -1.50513  1.27032  9.83829
1.77709e+09  0.111024 0.187162 -1.17196 -1.5757 1.42748 10.0329
1.77709e+09  0.120931 0.198241 -1.12234 -1.36996  1.28107  9.41261
1.77709e+09  0.136258 0.209393 -1.02635 -1.16562  1.56072  9.48411
1.77709e+09   0.150189  0.216724 -0.983422 -1.13898  1.49743  9.23231
1.77709e+09     0.1566  0.202109 -0.946672 -1.43299  1.71306  9.88453
1.77709e+09   0.183049  0.201938 -0.874652 -1.46243  1.50687  9.64433
1.77709e+09   0.174518  0.186947 -0.838164 -1.57426  1.70464  9.99641
1.77709e+09   0.193291   0.18237 -0.788335 -1.54554  1.98813  10.1552
1.77709e+09   0.184275  0.165542 -0.747328 -1.34236  1.77392  9.73229
1.77709e+09   0.193242  0.152664 -0.719467 -1.40758  1.56796   9.8672
1.77709e+09   0.176473  0.142525 -0.693273 -0.982049   1.83596   9.81774
1.77709e+09   0.156724 0.0848735  -0.63974 -0.888274   1.75923   9.68781
1.77709e+09   0.148632 0.0535739 -0.598633 -0.555002    1.7653   9.57556
1.77709e+09   0.126144  0.031349 -0.606071 -0.673095   2.06083   10.5113
1.77709e+09    0.143296 -0.0213826  -0.592991 -0.607649   1.69685   10.2966
1.77709e+09     0.14935 -0.0409231  -0.582443 -0.368458   1.84202   10.3756
1.77709e+09    0.138486 -0.0898285  -0.547272 -0.334979   1.51679   10.0363
1.77709e+09   0.131676 -0.109469 -0.537346 -0.613529   1.78901   10.5724
1.77709e+09   0.140184 -0.150039 -0.529271 -0.434553   1.66477   10.1158
1.77709e+09   0.132824 -0.153252 -0.531165 -0.532752   1.96675   10.6604
1.77709e+09   0.131036 -0.190802 -0.534579 -0.521457   1.71626   10.3528
1.77709e+09   0.114571 -0.200897 -0.545475 -0.564637   1.89364   10.5858
1.77709e+09  0.0926766 -0.207729 -0.549797 -0.640045   2.03442   10.8605
1.77709e+09  0.0752373 -0.221806 -0.551274 -0.416199   1.70634   9.94558
1.77709e+09  0.0400802 -0.222825 -0.548015 -0.33977  1.89201  10.0411
1.77709e+09   0.013795 -0.243144 -0.576847 -0.327567   1.68474   9.67039
1.77709e+09  -0.0159909   -0.23187    -0.6004 -0.708693   1.77913   10.4666
1.77709e+09  -0.0591315  -0.249299  -0.639687 -0.56693   1.5451  9.74456
1.77709e+09  -0.0845292  -0.253948  -0.649454 -0.723687   1.82595   10.2985
1.77709e+09  -0.125718  -0.25107 -0.668729 -0.515293   1.71691   9.91983
1.77709e+09  -0.187536  -0.25643 -0.698631 -0.621324   1.40996   9.72279
1.77709e+09   -0.18495 -0.244668 -0.709498 -0.710051   1.79467   10.2232
1.77709e+09  -0.198808 -0.244191 -0.721476 -0.716827   1.54065   9.99061
1.77709e+09  -0.220943 -0.243324 -0.723057 -0.844413   1.40228    10.074
1.77709e+09  -0.214175 -0.243202 -0.717687 -0.562795    1.5501   10.0695
1.77709e+09   -0.21473 -0.237557 -0.710297 -0.645671   1.44427   9.83284
1.77709e+09  -0.237245 -0.238219  -0.68341 -0.520211    1.2955   9.56886
1.77709e+09  -0.238339 -0.231254 -0.671884 -0.777379    1.5029   10.1517
1.77709e+09  -0.240368  -0.22817 -0.631682 -0.827707   1.32448   9.59878
1.77709e+09  -0.235166  -0.21471 -0.604537 -0.764087   1.24863   9.60499
1.77709e+09  -0.237754 -0.198507 -0.579416 -0.804471   1.35421   10.1133
1.77709e+09  -0.240943 -0.190322 -0.572511 -0.811859   1.31651   9.74457
1.77709e+09   -0.21066 -0.164545 -0.499929 -0.718057   1.17602   9.47772
1.77709e+09  -0.214985 -0.162589  -0.49902 -1.04446  1.37232  10.1013
1.77709e+09  -0.189538 -0.119871 -0.436858 -0.938166   1.24664   9.62509
1.77709e+09  -0.159211 -0.101212 -0.399828 -0.958012   1.11316   9.40326
1.77709e+09   -0.154042 -0.0836978  -0.392075 -1.21989  1.22752   10.083
1.77709e+09   -0.142531 -0.0818044  -0.342325 -0.990969    1.3155   9.94811
1.77709e+09   -0.126222 -0.0546974  -0.321036 -1.04161  1.13117  9.81323
1.77709e+09   -0.120481 -0.0608316  -0.291271 -1.30381  1.12051  10.0304
1.77709e+09   -0.122854 -0.0616364  -0.269548 -1.18497 0.983913  9.68031
1.77709e+09   -0.108661 -0.0582901  -0.247292 -1.38438 0.982466  10.0453
1.77709e+09   -0.109827 -0.0542044  -0.222169 -1.35059 0.769053  9.82557
1.77709e+09   -0.103346 -0.0546586  -0.229891 -1.46887 0.858404  9.90725
1.77709e+09  -0.0915573 -0.0634416   -0.21596 -1.4929 0.70111  9.8481
1.77709e+09  -0.0996624 -0.0725867  -0.208594 -1.64404  0.83548   10.083
1.77709e+09   -0.104519 -0.0822831  -0.200024 -1.50854 0.823451  10.0392
1.77709e+09  -0.120133 -0.100022 -0.194165 -1.77297 0.811918  10.1404
1.77709e+09  -0.121802 -0.108358  -0.17526 -1.61707 0.757907  9.88896
1.77709e+09  -0.140664 -0.110519 -0.173893 -1.79505 0.654505  9.88598
1.77709e+09   -0.13096 -0.122817 -0.183307 -2.01873 0.548508  9.77135
1.77709e+09  -0.132446 -0.133333 -0.160588 -1.85477 0.586507  9.74779
1.77709e+09  -0.131071 -0.145232 -0.155867 -2.20696 0.708405  10.2553
1.77709e+09  -0.125395 -0.137387 -0.147288 -1.83561 0.633656  10.0428
1.77709e+09  -0.137438  -0.17544 -0.146058 -2.16939  0.50843  10.0884
1.77709e+09  -0.155532 -0.178465 -0.117436 -1.96455 0.707852  10.0292
1.77709e+09  -0.139115 -0.176973 -0.121493 -2.19351 0.497899  9.84112
1.77709e+09    -0.12279  -0.184507 -0.0881385 -2.07645 0.651805  9.91362
1.77709e+09   -0.117118  -0.201035 -0.0849058 -2.22909 0.497631  9.64016
1.77709e+09  -0.0968972  -0.206285 -0.0620693 -2.07356 0.458287  9.43529
1.77709e+09    -0.1002 -0.204478 -0.044601 -2.37516 0.687687  10.2256
1.77709e+09  -0.0744174  -0.205258 -0.0277183 -2.42665 0.502294  10.0915
1.77709e+09  -0.0594083   -0.21188 0.00893057 -2.40067 0.630206  10.4706
1.77709e+09  -0.0635189  -0.209857  0.0263011 -2.04257 0.517958  9.90859
1.77709e+09  -0.0507703  -0.228607  0.0523195 -1.94534 0.647251  10.1098
1.77709e+09  -0.0427957  -0.238261  0.0667515 -1.77216 0.441154  9.67176
1.77709e+09  -0.0253775  -0.277999  0.0952279 -1.85762 0.329774  9.69486
1.77709e+09  -0.0140218  -0.281795  0.0872304 -1.97357 0.485343  10.2719
1.77709e+09  -0.0205839  -0.342003  0.0978218 -2.00391 0.262958  10.0297
1.77709e+09  -0.0280853   -0.33652  0.0984401  -1.5841 0.324334  9.83333
1.77709e+09  -0.0354689  -0.396548   0.105046 -1.51114 0.372849  10.0951
1.77709e+09  -0.0433575   -0.45123  0.0986639 -1.37988 0.247335  10.1826
1.77709e+09  -0.0452973  -0.519885  0.0944042 -1.38642 0.364415   10.611
1.77709e+09  -0.0604729  -0.565172   0.103963 -1.13465 0.367977  10.3903
1.77709e+09  -0.0663971  -0.635389   0.098539 -1.23172 0.213382  10.4275
1.77709e+09  -0.0763693   -0.70639  0.0727622  -0.937151 -0.0944372    9.66265
1.77709e+09  -0.0762457  -0.724194  0.0753832 -0.935204  0.129298   10.2642
1.77709e+09  -0.0954731  -0.775237  0.0332173  -0.978565 -0.0259465    10.0475
1.77709e+09  -0.100403 -0.779733 0.0342163 -0.661312  0.228371   10.0778
1.77709e+09   -0.128226  -0.827755 -0.0030942 -0.662403  0.168632   10.0528
1.77709e+09    -0.15064  -0.822181 -0.0127555 -0.540755  0.280918   10.1204
1.77709e+09  -0.156379 -0.844544 -0.024339 -0.449836   0.12265     9.643
1.77709e+09  -0.164815 -0.840839 -0.056166 -0.52961 0.109285  9.96658
1.77709e+09   -0.194726  -0.838771 -0.0816605 -0.504112 0.0317713   9.68375
1.77709e+09   -0.198129  -0.826522 -0.0903869 -0.391364  0.229122   10.0631
1.77709e+09  -0.216818 -0.821072 -0.113151 -0.417412  0.201023   10.2654
1.77709e+09  -0.219313 -0.799197 -0.126377 -0.133305  0.201456   10.1452
1.77709e+09  -0.223624 -0.798701 -0.134228 -0.0865878 -0.0231236    9.56024
1.77709e+09  -0.234345 -0.800549 -0.133141  0.244438 0.0528586   9.58516
1.77709e+09  -0.233611 -0.792048 -0.170363  0.107213 0.0129193   9.61129
1.77709e+09   -0.25003 -0.796166 -0.166467 0.0883458  0.211112   9.92706
1.77709e+09  -0.259486 -0.792661 -0.198416  0.254258 -0.100065   9.40654
1.77709e+09  -0.277469  -0.78228 -0.190677   0.47539 -0.287384   9.11229
1.77709e+09  -0.274636 -0.763266 -0.217209 0.341227 0.164194  9.84946
1.77709e+09  -0.269245 -0.743353  -0.23177    0.252579 -0.00726817     9.81237
1.77709e+09  -0.279552 -0.717218  -0.24616 0.270809 0.202338  9.85499
1.77709e+09  -0.287336 -0.687839 -0.258576  0.506801 -0.140412   9.13567
1.77709e+09  -0.302798 -0.669175 -0.271488   0.362548 -0.0920006    9.51767
1.77709e+09   -0.29838 -0.601339 -0.307431  0.665119 -0.232595   8.90641
1.77709e+09  -0.317855 -0.570701 -0.316267   0.369967 -0.0919819    9.46363
1.77709e+09  -0.295262  -0.52559 -0.333865  0.307495 -0.303579   9.16067
1.77709e+09  -0.308796 -0.474632 -0.345951  0.262729 -0.188234   9.36957
1.77709e+09  -0.287686 -0.418673 -0.348388  0.406858 -0.173371   9.47443
1.77709e+09  -0.278129 -0.375759 -0.333872  0.518659 -0.402645   8.98081
1.77709e+09  -0.256884 -0.357574 -0.320946  0.641006 -0.355373   9.15836
1.77709e+09  -0.200637 -0.344133 -0.276673  0.658532 -0.631736   8.72409
1.77709e+09  -0.205131 -0.324531 -0.256072  0.817362 -0.408591   9.10688
1.77709e+09  -0.159114 -0.336327  -0.22353  0.656122 -0.357692   9.26605
1.77709e+09    -0.1222 -0.342851 -0.190935  0.758927 -0.325583   9.50748
1.77709e+09  -0.133101  -0.36129  -0.17056   1.01488 -0.520228   8.77573
1.77709e+09  -0.102056 -0.375667    -0.162  0.885197 -0.475036    9.0692
1.77709e+09  -0.067225 -0.423817 -0.106689    1.1931 -0.461194   8.70574
1.77709e+09  -0.0541444  -0.431578  -0.137848  0.979168 -0.411656   9.21924
1.77709e+09   -0.04359 -0.467346 -0.109984   1.11006 -0.239197   9.36147
1.77709e+09  -0.00783806   -0.513766   -0.104331   1.00379 -0.397075   9.44373
1.77709e+09  -0.0124685  -0.543455 -0.0974784   1.34332 -0.391978   9.12615
1.77709e+09  -0.00532613   -0.576334  -0.0908042   1.28545 -0.577477    8.9022
1.77709e+09  0.00300792  -0.631865 -0.0806054   1.63094 -0.503077   9.06274
1.77709e+09  0.0122132 -0.657724 -0.105435   1.17614 -0.487586   9.44553
1.77709e+09   0.0113583  -0.713753 -0.0738345  1.59634 -0.60376  8.93524
1.77709e+09   0.0349113  -0.743888 -0.0729255   1.49735 -0.600487   9.30225
1.77709e+09   0.0412029  -0.795291 -0.0688005  1.66132 -0.65123  9.00816
1.77709e+09   0.0378007  -0.822013 -0.0629059   1.61406 -0.640796   9.37767
1.77709e+09   0.0387648  -0.851391 -0.0418288   1.85583 -0.618212    9.1775
1.77709e+09   0.0586608  -0.882684 -0.0319688   1.79542 -0.649715   9.32357
1.77709e+09   0.0554781  -0.919865 -0.0220045    1.9686 -0.694261   8.93226
1.77709e+09   0.0768637  -0.932339 -0.0308714   1.85471 -0.726172   8.99419
1.77709e+09   0.0778153  -0.966067 -0.0177194   1.93515 -0.472041   9.25378
1.77709e+09   0.0974212  -0.983732 -0.0320663   2.02212 -0.715197   8.89143
1.77709e+09   0.0926977  -0.997181 -0.0121039  2.20853 -0.39873  9.30047
1.77709e+09    0.108888   -1.00574 -0.0406544   1.86274 -0.682963   9.16889
1.77709e+09    0.099405   -1.02309 -0.0316963   2.25874 -0.526358   8.86558
1.77709e+09    0.106365   -1.03977 -0.0295536     2.525 -0.644026   8.56005
1.77709e+09   0.0913268   -1.03785 -0.0443785   2.32429 -0.370068   9.29148
1.77709e+09    0.100229   -1.05484 -0.0319738   2.60427 -0.437315   8.93262
1.77709e+09    0.106158   -1.07103 -0.0660791   2.66631 -0.278853   9.37659
1.77709e+09  0.0951162  -1.06609 -0.063439   2.75936 -0.334723   9.07919
1.77709e+09  0.0931802  -1.07401 -0.067474  3.00381 -0.41133  8.75958
1.77709e+09    0.110673   -1.06953 -0.0608492   3.24703 -0.456192   8.61782
1.77709e+09    0.101852   -1.06948 -0.0956161   2.93927 -0.320327   9.10766
1.77709e+09   0.124675  -1.05916 -0.090247   3.21539 -0.183665   8.94573
1.77709e+09   0.140795  -1.04499 -0.115617    3.13854 -0.0912118    9.15846
1.77709e+09   0.143502  -1.02338 -0.118372    3.2275 -0.132638   8.94296
1.77709e+09   0.131867 -0.997175 -0.127338    3.50976 -0.0877027    8.67634
1.77709e+09    0.15696 -0.957852  -0.11628   3.48687 -0.102408   8.46384
1.77709e+09   0.149617 -0.940865 -0.139376    3.34684 -0.0587029     8.5614
1.77709e+09   0.166253 -0.915258 -0.129733   3.20446 0.0917686   8.70904
1.77709e+09   0.185775 -0.865943 -0.131787   3.27583 -0.141539   8.52386
1.77709e+09   0.187017 -0.828436 -0.106379    3.5039 0.0546898   8.48306
1.77709e+09    0.198697  -0.792973 -0.0938502   3.61851 -0.180891   8.05797
1.77709e+09    0.208583  -0.736004 -0.0543564  3.75416 0.130858  8.47907
1.77709e+09    0.217788  -0.708503 -0.0585319   3.62717 -0.111304   8.22179
1.77709e+09    0.225139  -0.676299 -0.0304044    3.5336 0.0459278   8.62876
1.77709e+09     0.210236   -0.612367 -0.00306113     3.7146 -0.0563543    8.20846
1.77709e+09   0.219605 -0.541063  0.030766   3.93264 0.0349816    8.2576
1.77709e+09   0.205117 -0.505326 0.0263024    3.92634 -0.0676167    8.05222
1.77709e+09   0.203096 -0.488548 0.0454832  3.8257 -0.1999 8.23547
1.77709e+09     0.2026 -0.434174 0.0728837    3.96845 -0.0199611    8.42433
1.77709e+09   0.188244 -0.416965 0.0589084   3.92752 -0.131532   8.58338
1.77709e+09   0.204426 -0.393231 0.0824848   3.99051 -0.208791   8.46381
1.77709e+09   0.195831 -0.370093 0.0954672   4.18902 -0.126387   8.45426
1.77709e+09   0.199575 -0.365478  0.100593   4.0881 0.060969  9.07795
1.77709e+09   0.192363 -0.344342   0.10399     4.27917 -0.00143471     9.04437
1.77709e+09    0.20706 -0.356341  0.117762    4.17377 -0.0602977    9.04164
1.77709e+09   0.190993 -0.356748  0.139918   4.52608 -0.291924   8.44919
1.77709e+09   0.192683 -0.359792  0.113451   4.48379 -0.352022   8.42924
1.77709e+09   0.195946 -0.378967  0.133546   4.65339 -0.248789   8.61345
1.77709e+09   0.169003 -0.394406  0.108746   4.34592 -0.104316   9.04695
1.77709e+09   0.169559 -0.405989  0.116241  4.47888 0.100043  9.32663
1.77709e+09   0.181084 -0.435863  0.100844   4.49942 -0.126888   9.01767
1.77709e+09   0.158608 -0.439964  0.104773   4.79645 -0.019839    8.7723
1.77709e+09   0.162174 -0.452693 0.0824934   4.90103 -0.199816   8.38661
1.77709e+09   0.136618 -0.472091 0.0484426   4.51935 -0.127498   9.06832
1.77709e+09   0.130134 -0.473377 0.0332726   4.79027 -0.133838   8.76937
1.77709e+09   0.130353 -0.473193 0.0363739   4.76313 -0.221886   8.55602
1.77709e+09   0.114293 -0.481294 0.0126074   4.40244 -0.165416   8.89661
1.77709e+09   0.113079 -0.461916 0.0117293   4.57685 -0.306302   8.50266
1.77709e+09   0.0951325  -0.464859 0.00949642   4.67384 -0.340337   8.35794
1.77709e+09    0.086175  -0.458292 0.00410758   4.42525 -0.259788   8.91324
1.77709e+09   0.0883675  -0.450974 -0.0109996   4.26129 -0.238411   9.00543
1.77709e+09   0.0704235  -0.437818 0.00751446   4.69207 -0.292172   8.62983
1.77709e+09  0.0644401  -0.41832 0.0116094   4.40531 -0.145722   9.05898
1.77709e+09   0.0474608   -0.40585 0.00892496    4.6635 -0.280096   8.61556
1.77709e+09    0.0408159   -0.412727 -0.00068933   4.48274 -0.283976    8.7056
1.77709e+09  0.0235716 -0.374936 0.0183802   4.77098 -0.255693   8.54202
1.77709e+09  0.0160949 -0.381048 0.0062614   4.65244 -0.177469   8.71449
1.77709e+09  0.0171446 -0.362817 0.0263318   4.71484 0.0349365   9.10752
1.77709e+09  0.0155467 -0.349263 0.0102835    4.64821 -0.0499801    8.99127
1.77709e+09  0.00796135  -0.349259 0.00737207    4.77769 -0.0198288    8.90179
1.77709e+09  0.000904322   -0.332255   0.0314897   4.7737 0.130508   9.1178
1.77709e+09  -0.00202437   -0.323086  0.00262883   4.71151 -0.191036   8.55004
1.77709e+09  0.00642056   -0.31208 0.00606668    4.67358 -0.0153314    8.97037
1.77709e+09  0.0101741 -0.298229 0.0109846   4.75069 -0.192362   8.48966
1.77709e+09  -0.0286915  -0.276576 0.00639063  4.79292 0.165642  9.10025
1.77709e+09   -0.0130858   -0.266952 0.000826219   4.65998 0.0448968   8.95129
1.77709e+09   -0.0152903   -0.252313 -0.00224175  4.53462 0.063163  9.16424
1.77709e+09  -0.0185474  -0.255372 0.00851774   4.92268 0.0187862    8.5821
1.77709e+09   -0.0165472   -0.246612 -0.00700399     4.8546 -0.0825758    8.67114
1.77709e+09  -0.0241369  -0.225485 0.00548406    4.8089 0.0609545   9.16487
1.77709e+09  -0.0273732  -0.239905 0.00396012   4.88977 -0.162891   8.46129
1.77709e+09  -0.0247941  -0.234366 0.00499153    4.83343 -0.0828339    8.75429
1.77709e+09  -0.0212295  -0.228889  0.0147406    4.93442 -0.0914757    8.35983
1.77709e+09  -0.0117243  -0.218263  0.0144371    4.88404 -0.0749136    8.44783
1.77709e+09  -0.0144482  -0.210103  0.0160164   4.78329 0.0803753   8.87377
1.77709e+09  -0.0122515   -0.20522   0.013808  4.64218 0.163726  9.09149
1.77709e+09  -0.0261863  -0.209666  0.0217116   4.82964 0.0682623   8.82954
1.77709e+09  -0.0049455  -0.203527  0.0350255  5.04059 0.164142  8.65799
1.77709e+09  -0.00437304   -0.200573   0.0520119  4.99846 0.181737  8.57387
1.77709e+09  -0.00544142   -0.204376   0.0333532    4.83511 -0.0246735    8.55148
1.77709e+09  -0.00923377   -0.197183   0.0378112  4.76233 0.133123  8.84361
1.77709e+09  0.00505095  -0.196188  0.0444446    4.61367 -0.0238416    8.84531
1.77709e+09  -0.004313 -0.185255 0.0454649   4.86929 0.0379067   8.68184
1.77709e+09  -0.00881585   -0.181825   0.0648309 4.87857 0.23179 8.87953
1.77709e+09  -0.0121757  -0.156825   0.061572  4.99399 0.178612  8.76097
1.77709e+09  -0.000397435    -0.177659     0.071239    4.92841 -0.0150584    8.39945
1.77709e+09   0.003484 -0.178452 0.0647455 4.86329 0.06365 8.81583
1.77709e+09  7.8506e-05  -0.174024  0.0779899    4.96479 -0.0735132    8.41439
1.77709e+09  -0.00729152   -0.173636    0.083983   4.94849 0.0883038   8.84812
1.77709e+09  0.00458427  -0.169111  0.0832548  5.18094 0.125251  8.58167
1.77709e+09  0.00887493  -0.169868  0.0950037  4.88689 0.151201  9.10944
1.77709e+09  0.00028225  -0.169034  0.0875249   5.04835 0.0210653   8.51819
1.77709e+09  0.00277798  -0.169924   0.106514    4.95194 -0.0489141    8.71046
1.77709e+09  -0.00746282   -0.152179    0.105953  4.93124 0.128717  9.02157
1.77709e+09  -0.00137932   -0.156528    0.110464   5.06916 -0.134024   8.34225
1.77709e+09  -0.00437594   -0.139254    0.105354   5.01121 0.0762365   8.86902
1.77709e+09  -0.00423162   -0.136674    0.117883   5.12144 -0.168269   8.32765
1.77709e+09  -0.00171277   -0.129573    0.105446    5.03749 -0.0600101    8.71626
1.77709e+09  -0.00396444   -0.115945   0.0919054   4.88445 -0.147783   8.72241
1.77709e+09  -0.0138351  -0.108754   0.090521  5.1203 -0.1344 8.49875
1.77709e+09  0.00646167 -0.0933992  0.0906468   5.05718 -0.074556   8.84453
1.77709e+09  -0.00297611  -0.0840453   0.0936396   4.87227 -0.190457   8.75155
1.77709e+09   -0.019623 -0.0664889  0.0780866   5.13527 -0.226997   8.35835
1.77709e+09  -0.0104643 -0.0578821  0.0934444   5.09676 0.0519572   9.08323
1.77709e+09  -0.0336764 -0.0207608  0.0846561    5.28512 -0.0325901    8.71902
1.77709e+09   -0.028083 -0.0257018  0.0803859   5.30829 -0.177915   8.28225
1.77709e+09  -0.0217347 -0.0185338  0.0697805   5.08076 -0.221165   8.75991
1.77709e+09  -0.0239739  0.0109745  0.0595583   5.14942 -0.102432   8.90678
1.77709e+09  -0.0244477  0.0203946  0.0689605   5.13313 -0.306553   8.40686
1.77709e+09  -0.0291501  0.0468525  0.0648247   5.19846 -0.230852   8.69187
1.77709e+09  -0.0369248   0.059373  0.0657018   5.19648 -0.181568   8.58252
1.77709e+09  -0.0282329  0.0745044   0.055582   5.10146 -0.327508    8.5562
1.77709e+09  -0.036546 0.0854731 0.0508595   5.20951 -0.423878   8.17276
1.77709e+09  -0.0212626  0.0948117  0.0441566   5.03206 -0.399594   8.57233
1.77709e+09  -0.0360813   0.104136  0.0479783    5.1275 -0.194771   8.69645
1.77709e+09  -0.0431833   0.133583  0.0543065   5.02165 -0.111461   9.05796
1.77709e+09  -0.0504911   0.131935  0.0526325    5.19293 -0.0616359    8.89685
1.77709e+09  -0.0245457   0.150443  0.0597154   5.10389 -0.372173   8.44841
1.77709e+09  -0.0434914   0.147326   0.060363   4.99515 -0.305362   8.80313
1.77709e+09  -0.0314079   0.165835  0.0671386   5.28879 -0.348105   8.47629
1.77709e+09  -0.0341207   0.178081  0.0729511    5.0209 -0.412822   8.56486
1.77709e+09  -0.0429198   0.199482   0.089885   5.30809 -0.352948   8.44545
1.77709e+09  -0.032096  0.181169 0.0727819  5.05629 -0.40656  8.43955
1.77709e+09  -0.0448287   0.200166  0.0918735   4.95527 -0.302988   8.85778
1.77709e+09  -0.0488942   0.199252  0.0949169   5.22604 -0.320124   8.41965
1.77709e+09  -0.0291207   0.206069   0.100171   5.04971 -0.237559    8.9808
1.77709e+09  -0.0388343   0.211697   0.115066   5.06642 -0.194477   8.71471
1.77709e+09  -0.012841  0.219198  0.100137   5.02904 -0.465172   8.42046
1.77709e+09  -0.0186756   0.227595   0.124751   5.23421 -0.409496   8.20421
1.77709e+09  -0.0110513   0.222151   0.115382   4.84635 -0.279354   8.90522
1.77709e+09  0.000403446    0.232459    0.116655   4.94615 -0.439911   8.46914
1.77709e+09  0.0147942  0.243245  0.114135   4.81718 -0.551344   8.44808
1.77709e+09  0.00403442   0.265823   0.144921   5.03236 -0.322389   8.64324
1.77709e+09  0.0178106  0.267719  0.140013   4.86612 -0.425711   8.32094
1.77709e+09  0.0276358  0.293049   0.15914   5.07177 -0.290134   8.49929
1.77709e+09  0.0198472  0.293169  0.138817   4.66408 -0.257802   8.89477
1.77709e+09  0.0372717  0.323575  0.143408   4.91137 -0.406876   8.41098
1.77709e+09  0.0538543  0.326271  0.154673   4.92436 -0.573307   8.29538
1.77709e+09  0.0567554  0.346282  0.148755   4.78563 -0.193387   8.93019
1.77709e+09  0.0586175  0.344456  0.159145   4.95211 -0.325802   8.50185
1.77709e+09   0.04911 0.372133 0.138603   4.62977 -0.378129   8.57448
1.77709e+09  0.0513487   0.38262  0.138148    4.8053 -0.124323   8.78124
1.77709e+09  0.0451233  0.392904  0.125489   4.60497 -0.203805   8.90485
1.77709e+09  0.0463493  0.400502   0.10765   4.82417 -0.181508   8.77869
1.77709e+09   0.054561  0.398767 0.0990565  4.71363 -0.31137  8.57925
1.77709e+09  0.0520031  0.409814 0.0868819    4.7262 -0.299871   8.62753
1.77709e+09  0.0439691  0.405434 0.0691637   4.68355 -0.382265   8.66747
1.77709e+09  0.0374473  0.411991 0.0529463    4.5231 -0.225986   8.98475
1.77709e+09  0.0229373  0.410171 0.0390543   4.53382 -0.189113    9.1966
1.77709e+09  0.0299839  0.408009 0.0296079  4.64275 -0.33409  8.61676
1.77709e+09   0.020906  0.401817 0.0197185   4.72745 -0.295799   8.83576
1.77709e+09  0.00449022   0.392905  0.0016087  4.50804 -0.35964  8.70906
1.77709e+09   0.0129999   0.393892 0.00638414    4.4432 -0.291802   9.13294
1.77709e+09  0.0134359  0.378731  -0.01857   4.45534 -0.470083   8.60948
1.77709e+09  0.00247085   0.378913  -0.036128   4.44302 -0.387701   8.74717
1.77709e+09  -0.00671205    0.371727  -0.0302876   4.40874 -0.136585   9.17803
1.77709e+09  -0.00315156    0.375602  -0.0390403    4.6287 -0.443775   8.52366
1.77709e+09   -0.010664   0.370601 -0.0517299   4.41892 -0.328169    8.9669
1.77709e+09  -0.0187329   0.359005 -0.0492088    4.5283 -0.301351   8.70337
1.77709e+09   -0.030933   0.355763 -0.0610152   4.57964 -0.297246   8.39478
1.77709e+09  -0.0186673   0.360207 -0.0799404    4.2423 -0.284089   9.08277
1.77709e+09  -0.0258486   0.359731 -0.0791547   4.52395 -0.233519   8.90964
1.77709e+09  -0.0276357   0.358967  -0.084466   4.20984 -0.245254   9.04112
1.77709e+09  -0.0276806   0.370793 -0.0878496   4.45562 -0.264252   8.70162
1.77709e+09  -0.0319652   0.364308 -0.0881851   4.22961 -0.403192    8.6945
1.77709e+09  -0.0135765   0.379291 -0.0862938   4.25438 -0.359858   8.62157
1.77709e+09  -0.00722673    0.388995  -0.0892833 4.14275  -0.414 8.83922
1.77709e+09  0.00976877   0.408272  -0.072986   4.30244 -0.317654   8.61519
1.77709e+09  0.00127313   0.416541 -0.0650488   4.35376 -0.418556    8.4135
1.77709e+09   0.0118685   0.426446 -0.0645756   4.10276 -0.266456   8.94985
1.77709e+09   0.0347059   0.461236 -0.0354654   4.22413 -0.201631   8.89289
1.77709e+09   0.0311004   0.456911 -0.0343467   4.08328 -0.299392   8.61886
1.77709e+09   0.0327948   0.485093 0.00341657   4.28902 -0.286525   8.34289
1.77709e+09   0.019734  0.505118 0.0197937   4.16426 -0.323934   8.45666
1.77709e+09  0.0483828  0.513937 0.0306718   3.95253 -0.292105   8.61516
1.77709e+09  0.0552181  0.532165 0.0512997    3.81638 -0.0276136    8.88895
1.77709e+09  0.0525742  0.564245  0.075663   3.87359 0.0690135   9.11285
1.77709e+09  0.0706574  0.564669 0.0896202   3.82232 -0.297274   8.34388
1.77709e+09  0.0555812   0.60373  0.100415    3.51715 0.00838611    9.11897
1.77709e+09  0.0695905  0.631456  0.123251   3.86793 -0.255537   8.20473
1.77709e+09  0.0631572  0.642346  0.120687   3.58275 -0.140755    8.8939
1.77709e+09  0.0409561  0.673342  0.156619   3.70549 0.0151697   8.66788
1.77709e+09  0.0627137  0.699784  0.152623   3.52174 -0.175085   8.71891
1.77709e+09  0.0383047  0.721197  0.179734   3.65556 -0.125541    8.6035
1.77709e+09  0.0275629  0.728622  0.181907   3.74923 -0.122607   8.40384
1.77709e+09  0.0419881  0.724252  0.185916   3.42399 -0.191037   8.83414
1.77709e+09  0.0356056  0.743621  0.195203    3.41056 -0.0291466    8.96451
1.77709e+09  0.0507576   0.73462  0.207728   3.38537 -0.211815   8.65183
1.77709e+09  0.0420885  0.729406  0.211501    3.3338 -0.117729   8.98976
1.77709e+09  0.048748 0.724829 0.218672     3.4495 -0.0807968    8.85992
1.77709e+09  0.0717291  0.710973  0.227343    3.30594 -0.0397333    8.99402
1.77709e+09  0.0581026  0.720528  0.225575    3.48092 -0.0968822    8.78188
1.77709e+09   0.07846 0.705952 0.211263  3.24763 0.121562   9.3599
1.77709e+09  0.083816 0.705708 0.211819   3.36267 -0.196768    8.7162
1.77709e+09  0.0958912  0.690053  0.210176  3.18362 -0.17694  8.94777
1.77709e+09  0.0952044  0.702328  0.205689   3.30609 -0.184435   8.69485
1.77709e+09  0.102813 0.706661  0.17115    3.16939 -0.0113036    9.04483
1.77709e+09  0.110897 0.708725 0.178898   3.22896 -0.194465   8.60999
1.77709e+09  0.106805 0.705566  0.15024    2.8792 -0.232361   8.98996
1.77709e+09  0.111584 0.701739 0.153114   2.93819 -0.145443   8.98857
1.77709e+09  0.125048 0.714299 0.116859  2.85903 -0.17588  9.07324
1.77709e+09  0.128904 0.719768 0.107295     3.068 -0.132738   8.95965
1.77709e+09    0.12053    0.7295 0.0746151   2.72896 -0.150914   9.33262
1.77709e+09   0.122015  0.729274 0.0557702   2.76639 -0.116801    9.1331
1.77709e+09   0.121227  0.729859 0.0346882   2.84458 -0.223945   8.68344
1.77709e+09    0.122373   0.734149 0.00220111    2.76446 -0.0351202      9.235
1.77709e+09    0.115782   0.742688 -0.0320473   2.71753 -0.149698   9.10772
1.77709e+09   0.111446  0.747622 -0.054316   2.74984 -0.358364   8.74854
1.77709e+09    0.110932   0.767691 -0.0972677  2.72444 -0.17695  9.23255
1.77709e+09  0.109173 0.758238 -0.11707  2.63855 -0.34977  8.68538
1.77709e+09  0.0967979   0.75829 -0.141713    2.4719 -0.144334   9.27637
1.77709e+09  0.0800757   0.76727 -0.192226   2.44585 -0.354164    8.8614
1.77709e+09  0.0598458  0.773761 -0.226924  2.28877 -0.42605  8.97016
1.77709e+09  0.0608973   0.78829 -0.239279   2.50556 -0.147422   9.18703
1.77709e+09  0.0418956  0.802641 -0.268861   2.66082 -0.474207   8.65954
1.77709e+09  0.0450282  0.808798 -0.296576   2.31996 -0.249993   9.40849
1.77709e+09  0.0382035  0.821512 -0.297128   2.56119 -0.255783   9.22228
1.77709e+09  0.0342301  0.818249 -0.306329   2.44037 -0.439155   8.82328
1.77709e+09  0.0133094  0.829434 -0.318719   2.55779 -0.395404   9.01016
1.77709e+09  0.0202739  0.831996 -0.328928   2.34027 -0.375283   9.02829
1.77709e+09  0.00259937   0.829097  -0.324759   2.18219 -0.251481   9.34638
1.77709e+09  0.00618007   0.835556  -0.332018   2.22558 -0.332871   9.09753
1.77709e+09  -0.000783622     0.834334    -0.336174   2.08175 -0.233216   9.35463
1.77709e+09  -0.0115034   0.842212  -0.328541   2.20312 -0.307505   8.98852
1.77709e+09  -0.0048481   0.847029  -0.341906   2.14218 -0.223664   9.14188
1.77709e+09  0.000624812    0.847302   -0.333262   2.03084 -0.361928   8.74776
1.77709e+09  -0.0152722   0.856413  -0.351772   1.88507 -0.182086   9.12846
1.77709e+09  -0.0319258   0.865476  -0.347898   1.61892 -0.185453   9.16259
1.77709e+09  -0.0223286   0.879031  -0.345507    1.7322 -0.155184   8.93869
1.77709e+09  -0.0237143   0.885225  -0.351167   1.62165 0.0149118   9.27406
1.77709e+09  -0.0383151   0.899001  -0.353817    1.39962 -0.0243273    9.28964
1.77709e+09  -0.0348745   0.909734  -0.333159    1.81163 -0.0623528    8.98153
1.77709e+09  -0.0364091   0.917341  -0.328079    1.76323 -0.0113839    8.79677
1.77709e+09  -0.0361199   0.910419  -0.324276   1.49217 -0.147952   9.06013
1.77709e+09  -0.0253363   0.920686  -0.297482   1.61015 -0.210719   8.60423
1.77709e+09  -0.0360773    0.91113  -0.291902    1.38819 0.00802024    9.45316
1.77709e+09  -0.0177141   0.908859  -0.271922   1.25587 -0.121572   9.13411
1.77709e+09  -0.00133883    0.912929   -0.241956    1.45637 -0.0661327    8.94087
1.77709e+09  0.00370641   0.905096  -0.221009     1.5374 -0.0957347    8.60809
1.77709e+09  0.0209598  0.905906 -0.198058   1.34737 0.0207778   8.95239
1.77709e+09  0.0259773  0.892114 -0.188187  0.972808 -0.172487   8.80931
1.77709e+09  0.0478367  0.897507 -0.185707   0.842778 -0.0185948    9.17925
1.77709e+09  0.0461144  0.899457 -0.172694   0.851058 -0.0747524    8.90084
1.77709e+09  0.0377542    0.9011  -0.17007 0.830412  0.17857  9.30954
1.77709e+09  0.0473774  0.925597 -0.153688 0.900299 0.070375  8.88744
1.77709e+09  0.0607294  0.921505  -0.14884 0.608145 0.100152  9.16352
1.77709e+09  0.0667998  0.910969 -0.140143    0.729739 -0.00939902     8.74206
1.77709e+09  0.0879081  0.919497 -0.137057  0.640156 -0.032006   8.72097
1.77709e+09   0.118607  0.921999 -0.123223 0.411096 0.121836  9.09874
1.77709e+09   0.135517  0.915196 -0.138067  0.316989 -0.220981   8.62906
1.77709e+09    0.15427  0.919956 -0.133883   0.142894 -0.0261019    8.95185
1.77709e+09   0.160714  0.906537 -0.114912 0.316678 0.079331  9.00024
1.77709e+09  0.181799 0.909503 -0.11515 0.266013 0.243715  9.27553
1.77709e+09   0.170448  0.903854 -0.110189 0.0930829  0.187486   9.24863
1.77709e+09     0.17196   0.912011 -0.0995581  0.301791 0.0785164    8.8946
1.77709e+09    0.191202   0.897838 -0.0973514 0.0103633 -0.124284   8.74009
1.77709e+09    0.198853   0.900613 -0.0683355   0.148309 -0.0505425    8.81244
1.77709e+09    0.201386   0.894386 -0.0618071 -0.0490279 -0.0698066    8.84362
1.77709e+09    0.226739   0.891439 -0.0592265 -0.0542289  0.0923322    9.06353
1.77709e+09    0.213348   0.879385 -0.0430824 -0.162342 0.0824219   9.04407
1.77709e+09    0.210067   0.882029 -0.0283742 -0.113991  0.256198   9.12694
1.77709e+09  0.205744 0.879195 -0.02581 -0.229517  0.139065   8.81866
1.77709e+09    0.165909   0.869779 -0.0311401 -0.390455  0.217736   9.05746
1.77709e+09    0.157253    0.85357 -0.0430315 -0.490939  0.268941    9.2385
1.77709e+09    0.144345   0.861953 -0.0268765 -0.299007  0.175244   8.62943
1.77709e+09    0.140624   0.871877 -0.0393821 -0.502774  0.232209   8.95677
1.77709e+09    0.145337    0.87367 -0.0497791 -0.545825  0.137273   8.67799
1.77709e+09    0.134472   0.891199 -0.0600784 -0.76817  0.20021  9.04004
1.77709e+09    0.115459   0.944433 -0.0882901 -0.777612  0.363034   9.12191
1.77709e+09     0.11478   0.949156 -0.0996623 -0.949866  0.115537   8.73856
1.77709e+09  0.0994696  0.987885 -0.125606 -0.756159  0.169526   8.68452
1.77709e+09  0.0502046  0.996562 -0.163294 -0.804934  0.189375   8.64638
1.77709e+09  0.0342197   1.00628 -0.187702 -1.22282 0.290366  9.11546
1.77709e+09  -0.00416251      1.0052   -0.201789 -0.973985  0.158838   8.99136
1.77709e+09  -0.040912   1.00702 -0.216588 -0.915929  0.417421   9.05263
1.77709e+09  -0.0748762    1.01032  -0.224999 -0.86264 0.360028  9.01318
1.77709e+09  -0.105816   0.99941 -0.242301  -1.03416 0.0973656   8.57966
1.77709e+09  -0.156423   1.00139 -0.266432 -1.2831 0.27414  9.1255
1.77709e+09  -0.170872  0.993491 -0.262261 -1.08244 0.227997   8.5615
1.77709e+09   -0.21704   0.99471 -0.241178  -1.1872 0.341044  8.86467
1.77709e+09  -0.215525   1.00203  -0.22779 -1.19823 0.143203  8.52192
1.77709e+09  -0.224882    1.0175 -0.245972 -1.40845 0.119531  8.78466
1.77709e+09  -0.236485   1.02718 -0.209561    -1.5366 -0.0448273    8.44545
1.77709e+09  -0.225315   1.04989 -0.202566  -1.68403 0.0586131   8.62727
1.77709e+09  -0.214934   1.05902 -0.190903 -1.86746 0.160869  8.91971
1.77709e+09  -0.215884   1.08213 -0.174668 -1.61435 0.209981  8.82237
1.77709e+09  -0.203767   1.08521 -0.140189 -1.96581 0.218043  8.86259
1.77709e+09  -0.199873   1.10035 -0.137841 -1.68356 0.119903   8.6084
1.77709e+09  -0.198698   1.09677 -0.139323  -1.96991 0.0543519   8.56688
1.77709e+09  -0.175547     1.105 -0.104276    -1.85556 0.000540596      8.5345
1.77709e+09    -0.16401    1.10132 -0.0975097   -2.07826 -0.0443922    8.76277
1.77709e+09    -0.16617    1.10103 -0.0875591  -1.90708 0.0354402   8.90858
1.77709e+09   -0.140697    1.08162 -0.0619237   -1.91808 -0.0276547    8.76961
1.77709e+09   -0.126616    1.07529 -0.0344481    -1.59995 -0.00774132     8.79399
1.77709e+09   -0.116245    1.04761 -0.0207938  -1.71588 -0.214632   8.41911
1.77709e+09   -0.0776952     1.03343 -0.00455732  -1.56466 -0.262277    8.1791
1.77709e+09  -0.0634483    1.02639  0.0152686   -1.95284 -0.0198823     8.8909
1.77709e+09  -0.0366819    1.01735  0.0371725  -2.24338 -0.218618   8.50286
1.77709e+09  -0.0176955    1.02279  0.0796665  -2.29534 0.0802955   8.70012
1.77709e+09  0.00482163    1.02429  0.0875891   -2.25644 -0.0359999    8.30773
1.77709e+09  0.0080623   1.04325  0.118021 -2.68048   0.2271  8.79655
1.77709e+09  0.0452562   1.05702  0.130031  -2.80439 0.0344549   8.30106
1.77709e+09  0.0391788   1.07511  0.144076  -2.96943 0.0463082    8.5654
1.77709e+09  0.0451003   1.11835  0.172629  -2.92842 0.0483581   8.27747
1.77709e+09  0.0625118   1.13191  0.168904 -3.16945 0.114296  8.61902
1.77709e+09  0.0573768   1.16423  0.191697  -3.11819 0.0998933   8.60404
1.77709e+09  0.0663711   1.20835  0.217239   -3.25475 -0.0450257    8.31279
1.77709e+09  0.059377  1.21938 0.243318  -3.01532 0.0913898   8.44078
1.77709e+09  0.0698308   1.25101  0.258407  -3.07181 0.0522367   8.34815
1.77709e+09  0.0754275   1.29264  0.253801  -3.28221 0.0748276   8.68454
1.77709e+09  0.0814484   1.28457  0.245629  -3.54535 -0.287412   8.19511
1.77709e+09  0.0823111   1.30511  0.249417  -3.54104 -0.206934   8.28858
1.77709e+09  0.0746289   1.31304  0.250948  -3.36232 0.0250917    8.5732
1.77709e+09  0.0639116   1.30446  0.208172  -3.63801 -0.350619   8.23203
1.77709e+09  0.0599336   1.31657  0.213079   -3.34938 -0.0575716    8.53144
1.77709e+09  0.0718578   1.29972  0.195888   -3.5978 -0.366787   8.00101
1.77709e+09  0.0363189   1.28782  0.175657    -3.50592 -0.00911992     8.31088
1.77709e+09  0.0475857   1.28679  0.181305 -3.77247  -0.1444   8.1603
1.77709e+09  0.0368732   1.27662  0.154494  -3.83783 0.0686224   8.70914
1.77709e+09  0.0419937   1.25688  0.153074   -3.95819 -0.0892595    8.24205
1.77709e+09   0.04184  1.26111 0.141348 -3.84924 0.168279  8.58713
1.77709e+09  0.0195532     1.237  0.135265  -3.88096 0.0628772   8.42767
1.77709e+09  -0.00294867     1.20983    0.123511   -3.92615 -0.0910564     8.0791
1.77709e+09  -0.00173697     1.20369    0.121983   -3.88528 -0.0531028    7.85144
1.77709e+09  -0.0049885    1.17443   0.101723 -3.99027 0.125207  8.33757
1.77709e+09  0.0220919   1.15717 0.0786192  -4.07154 0.0268488   8.26321
1.77709e+09  0.0166119   1.13813 0.0564206   -4.20645 -0.0444556    8.28282
1.77709e+09  0.0267786   1.12459   0.05188  -4.17329 0.0539317   8.41352
1.77709e+09   0.0197227    1.08741 0.00750243   -4.02764 -0.0754617    8.03382
1.77709e+09   0.0198213    1.06299 -0.0124137  -4.04169 -0.263684   7.88751
1.77709e+09   0.0362925    1.04482 -0.0328709  -4.11498 0.0879597   8.49268
1.77709e+09   0.0203099    1.03268 -0.0345274   -3.9444 0.0552816   8.30266
1.77709e+09   0.0107516    1.01607 -0.0459184  -3.96593 0.0802897   8.08608
1.77709e+09   0.0169997   0.987581 -0.0593675     -4.207 -0.0548468    8.11324
1.77709e+09  0.00434229   0.966272 -0.0547459   -4.02095 -0.0543675    8.06204
1.77709e+09  0.000509839    0.938053  -0.0554961    -4.0354 -0.0703742    7.80304
1.77709e+09  0.00860394   0.948316 -0.0729602  -4.3542 0.162393  8.53375
1.77709e+09  -0.00665595    0.917466  -0.0751389   -4.56905 -0.0497632    8.08559
1.77709e+09  -0.0130567    0.91171  -0.094256   -4.87529 -0.0678694    7.89948
1.77709e+09  -0.0120924   0.935506 -0.0594067 -4.65431 0.152512  8.03228
1.77709e+09  -0.0180545   0.934549  -0.072902   -4.84214 -0.0537963    7.81478
1.77709e+09  -0.0214142   0.954637 -0.0769229   -4.9887 0.0116076   8.02161
1.77709e+09   -0.030843   0.970303 -0.0796346   -5.0902 0.0960065   8.14592
1.77709e+09  -0.0357847   0.992183 -0.0972669    -4.91242 0.000761654     7.82079
1.77709e+09      -0.029    1.01765 -0.0879676  -4.96843 0.0693847   8.13111
1.77709e+09  -0.0621045    1.01418 -0.0845082    -4.70305 -0.00968246     7.69051
1.77709e+09  -0.0576707     1.0334 -0.0990706   -4.75357 -0.0192045    7.88788
1.77709e+09  -0.0454716    1.04648  -0.101566  -4.97233 -0.174262   7.65007
1.77709e+09  -0.0600081     1.0604  -0.114641  -4.96461 0.0478388   8.00007
1.77709e+09  -0.0709277    1.06633  -0.110314    -5.0767 -0.0699589    7.57087
1.77709e+09  -0.0628839    1.07608  -0.118672   -5.3444 -0.126768   7.72789
1.77709e+09  -0.0674234    1.08699  -0.131107   -5.55727 -0.0104954    7.78698
1.77709e+09  -0.0757626    1.09757  -0.117815 -5.28494 0.140128  7.82494
1.77709e+09  -0.0802682    1.12216  -0.129527 -5.6457 0.19433 8.08651
1.77709e+09  -0.0761089    1.13623  -0.126665 -5.63939 0.034404  7.82389
1.77709e+09  -0.0789541    1.14328   -0.11035  -5.4971 0.129155  7.63422
1.77709e+09  -0.0738212    1.16209  -0.116755  -5.78498 -0.169828   7.43244
1.77709e+09  -0.0852448    1.15901 -0.0897359    -5.6997 0.00124865    7.37077
1.77709e+09  -0.0775058    1.15629 -0.0940367 -5.80198 -0.18085  7.38084
1.77709e+09  -0.0875192    1.15825 -0.0824296   -5.79518 -0.0294384     7.6266
1.77709e+09  -0.0984217    1.14076 -0.0657652  -5.76088 -0.268577   7.41476
1.77709e+09   -0.102139    1.12534 -0.0568954  -5.85027 -0.112365   7.65583
1.77709e+09   -0.103189    1.11864 -0.0586371   -5.85091 -0.0334243     7.8192
1.77709e+09   -0.106439    1.10185 -0.0524966  -5.69965 -0.182411   7.32382
1.77709e+09   -0.105558    1.09155 -0.0693572   -5.99719 -0.0485489    7.75919
1.77709e+09  -0.105918   1.09217 -0.102352  -6.38242 -0.164815   7.76605
1.77709e+09   -0.093807    1.07996 -0.0853812  -6.08068 -0.395577   7.20269
1.77709e+09  -0.0847556    1.10317 -0.0975184  -6.28932 -0.267371   7.15944
1.77709e+09  -0.0769374    1.09704  -0.117556  -6.50806 -0.203904   7.44777
1.77709e+09  -0.0604208    1.10273  -0.121453  -6.41869 -0.027883   7.46747
1.77709e+09  -0.069935   1.10495 -0.135467 -6.53508 0.115278  7.76757
1.77709e+09  -0.0303295     1.1046  -0.145087  -6.75546 -0.126399   7.51076
1.77709e+09  -0.044879   1.09867 -0.126791  -6.34611 -0.154332   7.17905
1.77709e+09  -0.0172091    1.10317  -0.115871  -6.53435 -0.353408   6.91013
1.77709e+09  -0.0217214    1.08176  -0.109402  -6.59519 -0.130594   7.25421
1.77709e+09  -0.0146544    1.07386  -0.108769  -6.90169 -0.414542   6.92485
1.77709e+09  -0.0039986    1.05328  -0.103566  -6.85036 -0.329984   7.12451
1.77709e+09  -0.00950163     1.04033  -0.0703865   -6.83727 -0.0690498    7.33754
1.77709e+09  -0.0186177    1.02351 -0.0658681  -6.59666 -0.185845   6.94962
1.77709e+09  -0.00989097     1.00022  -0.0580278   -6.83023 -0.0512288    7.33221
1.77709e+09  0.00166303   0.989218 -0.0521535  -6.91782 -0.193032   7.04048
1.77709e+09  -0.00175938    0.980944  -0.0548734  -7.01568 -0.296156   7.09484
1.77709e+09   0.0234742   0.959883 -0.0458922  -7.37895 -0.268611   7.08986
1.77709e+09   0.0110292   0.963945 -0.0417974  -7.33925 -0.348232   6.84115
1.77709e+09   0.0249398   0.973532 -0.0409639  -7.45723 -0.221377   7.05929
1.77709e+09   0.0151755   0.981633 -0.0322415  -7.32965 -0.332294   6.81452
1.77709e+09   0.0329112    1.01279 -0.0183523  -7.68983 -0.188739   7.22019
1.77709e+09   0.0332349     1.0312 -0.0225857   -7.6194 -0.497459   6.59742
1.77709e+09   0.0540959     1.0392 0.00403121  -7.84262 -0.383506   6.68701
1.77709e+09  0.0581745   1.08836 0.0583318  -7.49919 0.0663408    7.1007
1.77709e+09  0.0570272   1.09184 0.0600137  -7.65877 -0.346071   6.55053
1.77709e+09  0.0545908   1.12246  0.114308    -7.45891 -0.00378445     6.76569
1.77709e+09  0.0563641    1.1254  0.121603  -7.63787 -0.270663   6.53593
1.77709e+09  0.050848  1.14392 0.140909   -7.73569 -0.0518642    6.82749
1.77709e+09  0.0514672   1.14823  0.170136 -7.52201 0.105484  6.61955
1.77709e+09  0.0535407   1.17446  0.179655  -7.75822 0.0975355   6.69133
1.77709e+09  0.051059  1.18897 0.194045  -7.76306 0.0854227   6.52181
1.77709e+09  0.0504942   1.23723  0.157294 -8.19656 0.246434  6.94409
1.77709e+09  0.0627083   1.23419  0.156219 -8.33665 -0.14151  6.26284
1.77709e+09  0.0491519   1.27101  0.143572   -8.32564 -0.0411119    6.20187
1.77709e+09  0.072252  1.28198 0.126019   -8.30569 -0.0674117    6.13022
1.77709e+09  0.0580313   1.28304  0.102275 -8.39633 0.145209  6.59295
1.77709e+09  0.0676292   1.29027 0.0801526  -8.2063 0.287174  6.51725
1.77709e+09  0.0555355   1.27738 0.0554919 -8.29156 0.220787  6.88572
1.77709e+09  0.0427625   1.27453 0.0594148    -8.11878 -0.00950195     6.28742
1.77709e+09  0.0346537   1.25264 0.0499997 -7.97187 0.216038   6.5796
1.77709e+09  0.0338312   1.22114 0.0537193 -8.28262 0.128593  6.44585
1.77709e+09  0.0100836   1.18548 0.0564823   -8.26757 -0.0190181    6.25531
1.77709e+09  0.0279476   1.16957 0.0454985 -8.40361  0.35362  6.83781
1.77709e+09  0.0224861   1.12321 0.0483443 -8.65375 0.219774    6.739
1.77709e+09  0.00838226     1.0785  0.0579874 -8.59113 0.400358  6.95167
1.77709e+09  0.0106349   1.05441 0.0578486  -8.47989 0.0408786   6.32856
1.77709e+09  0.00702057    1.03097  0.0540925  -8.63296 0.0600351   6.51449
1.77709e+09  0.00300475   0.990579   0.037371  -8.87626 -0.166667   6.42807
1.77709e+09  -0.0015096   0.949684  0.0437772   -8.69955 -0.0378844    6.31793
1.77709e+09  -0.0215014   0.931323  0.0151943   -8.89443 -0.0910994    6.56888
1.77709e+09  -0.00944525    0.909183   0.0169236   -9.11072 -0.0823842    6.64047
1.77709e+09  -0.0160371    0.89119  0.0108554  -8.74829 -0.037178   6.44734
1.77709e+09  -0.0232907   0.875552 0.00686876 -8.80153  0.04432  6.67045
1.77709e+09  -0.0383612   0.847493 0.00353736  -8.80628 -0.108827   6.31891
1.77709e+09  -0.00388329    0.845326 -0.00943804  -9.06159 -0.261625   6.26483
1.77709e+09   -0.0220258    0.824564 -0.00352427  -8.92569 -0.093663   6.40669
1.77709e+09  -0.00838445    0.801153 -0.00494532   -9.1962 -0.237447   6.27447
1.77709e+09  -0.00439884    0.789054  -0.0229029  -9.23533 -0.194541   6.47278
1.77709e+09   -0.0132921    0.771147 0.000346982  -8.94621 -0.203898   6.15704
1.77709e+09  -0.00776226    0.762175 -0.00964986 -9.10275 -0.25418  6.02033
1.77709e+09  0.00442884   0.741587  0.0185518  -9.03661 0.0228048   6.31964
1.77709e+09  -0.00514102    0.726119   0.0150846   -9.12311 -0.0891883    6.08539
1.77709e+09  -0.00272183    0.718991   0.0344212  -8.96898 -0.212479   5.87676
1.77709e+09  -0.00753814     0.70439   0.0305296  -8.97039 0.0370424   6.07636
1.77709e+09  -0.000634843     0.689401    0.0269642   -9.24067 -0.0579201    6.05322
1.77709e+09  -0.0051665   0.680702  0.0176022 -9.36625 0.125584  6.45991
1.77709e+09  -0.00421303     0.65758   0.0344517  -9.45619 -0.248308   5.96483
1.77709e+09  0.00765612   0.654537  0.0418188  -9.30382 0.0405163   6.34646
1.77709e+09  -0.00748671    0.649601     0.06275 -9.12538 -0.11917  5.97589
1.77709e+09   0.018888  0.630483 0.0539546   -9.39365 0.00586158    6.35105
1.77709e+09  0.0149705  0.620222 0.0545162 -9.28515 0.161473  6.47846
1.77709e+09  0.0331023  0.601254  0.076038 -9.27582 -0.15946  5.86868
1.77709e+09  0.0130273  0.582065 0.0524293   -9.38807 -0.0596217    6.13622
1.77709e+09  0.0265589  0.567958  0.056726  -9.57472 -0.005026   6.14086
1.77709e+09  0.0353232  0.544938 0.0500673  -9.33161 0.0236424   5.90989
1.77709e+09  0.0242712   0.54602 0.0543649  -9.29626 -0.151015   5.76779
1.77709e+09  0.0286647   0.52437 0.0449892 -9.37993 0.162655   6.2307
1.77709e+09   0.025095  0.519279 0.0317642  -9.57895 0.0784083   6.22382
1.77709e+09  0.026214 0.511577  0.03321 -9.42227 0.190684  6.20474
1.77709e+09  0.0413632   0.50458 0.0356153   -9.38355 -0.0755485    5.66404
1.77709e+09  0.0414532  0.505269 0.0335276 -9.50466 0.152859  6.06149
1.77709e+09  0.0322466  0.511707 0.0319933 -9.20489 0.142382    5.873
1.77709e+09  0.0287982  0.523708 0.0462278  -9.23187 0.0986599   5.71767
1.77709e+09  0.0399039  0.543076 0.0123931 -9.54631 0.305731  6.08392
1.77709e+09    0.0323795    0.563568 -0.00718452 -9.56841 0.411077  6.26639
1.77709e+09   0.0457451   0.565619 -0.0157336  -9.61831 0.0118659   5.50131
1.77709e+09   0.0378885   0.583044 -0.0236924 -9.72082 0.192727  5.84096
1.77709e+09   0.0460855   0.592832 -0.0425441 -9.88599 0.111597  5.81794
1.77709e+09   0.0246958   0.590099 -0.0538073  -9.81498 0.0956212   5.50328
1.77709e+09   0.0169577   0.587395 -0.0439817 -9.47349 0.351799  5.89962
1.77709e+09    0.026904    0.58818 -0.0484653 -9.62906 0.111618  5.60662
1.77709e+09  9.66902e-05     0.57506  -0.0452303 -9.53427 0.231523  5.90433
1.77709e+09  -0.0110015   0.547283 -0.0321202  -9.54054 0.0154459    5.6534
1.77709e+09  -0.00874357    0.531539  -0.0233589  -9.41195 0.0115081   5.50978
1.77709e+09  -0.00741686    0.505576 -0.00285266  -9.60067 0.0815963   5.98177
1.77709e+09   -0.0177309    0.491402 -0.00287516 -9.83034 -0.21162  5.62745
1.77709e+09  -0.000904441     0.469521    0.0165086   -9.7474 -0.107189   5.68608
1.77709e+09  -0.0141659    0.45614  0.0150954   -9.83817 -0.0276859    5.92864
1.77709e+09  -0.0175824   0.437419  0.0231147  -9.76461 0.0607912    5.8631
1.77709e+09  -0.0152097   0.415253  0.0306664 -9.90759  0.11328  5.92054
1.77709e+09  -0.0326857   0.389553  0.0296583  -9.81196 0.0580574   5.69772
1.77709e+09  -0.030704  0.377703 0.0147706   -9.99152 -0.0986625    5.59342
1.77709e+09  -0.0259304   0.358886  0.0270215   -9.92784 -0.0503147    5.38513
1.77709e+09  -0.0256489   0.341159  0.0230451   -10.0302 -0.0441232    5.51245
1.77709e+09  -0.0090502   0.328195 0.00407344  -10.2294 0.0124112   5.75397
1.77709e+09    -0.007277    0.318313 -0.00225376  -10.3552 -0.162111   5.69049
1.77709e+09  -0.0148567   0.304953  0.0180329  -10.091 0.306326  5.95314
1.77709e+09  -0.0015441   0.292144  0.0226884   -10.1941 -0.0340488    5.67532
1.77709e+09  -0.0173021   0.271006  0.0185258   -10.0962 -0.0273887    5.48513
1.77709e+09  -0.0225685   0.247775  0.0188043 -10.1342 0.112106  5.93503
1.77709e+09  -0.022578  0.227851 0.0164246    -10.2856 -0.00307253     5.66683
1.77709e+09  -0.0192687   0.203334  0.0230286   -10.2847 -0.0894048    5.62148
1.77709e+09  -0.0399595   0.181007  0.0153418 -10.3453 0.228804  6.11768
1.77709e+09  -0.0386242   0.166353  0.0225693 -10.3203   0.1021  5.82531
1.77709e+09  -0.0436947   0.142419  0.0182185 -10.1253 0.134918   5.6817
1.77709e+09  -0.0541452   0.109398  0.0107067  -10.274 0.264145  6.03022
1.77709e+09   -0.0512564   0.0820402 -0.00675661  -10.4529 0.0542297   5.74208
1.77709e+09  -0.0567708  0.0631553 -0.0103981 -10.6119  0.13641  6.00903
1.77709e+09    -0.069261   0.0365448 -0.00133937 -10.3031 0.131023  5.70016
1.77709e+09  -0.0499711  0.0285838 -0.0303729  -10.5203 0.0941381    5.8695
1.77709e+09  -0.0798461 -0.0104141 -0.0407768   -10.3661 -0.0957178    5.44174
1.77709e+09  -0.0783041 -0.0148006 -0.0445029   -10.4116 -0.0423179    5.62074
1.77709e+09  -0.0771036 -0.0338131   -0.06217  -10.5907 0.0144969   5.89548
1.77709e+09  -0.0957039 -0.0485574  -0.079133  -10.6618 0.0569453   5.97599
1.77709e+09   -0.106874 -0.0492878 -0.0790545  -10.3305 0.0646399   5.81689
1.77709e+09   -0.115419 -0.0703704 -0.0954046 -10.2903 0.217109  6.15016
1.77709e+09   -0.136724 -0.0906654  -0.105113 -10.2538 0.147154  5.78072
1.77709e+09  -0.117383 -0.105505 -0.126307   -10.5141 -0.0343994    5.72893
1.77709e+09  -0.132448 -0.134227 -0.136522  -10.534 -0.14104   5.4537
1.77709e+09  -0.123854 -0.150872 -0.164364  -10.6477 -0.116858   5.65892
1.77709e+09  -0.124977 -0.163717 -0.166566 -10.4292 0.169546   5.8668
1.77709e+09  -0.117394 -0.182466 -0.175662 -10.3858 0.241834  6.08558
1.77709e+09  -0.130874 -0.212952   -0.1699  -10.4037 -0.021695   5.55407
1.77709e+09  -0.126513 -0.268402 -0.176665  -10.516 0.131897  6.07949
1.77709e+09  -0.122839 -0.280629 -0.164494  -10.228 0.163574  5.69863
1.77709e+09  -0.132653 -0.316492 -0.161732 -10.2653 0.217321   6.0148
1.77709e+09  -0.130558 -0.333137 -0.164573   -10.337 0.0138486   5.66552
1.77709e+09  -0.134912 -0.364177 -0.164504   -10.4488 -0.0130026    5.90713
1.77709e+09  -0.128527 -0.405749 -0.133979  -10.2939 -0.194156   5.43278
1.77709e+09  -0.126272 -0.430353 -0.109398 -10.1721 -0.27304  5.54207
1.77709e+09  -0.118597 -0.452223 -0.106951   -10.2691 -0.0255835    5.94733
1.77709e+09   -0.115112  -0.476293 -0.0697149  -10.2348 0.0752956   6.22324
1.77709e+09  -0.0962457  -0.491811 -0.0430824   -10.2718 -0.0311679    6.07354
1.77709e+09   -0.101835  -0.507349 -0.0201099  -10.0659 -0.154419   5.78651
1.77709e+09   -0.0859653   -0.530062 -0.00250068  -10.3482 -0.391162    5.6602
1.77709e+09  -0.0883694  -0.548973  0.0288036  -10.0109 -0.255053   5.52162
1.77709e+09  -0.0795302  -0.577851  0.0394041   -10.191 -0.181615   5.73469
1.77709e+09  -0.0753246  -0.596025  0.0368671  -10.2623 -0.348129   5.72034
1.77709e+09  -0.0861859  -0.602055  0.0639538   -9.93732 -0.0219693    5.91479
1.77709e+09  -0.0701937  -0.625652  0.0541971  -10.0633 -0.248293   5.59199
1.77709e+09  -0.0646781  -0.647785  0.0639976   -9.81019 -0.0315792     5.8015
1.77709e+09  -0.0545725  -0.663107  0.0558523  -9.81989 -0.121349   5.74302
1.77709e+09  -0.0368499  -0.676605  0.0367332  -9.87362 -0.262249   5.69274
1.77709e+09  -0.0319088  -0.691667   0.026863  -10.0355 -0.291916   5.69881
1.77709e+09  -0.0269657  -0.699442  0.0179169  -9.87428 -0.156229   5.77072
1.77709e+09  -0.021738 -0.713841  0.012325   -9.85618 -0.0111977    6.05562
1.77709e+09   -0.0146897   -0.722283 -0.00162172 -9.73782 0.153023  6.12412
1.77709e+09   -0.0166774   -0.734193 -0.00198583   -9.81977 -0.0922894    5.55876
1.77709e+09  -0.0102035   -0.73583 -0.0112451    -9.8266 -0.0104989     5.9419
1.77709e+09  0.00353732  -0.761163 -0.0252417  -9.8368 -0.18455  5.50918
1.77709e+09  0.00100441  -0.769918 -0.0209942   -9.63529 -0.0702633    5.75583
1.77709e+09  -0.00326296    -0.78024  -0.0319294 -9.74344  0.17802  6.10824
1.77709e+09  -0.0132481  -0.785669 -0.0380084  -9.6396 0.191522  6.32283
1.77709e+09  -0.0172443  -0.804864 -0.0336058   -9.44541 -0.0796989    5.63374
1.77709e+09  -0.00726064   -0.814759  -0.0400822  -9.65843 -0.101329   5.87294
1.77709e+09  0.00464584  -0.838469 -0.0464824  -9.36961 -0.128126   5.53435
1.77709e+09  0.00432725   -0.83894  -0.034292   -9.53394 -0.0846509    5.93855
1.77709e+09  -0.0139886  -0.850806 -0.0420978  -9.40364 0.0633468   6.05694
1.77709e+09    0.012336  -0.875681 -0.0396595   -9.53831 -0.0861213    6.10172
1.77709e+09   0.0119679  -0.887487 -0.0429462  -9.24161 0.0141654   5.89417
1.77709e+09  0.00344121   -0.91593 -0.0320502  -9.31681 -0.178515   5.70105
1.77709e+09  0.00481709  -0.922321 -0.0315538   -9.14512 -0.0188003    5.86292
1.77709e+09  0.00617572  -0.937297 -0.0305886 -9.32306 -0.13822  5.92444
1.77709e+09   0.0107815  -0.946547 -0.0316705  -9.32782 0.0103751   6.23428
1.77709e+09  0.00187391  -0.960369 -0.0291572  -9.29392 -0.237628   5.96406
1.77709e+09  -0.00068931   -0.988105  -0.0343026  -9.23887 -0.131825   6.04933
1.77709e+09  -0.00906038   -0.997274  -0.0226734   -9.06583 -0.0291636    6.24834
1.77709e+09  -0.00431456    -1.02071  -0.0161566   -8.86593 -0.0193967    6.25082
1.77709e+09  -0.00542941    -1.02444  -0.0232912   -8.83317 -0.0797174    6.20345
1.77709e+09  -0.00818232    -1.04188   -0.029796  -8.91894 -0.286825   5.86182
1.77709e+09   0.0109185   -1.05378 -0.0289016  -8.99949 -0.382558   5.70959
1.77709e+09  0.00651475   -1.07497 -0.0494247  -8.88483 -0.310939   5.86001
1.77709e+09  0.00346773   -1.09036 -0.0444134  -8.92022 -0.113871   6.23772
1.77709e+09   -0.005215   -1.10036 -0.0801784  -8.90552 -0.105183   6.43809
1.77709e+09  -0.0169214   -1.11446  -0.107644  -9.06446 -0.117485   6.23559
1.77709e+09  -0.00726491    -1.12083   -0.136554   -9.1425 -0.557687   5.55038
1.77709e+09  -0.00615768    -1.12136   -0.193393   -9.2283 -0.363691   5.88643
1.77709e+09  -0.0178511    -1.1058  -0.240622  -9.31501 -0.367954   6.20975
1.77709e+09  -0.0087925   -1.11588   -0.29938  -9.27002 -0.289679   6.33609
1.77709e+09  -0.0204293   -1.11281  -0.305856  -8.77097 -0.276975   6.13248
1.77709e+09  -0.0166883   -1.13214   -0.38829    -8.693 -0.413136   6.17991
1.77709e+09  -0.0603594   -1.14101  -0.389397  -8.42614 -0.155806   6.67013
1.77709e+09  -0.0657663   -1.17183  -0.407224  -8.41134 -0.203136    6.5682
1.77709e+09  -0.0657818   -1.18482  -0.410688  -8.10813 -0.170978   6.59081
1.77709e+09  -0.0898152   -1.21524  -0.399495  -8.17009 -0.211903   6.38244
1.77709e+09  -0.0891084   -1.25249  -0.389308  -8.07841 -0.191752   6.51181
1.77709e+09  -0.0823623   -1.26638   -0.38774  -8.20971 -0.265019    6.4842
1.77709e+09  -0.100911  -1.28248 -0.382352  -8.15947 -0.189025    6.7428
1.77709e+09  -0.110409  -1.30791 -0.354178  -8.14408 -0.130383   6.97973
1.77709e+09  -0.119789  -1.36172 -0.327763  -7.89837 -0.380078   6.61508
1.77709e+09  -0.126036  -1.38535  -0.30144  -7.74791 -0.157672   6.89213
1.77709e+09  -0.124025  -1.39305 -0.296119 -7.78525 -0.50155  6.44934
1.77709e+09  -0.129485  -1.43626 -0.246621  -7.69893 -0.257755   6.80745
1.77709e+09  -0.139179  -1.46246 -0.248958  -7.62953 -0.601535   6.37592
1.77709e+09  -0.124682  -1.47705 -0.221776  -7.79603 -0.291398   6.82293
1.77709e+09  -0.129191   -1.5035 -0.175958 -7.31041 -0.15007  6.85203
1.77709e+09  -0.111566  -1.52313 -0.182943  -7.44588 -0.450132    6.6133
1.77709e+09   -0.10811  -1.52828 -0.165443  -7.52364 -0.304457   6.98025
1.77709e+09  -0.0987806    -1.5408  -0.150826  -7.51254 -0.415707    6.8694
1.77709e+09  -0.103103  -1.56091 -0.135195  -7.32505 -0.267845   7.14859
1.77709e+09  -0.103448   -1.5678 -0.122626  -6.95273 -0.269474   6.69784
1.77709e+09  -0.0840586   -1.58302   -0.09962  -6.80393 -0.198537   7.18016
1.77709e+09  -0.0819006   -1.59859 -0.0880944  -6.82135 -0.360673   6.69523
1.77709e+09  -0.0543737   -1.59426 -0.0780031  -6.90389 -0.318813   6.91469
1.77709e+09  -0.0444918   -1.61124 -0.0510035  -6.60192 -0.387401   6.70104
1.77709e+09  -0.0409117   -1.60772 -0.0545605  -6.77026 -0.367278   7.05342
1.77709e+09  -0.0183725   -1.59964 -0.0241126 -6.56153 -0.34813  6.98683
1.77709e+09  -1.36519e-05     -1.60329  -0.00145526 -6.45454 -0.57603  6.71912
1.77709e+09  -0.00685681    -1.58126   0.0058318  -6.13489 -0.328288   6.91372
1.77709e+09  0.0167146  -1.56387 0.0209688  -6.09639 -0.464971   6.91435
1.77709e+09  0.0256841  -1.56691 0.0208711  -6.11438 -0.542205   6.76244
1.77709e+09  0.0573487  -1.54265 0.0313512  -5.92054 -0.756975   6.58025
1.77709e+09  0.0473993  -1.53407  0.055544  -5.82258 -0.279901   7.23813
1.77709e+09  0.0840808  -1.49804 0.0576432  -5.68484 -0.551299   6.81103
1.77709e+09  0.0760902  -1.48807 0.0665711  -5.51405 -0.116363   7.40431
1.77709e+09  0.0969767  -1.46792 0.0753312  -5.37154 -0.216101   7.33176
1.77709e+09   0.103365  -1.44304 0.0843803  -5.35661 -0.432031   6.98105
1.77709e+09  0.0878173  -1.42481 0.0910122  -5.26807 -0.530382   6.79803
1.77709e+09   0.102522   -1.4086 0.0934275  -5.46615 -0.343978    7.3814
1.77709e+09  0.0840018  -1.34333  0.114774   -5.2044 -0.325988   7.29483
1.77709e+09  0.0943281   -1.3299  0.135289  -5.31744 -0.571235   7.04109
1.77709e+09  0.0988793  -1.26144  0.164896  -5.27115 -0.408558   7.61033
1.77709e+09  0.0927886    -1.257  0.169271  -5.11626 -0.502288   7.12672
1.77709e+09  0.0987391   -1.2222  0.178314 -4.94624 -0.35939  7.34179
1.77709e+09  0.0941676   -1.1946  0.190869  -4.98313 -0.319306   7.43799
1.77709e+09  0.0877571  -1.18961  0.201232  -4.96055 -0.521216   7.05013
1.77709e+09  0.0862951  -1.18672  0.197243  -4.95517 -0.341571   7.27957
1.77709e+09  0.0738168  -1.19136  0.193577  -4.94146 -0.247543   7.57748
1.77709e+09  0.0950526  -1.19171  0.181245  -4.88092 -0.161784   7.87332
1.77709e+09  0.0681005  -1.18908  0.198912  -4.54282 -0.371857   7.32006
1.77709e+09  0.0611324  -1.21427  0.177459  -4.48717 -0.140741   7.78525
1.77709e+09  0.0573335  -1.21146  0.152206  -4.51159 -0.514868   7.39347
1.77709e+09  0.0498983  -1.22841  0.128562   -4.6058 -0.404456   7.63372
1.77709e+09  0.0311415  -1.24775 0.0921272  -4.29026 -0.235725   8.02843
1.77709e+09  0.0329176  -1.26423 0.0821493  -4.41052 -0.636058   7.47013
1.77709e+09  0.0164848  -1.25915 0.0794731  -4.32897 -0.480877   7.58148
1.77709e+09  -0.00215064    -1.26915   0.0621397  -4.56217 -0.581227   7.73876
1.77709e+09  0.0185017  -1.26373 0.0792649  -4.55416 -0.342812   7.98898
1.77709e+09  0.0219429  -1.27898 0.0681212  -4.38336 -0.554016   7.57923
1.77709e+09  -0.00484718    -1.29415   0.0657554  -4.29917 -0.549586   7.43408
1.77709e+09  0.000818686    -1.29238    0.070247   -4.3855 -0.348417   8.11354
1.77709e+09  -0.0120147   -1.31148  0.0541327  -4.45821 -0.453065   8.12687
1.77709e+09  -0.00852298    -1.32269   0.0602754  -4.27771 -0.369056   8.31922
1.77709e+09  -0.0147525   -1.31795    0.07104  -4.16093 -0.609126   7.73599
1.77709e+09  0.00211423   -1.33177  0.0440929  -4.23216 -0.515451   8.09766
1.77709e+09  -0.0214849   -1.33669  0.0522062 -3.91195 -0.42538  8.07452
1.77709e+09  -0.028899  -1.35527 0.0374775   -3.9509 -0.428904   8.37471
1.77709e+09  -0.0127968   -1.37727  0.0303019  -3.95668 -0.315203   8.54271
1.77709e+09  -0.0294437    -1.3733  0.0329184  -3.57557 -0.484058   8.00081
1.77709e+09  -0.0194378   -1.38484  0.0145475  -3.75894 -0.431932   8.08919
1.77709e+09   -0.0264705    -1.38625 -0.00439234  -3.74491 -0.559817   7.92114
1.77709e+09  -0.0140636   -1.40451 0.00867303   -3.5595 -0.104571    8.3881
1.77709e+09  -0.00962208    -1.40889  -0.0308261   -3.7364 -0.347149   8.41273
1.77709e+09  -0.00571924    -1.41759  -0.0237584  -3.50151 -0.274948   8.44658
1.77709e+09  -0.000493339     -1.42469   -0.0214583 -3.19087 -0.27397  8.40624
1.77709e+09    0.012018   -1.41881 -0.0218816  -3.2729 -0.17516  8.76778
1.77709e+09  0.0135462  -1.43072 -0.015997  -3.00304 -0.188689   8.56068
1.77709e+09   0.0418853   -1.43137 -0.0126397  -3.16364 -0.374448   8.31189
1.77709e+09   0.0633285   -1.42656 -0.0113961  -3.23839 -0.293348   8.72132
1.77709e+09   0.0595304   -1.42303 -0.0152475  -3.06726 -0.181902   8.87536
1.77709e+09   0.0817601   -1.40776 -0.0161724  -2.95941 -0.346268   8.43536
1.77709e+09   0.0948048   -1.39973 -0.0305177  -2.95668 -0.275701   8.69317
1.77709e+09   0.0934851   -1.38514 -0.0325375  -2.83873 -0.184126   8.97725
1.77709e+09  0.0993871   -1.3915 -0.043366  -2.73448 -0.393592   8.35616
1.77709e+09    0.103858   -1.39907 -0.0589069 -2.87747 -0.38742  8.77135
1.77709e+09    0.102421   -1.38463 -0.0513053  -2.62269 -0.492599   8.28571
1.77709e+09    0.120029   -1.37051 -0.0379542  -2.61885 -0.223203   8.96589
1.77709e+09    0.130786   -1.37188 -0.0508666  -2.63884 -0.393169   8.74918
1.77709e+09    0.128211   -1.36838 -0.0273508  -2.34964 -0.369175    8.7564
1.77709e+09    0.130585   -1.38018 -0.0208514  -2.33579 -0.592884   8.42281
1.77709e+09    0.134687   -1.37824 -0.0118201  -1.89519 -0.220033   8.96724
1.77709e+09     0.126509     -1.3902 -0.00436228  -2.06251 -0.584533   8.57178
1.77709e+09      0.13007    -1.39492 -0.00460161  -1.98687 -0.350966   8.90008
1.77709e+09    0.13269  -1.40683 0.0104766  -1.58192 -0.369736   8.83452
1.77709e+09  0.159643  -1.4144 0.021767  -1.73534 -0.513948    8.6546
1.77709e+09   0.174763  -1.41714 0.0264281  -1.72749 -0.523505   8.62619
1.77709e+09   0.165505  -1.42436 0.0377916  -1.41717 -0.440374   8.65679
1.77709e+09  0.168249 -1.42456 0.058209  -1.25838 -0.418523   8.52388
1.77709e+09    0.16683  -1.41103 0.0421278  -1.41099 -0.348915    9.0359
1.77709e+09   0.177086   -1.3998 0.0710509 -0.950884 -0.206951   9.12097
1.77709e+09    0.17382  -1.41407 0.0803993  -1.03143 -0.372053   8.85891
1.77709e+09  0.169189 -1.41218 0.087336 -0.857575   -0.3486   8.79424
1.77709e+09  0.177207 -1.41639 0.101306 -0.910636 -0.292468   8.97074
1.77709e+09  0.191889 -1.40323 0.117456 -0.752439 -0.165299   9.14839
1.77709e+09  0.189032 -1.39642 0.142629 -0.903005 -0.184411   9.10314
1.77709e+09  0.199091  -1.3839 0.153432 -0.719532 -0.112247   9.02835
1.77709e+09  0.193593  -1.3788 0.162064 -0.764586 -0.275489   8.70124
1.77709e+09  0.187212 -1.38716 0.183744 -0.579512 -0.365111    8.4961
1.77709e+09  0.186702 -1.37483 0.200751 -0.355467 -0.106593   8.72534
1.77709e+09  0.184687 -1.37146 0.196417 -0.654932  -0.24374   8.86239
1.77709e+09  0.157334 -1.36552 0.248056 -0.401908  -0.11539   8.63341
1.77709e+09  0.162379 -1.36341 0.233742 -0.431177 -0.183335   8.87869
1.77709e+09  0.145247 -1.34979 0.259073 -0.359081 -0.146157   8.63795
1.77709e+09  0.113032 -1.33989 0.265526 -0.0240733   0.010508    8.98499
1.77709e+09  0.0970248  -1.33278  0.257078 -0.00169985   -0.172664     8.56859
1.77709e+09  0.0663461  -1.33772  0.259503  0.342787 0.0654587   8.99658
1.77709e+09  0.0508073  -1.33458  0.249064  0.510997 0.0618324    8.9586
1.77709e+09  0.0443608  -1.34421  0.230728  0.564678 -0.112664    8.7548
1.77709e+09  -0.00137049    -1.35302    0.204201  0.693033 0.0577955   9.31162
1.77709e+09  0.000962641    -1.34106    0.199275  0.778663 -0.106953   8.60454
1.77709e+09  -0.0285356   -1.31848   0.197465  0.736049 0.0511001   8.89581
1.77709e+09  -0.0210293   -1.32427    0.20258   0.654119 -0.0611686    8.67251
1.77709e+09  -0.0149614    -1.3031   0.214528  0.54837 -0.15236  8.38785
1.77709e+09  -0.0237248   -1.27902   0.209515    0.5898 -0.243025   8.13507
1.77709e+09  -0.0244966   -1.26718    0.20864  0.458544 0.0685588   8.87102
1.77709e+09  -0.0197066   -1.25229   0.205361   0.681673 -0.0063875    8.59944
1.77709e+09  -0.035551  -1.22359  0.206027  0.893912 0.0396671   8.57808
1.77709e+09  -0.0419157   -1.19992   0.205151 0.825992 0.154463  8.85147
1.77709e+09  -0.0407067   -1.19756   0.211804   1.07762 0.0591624   8.47941
1.77709e+09  -0.0436813   -1.17676   0.213995   1.15996 0.0578553   8.32423
1.77709e+09  -0.047998  -1.18575    0.2123  0.787746 0.0897108    8.8498
1.77709e+09  -0.0477237   -1.15427   0.220821  1.13052 0.210069  8.69126
1.77709e+09  -0.0416961   -1.12933   0.211789  0.983353 0.0843334   8.90408
1.77709e+09  -0.029161  -1.13296  0.220038  1.12022 0.113998   8.8481
1.77709e+09  -0.0294024   -1.11427   0.233644  1.60351 0.100146  8.75776
1.77709e+09  -0.0168337   -1.10423   0.230925  1.73323 0.127394  8.62562
1.77709e+09  -0.00973843    -1.10469    0.239181   1.82623 0.0113152   8.69876
1.77709e+09  0.00218959   -1.10023   0.223751    1.85047 -0.0539531    8.46711
1.77709e+09  0.0126972  -1.08427  0.236559   1.91456 -0.226788   8.49677
1.77709e+09  0.0188395  -1.09007  0.250117   2.01039 0.0974886   8.85298
1.77709e+09  0.0341201  -1.08818  0.250989    2.04982 -0.0522217    8.52815
1.77709e+09  0.0270898   -1.0864  0.269581    1.97213 -0.0294138    8.82769
1.77709e+09  0.0235726  -1.06739  0.290052   2.22506 -0.063324   8.78623
1.77709e+09  0.0534825  -1.04876  0.303423  2.27471 0.148046  9.03472
1.77709e+09  0.0249989  -1.04303  0.335098     2.5421 -0.0624912    8.80114
1.77709e+09  0.051538 -1.04342  0.33775   2.47492 -0.260054   8.44728
1.77709e+09  0.0582633  -1.02533  0.370562   2.76351 -0.291962   8.32008
1.77709e+09  0.0492527  -1.01326  0.358019    2.41811 -0.0624477    9.06158
1.77709e+09  0.0859308 -0.987975  0.401459   2.41979 -0.320917   8.58986
1.77709e+09  0.0933184 -0.950142  0.412141   2.37975 -0.369141   8.56202
1.77709e+09  0.0960392 -0.930313  0.435456    2.69749 -0.0644624    8.78493
1.77709e+09   0.134415 -0.891999  0.445853   2.58455 -0.132089   8.81776
1.77709e+09   0.123265 -0.873569  0.452051    2.8677 -0.190439   8.70526
1.77709e+09   0.126483 -0.855821  0.463816   2.84191 -0.299344    8.5346
1.77709e+09   0.110566 -0.835427  0.463522  3.03528 -0.42271  8.32514
1.77709e+09  0.108564 -0.80582 0.489489   3.11033 -0.299882   8.47213
1.77709e+09   0.102531 -0.791769  0.472648   2.90123 -0.322478     8.766
1.77709e+09  0.0940686 -0.748261  0.476907   2.90247 -0.385555   8.50393
1.77709e+09  0.0804125  -0.73296  0.463125   2.77469 -0.375742   8.82982
1.77709e+09  0.0660779 -0.711503   0.46472   2.90081 -0.227686   8.91311
1.77709e+09  0.0542441 -0.664275  0.444198   2.74916 -0.400214     8.979
1.77709e+09  0.0342081 -0.644382  0.446865    2.9864 -0.400673   8.72557
1.77709e+09  0.0214045 -0.637348  0.421056   2.80639 -0.564346   8.49199
1.77709e+09  0.00275899  -0.603786   0.414944   3.00391 -0.417023   8.52948
1.77709e+09  -0.0129122  -0.593954   0.393997   2.89353 -0.442148   8.60171
1.77709e+09  -0.0281973  -0.596284   0.394171  2.95303 -0.54408  8.38451
1.77709e+09  -0.0624276  -0.595479   0.364225   3.05078 -0.165242   8.94959
1.77709e+09  -0.092091 -0.611411   0.33938   2.83154 -0.346233    8.9833
1.77709e+09  -0.103179 -0.618299  0.340514    3.1755 -0.244139   8.84769
1.77709e+09  -0.124757 -0.626735  0.316608   3.13102 -0.378388    8.5514
1.77709e+09  -0.136258 -0.684103   0.25029   3.23696 -0.250417   9.06662
1.77709e+09  -0.15851 -0.70515 0.245667   3.60401 -0.188006   8.78162
1.77709e+09  -0.187336 -0.774281    0.1986   3.63687 -0.106941   9.18815
1.77709e+09  -0.197152 -0.804387  0.171382    3.7212 -0.295722   8.74843
1.77709e+09  -0.192291 -0.839755  0.142146   3.64835 -0.328392   8.93664
1.77709e+09  -0.201185  -0.88826 0.0917382  3.87022 -0.36952  8.56441
1.77709e+09  -0.195419 -0.935592 0.0638976   3.76969 -0.452316    8.6119
1.77709e+09  -0.213983 -0.952248 0.0219286   3.62761 -0.422693   8.94834
1.77709e+09   -0.202259  -0.986819 -0.0213263    3.4953 -0.479971   9.01638
1.77709e+09   -0.194613  -0.985823 -0.0374415   3.80968 -0.436281   8.82106
1.77709e+09   -0.205477  -0.988298 -0.0717042   3.78327 -0.422067    8.8809
1.77709e+09   -0.18437  -1.00664 -0.103223   3.69479 -0.600457   8.67209
1.77709e+09  -0.160491  -0.97266 -0.152626   3.75149 -0.332683    9.1962
1.77709e+09   -0.15065 -0.981081 -0.140318   3.91057 -0.630963   8.40609
1.77709e+09  -0.133499 -0.971845 -0.170038   3.8503 -0.62515  8.71863
1.77709e+09  -0.110389 -0.921309 -0.170874   4.10189 -0.417005   8.76013
1.77709e+09  -0.0816448  -0.910173  -0.190284   4.13414 -0.711444   8.37713
1.77709e+09  -0.0158177  -0.848581  -0.188752   3.93805 -0.484862   8.86049
1.77709e+09  -0.0125612  -0.837636   -0.17579   4.27449 -0.487914   8.40742
1.77709e+09  0.00668539  -0.808088  -0.180402   4.17109 -0.531783   8.39039
1.77709e+09  0.0319224 -0.771094 -0.169486   4.16827 -0.612411   8.21875
1.77709e+09   0.046939 -0.752423 -0.164944   4.20522 -0.325639   8.76847
1.77709e+09  0.0643128 -0.719112 -0.143716   4.39237 -0.489671   8.33752
1.77709e+09  0.0851058 -0.667075  -0.11951   4.27525 -0.573385   8.45525
1.77709e+09  0.0995923 -0.647449 -0.101081   4.59141 -0.369372    8.4764
1.77709e+09   0.0975863  -0.630466 -0.0845232   4.50885 -0.486012   8.25445
1.77709e+09    0.109054  -0.597276 -0.0621434      4.74 -0.509569   8.00703
1.77709e+09    0.125964  -0.586737 -0.0453704   4.54279 -0.289469   8.64754
1.77709e+09    0.125713  -0.568581 -0.0360193    4.8216 -0.422237   8.39034
1.77709e+09    0.136289   -0.54816 0.00545015    4.8428 -0.420306    8.4473
1.77709e+09   0.139313 -0.536265 0.0279913   4.97975 -0.323678    8.5355
1.77709e+09   0.140305 -0.522164 0.0675168   5.47927 -0.491595   7.97326
1.77709e+09   0.135545 -0.516605 0.0779641   5.14811 -0.271008   8.60571
1.77709e+09   0.130599 -0.509027  0.107371   5.38935 -0.304467   8.41601
1.77709e+09   0.128424 -0.493319  0.127863  5.40204 -0.24077   8.2634
1.77709e+09   0.123918 -0.491728  0.159606   5.25352 -0.296213   8.38374
1.77709e+09   0.132518 -0.478528  0.155298   5.15104 -0.516992   8.01681
1.77709e+09   0.121101 -0.463339  0.183279   4.97511 -0.493046   8.19584
1.77709e+09   0.126855 -0.459707  0.221806   5.27012 -0.229515   8.18283
1.77709e+09   0.112165 -0.426062  0.241864   4.95875 -0.167969    8.4317
1.77709e+09   0.105351 -0.399928  0.261988   5.04361 -0.115896   8.62751
1.77709e+09   0.096293 -0.379229  0.297157 5.05263 -0.2724 8.35655
1.77709e+09  0.0766773 -0.370646  0.324655    4.9197 -0.244748   8.30884
1.77709e+09  0.0733906  -0.33841  0.346047   5.26181 -0.208364   8.20469
1.77709e+09  0.0783514 -0.326061  0.353742   5.15844 -0.313735   8.04773
1.77709e+09   0.072412 -0.291057  0.378805  5.14383 -0.19074  8.47096
1.77709e+09  0.0573123  -0.26447  0.375293    5.19393 -0.0679062    8.62036
1.77709e+09  0.0729075 -0.248574  0.391395   5.24194 -0.328057   8.14587
1.77709e+09  0.0543058 -0.231584  0.370321   5.15894 -0.158842   8.56343
1.77709e+09  0.0557378 -0.234406  0.371484   5.58507 -0.229917   8.20858
1.77709e+09  0.0471227 -0.216168  0.339167  5.45909 -0.51274  8.06666
1.77709e+09  0.0293155 -0.209009  0.337768     5.3836 -0.0594062    8.61674
1.77709e+09  0.0219958 -0.208239  0.308597   5.52795 -0.260395   8.28757
1.77709e+09  0.00910907  -0.197248    0.27834   5.66189 -0.212862   8.05938
1.77709e+09  0.00948308  -0.194585   0.261614   5.30349 -0.276973    8.5413
1.77709e+09  -0.00850343   -0.186155    0.237636   5.43024 -0.209267   8.55377
1.77709e+09  -0.0170249  -0.179122   0.206688    5.45328 -0.0629338    8.78215
1.77709e+09  -0.0327847  -0.170426   0.155065   5.43845 -0.311371    8.5604
1.77709e+09  -0.0329644  -0.159668   0.155512  5.68733 -0.28155  8.22827
1.77709e+09  -0.0381265  -0.159498  0.0955001   5.46997 -0.281715   8.63702
1.77709e+09  -0.0429674   -0.15276   0.078328   5.70225 -0.377062   8.39934
1.77709e+09  -0.0356738  -0.148873  0.0252428   5.59009 -0.484611   8.43752
1.77709e+09  -0.0307854  -0.138002 0.00819905     5.612 -0.455409   8.53457
1.77709e+09   -0.0364693   -0.132036 -0.00264309   5.65827 -0.518828   8.19757
1.77709e+09  -0.0235447  -0.108249 -0.0318491  5.75081 -0.65462  8.04824
1.77709e+09  -0.0268186 -0.0839368 -0.0724353   5.63413 -0.562292   8.41704
1.77709e+09  -0.0482231 -0.0670014  -0.101508   5.69099 -0.526255   8.43992
1.77709e+09   -0.014085 -0.0660811  -0.116218   5.46205 -0.738972    8.2857
1.77709e+09  -0.0148476 -0.0333953  -0.148803   5.68151 -0.689941    8.2994
1.77709e+09  -0.0127291 -0.0178664  -0.153435   5.74471 -0.768613    8.1131
1.77709e+09   -0.0166767 -0.00113072   -0.189367   5.54598 -0.809859   8.43848
1.77709e+09  -0.0161376  0.0264644  -0.192237   5.67904 -0.587695    8.8788
1.77709e+09  -0.0330587  0.0313978  -0.189095   5.67256 -0.888066   8.17948
1.77709e+09  -0.038311 0.0467877 -0.187392   5.75891 -0.657911   8.61271
1.77709e+09  -0.0379331  0.0506357  -0.199762     5.737 -0.620476    8.5912
1.77709e+09  -0.0343795  0.0600399  -0.189393    5.6588 -0.903222   8.31992
1.77709e+09  -0.0293432  0.0588822   -0.18098   5.51753 -0.712022   8.77275
1.77709e+09  -0.0145734  0.0707963  -0.174571   5.55851 -0.699551   8.95145
1.77709e+09  -0.0270837  0.0776222  -0.153074   5.77993 -0.790303   8.38115
1.77709e+09  -0.0050396  0.0793257  -0.154029   5.60477 -0.750819    8.6675
1.77709e+09  -0.00632922   0.0815703   -0.119301   5.61316 -0.759515   8.56504
1.77709e+09  0.00847146    0.09192  -0.112595   5.66638 -0.702512   8.66389
1.77709e+09  0.00744706  0.0857901  -0.100868   5.67749 -0.721337   8.30138
1.77709e+09   0.0219963  0.0961603 -0.0897015   5.54777 -0.561561   8.69414
1.77709e+09   0.0429767   0.118501 -0.0734819   5.70544 -0.547783   8.49531
1.77709e+09   0.0331365   0.113568 -0.0755812   5.58368 -0.744393   8.14967
1.77709e+09     0.04006   0.143485 -0.0660222   5.48844 -0.440364   8.74585
1.77709e+09   0.0401646    0.14949 -0.0486116   5.67244 -0.537609   8.32848
1.77709e+09    0.058775   0.164716 -0.0471157      5.73 -0.528978   8.21975
1.77709e+09   0.0624052   0.169383 -0.0480099   5.45522 -0.622238    8.5432
1.77709e+09   0.0652732   0.174784 -0.0473294   5.46607 -0.378367   8.59353
1.77709e+09   0.0952187   0.191797 -0.0272202   5.74885 -0.544607   8.01547
1.77709e+09     0.10203   0.201492 -0.0372573   5.32458 -0.398086   8.73143
1.77709e+09    0.101018   0.219651 -0.0277579   5.56686 -0.306303   8.52123
1.77709e+09    0.123312   0.229992 -0.0325694  5.47102 -0.20123  8.63662
1.77709e+09   0.107672  0.235604 -0.039947   5.44396 -0.480393   8.31823
1.77709e+09    0.105549   0.243022 -0.0396524   5.36746 -0.244652   8.59065
1.77709e+09   0.113518  0.251797 -0.039086   5.34245 -0.167965   8.89682
1.77709e+09    0.111173   0.270411 -0.0460044   5.31708 -0.276781   8.47977
1.77709e+09  0.115961 0.282413 -0.04744   5.29063 -0.168596   8.76402
1.77709e+09  0.0887229  0.300961 -0.050852    5.37221 -0.0458862    8.82789
1.77709e+09     0.10928   0.318769 -0.0618299   5.28504 -0.149501    8.6634
1.77709e+09     0.11661   0.338956 -0.0670544   5.07641 -0.171117   8.81852
1.77709e+09    0.124336   0.350235 -0.0703989   5.13508 -0.261747   8.51947
1.77709e+09     0.12108   0.348755 -0.0580293    5.34544 -0.0989061    8.46648
1.77709e+09    0.103493   0.368877 -0.0808638   5.27294 0.0766409   8.92527
1.77709e+09   0.0978841   0.363971 -0.0865578   5.07474 -0.365555   8.35065
1.77709e+09   0.0860611   0.386829 -0.0807693   5.30539 -0.226178    8.3512
1.77709e+09    0.097942   0.400794 -0.0858203   5.39769 -0.362777   8.11505
1.77709e+09   0.0913667   0.392311 -0.0964279   5.14776 -0.170836   8.71294
1.77709e+09   0.103917  0.406162 -0.102198   4.86527 -0.257639   8.78284
1.77709e+09   0.0832236   0.401921 -0.0962795   5.14586 -0.218325   8.39605
1.77709e+09  0.0726234  0.408215 -0.111273   5.23938 -0.354336   8.26476
1.77709e+09  0.0645474  0.398296 -0.109176    5.05421 -0.0162815    8.95958
1.77709e+09    0.067294   0.416911 -0.0951474     5.3072 -0.0193939    8.45304
1.77709e+09  0.0640701  0.398735 -0.121402    5.0102 -0.127674   8.75114
1.77709e+09  0.0361342  0.389692  -0.12104   5.08953 -0.109787   8.49163
1.77709e+09  0.0417226  0.388954 -0.120153   5.17863 -0.210207   8.38524
1.77709e+09  0.0328568  0.388485 -0.107863    4.86516 -0.0890218    8.92184
1.77709e+09   0.0386155   0.373993 -0.0964563    5.00556 -0.0298797    8.76883
1.77709e+09  0.0381974  0.368293 -0.102761  4.85515 -0.12754  8.61509
1.77709e+09  0.0410387  0.366615 -0.096095    4.77111 -0.0595374     8.8692
1.77709e+09  0.0325704  0.358982 -0.101958   4.98201 -0.133193   8.55142
1.77709e+09   0.0238577   0.348399 -0.0731248    4.96144 -0.0292634    8.73549
1.77709e+09   0.0260748    0.34619 -0.0953788   4.77519 -0.177839   8.67226
1.77709e+09  0.0301952  0.340255 -0.066959   4.67114 0.0713191   9.15127
1.77709e+09   0.0312644   0.331004 -0.0779625   4.80751 -0.212575   8.33626
1.77709e+09  0.0264593  0.338214  -0.08527   4.61424 0.0136561   8.91414
1.77709e+09   0.0329536   0.342464 -0.0712625   4.65543 0.0532983   8.96717
1.77709e+09   0.0339922   0.345043 -0.0746226   4.60359 -0.327245    8.4376
1.77709e+09   0.0357992    0.35587 -0.0826481   4.45765 -0.128129   8.76868
1.77709e+09   0.0384388   0.371751 -0.0797916 4.40044 -0.3516  8.4363
1.77709e+09   0.0457634   0.396747 -0.0701514    4.53058 -0.0489562    8.66446
1.77709e+09   0.0504108   0.424597 -0.0813621   4.22044 -0.145839   8.84344
1.77709e+09   0.0503931   0.449144 -0.0986777    4.16335 -0.0705012    9.02334
1.77709e+09   0.0373745   0.467001 -0.0810343   4.27319 -0.272888   8.50136
1.77709e+09   0.0343229   0.474972 -0.0911678  4.20476 -0.30177    8.546
1.77709e+09   0.0453349   0.504718 -0.0871095   4.02398 -0.350691   8.64273
1.77709e+09    0.041479   0.519116 -0.0791823   4.32983 -0.164634   8.59845
1.77709e+09  0.0424021  0.549914 -0.100043   4.02965 -0.234105   8.80991
1.77709e+09   0.0493338   0.566641 -0.0892529   3.91912 -0.115897   8.95792
1.77709e+09   0.0288991   0.579194 -0.0836268   4.19723 -0.213339   8.58183
1.77709e+09   0.0442694   0.594828 -0.0778995    4.11051 -0.0697142    8.77778
1.77709e+09   0.0558434   0.611888 -0.0843691     3.976 -0.311268    8.5657
1.77709e+09   0.0502971   0.608039 -0.0839631   3.99474 -0.120301   8.82753
1.77709e+09   0.0360471   0.623986 -0.0830887  3.81598 -0.33492  8.65585
1.77709e+09   0.0268017   0.634285 -0.0719307    3.98469 -0.0109116    8.91535
1.77709e+09   0.0389672   0.644278 -0.0735371   3.84761 -0.201559   8.44944
1.77709e+09   0.0315605   0.671176 -0.0548618    3.94128 -0.0189776    8.57658
1.77709e+09   0.0418798   0.673989 -0.0657515    3.79692 -0.0537245    8.66501
1.77709e+09   0.0398589   0.675548 -0.0680965    3.6429 -0.122789   8.44161
1.77709e+09   0.0537941   0.681391 -0.0458973   3.59382 -0.205212   8.32743
1.77709e+09   0.0431026   0.688296 -0.0578514   3.58838 0.0561404   8.90685
1.77709e+09   0.0577884     0.7001 -0.0426186    3.66232 -0.0279506    8.56153
1.77709e+09   0.0634175   0.707446 -0.0268166   3.66956 0.0332776   8.45425
1.77709e+09  0.0626158  0.700665 -0.033298    3.40243 0.00593057    8.83336
1.77709e+09   0.0614352   0.725124 -0.0254168  3.42104 0.194731  9.00218
1.77709e+09   0.0870749     0.7326 -0.0225267   3.34017 0.0432719   8.52318
1.77709e+09   0.0753248    0.72829 -0.0202062  3.25746 0.153197  8.88168
1.77709e+09   0.0794721   0.745232 -0.0249888  3.09352 0.223493  9.03031
1.77709e+09   0.0864128    0.74233 -0.0107544     3.18946 0.000684921     8.71033
1.77709e+09   0.0891536   0.749432 -0.0124268 3.24697 0.24965 8.88379
1.77709e+09    0.0855187    0.745462 -0.00818223     3.14548 -0.00353862     8.55926
1.77709e+09   0.0930375   0.749337 -0.0199392   2.97926 0.0687991   8.80032
1.77709e+09   0.0952089   0.761711 -0.0155436    3.04225 -0.0698086    8.50184
1.77709e+09   0.0991603   0.775824 -0.0160358  3.16049 -0.13516  8.26457
1.77709e+09   0.0916829   0.780465 -0.0198697  2.73629 0.100532  9.03511
1.77709e+09    0.0837846    0.796051 -0.00264087    3.08236 -0.0394466    8.52298
1.77709e+09   0.103946  0.806048 -0.021822  2.64583 0.127697   9.0096
1.77709e+09    0.117674   0.817167 -0.0130126   2.88483 0.0477275    8.6789
1.77709e+09    0.125569   0.818769 -0.0267411  2.69922 0.264738  9.00223
1.77709e+09    0.124807   0.833141 -0.0412209  2.80525 0.170969  8.62356
1.77709e+09   0.158083  0.837966 -0.059948   2.55241 0.0661687   8.92065
1.77709e+09    0.155286   0.832405 -0.0732885   2.51128 0.0551381   8.82685
1.77709e+09    0.156321   0.830112 -0.0890239  2.70296 0.279057   8.9809
1.77709e+09   0.160853  0.825767 -0.109421 2.64272 0.13212 8.80223
1.77709e+09   0.170005  0.812355 -0.135456  2.35754 0.181649  9.20493
1.77709e+09   0.158402  0.796197 -0.154174  2.67048 0.153142  8.89214
1.77709e+09   0.177262  0.768167 -0.186005 2.37693 0.15135 9.18205
1.77709e+09   0.155193  0.759207 -0.209009  2.35454 0.290461   9.3749
1.77709e+09   0.187622  0.754956 -0.200895  2.38548 0.033934   8.8867
1.77709e+09   0.164546  0.733231 -0.229047  2.16276 0.109721  8.98987
1.77709e+09   0.160554  0.745287 -0.253601   1.9307 0.266561  9.49688
1.77709e+09   0.166951  0.735495 -0.267875     1.93646 -0.00129236     8.72312
1.77709e+09  0.149487 0.741628  -0.2855   1.96228 0.0457058   8.84862
1.77709e+09     0.1383  0.727329 -0.305223   1.85119 0.0449559   9.01215
1.77709e+09    0.14254  0.730685 -0.323571   1.66585 -0.185061   8.84123
1.77709e+09    0.13832  0.716305 -0.339115   1.57215 0.0267302   9.23488
1.77709e+09   0.134289  0.706804 -0.363908    1.46889 0.00843697    9.43074
1.77709e+09    0.11632  0.693979 -0.359337   1.81758 0.0295682   8.97587
1.77709e+09    0.10151  0.685162 -0.383277  1.69405 0.185264  9.50777
1.77709e+09  0.0941565  0.660369 -0.364836    1.72323 -0.0310735    8.88683
1.77709e+09  0.0892418  0.647069 -0.374856     1.56919 -0.00628386     9.09215
1.77709e+09  0.0722102  0.618169 -0.344888   1.56178 0.0612746   8.85917
1.77709e+09  0.0502815  0.596875 -0.329744  1.59747 0.112983  8.85804
1.77709e+09  0.0630476  0.607613 -0.309127 1.24151 0.11274 9.13357
1.77709e+09   0.052847  0.592087 -0.307887  1.05418 0.165953  9.26729
1.77709e+09  0.0454321  0.609273 -0.274917  1.22858 0.262507  9.03927
1.77709e+09  0.0407553  0.603586 -0.273381 0.950807  0.15793  8.83586
1.77709e+09  0.0276826    0.6148 -0.251771 0.835093 0.120216  8.76472
1.77709e+09  0.0144888  0.640586 -0.227512 0.872366 0.178877  8.83084
1.77709e+09  0.0143759  0.634098  -0.23443 0.572919 0.236038   9.1407
1.77709e+09  -0.000980244     0.657488    -0.224985 0.494373 0.278834  9.18111
1.77709e+09  -0.0133351   0.679987  -0.211984 0.551709 0.147735  8.84285
1.77709e+09  -0.0228581   0.679626  -0.224821 0.439726 0.281293  9.30632
1.77709e+09  -0.0196621   0.679009   -0.22814   0.46254 0.0379501   8.86077
1.77709e+09  -0.0428888   0.698889  -0.209198 0.558092 0.275999  9.19635
1.77709e+09  -0.0277243   0.694963   -0.19995 0.741492 0.205909  8.86952
1.77709e+09  -0.0155784   0.693848  -0.203523 0.470794 0.235733  9.17338
1.77709e+09  -0.0198832   0.687136   -0.19054 0.465715 0.408167  9.30915
1.77709e+09  -0.0130083   0.699611  -0.195232 0.23695 0.33127 9.31022
1.77709e+09  -0.0120681   0.683375  -0.160965 0.476685 0.372497  9.09428
1.77709e+09  -0.0119078   0.689274   -0.17145 0.396647  0.14658   8.8677
1.77709e+09  -0.00845626    0.696861   -0.140968 0.421863 0.418299  9.10072
1.77709e+09   -0.01416  0.687707 -0.150467 0.284269 0.280718  9.14429
1.77709e+09  -0.00823433    0.691344   -0.148592 0.119331 0.452971  9.43452
1.77709e+09  -0.00938284    0.702188   -0.119491 0.329796 0.409769  9.09426
1.77709e+09  0.00249885   0.708595   -0.12362 0.0714036  0.269196   9.33073
1.77709e+09  -0.0079528    0.70085 -0.0962955 0.164987 0.261071  8.95164
1.77709e+09   -0.007934   0.704795 -0.0842392 0.0539723  0.423592   9.41062
1.77709e+09  -0.00429361    0.709085  -0.0727676 0.259393 0.356853   9.2807
1.77709e+09   0.0278487   0.674552 -0.0526443  0.229427 0.0412101   8.75257
1.77709e+09   0.0250196   0.685813 -0.0631041 -0.00876577    0.351306     9.47191
1.77709e+09    0.022024   0.678419 -0.0452483 0.0753075   0.43846   9.72012
1.77709e+09   0.0443652   0.645675 -0.0300142 -0.00398929    0.248331     9.27707
1.77709e+09   0.0431139   0.649243 -0.0302415 0.146907 0.482992  9.36904
1.77709e+09   0.0384917    0.62364 -0.0261043 0.139042 0.462316  9.21022
1.77709e+09   0.0504941   0.613793 -0.0248947 -0.00403522    0.278664     9.05663
1.77709e+09   0.0452183   0.605579 -0.0229467 0.0681357  0.244173   8.75759
1.77709e+09   0.0487617    0.60483 -0.0262516 -0.191681  0.471561   9.46721
1.77709e+09   0.0366115   0.606266 -0.0391165 -0.0533953   0.471707    9.14355
1.77709e+09   0.0514749   0.603125 -0.0502913 -0.229088  0.251267    9.2528
1.77709e+09   0.0426979    0.62231 -0.0670252 -0.26251 0.326372  9.02725
1.77709e+09  0.0596511  0.652991  -0.07504 -0.304824  0.282127   8.92769
1.77709e+09  0.0668854  0.636248 -0.104253 -0.678019  0.396173   9.40965
1.77709e+09  0.0575221  0.658322   -0.1208 -0.748514  0.295274   9.17611
1.77709e+09  0.0598448  0.680623  -0.12904 -0.51368 0.417393  9.01567
1.77709e+09  0.0603159  0.697602 -0.137993 -0.489052  0.351495   9.23573
1.77709e+09  0.0677013  0.701754 -0.147903 -0.64244 0.258214  9.06925
1.77709e+09  0.0592197   0.70674  -0.13877 -0.662733  0.115154   9.08857
1.77709e+09  0.0534128   0.71108 -0.143403 -0.486002  0.453328   9.51654
1.77709e+09  0.0690841  0.702247  -0.12834 -0.551378  0.183576   9.34428
1.77709e+09  0.0800062  0.703876 -0.119885 -0.436909  0.444298   9.60651
1.77709e+09  0.0815921  0.695804 -0.119721 -0.464991  0.290344   9.57263
1.77709e+09  0.0908914  0.686606 -0.104186 -0.456339 0.0585745   9.11266
1.77709e+09  0.104441 0.675896 -0.10076  -0.456625 -0.0212286    9.03395
1.77709e+09   0.105561  0.675792 -0.105373 -0.723858   0.17501   9.61129
1.77709e+09   0.106296  0.663738 -0.106596 -0.814722 0.0387727   9.20576
1.77709e+09  0.108841 0.664094 -0.10412 -0.875452  0.268667   9.71734
1.77709e+09   0.102385  0.650602 -0.107908 -0.720673  0.189638   9.29214
1.77709e+09   0.103153  0.646432 -0.106053 -0.992646  0.309668   9.64631
1.77709e+09   0.119078  0.636374 -0.102579 -0.914436  0.168147   9.17487
1.77709e+09  0.100389 0.643571 -0.10223 -1.07683  0.21527  9.63058
1.77709e+09   0.107423  0.654374 -0.101809 -0.995445  0.499961   9.90697
1.77709e+09  0.100154 0.647878 -0.12089 -1.12085 0.379039  9.50641
1.77709e+09   0.079359  0.647024 -0.105307 -1.38642 0.650785  10.2119
1.77709e+09  0.0888001  0.644758  -0.09329 -1.20828 0.532278  9.64207
1.77709e+09   0.0677282   0.648909 -0.0705917 -1.29042 0.648626  10.0864
1.77709e+09   0.0809604    0.62535 -0.0607006 -1.55362 0.350075  9.69747
1.77709e+09   0.0731628   0.613263 -0.0305648 -1.41566 0.490162  9.68423
1.77709e+09   0.0596878   0.580195 -0.0137741 -1.32593 0.277828  9.46472
1.77709e+09    0.0608901    0.579194 -0.00948775  -1.7199 0.511972  10.2441
1.77709e+09   0.0462008   0.554859 -0.0101445 -1.73288 0.648128  10.4218
1.77709e+09  0.0586227  0.550027 0.0304093  -1.4855 0.430271  9.85277
1.77709e+09  0.0377554   0.53224 0.0268355 -1.70706 0.391299  9.79957
1.77709e+09  0.0554838  0.507171 0.0329364  -1.9539 0.306454  9.92131
1.77709e+09  0.0350954  0.496239 0.0540422  -1.7933 0.347065  9.91334
1.77709e+09  0.0371082  0.484824 0.0452122 -2.12933 0.434642  10.4786
1.77709e+09  0.0151234  0.486509 0.0454955 -2.00278 0.454168  10.3223
1.77709e+09   0.017593  0.477097 0.0631441 -1.86802 0.376865  10.1126
1.77709e+09  0.0133722  0.490235 0.0504185 -1.91684 0.443461  10.1623
1.77709e+09  0.00911785   0.480237  0.0341677 -2.12205  0.29129  10.1414
1.77709e+09  0.0184248  0.510556 0.0129977 -2.31429 0.519732  10.7301
1.77709e+09  0.00367659   0.514311  0.0105186 -2.26472  0.25791   10.158
1.77709e+09   -0.0183218    0.547283 -0.00186366 -2.31271 0.509697  10.4277
1.77709e+09  -0.0163392   0.546919 -0.0177561 -2.37467 0.422776   10.302
1.77709e+09  -0.0224307   0.563575 -0.0406323 -2.43419  0.58381  10.6101
1.77709e+09  -0.0396413   0.573782 -0.0542441 -2.44994 0.603709   10.905
1.77709e+09  -0.0456142   0.561026 -0.0800136 -2.37377 0.431137  10.4161
1.77709e+09  -0.0498697   0.554958 -0.0831833 -2.22029 0.775679  10.8631
1.77709e+09   -0.055109   0.545586 -0.0988172 -2.11157 0.678714  10.6784
1.77709e+09  -0.0470585   0.531643  -0.125087 -2.18592 0.461916  10.4453
1.77709e+09  -0.0552224   0.517643  -0.143925 -2.01288 0.364375  10.1694
1.77709e+09  -0.0612162   0.500531   -0.15534 -2.38778 0.632325  10.9528
1.77709e+09  -0.0573774   0.479357  -0.162369 -2.06731 0.718244  10.7481
1.77709e+09  -0.0779147   0.465976  -0.192839 -2.23543 0.486196  10.6105
1.77709e+09  -0.0957157   0.451396  -0.193886 -1.99226 0.667844  10.5259
1.77709e+09  -0.102457  0.432834 -0.222403 -2.22143 0.550101  10.7958
1.77709e+09  -0.119357  0.428595 -0.227112 -2.35009 0.760002  11.0646
1.77709e+09  -0.128754  0.427025 -0.243774 -2.18572 0.631864   10.736
1.77709e+09  -0.141541  0.412702 -0.245072 -2.04983 0.720016  10.6406
1.77709e+09    -0.1602  0.394123 -0.258803 -2.13695 0.741778  10.9461
1.77709e+09  -0.132442  0.371785 -0.256199 -2.22284 0.509681  10.5588
1.77709e+09  -0.160894  0.365027 -0.269012 -2.38153 0.591561  10.9989
1.77709e+09  -0.158138  0.324403 -0.265857 -2.32943 0.454061  10.7157
1.77709e+09   -0.14414  0.306809 -0.272629 -2.38456 0.534142  10.9872
1.77709e+09  -0.153554  0.290465 -0.272779 -2.10957 0.562109   10.834
1.77709e+09  -0.145418  0.249914 -0.250806 -2.27731 0.465579  10.6152
1.77709e+09  -0.138734  0.202291 -0.251419 -2.38193  0.64796   11.028
1.77709e+09  -0.140371  0.168625 -0.230839 -2.20255  0.47659  10.6967
1.77709e+09  -0.157013  0.107876 -0.230485 -2.49037 0.686789  11.0828
1.77709e+09  -0.137128 0.0696247  -0.20737  -2.4224 0.619954  10.9813
1.77709e+09  -0.136741 0.0514738 -0.191234 -2.19619 0.553804  10.6366
1.77709e+09    -0.14402 0.00810161  -0.181227 -2.11546 0.587106  10.6108
1.77709e+09   -0.114515 -0.0176362  -0.189081 -2.36691 0.495502  10.7114
1.77709e+09   -0.120495 -0.0172065  -0.174204 -2.35951 0.612304  10.8962
1.77709e+09   -0.112461 -0.0600428  -0.176048 -2.59047 0.533227  10.8252
1.77709e+09  -0.112784 -0.075687 -0.161917 -2.45563  0.57933  10.8547
1.77709e+09    -0.13089 -0.0974452  -0.170222 -2.27807 0.645949  10.6572
1.77709e+09  -0.143189 -0.104638 -0.153376 -2.28193 0.727605  10.8386
1.77709e+09  -0.136856  -0.13058  -0.15928 -2.26781 0.550597  10.3869
1.77709e+09  -0.141026 -0.127355 -0.156674 -2.44489 0.657197  10.7222
1.77709e+09  -0.135089 -0.146567 -0.153563 -2.20743 0.617368  10.3185
1.77709e+09  -0.138898 -0.146524 -0.152005  -2.2711 0.571802  10.5213
1.77709e+09  -0.125886  -0.14403 -0.149686 -2.37098 0.548392  10.3668
1.77709e+09  -0.151168 -0.144694 -0.146385 -2.20521 0.627932  10.2752
1.77709e+09  -0.153563 -0.145295 -0.148025 -2.51542  0.79251  10.7468
1.77709e+09  -0.167537 -0.150432 -0.150529 -2.10676 0.739575  10.3788
1.77709e+09  -0.177058 -0.149476 -0.153895 -2.26308  0.79043  10.5983
1.77709e+09  -0.170517 -0.151296 -0.146976 -1.92345 0.799528  10.4413
1.77709e+09  -0.176607 -0.158828 -0.146309 -1.88108 0.919732  10.3171
1.77709e+09   -0.20101  -0.15949 -0.171389 -2.08349 0.648375  10.3177
1.77709e+09  -0.198155 -0.166002 -0.185778 -1.99196 0.903118  10.4366
1.77709e+09  -0.214433 -0.179981 -0.188869 -1.77051 0.674432   9.9956
1.77709e+09  -0.227532 -0.190183 -0.200576 -1.95018 0.764487  10.3183
1.77709e+09  -0.225112  -0.19533 -0.204558 -2.07759 0.626066  10.3482
1.77709e+09  -0.258539 -0.209928 -0.224665 -1.83804 0.700019  10.0539
1.77709e+09  -0.255714 -0.202332 -0.209466 -1.90538 0.835344  10.6062
1.77709e+09    -0.2565 -0.221997 -0.212088  -1.8667 0.882192  10.4091
1.77709e+09  -0.271417 -0.221725 -0.210127 -1.58582 0.764204  10.1973
1.77709e+09  -0.261893 -0.241111 -0.207743 -1.86247 0.553015  10.1025
1.77709e+09  -0.270451 -0.243047 -0.200067 -1.55356 0.688209  9.91365
1.77709e+09  -0.268494 -0.249578 -0.188572 -1.68654 0.718063  10.1674
1.77709e+09  -0.262873 -0.247909 -0.179037 -1.67585 0.735207  10.3484
1.77709e+09  -0.280498 -0.254742 -0.182373 -1.56103 0.798035  10.4133
1.77709e+09  -0.267738 -0.266089 -0.153441 -1.66296 0.658061  10.3254
1.77709e+09  -0.280044 -0.267948 -0.127523 -1.38459   0.6701  9.90666
1.77709e+09  -0.273179 -0.278194 -0.127325 -1.35185 0.643352  9.91149
1.77709e+09  -0.288079 -0.281135 -0.135449 -1.51822 0.561108  9.88506
1.77709e+09  -0.284648 -0.295547 -0.128902 -1.59038 0.424063  9.70354
1.77709e+09  -0.289476 -0.294041 -0.120121 -1.48782  0.83999  10.2414
1.77709e+09   -0.29539 -0.294971  -0.11511 -1.59956 0.527901  9.92137
1.77709e+09   -0.30154 -0.292713 -0.113622   -1.338 0.873962  10.2015
1.77709e+09  -0.303504 -0.289621 -0.102782 -1.40067 0.717285  10.0511
1.77709e+09  -0.309514 -0.296612 -0.104394 -1.30919 0.539843  9.61182
1.77709e+09   -0.305896  -0.301918 -0.0959389 -1.28734  0.52154  9.49016
1.77709e+09   -0.32357 -0.294348 -0.102732 -1.52256 0.695386   10.153
1.77709e+09   -0.33264 -0.305571 -0.101971 -1.37111 0.564598  9.59963
1.77709e+09  -0.331123 -0.308953 -0.097888 -1.36676 0.775666    10.17
1.77709e+09   -0.337857  -0.307369 -0.0932656 -1.44243  0.76754  9.96077
1.77709e+09   -0.346636   -0.30429 -0.0823734 -1.19839 0.647573  9.67565
1.77709e+09   -0.355547  -0.304817 -0.0899981 -1.17394 0.678671  9.44072
1.77709e+09   -0.358631  -0.297541 -0.0850333 -1.32685 0.597175  9.83636
1.77709e+09   -0.365996  -0.288726 -0.0733408 -1.27057 0.590399  9.47664
1.77709e+09   -0.374324  -0.304905 -0.0780926 -1.34462 0.663022  9.98808
1.77709e+09   -0.389274  -0.292757 -0.0687931 -1.04814 0.691904  9.67585
1.77709e+09   -0.380567  -0.296553 -0.0750909 -1.18262  0.59436  9.81483
1.77709e+09  -0.377719 -0.301108 -0.057216 -1.31766 0.594669  10.0302
1.77709e+09   -0.407506  -0.298752 -0.0587767 -0.900012  0.518851   9.51103
1.77709e+09   -0.391943  -0.310055 -0.0561819 -1.13376 0.430255  9.55156
1.77709e+09   -0.399448  -0.305927 -0.0494127 -1.15291 0.613103  9.81661
1.77709e+09    -0.39044  -0.312833 -0.0512417 -1.32306 0.511706  9.90242
1.77709e+09   -0.405998   -0.29894 -0.0556163 -0.863669  0.449741   9.45933
1.77709e+09  -0.406918 -0.294731 -0.050011 -1.04655 0.701965  10.0398
1.77709e+09   -0.407948  -0.307288 -0.0430723 -0.952708  0.396321   9.40248
1.77709e+09   -0.416524  -0.294248 -0.0528908 -0.978141  0.357886   9.67406
1.77709e+09   -0.431057  -0.285269 -0.0414021 -0.80578  0.35277  9.36047
1.77709e+09   -0.445055  -0.272422 -0.0368901 -0.69824 0.471679  9.39139
1.77709e+09   -0.439461  -0.274349 -0.0394167 -0.928617  0.315928   9.63029
1.77709e+09   -0.440008  -0.253564 -0.0411549 -0.800192  0.271949   9.27329
1.77709e+09    -0.45317  -0.267998 -0.0356867 -0.860765  0.303367   9.62289
1.77709e+09   -0.453165  -0.252631 -0.0158803 -0.589584   0.43233   9.62761
1.77709e+09   -0.480253  -0.258024 -0.0103437 -0.658898  0.409348   9.38444
1.77709e+09    -0.466472   -0.249255 -0.00869239 -0.777991  0.296268   9.45621
1.77709e+09   -0.477914  -0.248079 -0.0130301 -0.844485  0.437774   9.65852
1.77709e+09  -0.490637 -0.242735 0.0100585 -0.688729  0.205062   9.12788
1.77709e+09   -0.488843  -0.245394 0.00634046 -0.838562  0.386949   9.74897
1.77709e+09  -0.494224 -0.243852 0.0290184 -0.627066  0.128733   9.16394
1.77709e+09  -0.491634 -0.234283 0.0176353 -0.683385   0.24266    9.6569
1.77709e+09   -0.516193  -0.220354 0.00908078 -0.727524  0.284086   9.86517
1.77709e+09  -0.505624 -0.219493 0.0512834 -0.40018 0.164806  9.36306
1.77709e+09  -0.539442 -0.198222 0.0473631 -0.419895  0.324355   9.82484
1.77709e+09  -0.526751 -0.191029 0.0431461 -0.451144 0.0746265   9.39505
1.77709e+09   -0.53871  -0.18419 0.0326542 -0.477715 0.0270969   9.67733
1.77709e+09  -0.564439 -0.139124 0.0185131 -0.289578  0.245575   9.66542
1.77709e+09   -0.571657   -0.12735 0.00437305 -0.385671 0.0843238   9.30817
1.77709e+09   -0.589079  -0.123615 -0.0164205 -0.358053 0.0196491   9.18976
1.77709e+09   -0.584892  -0.109579 -0.0189073 -0.325873  0.233453   9.36781
1.77709e+09   -0.590926 -0.0986667 -0.0185161 -0.180837  0.201513   9.24584
1.77709e+09   -0.591097  -0.111713 -0.0429019 -0.473684 0.0971387   9.57651
1.77709e+09   -0.586411  -0.107337 -0.0276268 -0.321915  0.181477   9.57815
1.77709e+09   -0.591782  -0.128633 -0.0395185  -0.514606 0.00528111     9.5956
1.77709e+09    -0.59129   -0.12796 -0.0233109  -0.316777 -0.0195643    9.34002
1.77709e+09   -0.567064  -0.139815 -0.0195715 -0.448697  -0.18189   9.26036
1.77709e+09    -0.58167  -0.162172 0.00525903  -0.31146 -0.114494    9.2447
1.77709e+09  -0.551665 -0.168284 0.0137436 -0.453092 -0.193104   9.25736
1.77709e+09  -0.540368 -0.190371 0.0383893 -0.544751 -0.066581   9.73857
1.77709e+09  -0.554317 -0.210048 0.0486148   -0.387167 -0.00501787     9.90364
1.77709e+09  -0.546299 -0.216379 0.0912179 -0.318793 -0.311972   9.14005
1.77709e+09  -0.547778 -0.226155  0.152246  -0.338723 -0.0733916    9.55279
1.77709e+09  -0.526862 -0.240213  0.166143 -0.376468 -0.256157   9.39565
1.77709e+09  -0.535346 -0.249366  0.184783 -0.422822 -0.495055   9.11707
1.77709e+09  -0.532625 -0.250109  0.195718 -0.342258 -0.567984   8.90909
1.77709e+09   -0.52493 -0.248883  0.232977 -0.608972  -0.42781   9.52439
1.77709e+09   -0.52719 -0.243851  0.259456 -0.374968  -0.43195   9.22416
1.77709e+09   -0.53707 -0.244163  0.266646 -0.346112 -0.448535   9.13841
1.77709e+09  -0.535788 -0.218687  0.303675 -0.609079 -0.476251   9.30517
1.77709e+09  -0.534264 -0.212097  0.318054 -0.499322 -0.711803   8.93304
1.77709e+09  -0.542453 -0.193361  0.309399 -0.431881 -0.749384    8.7245
1.77709e+09  -0.552945 -0.191275  0.317251 -0.717562  -0.73491   9.26627
1.77709e+09  -0.561961 -0.174808  0.321585 -0.495202 -0.628944   9.19397
1.77709e+09  -0.567722 -0.153407   0.32497 -0.536955 -0.664038    9.3215
1.77709e+09  -0.571805 -0.128908  0.320795  -0.63165 -0.808026   9.18033
1.77709e+09  -0.576029 -0.107153   0.33083 -0.351676 -0.919056   8.78824
1.77709e+09   -0.601377 -0.0911917   0.324363 -0.410591 -0.980559   8.75227
1.77709e+09   -0.591954 -0.0758967   0.306024 -0.583798  -1.06396   9.00224
1.77709e+09   -0.587319 -0.0651071   0.293861 -0.600784 -0.886001    9.3526
1.77709e+09   -0.598478 -0.0517704   0.299358 -0.571735 -0.824317   9.50004
1.77709e+09   -0.625826 -0.0187086   0.266007 -0.59806  -1.1313  9.12368
1.77709e+09    -0.636857 -0.00962716    0.258587 -0.535309 -0.970389   9.19645
1.77709e+09    -0.635667 -0.00781222    0.252866 -0.40604 -0.97472  9.17903
1.77709e+09   -0.636265 0.00426562   0.246926 -0.505908  -1.28814   8.79388
1.77709e+09  -0.639165 0.0109482  0.229721 -0.614491  -1.27258   9.22417
1.77709e+09  -0.642423 0.0162765  0.223789 -0.676314  -1.14745   9.36356
1.77709e+09   -0.675906 0.00871129   0.210826 -0.371169  -1.42184   8.91915
1.77709e+09  -0.671423 0.0117303  0.204675 -0.536609  -1.29631   9.24277
1.77709e+09    -0.692517 -0.00284742    0.202177 -0.306712  -1.51113    8.6928
1.77709e+09    -0.691363 -0.00429053    0.179402 -0.440913   -1.3636   9.21509
1.77709e+09    -0.708642 -0.00433407    0.189106 -0.329946  -1.69611   8.64507
1.77709e+09   -0.707311 -0.0151465   0.173194 -0.338212  -1.75775   8.75808
1.77709e+09   -0.710153 -0.0167623   0.160561 -0.427559  -1.70606   9.10542
1.77709e+09   -0.711895 -0.0287661   0.144269 -0.581432  -1.68576   9.20329
1.77709e+09   -0.729217 -0.0270235   0.154247 -0.335535  -1.80441   8.81081
1.77709e+09   -0.746272 -0.0372904   0.132257 -0.509759  -1.84995   9.06809
1.77709e+09   -0.773635 -0.0248729   0.122576 -0.495163  -1.75688   9.05976
1.77709e+09   -0.784874 -0.0243697   0.106399 -0.427798  -1.73962   9.03474
1.77709e+09   -0.807498 -0.0526973   0.114076 -0.537803  -2.21096     8.354
1.77709e+09     -0.7949 -0.0331503   0.101571 -0.561738   -1.8363   9.16231
1.77709e+09   -0.796772 -0.0603783   0.105319 -0.689723  -2.19311   8.78343
1.77709e+09   -0.789071 -0.0465622   0.124921 -0.394777  -2.01856   8.96292
1.77709e+09   -0.785812 -0.0583734    0.13181 -0.390291  -2.29228   8.50297
1.77709e+09   -0.790415 -0.0695775   0.131242 -0.494817   -2.1255   9.00279
1.77709e+09   -0.775876 -0.0586902   0.154051 -0.439735  -2.06777   9.06566
1.77709e+09   -0.765606 -0.0732596   0.152157 -0.488292  -2.42351   8.49445
1.77709e+09   -0.76898 -0.066654  0.160265 -0.527677     -2.29   8.82847
1.77709e+09    -0.76188 -0.0648938   0.161788 -0.673196  -2.30299    8.9752
1.77709e+09    -0.7556 -0.069238  0.157318 -0.313147  -2.38023   8.61101
1.77709e+09   -0.780034 -0.0714044   0.141403 -0.520779  -2.50956    8.6809
1.77709e+09   -0.788889 -0.0638117   0.152257 -0.472598   -2.3584   8.82689
1.77709e+09   -0.818331 -0.0715588   0.146716 -0.509925  -2.44531   8.83607
1.77709e+09   -0.788113 -0.0725697   0.163099 -0.704183  -2.66424   8.71931
1.77709e+09    -0.79699 -0.0644721   0.175673 -0.437089  -2.77799   8.35236
1.77709e+09   -0.781186 -0.0619389   0.182528 -0.493324  -2.88067   8.51135
1.77709e+09   -0.796321 -0.0520976   0.188005 -0.470083  -2.90548   8.61515
1.77709e+09  -0.766718 -0.058569  0.194197 -0.781496  -2.97767   8.64716
1.77709e+09   -0.772408 -0.0670191    0.21369 -0.660971  -3.02981   8.52268
1.77709e+09   -0.773838 -0.0705723   0.210284 -0.876683  -3.10592   8.49134
1.77709e+09   -0.759864 -0.0659415   0.240504 -0.437085  -3.02665   8.54587
1.77709e+09   -0.776318 -0.0754292   0.243277 -0.618344   -3.1832   8.26032
1.77709e+09   -0.767957 -0.0747677   0.254125 -0.54499 -3.02457  8.54111
1.77709e+09  -0.767227 -0.074347  0.245161 -0.696284  -3.22489   8.22402
1.77709e+09  -0.766132 -0.078844  0.240969 -0.795896   -3.1199    8.6005
1.77709e+09   -0.774623 -0.0815143   0.239964 -0.709255   -3.2195   8.34744
1.77709e+09   -0.789287 -0.0858222   0.238581 -0.810089  -3.09288   8.64565
1.77709e+09   -0.789896 -0.0834036   0.256425 -0.606713  -3.27189   8.37763
1.77709e+09   -0.781934 -0.0937669   0.254604 -0.855034  -3.58243   8.36802
1.77709e+09   -0.783025 -0.0769075   0.282174 -0.710597  -3.47978   8.52294
1.77709e+09   -0.774953 -0.0741077   0.296008 -0.774088  -3.65297   8.16143
1.77709e+09   -0.758415 -0.0733985   0.317291 -0.820601  -3.59045   8.57741
1.77709e+09   -0.736431 -0.0488409   0.338467 -0.602533  -3.58721   8.52071
1.77709e+09   -0.712931 -0.0464819   0.347827 -0.608886  -3.85221   8.11211
1.77709e+09   -0.721832 -0.0347199    0.35397 -0.678978   -3.5876   8.65725
1.77709e+09   -0.721385 -0.0316409   0.360623 -0.543655  -3.67125    8.3339
1.77709e+09   -0.712859 -0.0228162   0.361032 -0.505766   -3.6677   8.46363
1.77709e+09   -0.687189 -0.0301394    0.35451 -0.753503  -3.86772   8.16026
1.77709e+09   -0.68043 -0.021154  0.356242 -0.620944  -4.13063    7.7803
1.77709e+09   -0.681262 -0.0150895   0.355143 -0.931657  -4.09909   7.89992
1.77709e+09    -0.667492 -0.00733623    0.359962 -0.721324  -3.73721   8.45127
1.77709e+09    -0.659897 -0.00563182    0.356029 -0.969861  -3.79968   8.57832
1.77709e+09     -0.649423 -0.000123413     0.370934 -0.790577   -3.7956    8.6149
1.77709e+09     -0.649435 -0.000265475     0.363932 -0.790538  -4.22139   7.86884
1.77709e+09    -0.623086 -0.00117251     0.37411 -0.886348  -4.14015   8.32819
1.77709e+09  -0.625222 0.0038689  0.375422 -0.616929  -4.10775   8.19075
1.77709e+09    -0.608004 -0.00117688    0.374619 -0.706737  -4.25066   8.10086
1.77709e+09    -0.597009 -0.00828702    0.359854 -0.724527  -4.14331   8.53631
1.77709e+09   -0.597744 0.00239174   0.350366 -0.65118 -4.24825  8.12534
1.77709e+09    -0.590833 0.000325661    0.336978 -0.63749 -4.21535  8.32471
1.77709e+09    -0.588879 -0.00369281    0.331678 -0.764874  -4.40779   7.96676
1.77709e+09    -0.591995 -0.00927711    0.321909 -0.879787  -4.36646   8.26653
1.77709e+09    -0.598708 0.000633385    0.331349 -0.699602  -4.33603   8.17541
1.77709e+09   -0.599241 0.00141037   0.337144 -0.877937  -4.57096   8.02841
1.77709e+09   -0.611794 0.00162911   0.357161 -0.800597  -4.54581   8.05724
1.77709e+09    -0.61291 0.00678777   0.361488 -0.861485  -4.69801   8.21596
1.77709e+09  -0.606278 0.0131457  0.367806 -0.862834  -4.47731   8.36668
1.77709e+09   -0.624112 0.00107459   0.372922 -0.901275  -4.61297   8.37466
1.77709e+09   -0.625614 0.00482407   0.400559 -0.663926  -4.44612   8.32351
1.77709e+09   -0.641775 0.00510592   0.391902 -0.804559  -4.72228   8.02754
1.77709e+09    -0.63185 0.00153614   0.394237 -0.569606  -4.55841   8.23078
1.77709e+09    -0.63285 -0.0088767   0.364403 -0.998929   -4.8363   8.26426
1.77709e+09   -0.650613 -0.0127405   0.390537 -0.622637  -4.67373   8.23382
1.77709e+09    -0.64387 -0.0228519   0.386337 -0.778393  -5.03553   7.94205
1.77709e+09   -0.643265 -0.0293306   0.381835 -0.781597  -4.82466   8.31272
1.77709e+09  -0.647005 -0.036333   0.38896 -0.907143  -5.00297   8.16654
1.77709e+09  -0.640203 -0.028312    0.3937 -0.827582  -4.83615   8.25904
1.77709e+09   -0.643244 -0.0238226   0.389853 -0.956424  -4.88131   7.85791
1.77709e+09   -0.664194 -0.0169782   0.397853 -0.766771  -4.82863   8.10909
1.77709e+09   -0.642898 -0.0215771   0.397475 -1.05423 -5.02564  7.91564
1.77709e+09   -0.660938 -0.0126231   0.401578 -0.926017  -5.00985   7.73055
1.77709e+09   -0.657967 -0.0104503   0.402629 -1.03701 -4.99747  8.13619
1.77709e+09   -0.662201 0.00183254    0.39028 -1.00017 -5.03508  8.22207
1.77709e+09   -0.671649 0.00231553   0.415068 -0.81689 -5.15096   7.7444
1.77709e+09    -0.667934 -0.00620385     0.39735 -0.98591 -5.31911  7.64941
1.77709e+09    -0.679557 -0.00769675    0.392101  -0.8897 -5.43372  7.34888
1.77709e+09   -0.659301 0.00741906   0.403292 -0.799928  -5.06701   8.23454
1.77709e+09     -0.66778 -0.00337281    0.407103 -0.898339  -5.44672   7.57676
1.77709e+09  -0.672151 0.0126156  0.389735 -0.76145 -5.26098  7.92461
1.77709e+09     -0.664557 -0.000304902     0.408239 -0.663749  -5.70128   7.29181
1.77709e+09    -0.678583 -0.00380109    0.384648 -0.777426  -5.53372    7.4492
1.77709e+09   -0.664152 0.00397018   0.367336 -0.906104  -5.38154   7.84894
1.77709e+09   -0.658573 0.00114323     0.3585 -1.13106 -5.63567   7.5556
1.77709e+09   -0.672685 0.00331769   0.339385 -1.15346 -5.57077  7.90107
1.77709e+09   -0.682808 0.00559264   0.359551 -0.854632   -5.5703   7.57339
1.77709e+09   -0.680356 -0.0110657   0.363082 -1.01994 -5.73446   7.2247
1.77709e+09   -0.682836 -0.0165911   0.368596 -1.11033 -5.59963  7.58611
1.77709e+09  -0.674703 -0.025174  0.382101 -0.988945   -5.6845   7.31453
1.77709e+09  -0.687812 -0.032168   0.38045 -1.08511 -5.80336  7.36653
1.77709e+09    -0.67267 -0.0362769   0.365395 -1.00563 -5.61063  7.80774
1.77709e+09   -0.672954 -0.0423884   0.372084 -1.02974 -5.73842  7.14824
1.77709e+09   -0.656386 -0.0475534   0.360584 -1.13489 -5.72421  7.48146
1.77709e+09    -0.67763 -0.0435687     0.3588 -1.14351 -5.67796  7.56304
1.77709e+09   -0.667305 -0.0327984    0.35752 -1.29865 -5.88852  7.24123
1.77709e+09   -0.666028 -0.0247559    0.38301 -1.25642 -5.62501  7.63005
1.77709e+09   -0.667638 -0.0245866   0.370454  -1.2823 -5.73835  7.43887
1.77709e+09   -0.669601 -0.0213496   0.391608 -1.29346 -6.04877  7.06553
1.77709e+09     -0.65238 -0.00569307    0.402341 -1.16208  -6.1955  6.86169
1.77709e+09    -0.654679 -0.00706861    0.396047 -1.48854  -6.0287  7.52361
1.77709e+09  -0.643508  0.012216  0.407422 -1.21974 -6.27143  6.98246
1.77709e+09  -0.628883 0.0205467  0.398012 -1.36436 -6.15767  7.42885
1.77709e+09  -0.622008 0.0275744   0.40137 -1.05942 -6.13901  7.52197
1.77709e+09  -0.608676 0.0299584  0.403278 -1.26441 -6.51535  6.95328
1.77709e+09  -0.629132 0.0403977  0.393477 -1.10661  -6.3821  7.31607
1.77709e+09  -0.595769 0.0382354  0.391149 -1.34373 -6.64276  6.97214
1.77709e+09  -0.608558 0.0446158  0.397497 -1.23504 -6.76407  7.00286
1.77709e+09  -0.598974 0.0548831  0.404255 -1.36223 -6.77731  6.87918
1.77709e+09   -0.59518 0.0599944  0.399902 -1.23618 -6.65443  7.29325
1.77709e+09  -0.593731 0.0638095  0.422853 -1.18463 -6.83918  6.98637
1.77709e+09  -0.601142 0.0669276   0.43123 -1.46441 -6.97617   7.2144
1.77709e+09  -0.600766  0.070151  0.448439 -1.30579 -6.99277  7.10755
1.77709e+09  -0.611798 0.0844876  0.448777 -1.21105 -7.02024  7.22874
1.77709e+09  -0.594328  0.080616  0.452199 -1.27098 -6.96343  7.51241
1.77709e+09  -0.606444 0.0901528  0.444138 -1.23468 -7.25778  6.95944
1.77709e+09   -0.58658 0.0775986  0.434539 -1.44294 -7.27294  7.08938
1.77709e+09  -0.591775 0.0831355  0.443644 -1.17221 -7.45003   6.7495
1.77709e+09  -0.579108 0.0808453  0.421704 -1.47003  -7.1899   7.4484
1.77709e+09  -0.598577 0.0938381  0.437425 -1.24643  -7.2348  7.48501
1.77709e+09  -0.602364  0.082852  0.415788 -1.16491 -7.84886  6.52006
1.77709e+09  -0.583568  0.075355  0.417577 -1.45931 -7.59417  7.24198
1.77709e+09  -0.565609 0.0874698  0.409878 -1.56812  -7.9485   6.6481
1.77709e+09  -0.555257 0.0895007  0.407165  -1.3812 -7.86983  6.83452
1.77709e+09  -0.536534  0.116496  0.422897 -1.47431 -8.04144   6.7082
1.77709e+09  -0.525073  0.109294  0.447019 -1.33596 -7.76328  7.23468
1.77709e+09  -0.482977  0.140193  0.490269 -1.10291 -8.01549  6.72796
1.77709e+09  -0.464342  0.150502  0.493466 -1.43707 -8.03862  7.08464
1.77709e+09  -0.448474  0.164493  0.526088 -1.34511 -8.25069  6.65904
1.77709e+09  -0.403947  0.188393  0.558056 -1.42846  -8.3912  6.80594
1.77709e+09  -0.375579  0.201717  0.564937 -1.45098 -8.25227  7.19253
1.77709e+09  -0.372107  0.210433  0.591029 -1.31198 -8.42234  6.92362
1.77709e+09  -0.335732  0.225143  0.622836 -1.29263 -8.52875  6.88343
1.77709e+09  -0.31223 0.230354 0.620812 -1.59406 -8.54041  7.01786
1.77709e+09  -0.272661  0.231028  0.631844   -1.406 -8.83569  6.52597
1.77709e+09  -0.258664   0.23757   0.63522 -1.66929 -8.86736  6.69207
1.77709e+09  -0.255172  0.236807  0.616377 -1.80608 -8.76278  7.09884
1.77709e+09  -0.258082  0.239153  0.631772 -1.71515 -8.61537  7.28324
1.77709e+09  -0.230033  0.239705  0.607769 -1.59487 -8.54554  7.36106
1.77709e+09  -0.226363  0.235796  0.589202 -1.87648 -8.91436  6.73996
1.77709e+09  -0.206305  0.245752  0.551135 -1.69328 -8.70906  7.15777
1.77709e+09  -0.18503 0.235208 0.542472 -1.66248 -8.62641  7.18483
1.77709e+09  -0.185758  0.246937  0.503601 -1.89379 -8.92214  7.00852
1.77709e+09  -0.170568  0.246614  0.489023  -2.0184 -8.71688  7.42492
1.77709e+09  -0.151793  0.258134    0.4812 -2.05639 -8.74445  7.63101
1.77709e+09  -0.157997  0.253268  0.462877 -2.08181 -8.89721  7.00799
1.77709e+09  -0.115096  0.279664  0.472457 -2.04803 -8.76469  7.30737
1.77709e+09  -0.114364  0.281974  0.447591 -2.15011  -8.8661  7.18694
1.77709e+09  -0.0993178   0.269875   0.437681 -2.23758 -9.02009  6.97407
1.77709e+09  -0.0670108   0.269236   0.425632 -2.37597 -9.06403  6.94925
1.77709e+09  -0.0851273   0.282324   0.418524 -2.07855 -8.88904  7.19825
1.77709e+09  -0.0621846   0.265687    0.38882 -2.25495 -8.88703  7.43643
1.77709e+09  -0.0390319   0.264218   0.374254 -2.17098 -8.82399  7.75625
1.77709e+09  -0.0303566   0.253268    0.33846 -2.14267 -9.09204  7.01321
1.77709e+09  -0.0280919   0.237062   0.312721 -2.28183 -8.89439  7.41358
1.77709e+09  -0.0342396   0.216005   0.246472 -1.99812 -8.87237  7.45231
1.77709e+09  -0.0189008   0.194627   0.230185 -2.20419 -8.97665  7.21252
1.77709e+09  -0.0228558   0.190462    0.17552 -2.17811 -9.15155  6.86479
1.77709e+09  -0.0169307   0.172317   0.138601 -2.06791 -8.80918  7.40809
1.77709e+09  -0.00766866    0.153636    0.109596 -2.40789 -8.99724  7.21861
1.77709e+09  -0.0136097    0.15062  0.0890153 -2.10958 -8.70991  7.60963
1.77709e+09  0.0175732  0.124116 0.0572233 -2.17997 -8.87562  7.48123
1.77709e+09  0.0337262  0.116086 0.0488888 -2.30936 -9.07582  7.31112
1.77709e+09  0.0164237  0.103838 0.0387426 -1.97448 -8.71978  7.65891
1.77709e+09  0.0451663 0.0855586 0.0246034 -2.13081  -8.7846  7.88361
1.77709e+09  0.0315084 0.0882099 0.0353016 -1.96617 -8.85414  7.51556
1.77709e+09  0.0442598 0.0601203 0.0212835 -2.09665 -8.84788  7.70304
1.77709e+09  0.0479604 0.0458241 0.0476665 -2.19704  -8.7647  7.92561
1.77709e+09  0.0570227 0.0585908 0.0550498 -1.99042 -8.94425  7.35816
1.77709e+09  0.0707522 0.0399422 0.0578337 -2.13286 -8.84538  7.47972
1.77709e+09  0.0780563 0.0429915 0.0582085 -2.10784 -8.84221   7.3137
1.77709e+09  0.0736068 0.0391854 0.0517731 -2.25956 -8.65126  7.69882
1.77709e+09  0.0841877 0.0422616 0.0507363 -2.10086 -8.70197   7.6688
1.77709e+09     0.1066 0.0389215 0.0302867 -2.26646 -8.55197  7.68711
1.77709e+09     0.1078 0.0457764  0.023588 -1.99103 -8.74141  7.38976
1.77709e+09    0.125077  0.0392246 0.00541518 -2.21067 -8.72091  7.25101
1.77709e+09    0.146009  0.0352543 -0.0224537 -2.14798 -8.46397  7.73677
1.77709e+09    0.166075  0.0259525 -0.0350376 -2.12109 -8.65925   7.1339
1.77709e+09    0.196024  0.0337662 -0.0649653 -2.07272  -8.4357  7.58043
1.77709e+09    0.220702  0.0316604 -0.0707472 -2.22391   -8.706  7.17287
1.77709e+09   0.231275 0.0324672 -0.085867 -2.23805 -8.60187  7.51331
1.77709e+09   0.266504 0.0360981 -0.105184 -2.47745 -8.61877  7.46993
1.77709e+09   0.280771 0.0337469 -0.104119 -2.22873  -8.6525  7.28083
1.77709e+09   0.293382 0.0288995 -0.114488 -2.23985 -8.54211  7.44534
1.77709e+09   0.328698 0.0412714 -0.119102 -2.29952 -8.54709  7.37478
1.77709e+09   0.351233 0.0378261 -0.126412 -2.38656 -8.42976  7.68586
1.77709e+09   0.368748 0.0374378 -0.126522 -2.33681 -8.46339  7.60904
1.77709e+09   0.368752 0.0365335 -0.121995 -2.29046 -8.34749  7.65969
1.77709e+09   0.402163 0.0279781 -0.133159 -2.42027 -8.38007  7.56008
1.77709e+09   0.421901   0.02908 -0.151311 -2.53204 -8.35399  7.68511
1.77709e+09   0.412517 0.0168322 -0.134825 -2.29307 -8.32513  7.52351
1.77709e+09   0.435604 0.0132299 -0.167525 -2.52167 -8.20618  7.77127
1.77709e+09   0.431162 0.0124065 -0.149776 -2.27784  -8.2453  7.44871
1.77709e+09    0.450109 0.00596045  -0.176185 -2.54535 -8.12905  7.84162
1.77709e+09    0.469746 0.00217084  -0.172738  -2.3987 -8.20401  7.47936
1.77709e+09     0.495459 -0.00576728   -0.184682 -2.69025 -8.41718  7.24833
1.77709e+09    0.522507 -0.0065998  -0.173962 -2.39059 -8.16666   7.3006
1.77709e+09    0.538288 -0.0110575  -0.192821 -2.47708 -8.17482  7.47789
1.77709e+09    0.571495 -0.0237003  -0.191286 -2.66038 -8.24297  7.29799
1.77709e+09     0.575685 -0.00680782   -0.184776 -2.32031 -7.91173  7.81368
1.77709e+09    0.610711 -0.0223773  -0.197654 -2.48069 -7.98174  7.63492
1.77709e+09     0.62177 -0.0246648  -0.210433 -2.54438 -8.02345  7.62887
1.77709e+09    0.642307 -0.0262204  -0.213425 -2.23945 -7.88404  7.59889
1.77709e+09    0.648115 -0.0387087  -0.227484  -2.3004 -8.03469  7.45743
1.77709e+09    0.662645 -0.0555837  -0.251183 -2.37753 -8.04551  7.26872
1.77709e+09    0.679519 -0.0609481  -0.254851 -2.37818  -7.7938  7.85801
1.77709e+09    0.711023 -0.0740139  -0.279029 -2.42006 -7.77436  7.58278
1.77709e+09    0.717087 -0.0722172  -0.302601 -2.52491 -7.76937  7.67311
1.77709e+09    0.724607 -0.0685303   -0.31459 -2.28907 -7.61216  7.85129
1.77709e+09    0.732888 -0.0693125  -0.318004 -2.40551 -7.63228  7.56986
1.77709e+09     0.74241 -0.0711391  -0.327833 -2.23927 -7.64212  7.31381
1.77709e+09    0.741389 -0.0660552   -0.34983 -2.21712 -7.35757  7.88217
1.77709e+09    0.755803 -0.0459527  -0.352827 -2.22087 -7.14773   8.0039
1.77709e+09   0.779929 -0.042503 -0.388982 -2.43764 -7.34877  7.88641
1.77709e+09    0.775171 -0.0475733  -0.387177 -2.30976 -7.13161  8.10955
1.77709e+09    0.782078 -0.0335402   -0.38748 -2.32291 -7.18561  7.97928
1.77709e+09    0.784966 -0.0395224  -0.400703 -2.18712 -6.94785  8.06703
1.77709e+09    0.807254 -0.0342735  -0.392583 -2.31928  -7.1543  7.70764
1.77709e+09   0.79852   -0.028 -0.39671 -2.12646 -7.17377  7.53973
1.77709e+09    0.819353 -0.0219636  -0.398087 -2.44058 -7.02859  8.10245
1.77709e+09     0.84659 -0.0353445  -0.388315 -2.39547 -7.23925  7.49381
1.77709e+09    0.856477 -0.0277255  -0.399234 -2.31707 -6.94965  8.02588
1.77709e+09     0.86796 -0.0307263  -0.394408 -2.19643   -7.041  7.79311
1.77709e+09    0.896288 -0.0546004  -0.407207 -2.27759 -7.00181  7.65573
1.77709e+09    0.906472 -0.0507802  -0.398669 -2.15431 -6.76195  8.04663
1.77709e+09    0.916662 -0.0748388  -0.422472 -2.38012 -6.75875  8.11087
1.77709e+09    0.924156 -0.0768052  -0.404585 -2.11112 -6.70182   7.8885
1.77709e+09    0.949016 -0.0950206  -0.401958 -2.32574 -6.68619  7.62041
1.77709e+09   0.941513 -0.114943 -0.416825  -2.3713 -6.66374  7.48382
1.77709e+09   0.957374 -0.127549 -0.416077 -2.16092 -6.52403  7.73027
1.77709e+09   0.981059 -0.132627 -0.433612 -2.50896 -6.48415  7.82573
1.77709e+09   0.990939  -0.14061 -0.427258 -2.43363 -6.36254   7.9267
1.77709e+09   0.993196 -0.148639 -0.429828 -2.21533 -6.25706  7.92308
1.77709e+09    1.00275 -0.155576 -0.432872 -2.18699 -6.04419  8.16062
1.77709e+09    1.02046  -0.16531 -0.434332 -2.35904  -6.4953  7.44537
1.77709e+09    1.03599 -0.177919 -0.440854 -2.41553 -6.17224  8.05583
1.77709e+09    1.03031 -0.185087 -0.437794 -2.08711 -6.20908  7.61569
1.77709e+09    1.05668 -0.188582 -0.441853 -2.27444 -6.21828  7.62968
1.77709e+09    1.0621 -0.19293 -0.44728 -2.07835 -5.86713  8.00171
1.77709e+09     1.0589 -0.180413 -0.439151 -2.06187 -6.04285  7.70561
1.77709e+09    1.06585 -0.182203 -0.441385   -2.009 -5.89536  7.84871
1.77709e+09    1.07459 -0.189102 -0.450204 -2.06823 -5.97001  7.56452
1.77709e+09    1.05968 -0.181258 -0.444126 -2.14925 -5.85408  7.87021
1.77709e+09     1.0619  -0.18169 -0.429331  -1.9417 -5.63484   7.9057
1.77709e+09    1.06962 -0.187051 -0.433068 -2.07102 -5.70726  7.60974
1.77709e+09    1.09177  -0.18885 -0.415247 -2.03193 -5.32283  8.18128
1.77709e+09     1.0676 -0.181819 -0.429883 -1.83768 -5.55403  7.60089
1.77709e+09    1.07958  -0.17437 -0.424759 -1.90255 -5.45999  7.85633
1.77709e+09    1.07564 -0.182659 -0.425555 -1.86853 -5.17583  8.12069
1.77709e+09    1.07802 -0.169678 -0.417593 -1.80962 -5.27607  7.62091
1.77709e+09    1.07656 -0.156494 -0.436094  -1.9683 -5.15766  7.97499
1.77709e+09    1.06887 -0.155278  -0.46569 -1.95958 -5.07863   8.0679
1.77709e+09    1.09193 -0.135301 -0.435166 -1.79632  -5.2106  7.71105
1.77709e+09    1.11227 -0.127449 -0.429923 -1.83879 -5.28334  7.52819
1.77709e+09    1.09154 -0.105596 -0.409798 -1.64185 -5.01938   7.8009
1.77709e+09   1.09293 -0.09213 -0.38606 -1.52688 -4.90943  7.69908
1.77709e+09     1.10304 -0.0907874  -0.396421 -1.80094 -4.90855  7.97408
1.77709e+09    1.09766 -0.085653 -0.375387 -1.63148 -4.82473  7.78666
1.77709e+09     1.09721 -0.0960512  -0.394313 -1.56495 -4.74244  7.63196
1.77709e+09     1.08993 -0.0928182   -0.37375 -1.76246 -4.52869  8.22133
1.77709e+09     1.06662 -0.0956806  -0.382527 -1.59106 -4.48861  7.97666
1.77709e+09     1.07584 -0.0976198  -0.376182 -1.73034 -4.36084  8.22934
1.77709e+09    1.06942 -0.101643   -0.3776 -1.52238 -4.37622   7.8289
1.77709e+09    1.08647 -0.109275 -0.368142 -1.68802 -4.36533  7.78451
1.77709e+09    1.07015 -0.109148 -0.356742 -1.41419 -4.27838  7.57313
1.77709e+09    1.09651  -0.10267 -0.379851 -1.60887 -4.12073  7.98984
1.77709e+09      1.1032 -0.0925315  -0.359081 -1.43152 -4.13349  7.79709
1.77709e+09     1.12834 -0.0687771  -0.351324 -1.32572 -4.26841  7.68244
1.77709e+09      1.1397 -0.0601751  -0.343009 -1.70305 -3.94461  8.25462
1.77709e+09     1.20217 -0.0230306   -0.30568 -1.65012 -4.18673  7.76717
1.77709e+09     1.18052 -0.0322545  -0.290418 -1.50113 -3.81938  8.18327
1.77709e+09      1.19217 -0.00492274   -0.255874 -1.41283  -3.8613  7.96119
1.77709e+09      1.20868 0.000759094   -0.225248 -1.70615 -3.74631  8.35731
1.77709e+09     1.21419 0.00473255  -0.191039 -1.46121 -3.71568     8.13
1.77709e+09      1.21819 -0.00298174   -0.164485 -1.62136 -3.68108  8.08097
1.77709e+09     1.20194 0.00987994  -0.150642 -1.50446 -3.48396  8.36489
1.77709e+09     1.22336 -0.0191017  -0.133006 -1.46912 -3.48145  8.04134
1.77709e+09     1.21963 -0.0141982   -0.12422 -1.37996 -3.18568  8.48814
1.77709e+09     1.23378 -0.0264229  -0.116206 -1.32373 -3.12322  8.14477
1.77709e+09     1.22037 -0.0353481  -0.136248  -1.5584 -3.18822   8.1986
1.77709e+09    1.22984 -0.039521 -0.138595 -1.30862 -3.09219  7.80276
1.77709e+09     1.2232  -0.04062 -0.150611 -1.47523 -2.85991  8.40918
1.77709e+09     1.24372 -0.0419744  -0.146071 -1.31121  -2.8768  8.14621
1.77709e+09     1.23181 -0.0360568  -0.145642 -1.37754  -2.7583  8.15929
1.77709e+09     1.24822 -0.0106505  -0.159813 -1.62216 -2.72731  8.30336
1.77709e+09     1.25025 0.00693792  -0.147407 -1.74917 -2.65409  8.60467
1.77709e+09     1.2647 0.0164693 -0.125678 -1.76239 -3.03109  7.90408
1.77709e+09    1.28261 0.0315116 -0.118981 -1.86565 -2.95486  8.29832
1.77709e+09     1.30464  0.0573281 -0.0724286 -1.56135 -2.60558  8.33179
1.77709e+09      1.3235  0.0420026 -0.0711857 -1.97223 -2.86543  8.29875
1.77709e+09     1.3172 0.0436654 -0.043376  -1.5874 -2.62905  8.25575
1.77709e+09     1.29529  0.0324185 -0.0236632 -1.44662 -2.24957  8.38298
1.77709e+09     1.29513  0.0149145 -0.0422768 -1.65761 -2.41157  8.23937
1.77709e+09      1.28944 -0.00603106   -0.062736 -1.69121 -2.35599  7.97899
1.77709e+09     1.27819 -0.0191266 -0.0610748 -1.58246 -1.88372  8.53348
1.77709e+09      1.2703 -0.0309763 -0.0765081 -1.53834 -2.04422  8.17001
1.77709e+09     1.23217 -0.0876149  -0.130253 -1.81077  -1.8985   8.2697
1.77709e+09     1.23198 -0.0896884  -0.139346 -1.46962 -1.66098  8.38109
1.77709e+09    1.22899  -0.10521 -0.161766  -1.5765 -1.76851  8.10487
1.77709e+09    1.22617 -0.118898 -0.205359 -1.48305 -1.77782  7.97143
1.77709e+09    1.21865 -0.125433 -0.211647 -1.67824  -1.5396  8.53258
1.77709e+09    1.20669 -0.130786 -0.227751 -1.45323 -1.57985    8.274
1.77709e+09     1.2217 -0.142294  -0.27303 -1.66541 -1.66336  8.14589
1.77709e+09    1.21709 -0.129251 -0.287097 -1.54233 -1.46702  8.50956
1.77709e+09    1.22749 -0.124453 -0.279879  -1.5239 -1.57066  8.10651
1.77709e+09    1.24841 -0.114105 -0.282429 -1.75231 -1.65356  8.26365
1.77709e+09     1.2613  -0.11388 -0.291652 -1.86612 -1.54883  8.03784
1.77709e+09    1.29299 -0.083936 -0.263975 -1.67489 -1.45106  8.00971
1.77709e+09     1.30825 -0.0839435  -0.279575 -1.76512 -1.23281  8.33761
1.77709e+09     1.31861 -0.0649405   -0.27396 -1.88924 -1.30366  8.38588
1.77709e+09     1.32915 -0.0491625  -0.264561 -1.71832 -1.12125   8.2146
1.77709e+09     1.32469 -0.0389603  -0.261952 -1.58862 -1.09714  7.96762
1.77709e+09     1.33733 -0.0445417  -0.269111  -1.71249 -0.778278   8.62396
1.77709e+09     1.33973 -0.0345687  -0.264882 -1.52759 -0.80316  8.28288
1.77709e+09     1.34129 -0.0516894  -0.273112  -1.67091 -0.805444   8.14777
1.77709e+09     1.30864 -0.0574803  -0.278361  -1.81322 -0.337297   8.25991
1.77709e+09     1.33345 -0.0684543   -0.28802  -1.58768 -0.222868   8.49021
1.77709e+09     1.30042 -0.0811236  -0.285343  -1.42346 -0.543133   8.18038
1.77709e+09    1.30905 -0.065663 -0.272238  -1.84396 -0.134241   8.44458
1.77709e+09     1.30364 -0.0818631  -0.280239  -1.77904 -0.376825   8.07229
1.77709e+09    1.32481 -0.100275 -0.267126 -1.32941 -0.04052    8.503
1.77709e+09     1.30765 -0.0949594  -0.297656 -1.30763 0.197455  8.74641
1.77709e+09    1.30028 -0.121064 -0.298135 -1.33665 0.132103  8.59221
1.77709e+09    1.31005 -0.132581 -0.306836   -1.2356 0.0184904   8.31195
1.77709e+09     1.3076 -0.138194 -0.323066  -1.16951 0.0361284   8.11172
1.77709e+09    1.29271 -0.139976 -0.334587 -1.13385 0.277856  8.50385
1.77709e+09     1.2893 -0.160634 -0.365219   -1.169 0.512492   8.6181
1.77709e+09    1.27199 -0.143683 -0.399568 -1.30649 0.469479  8.68631
1.77709e+09   1.26459  -0.1534 -0.40615 -1.30289 0.667452  9.08301
1.77709e+09    1.24461 -0.144206 -0.420251 -1.10258 0.436201  8.36994
1.77709e+09    1.21979 -0.122851 -0.440027 -1.27696  0.64748  8.73374
1.77709e+09    1.21026 -0.109054 -0.441567 -1.13606 0.734057  8.63868
1.77709e+09     1.18411 -0.0874431  -0.447241 -1.12329 0.845703  8.61815
1.77709e+09     1.19689 -0.0517739  -0.461494 -1.40497 0.968676  8.86551
1.77709e+09     1.18226 -0.0239949  -0.467012 -1.09507 0.745951  8.29286
1.77709e+09    1.16872 -0.010508 -0.466229 -1.30666 0.869007  8.34186
1.77709e+09    1.16054 0.0130792 -0.463718 -1.37101  1.00055   8.6184
1.77709e+09    1.16688 0.0385353  -0.47437 -1.55843  1.08991  8.58099
1.77709e+09    1.13011 0.0560261 -0.452538 -1.27901   1.2287  8.58473
1.77709e+09    1.11711 0.0868224 -0.441007 -1.47731   1.2419  8.57623
1.77709e+09    1.10987  0.107924 -0.433379 -1.42124  1.48917  8.81233
1.77709e+09    1.10756  0.119812 -0.424267 -1.29549  1.64784  8.95367
1.77709e+09    1.08157  0.119636 -0.406702 -1.38396  1.48348  8.68617
1.77709e+09     1.0732  0.124411 -0.397157 -1.05255  1.56609  8.65875
1.77709e+09   1.07591 0.108964 -0.37658 -0.966714   1.61041   8.62873
1.77709e+09   1.06726 0.100359 -0.37754 -1.1898 1.54575 8.55446
1.77709e+09    1.05639  0.083024 -0.373426 -1.13885  1.45664  8.25905
1.77709e+09    1.05274  0.068389 -0.359623 -1.29283  1.92059   8.8559
1.77709e+09    1.05377 0.0245866 -0.346308 -1.31767  1.83292  8.35645
1.77709e+09     1.05952 0.00386841  -0.361076 -1.46839  1.92324  8.67107
1.77709e+09    1.06168 -0.046631 -0.352392 -1.18219   1.8898  8.19767
1.77709e+09      1.0548 -0.0722602  -0.375015 -1.25914  1.97775   8.4158
1.77709e+09     1.06846 -0.0861214  -0.377247 -1.38168  2.23969  8.77833
1.77709e+09     1.05731 -0.0984157  -0.376189 -1.1909 2.30735 8.55334
1.77709e+09    1.06465 -0.132507 -0.403058 -1.50135  2.46415  8.78445
1.77709e+09    1.07525 -0.146803 -0.408722  -1.311 2.40077   8.472
1.77709e+09    1.07025 -0.162153 -0.418729 -1.48138  2.33097  8.36538
1.77709e+09     1.0831 -0.176107 -0.448051 -1.6166 2.42942 8.41953
1.77709e+09    1.08344 -0.161417 -0.440497 -1.57479   2.6471  8.61294
1.77709e+09    1.06206 -0.170051 -0.460632 -1.71132  2.58476  8.48551
1.77709e+09    1.06289 -0.167252  -0.45454 -1.49044  2.80496  8.54917
1.77709e+09    1.06386 -0.164926 -0.464542 -1.62046  2.69833  8.22605
1.77709e+09    1.05277 -0.150756 -0.462165 -1.5331 2.88152 8.49717
1.77709e+09    1.05654 -0.161106 -0.467312 -1.60122  2.62603  7.95448
1.77709e+09    1.05032 -0.129181 -0.475317 -1.76914  2.88641  8.58098
1.77709e+09    1.03584 -0.122487 -0.492568 -1.65254  2.86202  8.21314
1.77709e+09     1.02997 -0.0994372  -0.509526 -1.75939   2.9924  8.64591
1.77709e+09    1.03243 -0.095032 -0.518361 -1.79763  3.14808  8.80412
1.77709e+09    1.01278  -0.10426 -0.531418 -1.39662   3.0154   8.1692
1.77709e+09     0.99925 -0.0817239  -0.535528 -1.45859  3.36223  8.70783
1.77709e+09     1.00052 -0.0957428  -0.564403 -1.55298  3.02375  8.26388
1.77709e+09    0.973482 -0.0844721  -0.572838 -1.47478  3.29423  8.16967
1.77709e+09    0.976153 -0.0899777  -0.570387 -1.25788  3.22229  8.00226
1.77709e+09    0.965546 -0.0734235  -0.586436 -1.66851   3.4676  8.56887
1.77709e+09    0.967735 -0.0761082  -0.587226 -1.43535   3.4456  8.37253
1.77709e+09    0.957307 -0.0806033  -0.589762 -1.64583  3.57873  8.52013
1.77709e+09   0.966266 -0.069588 -0.586521 -1.39384   3.5538  8.27999
1.77709e+09    0.970841 -0.0706875  -0.583289 -1.61139  3.57262  8.30026
1.77709e+09    0.977409 -0.0737135  -0.579945 -1.37266  3.54545  8.04363
1.77709e+09    0.981909 -0.0681257  -0.592225 -1.4826 3.92475 8.78665
1.77709e+09    0.976752 -0.0756063   -0.58557 -1.51902  3.81784   8.5335
1.77709e+09    0.989914 -0.0734652  -0.590444 -1.63778  3.85921  8.51933
1.77709e+09   0.979124 -0.077801 -0.573013 -1.29665  3.86375  8.31074
1.77709e+09    0.963681 -0.0836745  -0.553891 -1.15611  3.88572  8.10022
1.77709e+09    0.983645 -0.0887957  -0.565574 -1.45113  3.79194  8.26777
1.77709e+09   0.966226 -0.095316 -0.553564 -1.59236    3.959  8.57443
1.77709e+09    0.986009 -0.0960232  -0.539689 -1.56734  4.09938  8.67198
1.77709e+09    0.982498 -0.0913397  -0.518091 -1.26997  3.77882  7.82188
1.77709e+09    0.996587 -0.0881523  -0.518771 -1.67178  4.04605  8.47862
1.77709e+09    1.00008 -0.096849 -0.519178 -1.49822  3.90588  7.97001
1.77709e+09     1.01899 -0.0912431  -0.495593 -1.56092  4.21695  8.28918
1.77709e+09     1.00747 -0.0854076   -0.49026 -1.40399  4.09754  8.00764
1.77709e+09      1.0197 -0.0809037  -0.501544 -1.55733  4.45579  8.42638
1.77709e+09     1.03837 -0.0743578   -0.47895 -1.5289 4.11867 7.91409
1.77709e+09     1.04098 -0.0797204  -0.493056 -1.5065 4.38962 7.88456
1.77709e+09     1.05388 -0.0737036  -0.500117 -1.42242  4.55429  8.04742
1.77709e+09    1.07516 -0.066506 -0.488592 -1.60204  4.45254  7.83778
1.77709e+09     1.08193 -0.0680787  -0.487038 -1.54787  4.53079  7.72929
1.77709e+09       1.077 -0.0520569  -0.488174 -1.3372 4.61974 7.74626
1.77709e+09     1.07602 -0.0605928  -0.502151 -1.72916  4.78396  8.13143
1.77709e+09     1.08944 -0.0568062  -0.491377 -1.68479  4.87809  8.17713
1.77709e+09     1.07806 -0.0511201  -0.485213 -1.4757  5.0022 7.94257
1.77709e+09       1.092 -0.0385283  -0.490096 -1.49837  5.18846  8.15427
1.77709e+09     1.08274 -0.0534185   -0.48085 -1.55409  4.86851  7.63059
1.77709e+09    1.08822 -0.058421  -0.49076 -1.73557  5.23428  8.27108
1.77709e+09    1.07303 -0.058959 -0.475974 -1.31277  5.22551  7.63403
1.77709e+09     1.05839 -0.0702889  -0.477417 -1.52307  5.45684  8.26289
1.77709e+09      1.0651 -0.0646734   -0.47665 -1.63872  5.46048  7.99443
1.77709e+09     1.06797 -0.0551959  -0.473407 -1.59441  5.35512  7.61774
1.77709e+09     1.04267 -0.0648553  -0.454698 -1.48032  5.36167  7.37028
1.77709e+09     1.04977 -0.0643838  -0.478665 -1.83898  5.44282  8.06235
1.77709e+09     1.02425 -0.0670452  -0.460911 -1.54629  5.57962  7.87722
1.77709e+09     1.01988 -0.0693943  -0.471586 -1.76918  5.67906  8.24059
1.77709e+09    1.02075 -0.066172 -0.457111 -1.44995  5.45197  7.41586
1.77709e+09    0.986953 -0.0695918  -0.455755 -1.51085  5.76127  7.73446
1.77709e+09    0.983253 -0.0680499  -0.455579 -1.66742  5.66665  7.64515
1.77709e+09    0.960318 -0.0775841  -0.458669 -1.63802  5.71263  7.75751
1.77709e+09    0.952765 -0.0731445  -0.443841 -1.5619 5.95415 7.91546
1.77709e+09    0.951814 -0.0770525  -0.435841 -1.43251  5.92193  7.51905
1.77709e+09    0.930306 -0.0774837  -0.437779 -1.41524  6.24874   8.0576
1.77709e+09    0.904641 -0.0895222  -0.439064 -1.5888 6.18415 8.04628
1.77709e+09    0.881054 -0.0966113   -0.43461 -1.32514   6.3466  7.83744
1.77709e+09    0.857999 -0.0974458  -0.443006 -1.43705  6.46201  8.19333
1.77709e+09   0.851003 -0.107466 -0.417262 -1.38104  6.52795   7.7755
1.77709e+09   0.851822 -0.113453 -0.428401 -1.55951  6.28381  7.50816
1.77709e+09    0.81514 -0.115369 -0.424812 -1.35326  6.43949  7.15861
1.77709e+09   0.811579 -0.106786 -0.448274 -1.52359  6.51849  7.43037
1.77709e+09    0.806728 -0.0988086  -0.453377 -1.85052  6.50529  7.40824
1.77709e+09   0.798584 -0.087222 -0.467078 -1.88335  6.81924  7.82497
1.77709e+09    0.765647 -0.0733642   -0.47854 -1.83685  6.75865  7.62458
1.77709e+09    0.758291 -0.0588233  -0.473125 -1.83541  6.95413  7.77335
1.77709e+09    0.718801 -0.0567797  -0.495042 -2.00036  6.95283  7.81355
1.77709e+09    0.701095 -0.0267092  -0.488852 -1.76121   7.0177  7.62058
1.77709e+09    0.686464 -0.0250552  -0.488104 -1.84159  6.94729  7.38081
1.77709e+09   0.669681 0.0173164 -0.500386 -1.87394  7.24897   7.4869
1.77709e+09   0.656609 0.0133424 -0.524523 -2.00445  7.22293  7.47855
1.77709e+09   0.649521 0.0240451  -0.52832 -2.03798   7.3384   7.8443
1.77709e+09   0.618856 0.0476484 -0.523048 -1.74939  7.35816  7.40489
1.77709e+09   0.619424 0.0283214 -0.542315 -1.93028  7.24677  7.66593
1.77709e+09   0.592242 0.0107191  -0.53165 -1.59535  7.13627  7.04626
1.77709e+09   0.570779 0.0110518 -0.540434 -1.81116  7.35498  7.75438
1.77709e+09    0.557471 0.00915064  -0.537302 -1.55446    7.368   7.5303
1.77709e+09     0.56789 -0.0111075  -0.528075 -2.03162  7.45054  7.95456
1.77709e+09    0.552053 -0.0192006   -0.53478 -1.62892   7.3786  7.48267
1.77709e+09    0.564763 -0.0348608  -0.528843 -1.80185  7.17206  7.43121
1.77709e+09    0.547825 -0.0515706  -0.536186 -1.95676  7.44327  8.04795
1.77709e+09   0.535849  -0.06515 -0.505193 -1.55201  7.34712  7.30925
1.77709e+09    0.523003 -0.0807192  -0.512052 -1.78124  7.60761  7.87097
1.77709e+09    0.526597 -0.0825292  -0.498425 -1.72729  7.38654  7.32972
1.77709e+09    0.512519 -0.0802197  -0.491832 -1.90144   7.4013  7.64809
1.77709e+09    0.496472 -0.0883883  -0.474118 -1.7443 7.42192 7.24712
1.77709e+09    0.468834 -0.0885363  -0.471075 -1.68346  7.24226   7.1319
1.77709e+09    0.474114 -0.0921111  -0.455107 -1.9719 7.48258 7.77487
1.77709e+09      0.4723 -0.0881373  -0.440761 -1.65406   7.3968  7.21227
1.77709e+09    0.446994 -0.0811904  -0.425972 -1.9473 7.49825 7.64809
1.77709e+09    0.436033 -0.0817058  -0.416443 -1.80253  7.40212  7.33476
1.77709e+09    0.426151 -0.0830436  -0.415867 -2.05684  7.39991  7.59767
1.77709e+09    0.413938 -0.0690244  -0.390547 -1.79511  7.39528  7.21484
1.77709e+09    0.399927 -0.0606224  -0.382148 -1.9298 7.48356 7.68181
1.77709e+09     0.40114 -0.0590059  -0.392637 -2.01275  7.38628  7.47226
1.77709e+09    0.374858 -0.0268026  -0.373861 -1.73263  7.58129  7.62241
1.77709e+09    0.380909 -0.0442211   -0.36627 -1.86567   7.4103  7.34596
1.77709e+09     0.35556 -0.0233701  -0.353937 -1.64695  7.64722  7.54748
1.77709e+09    0.359076 -0.0386472  -0.343356 -1.84078  7.42766  7.36423
1.77709e+09    0.347782 -0.0258587  -0.333638 -1.88346  7.70647  7.75589
1.77709e+09    0.338193 -0.0332123   -0.31871 -1.87526  7.64676  7.38628
1.77709e+09    0.329898 -0.0399309  -0.315549 -1.74352  7.58028  7.15065
1.77709e+09    0.298108 -0.0261988  -0.303675 -1.90328  7.96188  7.76938
1.77709e+09    0.293877 -0.0359232  -0.291089 -1.81284  7.79607  7.26486
1.77709e+09    0.256833 -0.0376599   -0.28557 -1.83558  8.12566  7.73511
1.77709e+09    0.263164 -0.0291678  -0.279612 -1.91796  7.83697  7.44755
1.77709e+09     0.23101 -0.0259796  -0.275841 -1.8149 7.98514 7.42676
1.77709e+09      0.2081 -0.0378117  -0.271586 -1.98326  8.05342  7.68856
1.77709e+09     0.17978 -0.0285535  -0.285421 -2.12067  8.18495  7.75295
1.77709e+09    0.182577 -0.0296974  -0.266885 -1.83579  8.21556  7.40607
1.77709e+09    0.165442 -0.0220654  -0.264565 -1.99948  8.19949    7.405
1.77709e+09    0.147616 -0.0238439  -0.270293 -1.9502 8.26524 7.27488
1.77709e+09    0.104326 -0.0240209  -0.245033 -1.7627 8.50203 7.38598
1.77709e+09    0.102787 -0.0340785  -0.265804 -2.11069  8.60192  7.83085
1.77709e+09   0.0591761 -0.0344243  -0.251207 -1.96179   8.6735   7.8351
1.77709e+09   0.0721468 -0.0289101  -0.244001 -1.85998  8.82666  7.65465
1.77709e+09   0.0498502 -0.0347236   -0.23542 -1.70691  8.62789  7.25619
1.77709e+09   0.0285447 -0.0447551  -0.237078 -1.96464  8.89282   7.9135
1.77709e+09   0.0219199 -0.0265646  -0.226768 -1.68879  8.79729  7.56022
1.77709e+09  0.00973184 -0.0378374  -0.213174 -1.58834   8.9589   7.5069
1.77709e+09  -0.0158492 -0.0326927  -0.210701 -1.79851   8.9426  7.81333
1.77709e+09   -0.030807 -0.0284048  -0.215543 -1.5644 8.69225  7.2297
1.77709e+09  -0.0399025 -0.0258717  -0.199022 -1.63452  8.72591  7.41206
1.77709e+09  -0.0702396 -0.0223155  -0.205882 -1.82196  8.74388  7.80587
1.77709e+09   -0.0916696 -0.00419285   -0.184769 -1.87876  8.69624  7.81514
1.77709e+09    -0.110519 -0.00574178   -0.166661 -1.70198  8.88331  7.63288
1.77709e+09    -0.15449 0.00816163   -0.15172 -1.94494  8.81709  8.02491
1.77709e+09     -0.16555 -0.00374068   -0.121534 -1.67094  8.71792  7.20737
1.77709e+09   -0.184317 0.00416835  -0.118781 -1.79104  8.61362  7.34202
1.77709e+09   -0.247791 0.00200579 -0.0900873 -2.02175  8.86905  8.07432
1.77709e+09   -0.249957 0.00843474 -0.0667764 -1.66169  8.65195  7.38543
1.77709e+09   -0.283136 0.00928141 -0.0484482 -1.81086  8.80307  7.87484
1.77709e+09   -0.296182 0.00983037 -0.0505547 -1.73775  8.63663  7.46245
1.77709e+09   -0.324801  0.0240382 -0.0320064 -1.86362  8.73433  7.87037
1.77709e+09   -0.374835  0.0260196 -0.0176228 -1.96505  8.59637  7.92324
1.77709e+09  -0.385016 0.0257018 -0.015733 -1.74331  8.55674  7.60448
1.77709e+09     -0.40001    0.027808 -0.00862972 -1.92143  8.39293  7.34973
1.77709e+09    -0.437121   0.0332241 0.000120965 -1.78518   8.1984  7.13722
1.77709e+09    -0.446975   0.0288631 -0.00201636 -2.12987  8.53263  7.94357
1.77709e+09    -0.4635 0.0314467 0.0177922 -2.15871  8.18788  7.76008
1.77709e+09   -0.49126 0.0304011 0.0164869 -2.02328  8.39769  7.79901
1.77709e+09  -0.504745  0.028499 0.0373152 -1.91473  8.19052   7.3795
1.77709e+09  -0.521612 0.0289387   0.04027 -2.00539  8.13586  7.71108
1.77709e+09  -0.559851 0.0222794 0.0619497 -2.04922  8.26216  8.03728
1.77709e+09  -0.561179 0.0110503 0.0698463 -2.04281  8.07157  7.41047
1.77709e+09   -0.569266 0.00832928  0.0786758 -2.1231 8.07582 7.87237
1.77709e+09    -0.605172 -0.00753728   0.0754182 -2.30812  8.00086  7.94947
1.77709e+09  -0.608872 -0.015152  0.103408 -2.18759  7.91938  7.59943
1.77709e+09    -0.612429 -0.00573916    0.114508 -2.32708  7.98728  8.00349
1.77709e+09   -0.639854 -0.0325696   0.151773 -2.13589  7.73886  7.50475
1.77709e+09   -0.647126 -0.0353419   0.148023 -2.38132  7.64166  7.57195
1.77709e+09  -0.651879  -0.04511  0.177689 -2.45434  7.57893  7.70647
1.77709e+09   -0.668294 -0.0590284    0.19063 -2.34464  7.76466   7.7073
1.77709e+09   -0.673454 -0.0696338   0.196162 -2.20488  7.58415  7.38368
1.77709e+09  -0.677939 -0.079416  0.206309 -2.34996   7.6545  7.89755
1.77709e+09  -0.697423 -0.105644  0.243182 -2.11792   7.7836  8.05016
1.77709e+09  -0.701394 -0.123164  0.270243 -2.19094  7.47754   7.4257
1.77709e+09  -0.702997 -0.141216  0.280457 -2.28127  7.57413   7.8872
1.77709e+09  -0.723182 -0.151167  0.299401 -2.13903  7.65562  7.71744
1.77709e+09  -0.730776 -0.194841  0.333817 -2.19386  7.42299  7.51559
1.77709e+09  -0.750916 -0.211176  0.339674 -2.31083  7.55028  7.86596
1.77709e+09  -0.755988 -0.239504  0.363057 -2.3181  7.2341 7.61991
1.77709e+09  -0.775159 -0.255264  0.365783 -2.20724  7.22394  7.62386
1.77709e+09  -0.780485 -0.269108  0.375367 -2.1849 7.33363 7.77379
1.77709e+09  -0.818675 -0.282483  0.376595 -2.05155  7.05314  7.39001
1.77709e+09  -0.821976  -0.29321  0.387407 -2.11739  7.08311  7.74982
1.77709e+09  -0.825807 -0.290775  0.383959 -2.17978  7.03305  7.97541
1.77709e+09  -0.844276  -0.28093  0.393593 -1.83341  6.96411  7.59049
1.77709e+09  -0.860823 -0.277265  0.385986 -2.02917  6.78894  7.46689
1.77709e+09  -0.906735 -0.263298  0.399851 -1.70283  6.66719   7.1944
1.77709e+09   -0.89405 -0.246961  0.398928 -1.95593  6.44047  7.31939
1.77709e+09  -0.913675 -0.230041  0.411804 -1.99869  6.71832  7.93883
1.77709e+09  -0.928474 -0.215123   0.42142 -1.85272   6.5113  7.49241
1.77709e+09  -0.956273 -0.179136  0.420113 -1.86584  6.12663  7.30521
1.77709e+09  -0.966116 -0.159025   0.44209 -1.98679   6.3915  7.98183
1.77709e+09  -0.978693 -0.147474  0.459695 -2.04929  6.08052  7.85289
1.77709e+09  -0.982405 -0.135141  0.456771 -1.73603  6.19887  7.78074
1.77709e+09  -0.997634 -0.129031  0.471342 -1.73812  5.95849   7.4601
1.77709e+09   -1.0063  -0.1071 0.496006 -1.67176  6.13964   7.8208
1.77709e+09   -1.01649 -0.105969  0.509257 -1.61395  6.00066  7.70255
1.77709e+09    -1.0132 -0.103784  0.511807 -1.70283  5.84256  7.59264
1.77709e+09  -1.03239  -0.1122 0.516768 -1.79869  5.93421  8.01091
1.77709e+09  -1.03689 -0.09612 0.542803 -1.95774   5.9543  8.20962
1.77709e+09   -1.03573 -0.107715  0.533219 -1.54973  5.85465  7.68374
1.77709e+09  -1.05009 -0.09724 0.531563 -1.49492  5.82638  7.51492
1.77709e+09   -1.05565 -0.112134  0.534417 -1.60914  5.89169  8.03991
1.77709e+09   -1.04803 -0.119673   0.54427 -1.66337  5.54624   7.7065
1.77709e+09    -1.0519 -0.119142  0.532274 -1.59713   5.5676  7.81461
1.77709e+09   -1.0633 -0.11941 0.542617 -1.70562  5.67002  8.28657
1.77709e+09   -1.07348 -0.119286  0.534744 -1.66837  5.63916  8.48495
1.77709e+09  -1.08599 -0.13194 0.542174 -1.35302  5.44113  7.86257
1.77709e+09   -1.09903 -0.135963   0.54455 -1.56161  5.31778  8.23503
1.77709e+09    -1.1033 -0.134454  0.547049 -1.3787 5.38271 8.12409
1.77709e+09  -1.12819 -0.14266 0.545476 -1.59282  5.21463  8.28348
1.77709e+09   -1.12811 -0.147477  0.541528 -1.4451 5.22038 8.09651
1.77709e+09   -1.13821 -0.145234  0.538873 -1.35887  5.11518  7.89991
1.77709e+09   -1.14394 -0.148054  0.537613 -1.66347  4.96656  8.06935
1.77709e+09  -1.15357 -0.14027 0.534626 -1.42629  4.84697  7.89699
1.77709e+09   -1.14888 -0.136982  0.516042 -1.7173 4.75571 8.26709
1.77709e+09  -1.15852 -0.12991 0.530487 -1.58818  4.77285  8.28193
1.77709e+09   -1.16331 -0.124831  0.512809 -1.62672  4.53896  8.26264
1.77709e+09   -1.18029 -0.116751  0.521184 -1.48204   4.6583  8.39118
1.77709e+09   -1.17954 -0.106822  0.509268 -1.61323  4.45794  8.07277
1.77709e+09   -1.18904 -0.102561  0.501207 -1.51195  4.34652  8.27485
1.77709e+09   -1.17301 -0.101602  0.510652 -1.65962  4.12949  7.95697
1.77709e+09    -1.18902 -0.0951999   0.490848 -1.6255 4.03624 8.18714
1.77709e+09   -1.17964 -0.100085  0.498618 -1.75822  4.21308  8.49876
1.77709e+09    -1.20292 -0.0810178   0.492467 -1.53422  3.95381  7.97716
1.77709e+09    -1.18718 -0.0975609     0.4901 -1.78574  4.02963   8.5005
1.77709e+09  -1.19065 -0.10704  0.47353 -1.62394  3.77682  8.20236
1.77709e+09   -1.18939 -0.100701  0.463972 -1.98382  3.82197  8.49665
1.77709e+09  -1.18878 -0.12364 0.477672 -1.63024  3.53136  7.99946
1.77709e+09   -1.18968 -0.133699  0.471216 -1.51887   3.5858  8.53965
1.77709e+09   -1.19047 -0.137064  0.486119 -1.38809   3.5387   8.5237
1.77709e+09   -1.18526 -0.154485  0.488131 -1.57146  3.16263  8.30136
1.77709e+09   -1.17895 -0.162242  0.475018 -1.58827   3.2117  8.67082
1.77709e+09   -1.18943 -0.170476  0.496718 -1.33183  2.89897   8.2048
1.77709e+09   -1.18306 -0.184375  0.495501 -1.47318  2.82612  8.45278
1.77709e+09    -1.1815 -0.200382   0.50796 -1.64314  2.61386  8.38993
1.77709e+09   -1.17501 -0.184387  0.530116 -1.51085  2.63836  8.23153
1.77709e+09   -1.19654 -0.178132   0.52605 -1.79926  2.71992  8.72211
1.77709e+09   -1.18309 -0.179338  0.536872 -1.80842  2.66343  8.53044
1.77709e+09   -1.18654 -0.162055  0.557915 -1.62243  2.59939  8.35061
1.77709e+09   -1.17769 -0.156982  0.546026 -1.67386  2.40612  8.08943
1.77709e+09   -1.15618 -0.151257  0.562005 -1.67142  2.35267  8.08353
1.77709e+09   -1.15985 -0.126976  0.567138 -1.49051  2.37109  8.24864
1.77709e+09   -1.15347 -0.116707  0.579386 -1.36305  2.29837  8.09573
1.77709e+09   -1.15857 -0.110352  0.557296 -1.62975  2.37288  8.59205
1.77709e+09   -1.16506 -0.102962  0.559183 -1.47601  2.45104  8.50115
1.77709e+09    -1.17126 -0.0924426   0.554831 -1.33376  2.51833  8.62894
1.77709e+09  -1.15678 -0.10906 0.545282 -1.40088  2.17264  8.15883
1.77709e+09    -1.16227 -0.0987359   0.556714 -1.1394 2.31931 8.33378
1.77709e+09   -1.15563 -0.106811  0.521316 -1.38132  2.14506  8.28639
1.77709e+09    -1.14911 -0.0986197   0.519056 -1.51185   2.1712  8.65165
1.77709e+09  -1.15956 -0.11015 0.501582 -1.49085  2.21534  8.81676
1.77709e+09  -1.16098 -0.11417 0.483237 -1.3225 1.76433 8.37788
1.77709e+09    -1.16351 -0.0952251   0.501734 -1.3379 1.98186 8.61012
1.77709e+09   -1.16954 -0.086786  0.468257 -1.25039  1.72582  8.47472
1.77709e+09   -1.17057 -0.091142  0.458985 -1.33139  1.72553  8.45162
1.77709e+09    -1.17448 -0.0914679   0.456201 -1.37841  1.37906  8.37486
1.77709e+09     -1.1718 -0.0866578   0.450802 -1.44513  1.50193  8.65511
1.77709e+09    -1.20116 -0.0883992   0.451177 -1.13267  1.28035  8.35814
1.77709e+09    -1.18532 -0.0859783   0.436831 -1.25441  1.23889  8.41167
1.77709e+09    -1.19244 -0.0983248   0.426217 -1.35501   1.1774  8.51984
1.77709e+09   -1.18604 -0.103182  0.426695 -1.27162  1.06745  8.39758
1.77709e+09   -1.18574 -0.110292  0.429518 -1.21682  1.19772  8.71615
1.77709e+09   -1.18038 -0.116106  0.410824 -1.18285  0.95964   8.3842
1.77709e+09   -1.18268 -0.127263  0.413125 -1.17069 0.769341  8.22901
1.77709e+09   -1.17197 -0.112729  0.407918 -1.14174  1.06502  8.77573
1.77709e+09     -1.198 -0.127236  0.385465 -1.29141 0.888828  8.75767
1.77709e+09   -1.17585 -0.119969  0.403056  -1.0108 0.858609  8.55695
1.77709e+09   -1.18335 -0.125349  0.394745 -1.13817 0.567938   8.2172
1.77709e+09    -1.1906 -0.122759  0.389736 -1.11742 0.776893  8.57237
1.77709e+09   -1.18721 -0.115039  0.383568 -1.17035 0.509203  8.33219
1.77709e+09   -1.20488 -0.123944  0.388146 -1.29106 0.571528  8.67965
1.77709e+09   -1.21792 -0.118637  0.403183 -0.998052  0.535424     8.493
1.77709e+09   -1.18191 -0.116698  0.398842 -1.18833  0.27722   8.4957
1.77709e+09   -1.19026 -0.114046  0.429029 -0.889555  0.315031   8.23825
1.77709e+09   -1.22313 -0.130531  0.408652 -1.19858 0.296146  8.84319
1.77709e+09   -1.20162 -0.112822   0.43387 -1.01319 0.366692  8.82536
1.77709e+09   -1.19975 -0.119882  0.435795 -0.967264  0.129347   8.32161
1.77709e+09   -1.18074 -0.106553  0.458564 -0.888349  0.170908   8.52648
1.77709e+09   -1.17333 -0.104118  0.460698 -0.836679 0.0322525   8.52707
1.77709e+09    -1.16364 -0.0972282   0.460889   -1.00599 -0.0405433    8.35739
1.77709e+09      -1.152 -0.0896863   0.456167 -0.973814 -0.248786   8.21655
1.77709e+09    -1.15197 -0.0832616   0.451445  -0.978572 -0.0222472     8.7115
1.77709e+09    -1.13436 -0.0890102   0.456277  -1.00952 -0.309246   8.39677
1.77709e+09    -1.13293 -0.0819993   0.453131  -1.00331 -0.165426   8.67981
1.77709e+09    -1.12154 -0.0771256   0.442669  -1.04404 -0.122182    8.9482
1.77709e+09    -1.12279 -0.0781501   0.455016 -0.816749 -0.346892   8.23147
1.77709e+09    -1.11122 -0.0665569   0.445099 -0.780876 -0.228158   8.78293
1.77709e+09    -1.10209 -0.0764084   0.447398  -1.05953 -0.657377   8.34117
1.77709e+09    -1.09521 -0.0799308   0.449999 -0.818072 -0.671974   8.18494
1.77709e+09    -1.08848 -0.0745285   0.446378 -0.908307 -0.526427   8.85843
1.77709e+09   -1.08263 -0.082295  0.471301 -0.655693 -0.620962   8.38976
1.77709e+09   -1.06244 -0.080058  0.489448 -0.864787 -0.717219   8.60958
1.77709e+09     -1.0615 -0.0907085   0.484877  -0.58117 -0.764128   8.26673
1.77709e+09    -1.04831 -0.0898877   0.503379 -0.811025 -0.970666   8.53552
1.77709e+09    -1.02882 -0.0897347   0.528901 -0.6969 -1.0222 8.42316
1.77709e+09    -1.01529 -0.0827236   0.537622 -0.725239  -1.18371   8.32253
1.77709e+09   -0.988695 -0.0876077   0.556517 -0.973811  -1.17072    8.3756
1.77709e+09   -0.981383 -0.0749687   0.568487 -0.714411  -1.02783   8.61273
1.77709e+09   -0.969916 -0.0679687   0.565453 -0.97894  -1.0488  8.87144
1.77709e+09   -0.964956 -0.0554572   0.590763 -0.625937  -1.32539   8.16055
1.77709e+09     -0.9569 -0.0505967   0.608745 -0.65277 -1.16534  8.47041
1.77709e+09  -0.943447 -0.046519  0.619534 -0.811623  -1.36508    8.2981
1.77709e+09   -0.921666 -0.0394233   0.630654 -0.80781  -1.4204   8.2329
1.77709e+09   -0.924822 -0.0320051   0.633228 -0.795576  -1.16803   8.80284
1.77709e+09  -0.897696 -0.018469  0.644037 -0.977132  -1.36668    8.6644
1.77709e+09    -0.916947 -0.00931735     0.65681 -0.737216  -1.51219     8.569
1.77709e+09     -0.89365 -0.00503955    0.666157 -0.736196  -1.27437   8.71669
1.77709e+09  -0.879555 0.0130506  0.680727 -0.683682  -1.29926   8.82833
1.77709e+09  -0.869216 0.0119482  0.673581 -0.784646  -1.68825   8.18524
1.77709e+09  -0.854126 0.0354183  0.687548 -0.573521   -1.5396   8.52859
1.77709e+09  -0.854506 0.0278908  0.684442 -0.911883  -1.90923    8.1428
1.77709e+09  -0.838427 0.0426872  0.693562 -0.850345  -1.81769   8.36048
1.77709e+09  -0.844963 0.0561405  0.706719 -0.871197  -1.97492   8.12159
1.77709e+09  -0.845184 0.0665837  0.738838 -0.830559  -1.72414   8.60689
1.77709e+09  -0.833537 0.0845174  0.737983 -0.746573  -1.92354   8.13983
1.77709e+09  -0.837382 0.0844093  0.747244 -0.634607  -1.87564   8.40034
1.77709e+09  -0.830119 0.0902084  0.744666 -0.743171  -2.04476   8.07093
1.77709e+09  -0.817641 0.0941164  0.752885 -0.82533 -2.04164  8.48303
1.77709e+09  -0.815786 0.0940524  0.754812 -0.725975  -2.21384   8.32528
1.77709e+09  -0.802796 0.0897556  0.748035 -0.872058  -2.11853   8.64188
1.77709e+09  -0.81212 0.104318 0.755056 -0.655452  -2.37347   8.40038
1.77709e+09  -0.789909  0.105717  0.751111 -0.917027  -2.59935   8.49602
1.77709e+09  -0.782713  0.116627  0.755271 -0.83863 -2.49126  8.59294
1.77709e+09  -0.785719  0.130764  0.777889 -0.888983  -2.49788   8.90561
1.77709e+09  -0.75012 0.130393 0.768811 -1.16564 -2.64341  8.63073
1.77709e+09  -0.777328  0.144912  0.772545 -0.846642  -2.76657   8.27616
1.77709e+09  -0.765484  0.141764  0.768418 -1.08387 -2.83852  8.29603
1.77709e+09  -0.762574  0.162425  0.781397 -0.892773  -2.81275   8.37957
1.77709e+09  -0.748298  0.163432  0.760435 -1.10934 -2.97481  8.08695
1.77709e+09  -0.762711  0.176858  0.757396 -1.15493  -3.1803  8.04663
1.77709e+09  -0.770003    0.1674  0.751308 -1.08853 -2.77562  8.63055
1.77709e+09  -0.765993  0.180247  0.749634 -1.02284 -2.97583  8.37294
1.77709e+09  -0.773082  0.184592  0.720405 -0.831615  -2.99575   8.17267
1.77709e+09  -0.785193  0.186865  0.694012 -1.04837 -3.04183  8.58922
1.77709e+09  -0.793895  0.183691  0.681641 -1.04214 -3.21406  8.26341
1.77709e+09  -0.803133  0.184409  0.660014 -1.15854 -3.35089  8.11398
1.77709e+09  -0.795692  0.188696  0.636382 -1.31473  -3.2377  8.63662
1.77709e+09  -0.808903  0.190293  0.627056   -1.096 -3.34734  8.45575
1.77709e+09  -0.816724  0.192737  0.594224 -1.14902 -3.37589  8.38077
1.77709e+09  -0.805054  0.186834  0.550912 -1.40566 -3.50192  8.57824
1.77709e+09  -0.818293  0.192063  0.550968 -1.17844 -3.72995  8.09175
1.77709e+09  -0.799177  0.193978  0.532272 -1.41223 -3.72249  8.16367
1.77709e+09  -0.808332  0.187149  0.505412 -1.54712 -3.72978  8.50418
1.77709e+09  -0.812056  0.177399  0.493108 -1.75591   -3.789  8.48203
1.77709e+09  -0.817641  0.196719   0.50231 -1.41727  -3.7407  8.45408
1.77709e+09  -0.828175  0.185511  0.486119 -1.73181 -3.86891  8.64891
1.77709e+09  -0.835061  0.194923  0.502284 -1.37551 -3.91286  8.30217
1.77709e+09  -0.854354  0.188795  0.493116  -1.4781 -4.01721   8.3799
1.77709e+09  -0.842904  0.184938  0.482775 -1.56788 -4.12338  8.45028
1.77709e+09  -0.857034  0.178765  0.501479 -1.62477 -3.89359  8.77576
1.77709e+09  -0.86852 0.176052 0.490836 -1.66092 -4.14387  8.45771
1.77709e+09  -0.869304  0.166843  0.496556 -1.69712 -3.96339  8.70554
1.77709e+09  -0.875124  0.171284  0.497077 -1.64265 -4.07909  8.40015
1.77709e+09  -0.886814  0.172921  0.503616 -1.62647 -3.97746  8.71315
1.77709e+09  -0.898098  0.170077  0.509913 -1.58586 -4.07381  8.56068
1.77709e+09  -0.890575  0.162924  0.514155 -1.63812 -4.22563  8.29815
1.77709e+09  -0.890683   0.15921  0.502154 -1.73196 -4.29776  8.53223
1.77709e+09  -0.905892  0.156308  0.512439 -1.57491 -4.38643  8.18189
1.77709e+09  -0.891976  0.157932  0.503466 -1.60996 -4.15879  8.80085
1.77709e+09  -0.892189  0.155396  0.511475 -1.64841 -4.29439  8.61933
1.77709e+09  -0.889593   0.15034  0.491958 -1.48531 -4.33541  8.62125
1.77709e+09  -0.877044  0.158183  0.495625 -1.43049 -4.41652  8.57217
1.77709e+09  -0.865054  0.143286  0.474884  -1.7009 -4.59786   8.4014
1.77709e+09  -0.861517  0.162671  0.453392 -1.37032 -4.79308  8.07064
1.77709e+09  -0.85109 0.157357 0.449388 -1.67166  -4.4488  8.93923
1.77709e+09  -0.845549  0.159834   0.41572 -1.69923 -4.83714  8.41183
1.77709e+09  -0.837506   0.17119  0.421967  -1.7926 -4.65421  8.69871
1.77709e+09  -0.834134  0.185161  0.403958 -1.63688 -4.66164  8.88916
1.77709e+09  -0.834537  0.172961  0.393601 -1.78867  -5.0509  8.13286
1.77709e+09  -0.84738 0.174494 0.396788 -1.45055 -4.83808  8.39992
1.77709e+09  -0.842855  0.180556  0.356236 -1.90608 -4.92814  8.61006
1.77709e+09  -0.842748  0.165656  0.362885 -1.72221 -5.10397  8.19135
1.77709e+09  -0.852676   0.16311  0.352664 -1.80621 -5.29774  8.00927
1.77709e+09  -0.864891  0.160568  0.340585 -1.66355 -5.07031  8.62356
1.77709e+09  -0.858001   0.15388  0.339929 -1.64596  -5.2158  8.20663
1.77709e+09  -0.853835  0.160158  0.321098 -1.44374 -5.36814  8.11903
1.77709e+09  -0.84988 0.153269 0.320907 -1.76457 -5.45016  8.42114
1.77709e+09  -0.839441  0.134561   0.29562 -1.69936 -5.75659  7.96422
1.77709e+09  -0.850177  0.147729   0.28707 -1.85761 -5.53237  8.37733
1.77709e+09  -0.860023  0.132869  0.287379 -1.66917 -5.66955  8.19931
1.77709e+09  -0.860056  0.116444  0.279376  -1.8576 -5.54058  8.64507
1.77709e+09  -0.85895 0.107424 0.275957 -1.90694 -5.68303  8.49597
1.77709e+09  -0.872998  0.099504  0.271857 -1.72982 -5.88056  7.96193
1.77709e+09  -0.873523 0.0832542  0.266742 -2.06351 -5.79892  8.39591
1.77709e+09  -0.885172 0.0677843  0.272249 -1.76463 -5.96625  7.79612
1.77709e+09  -0.881053 0.0541024  0.274341 -1.92228 -5.85122  8.29342
1.77709e+09  -0.897286 0.0527851  0.260129 -1.60203 -5.69207  8.41168
1.77709e+09  -0.885819 0.0406528  0.239635 -1.91803  -5.9278  8.30639
1.77709e+09  -0.892273 0.0312299  0.241664 -1.62978   -5.811   8.2156
1.77709e+09   -0.88207 0.0247902  0.229485 -1.80721 -5.97256  8.28349
1.77709e+09  -0.888462 0.0144106  0.220133  -1.5156 -6.01171  8.04484
1.77709e+09  -0.884298 0.0115755  0.210715 -1.83317 -6.25568  7.86966
1.77709e+09  -0.876763 0.0143941  0.183663 -1.95904 -6.19821  8.27629
1.77709e+09  -0.871618 0.0128703  0.181385 -1.79463 -6.44889  7.83884
1.77709e+09  -0.851483 0.0115881  0.183216  -1.7385 -6.51781  7.64806
1.77709e+09  -0.845565 0.0214875  0.161916 -1.78098 -6.46953  8.09598
1.77709e+09    -0.8243 0.0149373  0.156158 -1.89268 -6.58205  7.81394
1.77709e+09   -0.829976 0.00547356   0.151978 -1.64251 -6.74662   7.5943
1.77709e+09    -0.807789 -0.00328457    0.148873 -1.63443 -6.71053  7.94129
1.77709e+09    -0.785397 -0.00117652    0.152927 -1.55468 -6.77956  8.00596
1.77709e+09   -0.766977 -0.0176813   0.143257 -1.74843  -6.9713  7.86995
1.77709e+09   -0.773566 -0.0215269   0.149678 -1.54339  -7.0043  7.88153
1.77709e+09   -0.736719 -0.0262943    0.17641 -1.49486 -7.17502  7.77962
1.77709e+09   -0.734902 -0.0281113   0.161063  -1.8493 -7.10847  8.07201
1.77709e+09   -0.698598 -0.0170205   0.200802 -1.61956 -7.04582   8.3294
1.77709e+09   -0.670914 -0.0182704   0.201823 -1.78694 -7.32434  8.09283
1.77709e+09  -0.662968 -0.014106  0.211848 -1.50545  -7.2048  8.13759
1.77709e+09   -0.637914 -0.0127273   0.206202 -1.89128 -7.61764  7.59974
1.77709e+09   -0.627429 -0.0124244   0.196893 -1.65914 -7.60919  7.80343
1.77709e+09   -0.615318 -0.0111296    0.19947 -1.65561 -7.41327  8.11005
1.77709e+09   -0.595715 -0.0144152   0.186115  -1.5929 -7.29533  8.28306
1.77709e+09    -0.61014 -0.0206685   0.179721 -1.47248 -7.49634  7.68365
1.77709e+09   -0.572238 -0.0352826   0.168131 -1.49005 -7.37634  8.14057
1.77709e+09   -0.550471 -0.0300601   0.150364 -1.54876 -7.38385   8.3151
1.77709e+09   -0.558634 -0.0325766   0.139103 -1.61159 -7.56298   7.8467
1.77709e+09   -0.524209 -0.0291384   0.156732 -1.47024 -7.60789  7.69605
1.77709e+09   -0.531835 -0.0246026   0.131189  -1.5621 -7.69444  7.54712
1.77709e+09   -0.510174 -0.0191555   0.127593 -1.55931  -7.5616  7.94437
1.77709e+09     -0.48934 -0.00778939    0.117761 -1.49367 -7.57375  7.79223
1.77709e+09  -0.467078 0.0028447  0.111672 -1.67988 -7.57007   8.0453
1.77709e+09  -0.453483 0.0210533  0.120117 -1.47683 -7.52941  7.85388
1.77709e+09  -0.437462 0.0104105 0.0959332 -1.73036 -7.59129  7.96925
1.77709e+09  -0.419601 0.0256443   0.11081 -1.24629 -7.47393  8.09584
1.77709e+09  -0.411577 0.0260559 0.0909469  -1.3895 -7.71023  8.00865
1.77709e+09  -0.377947 0.0234648  0.087644 -1.60726 -7.79189  7.82337
1.77709e+09  -0.405164 0.0464764  0.094626 -1.19437  -7.6957  7.96453
1.77709e+09  -0.399545 0.0420902  0.103471 -1.14626  -7.7043  7.88611
1.77709e+09  -0.369431 0.0548424 0.0808906 -1.52881 -7.91083  7.71272
1.77709e+09  -0.358083 0.0714695 0.0853696 -1.26721 -7.97856  7.42732
1.77709e+09  -0.334457 0.0845349  0.084012 -1.38159 -7.99343   7.6524
1.77709e+09  -0.323527 0.0873789 0.0791834 -1.49896 -7.88621  7.85369
1.77709e+09  -0.284311  0.104596 0.0588538  -1.6139 -7.96565  7.90864
1.77709e+09  -0.282899  0.129837 0.0733967  -1.2299 -7.85394  7.92234
1.77709e+09  -0.251976  0.140539 0.0687729 -1.40908 -7.81971  8.33735
1.77709e+09  -0.220187  0.164506 0.0807836  -1.2628 -7.90141  8.03024
1.77709e+09  -0.212705  0.168766 0.0564933 -1.42453 -8.08651  7.89864
1.77709e+09  -0.181783  0.180922 0.0555833 -1.61592 -8.12543  7.99804
1.77709e+09  -0.174689  0.185385 0.0858877 -1.36919 -8.01324  8.11748
1.77709e+09  -0.139769  0.207358  0.101295 -1.42269 -8.33328  7.51507
1.77709e+09  -0.124108  0.189714  0.116417  -1.6142 -8.09213  8.17045
1.77709e+09  -0.0894849   0.187319   0.137624 -1.84909  -8.1542  7.81807
1.77709e+09  -0.0722285   0.208217   0.154856 -1.67054 -8.13078  8.03565
1.77709e+09  -0.0743057   0.202334   0.167488 -1.42995  -7.8473  8.25496
1.77709e+09  -0.0543986    0.21429   0.165691 -1.62295 -8.09004  7.84475
1.77709e+09  -0.0297809   0.227806   0.184333 -1.56666 -7.97342  8.25316
1.77709e+09  -0.00735644    0.235606    0.186088 -1.58306 -7.92603  8.43529
1.77709e+09  0.0168184  0.239863  0.172677 -1.76243 -8.28025  7.77265
1.77709e+09  0.0431721   0.24808  0.167064 -1.49682 -8.15974  8.06529
1.77709e+09  0.0535149  0.253317  0.151114 -1.78408 -8.31791  7.99874
1.77709e+09  0.0787951  0.253295  0.142887 -1.82101 -8.17028  8.36452
1.77709e+09  0.116348 0.264695 0.116793  -1.8856 -8.38097  7.93836
1.77709e+09  0.134631 0.253691 0.105751 -1.86013 -8.22046  8.34401
1.77709e+09    0.13943   0.24179 0.0951966 -1.73155 -8.22953  8.09986
1.77709e+09   0.177971  0.250909 0.0713526  -1.8711 -8.02737  8.40001
1.77709e+09   0.190294  0.232019 0.0548609 -1.91883 -8.18189   7.9878
1.77709e+09  0.208499 0.225782 0.036288 -2.01449 -8.05062  8.27645
1.77709e+09   0.236934   0.21024 0.0236377 -1.97497 -7.81344  8.48717
1.77709e+09     0.245789    0.205197 -0.00540132 -2.14239 -8.14489  7.98256
1.77709e+09    0.283047   0.189532 -0.0139112 -1.95327 -8.07476  7.81765
1.77709e+09    0.300038     0.1733 -0.0358249  -2.0656 -7.95579  7.98028
1.77709e+09    0.324031   0.161744 -0.0486243 -2.25936 -7.94137  7.99987
1.77709e+09    0.324122   0.152206 -0.0548565 -2.24658 -7.71311  8.37462
1.77709e+09    0.344999   0.138038 -0.0529078 -2.27092   -7.505  8.64391
1.77709e+09     0.36104   0.129874 -0.0601277 -2.25345  -7.8044  7.91591
1.77709e+09    0.372984   0.115815 -0.0777317 -2.06468 -7.43459  8.49735
1.77709e+09   0.420596  0.115105 -0.068636 -2.35566 -7.72188  8.03247
1.77709e+09    0.434639    0.10646 -0.0875349 -2.35454 -7.56324  8.44764
1.77709e+09    0.448299  0.0899735 -0.0822253 -2.21926 -7.49906   8.0736
1.77709e+09    0.465562  0.0712932 -0.0923202 -2.03383 -7.38428  8.05374
1.77709e+09    0.476606  0.0697964 -0.0972641 -2.32454 -7.21777   8.5531
1.77709e+09   0.502037 0.0505999 -0.087372 -2.34697 -7.22478  8.22012
1.77709e+09   0.515776 0.0414527   -0.1202 -2.32289 -7.14576  8.57101
1.77709e+09   0.508156 0.0464418 -0.106059   -1.983 -7.19142   8.2383
1.77709e+09    0.52885  0.032082 -0.116826 -2.23615 -7.05431  8.44159
1.77709e+09   0.534237 0.0255573 -0.104927 -2.19784 -7.12677  8.11059
1.77709e+09    0.54475 0.0284457 -0.117904 -2.35446 -7.05226  8.32206
1.77709e+09   0.560497 0.0207212  -0.10968 -2.34115 -7.03497  8.08364
1.77709e+09   0.577249 0.0190419 -0.114932 -2.21451 -6.94402  8.36169
1.77709e+09    0.590874 0.00956932   -0.12795  -2.4447 -7.06784  7.95362
1.77709e+09   0.582861 0.0165134 -0.121865  -2.1068 -6.89994  8.19274
1.77709e+09    0.610649 0.00771286  -0.130694 -2.33219 -6.95273  8.12588
1.77709e+09    0.62359 0.0198427 -0.126693  -2.3923 -7.13114   7.8995
1.77709e+09    0.599215 0.00957026  -0.125203 -2.24785  -6.6458  8.51311
1.77709e+09    0.606876 0.00402068  -0.112931 -2.26945  -6.8909   8.0603
1.77709e+09    0.633724 0.00745043   -0.11585 -2.47121 -6.79638  8.41045
1.77709e+09   0.619372 0.0015853 -0.117219 -2.51186 -6.69522  8.50524
1.77709e+09      0.637073 -0.000725332    -0.101839 -2.37749 -6.77573  8.15671
1.77709e+09    0.635221 0.00677448 -0.0946886 -2.31437 -6.40701  8.68161
1.77709e+09    0.624504 0.00637394 -0.0961459 -2.31867 -6.38009  8.44098
1.77709e+09    0.622558 0.00985951  -0.101076 -2.28222  -6.2283  8.55056
1.77709e+09     0.63094 0.00469644 -0.0897129 -2.41299 -6.39507  8.11888
1.77709e+09    0.641949 0.00622275 -0.0929548 -2.48816 -6.37704  8.42045
1.77709e+09    0.628251  0.0171535 -0.0854561 -2.33178 -6.27604  8.16443
1.77709e+09    0.645411  0.0126989 -0.0938898  -2.4451 -6.28847  8.00458
1.77709e+09    0.665689 0.00777777  -0.100719 -2.54604 -6.23636  7.97984
1.77709e+09     0.670758 -0.00488418  -0.0923012  -2.4097 -6.16603  7.90359
1.77709e+09    0.701167 -0.0105474  -0.101698 -2.26432  -6.3011  7.63458
1.77709e+09     0.71214 -0.0184687  -0.118353 -2.29206 -5.90637  8.15556
1.77709e+09    0.742155 -0.0287012  -0.130375 -2.22996 -5.67665  8.18068
1.77709e+09    0.763471 -0.0264343  -0.152617 -2.49181 -5.92748  7.95011
1.77709e+09    0.782478 -0.0343639  -0.165813 -2.35916 -5.98685  7.60086
1.77709e+09    0.826471 -0.0415626  -0.196765  -2.6519 -5.89521  7.80207
1.77709e+09    0.812181 -0.0372305  -0.184051 -2.43511 -5.53283  8.32801
1.77709e+09    0.819292 -0.0522938  -0.193423 -2.49221 -5.77594  7.73106
1.77709e+09   0.861384 -0.026561 -0.187851 -2.45568 -5.48583  8.26434
1.77709e+09    0.869836 -0.0544176  -0.198516 -2.54283 -5.56308  7.95027
1.77709e+09    0.888964 -0.0487508  -0.196153 -2.61891 -5.51788  8.18245
1.77709e+09     0.90066 -0.0570589  -0.209605  -2.6443 -5.38027   8.2797
1.77709e+09    0.916721 -0.0750221   -0.20041 -2.37175 -5.33471  8.16999
1.77709e+09    0.922612 -0.0793543  -0.200217 -2.38233 -5.40565  8.05256
1.77709e+09   0.938221  -0.10859 -0.212132 -2.37879 -5.17202  8.51371
1.77709e+09   0.927572 -0.121596  -0.20158 -2.29117 -5.30891  8.02734
1.77709e+09   0.938463 -0.131309 -0.225301 -2.37067 -5.33174  8.14066
1.77709e+09  0.946641 -0.14943 -0.23405 -2.48957 -5.22952  8.15222
1.77709e+09   0.952613 -0.147466 -0.229777 -2.22882  -5.1209  8.30125
1.77709e+09   0.956247  -0.15709 -0.274332 -2.37845 -4.93993  8.59946
1.77709e+09    0.97764 -0.154632 -0.271529  -2.2861 -4.99066  8.49282
1.77709e+09   0.960091 -0.159222 -0.288719 -2.12732 -5.02762  8.17932
1.77709e+09   0.982885 -0.156377 -0.280925 -2.04522 -4.91404  8.15724
1.77709e+09   0.981281 -0.157775 -0.325226 -2.28375 -4.99133  8.12254
1.77709e+09   0.980932 -0.161639 -0.308867 -2.26033 -4.73436   8.3973
1.77709e+09   0.977074 -0.153583 -0.320955 -2.03804 -4.87794  8.09501
1.77709e+09   0.985632 -0.150667 -0.340946 -2.36694 -4.98663  7.95147
1.77709e+09     0.9647 -0.157151 -0.335138 -2.16077 -4.59247  8.44328
1.77709e+09   0.967326 -0.158402 -0.332723 -2.15429 -4.71297  7.98609
1.77709e+09   0.963329 -0.150537 -0.342574 -2.00873 -4.56197  8.29812
1.77709e+09   0.964443 -0.151149 -0.341735 -2.09846 -4.64906  8.04734
1.77709e+09   0.946655 -0.150632 -0.365955 -2.20956 -4.51299  8.40254
1.77709e+09   0.921764 -0.153166 -0.374655 -1.90347 -4.29557  8.41616
1.77709e+09   0.905139 -0.152198 -0.379724 -1.83475 -4.20101  8.52299
1.77709e+09   0.889772 -0.153676 -0.390744 -1.90567 -4.13567  8.51952
1.77709e+09   0.878687 -0.136654 -0.395346 -1.65331 -4.08876   8.4096
1.77709e+09   0.858615 -0.136351 -0.385666 -1.63384 -4.00391  8.18094
1.77709e+09   0.855282 -0.125648 -0.411824 -1.80883 -4.03715  8.42725
1.77709e+09   0.845183 -0.123752 -0.392471 -1.72449 -4.09376  7.96347
1.77709e+09   0.839137 -0.116518 -0.379203 -1.66893 -3.77461  8.75863
1.77709e+09   0.824374 -0.099191 -0.358256  -1.8403 -3.82114  8.56315
1.77709e+09    0.834255 -0.0917243  -0.348867 -1.90726 -3.80142  8.76306
1.77709e+09    0.839367 -0.0751105  -0.322913 -1.57843 -3.89488  8.28233
1.77709e+09    0.853205 -0.0674293   -0.33008 -1.88107 -3.89464  8.41163
1.77709e+09    0.854427 -0.0552232  -0.281917 -1.57941 -3.79732  8.24569
1.77709e+09    0.862467 -0.0623025   -0.27165 -1.76023 -3.70309  8.45667
1.77709e+09    0.894243 -0.0518115  -0.248226 -1.60421 -3.59054  8.30478
1.77709e+09    0.894461 -0.0499154  -0.248819 -1.68615 -3.47971  8.61148
1.77709e+09    0.913157 -0.0390618  -0.226552  -1.5523 -3.48013   8.1256
1.77709e+09     0.91499 -0.0387598  -0.211506 -1.57168 -3.40883  8.38312
1.77709e+09    0.921175 -0.0354249  -0.221575  -1.6749 -3.11695  8.73977
1.77709e+09    0.920569 -0.0370954  -0.211896 -1.42554 -3.12458  8.57081
1.77709e+09    0.939573 -0.0238477  -0.213949 -1.63693 -2.93687  8.84313
1.77709e+09    0.942123 -0.0148312  -0.214805 -1.56941 -3.06873  8.58199
1.77709e+09      0.93698 -0.00627202   -0.215167 -1.62516 -2.91408  8.67354
1.77709e+09    0.96488 -0.006251 -0.222059 -1.72506 -3.08592  8.34674
1.77709e+09    0.964061 0.00236815  -0.223835 -1.72984 -2.91247  8.72708
1.77709e+09   0.977764 0.0127687 -0.226677 -1.87006 -3.10434  8.37085
1.77709e+09   0.982186 0.0158626 -0.223928 -2.03521 -2.93431  8.65078
1.77709e+09    1.00521 0.0213611 -0.248422 -2.11879 -2.81749   8.8527
1.77709e+09     1.0165 0.0310686 -0.234389 -1.91155 -2.86249  8.46371
1.77709e+09    1.04192 0.0239889 -0.273875  -2.0948 -2.94588  8.27615
1.77709e+09    1.05969 0.0255521  -0.26837 -1.98441 -2.55765   8.8448
1.77709e+09     1.0754 0.0234472 -0.289304  -2.2558 -2.59653   8.8324
1.77709e+09     1.07087 0.00810605  -0.290301 -2.20813 -2.50849  8.89836
1.77709e+09      1.08051 -0.00561627   -0.293624 -1.94481 -2.46053   8.8196
1.77709e+09     1.07076 -0.0119969  -0.300346 -1.90207 -2.25497  8.93763
1.77709e+09     1.08852 -0.0344924  -0.304824 -2.00098 -2.55261  8.48408
1.77709e+09     1.08872 -0.0545827   -0.31942 -2.07956 -2.31438  8.75471
1.77709e+09    1.08748 -0.105491 -0.338467 -1.78113 -2.18043  8.57887
1.77709e+09    1.09325 -0.110664 -0.343225 -2.06051 -2.32315  8.57723
1.77709e+09    1.09361 -0.141855 -0.350973  -2.0198 -2.16295  8.72579
1.77709e+09    1.08628 -0.143914 -0.356575 -1.94057 -2.20992  8.41084
1.77709e+09    1.06665 -0.162855 -0.376493 -1.92819 -2.21328  8.20901
1.77709e+09    1.08801 -0.174616 -0.386964 -2.13441 -2.11498  8.52965
1.77709e+09    1.09035 -0.191457 -0.406037 -2.15249 -2.10955   8.2275
1.77709e+09    1.08843  -0.17509 -0.414684 -1.93389   -1.842  8.63191
1.77709e+09    1.11257 -0.183833  -0.42384 -2.22498 -1.83212  8.82187
1.77709e+09     1.1233 -0.174022 -0.432877 -2.27851 -1.65345  8.97557
1.77709e+09    1.11827 -0.163578 -0.425663 -2.06061 -1.76875  8.41321
1.77709e+09    1.12877 -0.162173 -0.428404 -2.13877 -1.83757  8.35832
1.77709e+09   1.14459  -0.1524 -0.42648 -1.92682 -1.35583  9.00404
1.77709e+09    1.13097  -0.15538 -0.421747 -1.97078 -1.63484  8.37208
1.77709e+09    1.12026 -0.149219 -0.415233 -1.69027 -1.34729   8.6107
1.77709e+09    1.13028 -0.154587 -0.408421 -1.83056 -1.32152  8.57814
1.77709e+09    1.12712 -0.149839 -0.434069 -1.90865  -1.4989  8.30644
1.77709e+09    1.12459 -0.168183 -0.426141 -2.02771 -1.25258  8.59504
1.77709e+09    1.11472 -0.169872 -0.438867 -1.87323  -1.2749  8.45199
1.77709e+09    1.11662 -0.170126 -0.430151   -1.9427 -0.991922   8.75351
1.77709e+09     1.0976 -0.171987 -0.439167  -1.705 -1.0712 8.59078
1.77709e+09    1.08331 -0.193383 -0.460106  -1.89047 -0.826241   8.69221
1.77709e+09     1.0733 -0.172309 -0.475785  -1.49729 -0.978651   8.44954
1.77709e+09    1.06695 -0.172217 -0.479373 -1.51439 -0.94172  8.52666
1.77709e+09    1.06778  -0.17541 -0.504291   -1.7869 -0.736404   8.59014
1.77709e+09    1.07022 -0.172969 -0.507925  -1.68648 -0.693806   8.77927
1.77709e+09    1.06718 -0.173035 -0.529587  -1.75548 -0.491899   8.86989
1.77709e+09    1.05452 -0.161736 -0.520174  -1.55905 -0.486279   8.92609
1.77709e+09    1.04809 -0.165331  -0.53736  -1.6776 -0.71208  8.26542
1.77709e+09     1.0418 -0.143338 -0.531651  -1.57024 -0.445387   8.72289
1.77709e+09    1.05635 -0.145785 -0.543592  -1.86907 -0.693249   8.26169
1.77709e+09    1.02772 -0.121084  -0.54468  -1.72134 -0.578871   8.33716
1.77709e+09    1.03924 -0.118945 -0.540387  -1.78259 -0.308175   8.69875
1.77709e+09    1.02552 -0.104997 -0.544975  -1.74281 -0.189593   9.02118
1.77709e+09    1.01242 -0.100137 -0.526901  -1.48191 -0.377743   8.37681
1.77709e+09    0.993252 -0.0968059  -0.566455  -1.70435 -0.422482   8.48202
1.77709e+09    0.997234 -0.0848559  -0.550173  -1.47418 -0.106736   8.75403
1.77709e+09   0.986422 -0.094289 -0.561458  -1.65858 -0.104878   8.68154
1.77709e+09    0.97391 -0.101947 -0.580142  -1.70865 -0.119008   8.81423
1.77709e+09     0.95583 -0.0911425  -0.575755   -1.35163 0.00377476    8.59702
1.77709e+09    0.955031 -0.0959248  -0.579752   -1.50578 -0.0702548     8.5286
1.77709e+09   0.940896 -0.100697 -0.590242  -1.39156 -0.103781   8.22996
1.77709e+09    0.922441 -0.0968545  -0.612031 -1.43073 0.223126  8.79663
1.77709e+09    0.89913 -0.102439 -0.622929 -1.41585 0.351857   8.9273
1.77709e+09    0.896015 -0.0979038  -0.646051 -1.66944 0.281624  8.78218
1.77709e+09   0.861943 -0.107549 -0.645382 -1.18733 0.150299  8.24345
1.77709e+09    0.845497 -0.0922759  -0.677801 -1.37661 0.400701   8.6083
1.77709e+09    0.836636 -0.0793831  -0.694415 -1.38089 0.309057  8.24259
1.77709e+09    0.827492 -0.0679049    -0.7178 -1.35137 0.304668  8.08341
1.77709e+09    0.820277 -0.0646141  -0.731434 -1.45779 0.556843  8.77111
1.77709e+09    0.801372 -0.0441676  -0.759089 -1.53236 0.424196  8.31213
1.77709e+09    0.794836 -0.0266545  -0.756803 -1.60903 0.608507  8.67965
1.77709e+09      0.76788 -0.00170834   -0.775905 -1.34828 0.634706  8.34541
1.77709e+09   0.790171 0.0118521 -0.783288 -1.58387 0.588736  8.48323
1.77709e+09   0.801485 0.0420749 -0.791658 -1.49902 0.906676  9.02778
1.77709e+09   0.783245 0.0538433 -0.783366 -1.43999 0.692709  8.31333
1.77709e+09   0.787619 0.0642216 -0.781404 -1.53728 0.690826  8.70986
1.77709e+09    0.78826 0.0583601 -0.774342 -1.60798 0.653116  8.74419
1.77709e+09   0.782057 0.0675951 -0.761162 -1.20403 0.774998  8.75494
1.77709e+09   0.780821 0.0652713 -0.754344 -1.33867 0.712689  8.59813
1.77709e+09   0.775679 0.0661409 -0.728056 -1.14091 0.854212   8.6922
1.77709e+09   0.788191  0.068771 -0.709425 -1.21257 0.937703  8.73625
1.77709e+09   0.807352 0.0583899 -0.696742 -1.36029 0.801397  8.73387
1.77709e+09   0.790618 0.0540983 -0.666174 -1.32109 0.808393  8.53088
1.77709e+09   0.808392 0.0615851 -0.652063 -1.41268  1.04322  9.13279
1.77709e+09   0.817202 0.0692845 -0.613552 -1.37104  1.20793  9.23196
1.77709e+09   0.815982 0.0675184 -0.617599 -1.43277  0.99069  8.72239
1.77709e+09   0.829877 0.0724429 -0.571071 -1.31689  1.28934  8.88366
1.77709e+09   0.823246 0.0734178 -0.569872 -1.6877 1.14995 8.87407
1.77709e+09    0.86076 0.0786498 -0.537495 -1.67216  1.04097  8.65066
1.77709e+09   0.870294 0.0816843 -0.504219 -1.65641  1.25951  8.73907
1.77709e+09   0.888943 0.0722495 -0.475867 -1.72464  1.15674  8.48609
1.77709e+09   0.892982 0.0832807 -0.457288 -1.62759  1.63838  9.01658
1.77709e+09   0.912037  0.077383 -0.442423 -1.52957   1.4332  8.63741
1.77709e+09   0.932806 0.0681976 -0.415829 -1.42847  1.47183  8.42897
1.77709e+09   0.960118 0.0612376 -0.395713 -1.50993   1.6412  8.83658
1.77709e+09   0.990218 0.0491399 -0.394975 -1.5035 1.80773 9.00361
1.77709e+09    0.99899 0.0371443 -0.375887 -1.61829  1.55763  8.60297
1.77709e+09     1.0368 0.0341182  -0.36912 -1.89651  1.86914   9.0775
1.77709e+09    1.04061 0.0460234 -0.366419 -1.60365   1.8191   8.6241
1.77709e+09    1.06338 0.0319111 -0.373092 -1.57806    1.879  8.49201
1.77709e+09    1.07642 0.0353618 -0.364157 -1.8015 2.00452 8.76348
1.77709e+09    1.07253 0.0363699  -0.36513 -1.6172  1.8328  8.2939
1.77709e+09    1.08664 0.0449829 -0.377422 -1.8148 1.97418 8.43243
1.77709e+09    1.09392 0.0598119  -0.37334 -1.82304  2.16039  8.86612
1.77709e+09      1.085 0.0525929 -0.370075 -1.58042  2.10998  8.33864
1.77709e+09    1.09638 0.0730094 -0.384307 -1.84491  2.34179  8.85679
1.77709e+09    1.11101 0.0767533 -0.373583 -1.70462  2.25466  8.39595
1.77709e+09    1.11611 0.0817492 -0.385808 -1.62471  2.34307  8.28728
1.77709e+09    1.11454 0.0906064  -0.39779 -1.8998 2.35104 8.57203
1.77709e+09    1.12769 0.0925395 -0.405098 -1.57113  2.26247   8.0252
1.77709e+09    1.13789  0.111375 -0.401875 -1.86277  2.58873  8.65007
1.77709e+09    1.12258  0.123641 -0.397799 -1.75472  2.68613  8.47723
1.77709e+09   1.12842 0.122876  -0.4241 -1.88763  2.65417  8.54195
1.77709e+09    1.12753  0.118844 -0.428909 -1.9903 2.72746 8.68567
1.77709e+09    1.12618  0.131394 -0.421492 -1.55771  2.80228  8.23158
1.77709e+09    1.12421   0.13301 -0.437723 -1.69362  2.81102  8.22176
1.77709e+09    1.11179  0.124848 -0.444159 -1.62283   2.7248  8.00738
1.77709e+09    1.09726   0.12217 -0.465662 -1.59291  2.76256  7.91267
1.77709e+09     1.0992  0.109143 -0.478696 -1.60671  3.12791  8.51908
1.77709e+09    1.08787  0.101825 -0.499979 -1.68781  3.07374  8.38028
1.77709e+09    1.10513 0.0925271 -0.522969 -1.80993  3.20471   8.4312
1.77709e+09     1.0813 0.0712735 -0.538799 -1.52631  3.23115  8.10659
1.77709e+09    1.08498 0.0682677  -0.56205 -1.66041  3.19766  8.01485
1.77709e+09    1.08358 0.0474268  -0.59503 -1.74229  3.21229  8.10307
1.77709e+09    1.06853 0.0478403 -0.597788 -1.69364  3.42274  8.34627
1.77709e+09    1.05413 0.0211498 -0.635414 -1.90946  3.54054  8.47705
1.77709e+09    1.06932 0.0186894 -0.662841 -1.82294  3.56932  8.41893
1.77709e+09     1.04813 0.00810249  -0.663898 -1.58225  3.57307  8.16893
1.77709e+09      1.06025 -0.00515581    -0.69219 -1.59562   3.7286  8.29387
1.77709e+09      1.05108 -0.00961246   -0.709914 -1.76754  3.46181    7.995
1.77709e+09     1.04228 -0.0188133  -0.721689 -1.88158  3.68446  8.34296
1.77709e+09     1.04692 -0.0132964  -0.729878 -2.16199  3.67406  8.38921
1.77709e+09     1.03705 -0.0138861  -0.746696 -2.10297  3.81615  8.55998
1.77709e+09      1.02237 -0.00497059   -0.752301 -1.81655  3.70005   7.9089
1.77709e+09     1.02603 0.00877259  -0.746446 -2.01272  3.97949  8.28265
1.77709e+09    1.02188 0.0173545 -0.750217 -2.19239  3.73543  8.11189
1.77709e+09    1.00527 0.0271206 -0.732786 -2.1048 3.90015 7.81445
1.77709e+09   0.999361 0.0475434 -0.745127 -2.20986  4.03202  8.13738
1.77709e+09   0.988036 0.0600955 -0.733408 -2.38493  4.01986  8.05161
1.77709e+09   0.993253 0.0844553 -0.707542 -1.99374  4.23168  8.04328
1.77709e+09   0.975915  0.102127 -0.691343 -2.15141  4.09353  7.83407
1.77709e+09   0.978649  0.118352 -0.653488 -2.2641 4.40267 8.10521
1.77709e+09   0.968404  0.134741 -0.627094 -2.26048  4.27891  7.89858
1.77709e+09   0.977259  0.138293 -0.615107 -2.38926  4.26723  7.78054
1.77709e+09   0.962786  0.158316 -0.590689 -2.31195  4.55164  8.07463
1.77709e+09   0.959816  0.144603 -0.578561 -2.27302  4.45247  7.67301
1.77709e+09   0.955502  0.156955 -0.555902 -2.3198 4.82184 8.15158
1.77709e+09   0.991881   0.15363 -0.544862 -2.30251  4.46882  7.59607
1.77709e+09   0.952587  0.159979 -0.521078 -2.34807  4.69467  7.83158
1.77709e+09    0.95475  0.158872 -0.521739 -2.4663 4.86884 8.28476
1.77709e+09   0.941761  0.154481 -0.486321 -2.44633  4.72428  7.89677
1.77709e+09     0.9331   0.14033 -0.478512 -2.61645  5.01869  8.28787
1.77709e+09   0.927596  0.150127 -0.450162 -2.30009  5.11332  7.91888
1.77709e+09   0.908451  0.134822 -0.433922 -2.20117   5.1813  7.69007
1.77709e+09  0.938989 0.127251 -0.41557 -2.46715  5.12348  8.01582
1.77709e+09   0.910695  0.112545 -0.371439 -2.31812  5.04602  7.45434
1.77709e+09   0.890437 0.0999669 -0.376421 -2.49156  5.20189  7.72949
1.77709e+09    0.88914  0.107044 -0.375193 -2.6451 5.28679 8.00246
1.77709e+09   0.882319  0.102398 -0.388155 -2.78538  5.36795   8.1607
1.77709e+09   0.865509  0.111667 -0.379671 -2.41798   5.4315  7.66842
1.77709e+09   0.868054  0.110352 -0.404597 -2.66156  5.42723  7.73082
1.77709e+09   0.824605   0.12943 -0.431618 -2.64873  5.59366  7.93756
1.77709e+09   0.804718  0.140325 -0.455481 -2.56873  5.69841  7.91973
1.77709e+09   0.787769   0.15051 -0.467645 -2.64938  5.55471  7.52987
1.77709e+09   0.765904  0.180857 -0.520512 -2.83049  5.79478  8.13073
1.77709e+09   0.742526  0.171171 -0.515269 -2.47206  5.67231  7.61665
1.77709e+09   0.713252  0.190697 -0.558404 -2.69153  5.92062  8.07112
1.77709e+09   0.703723  0.175758 -0.562605 -2.77609  5.59204  7.50895
1.77709e+09   0.660341  0.207336 -0.586249 -2.53028  5.75289  7.38868
1.77709e+09   0.649119  0.201222 -0.603429 -2.47535  5.74143  7.20989
1.77709e+09   0.63985 0.202453 -0.63071 -2.75274  5.94591   7.9168
1.77709e+09  0.627038 0.191712 -0.65423 -2.72035  5.89544  7.60898
1.77709e+09  0.625988 0.198007 -0.65169 -2.80523  6.06771  7.98898
1.77709e+09   0.607686  0.190604 -0.656215 -2.62075  6.04902  7.67201
1.77709e+09   0.603537  0.189816 -0.657369 -2.57198  6.16117  7.68116
1.77709e+09   0.602376  0.168651 -0.670059 -2.80806  6.30473  7.84758
1.77709e+09   0.588348  0.156531 -0.665301 -2.71802  6.34484  7.96439
1.77709e+09   0.567556  0.139202 -0.648978 -2.89212  6.26621   7.9229
1.77709e+09   0.541111  0.114175 -0.646603 -2.92587  6.47007  8.07301
1.77709e+09   0.540502  0.120876 -0.634673 -2.6385 6.47002 7.61734
1.77709e+09   0.529965 0.0887954 -0.615901 -2.88169  6.48125  7.58069
1.77709e+09   0.509379 0.0827134   -0.6037 -2.87692  6.68318  7.77228
1.77709e+09   0.501422 0.0762686 -0.591273 -3.00477  6.64523  7.67897
1.77709e+09    0.48903 0.0793308 -0.558166 -2.93003  6.88531  8.02349
1.77709e+09   0.488737 0.0796054 -0.578563 -2.98568  6.72841  7.51957
1.77709e+09   0.495238 0.0864089 -0.556402 -2.94103  6.94257  7.83578
1.77709e+09   0.481107 0.0838314 -0.543475 -2.97898  7.08285  8.03875
1.77709e+09   0.498024  0.100058 -0.518776 -2.94829  6.71564  7.58712
1.77709e+09   0.487424  0.093875 -0.517094 -3.14628  7.01929  8.07717
1.77709e+09   0.490591  0.116473 -0.505717 -3.2208 6.90772 8.05259
1.77709e+09   0.476766  0.111376 -0.468783 -3.24575   7.1309  8.30378
1.77709e+09    0.48093  0.129476 -0.455855 -2.83298  7.05898  7.82797
1.77709e+09   0.471104  0.146882 -0.425092 -2.90611  7.37328  8.27914
1.77709e+09   0.449659   0.13046 -0.410981 -2.97966  7.07113   7.8648
1.77709e+09   0.446982  0.140035 -0.360941 -2.89002  7.30855  7.77568
1.77709e+09   0.450739  0.144227 -0.354602 -2.9692 7.27231 8.01382
1.77709e+09   0.434141  0.141798 -0.322856 -3.17986  7.35706  8.09273
1.77709e+09   0.438505  0.146636 -0.303283 -2.96551  7.44405  7.87718
1.77709e+09   0.418108  0.133546 -0.264387 -3.05933  7.61931  8.32224
1.77709e+09  0.425254 0.135215 -0.25337 -2.95688  7.40024  7.66096
1.77709e+09   0.388105  0.141932 -0.225198 -2.86556  7.54996  7.81454
1.77709e+09   0.384794    0.1436 -0.203144 -2.87178  7.45683  7.70783
1.77709e+09   0.383001  0.130271 -0.193977 -3.12533  7.49287  8.22062
1.77709e+09   0.380909  0.137462 -0.169657 -3.11392  7.61022  8.14508
1.77709e+09    0.37609  0.141783 -0.142415 -3.05754   7.7589  8.42493
1.77709e+09   0.369865  0.124267 -0.145326 -3.12401  7.44232  7.78345
1.77709e+09   0.358401  0.134996 -0.115309 -2.93219  7.62923  7.86032
1.77709e+09    0.327333   0.123845 -0.0993959 -2.99681  7.63631  7.86902
1.77709e+09   0.308851  0.117728 -0.103272 -3.17888  7.51601  7.97632
1.77709e+09    0.306796   0.103464 -0.0819191 -3.1805 7.41999 7.75277
1.77709e+09    0.290253  0.0946144 -0.0902909 -3.28728  7.75292  8.28355
1.77709e+09    0.258423   0.099834 -0.0757773 -3.09178  7.56146  7.90576
1.77709e+09    0.232077  0.0872093 -0.0855742 -3.15153  7.60415  8.14764
1.77709e+09    0.232324   0.077213 -0.0812991 -3.17653   7.5219  7.81741
1.77709e+09    0.211918  0.0688312 -0.0849884 -3.29788  7.59127  8.28981
1.77709e+09    0.179387  0.0616301 -0.0804168 -3.26487  7.55128  8.03261
1.77709e+09    0.170643  0.0484685 -0.0881919 -3.39985  7.60654  8.34727
1.77709e+09    0.154722  0.0587471 -0.0828476 -3.21699  7.56567  8.07808
1.77709e+09      0.1382  0.0369199 -0.0779606 -3.29623  7.69923  7.96339
1.77709e+09     0.11056  0.0362256 -0.0776945 -3.39077  7.68048  8.16162
1.77709e+09    0.110089  0.0176866 -0.0581804 -3.32213    7.449  7.64059
1.77709e+09   0.0779199 0.00808615 -0.0660362 -3.4086 7.62482 8.00857
1.77709e+09   0.0354901  0.0034933 -0.0505713 -3.34821  7.55871  7.86876
1.77709e+09    0.0375491 -0.00866943  -0.0652872 -3.52111  7.44894  7.85371
1.77709e+09  -0.00715715   -0.026947  -0.0550267 -3.5425 7.62967 8.37959
1.77709e+09  -0.0213632 -0.0471835 -0.0358733 -3.39889  7.40547  7.54401
1.77709e+09  -0.0455505 -0.0468051 -0.0351191 -3.30163  7.63046  8.05614
1.77709e+09  -0.0380209 -0.0641449 -0.0183362 -3.36196  7.42163  7.91112
1.77709e+09   -0.0667067  -0.0805452 -0.00853553 -3.48176  7.13179   7.7456
1.77709e+09   -0.0582176  -0.0927234 -0.00115684 -3.43818  7.18407  7.76197
1.77709e+09   -0.070296 -0.0874405  0.0117235 -3.45639  7.31662   8.1546
1.77709e+09  -0.0756672 -0.0974765  0.0308923 -3.48066  7.43884  8.28203
1.77709e+09  -0.0779371   -0.10581  0.0350132 -3.23661  7.17701  7.70316
1.77709e+09  -0.0687405  -0.110954  0.0541705 -3.34168  7.30832  8.06472
1.77709e+09  -0.0807332  -0.122262  0.0673616  -2.989 7.04823 7.49682
1.77709e+09  -0.0868703  -0.119567  0.0852468 -3.17161  7.17561     7.66
1.77709e+09  -0.0925603  -0.120416  0.0820296 -3.23377  7.15468  7.98446
1.77709e+09   -0.10121 -0.109434   0.10217 -3.13134  7.31625  7.88881
1.77709e+09  -0.0901899  -0.118938   0.122897 -3.28091  7.25843  8.10032
1.77709e+09   -0.11529 -0.118198  0.144703 -3.08036  7.23271  7.75969
1.77709e+09  -0.118203  -0.12688  0.147934 -2.95431  7.28566  7.82808
1.77709e+09  -0.110607 -0.127883   0.17221 -3.19341  7.10458  7.78104
1.77709e+09  -0.129819 -0.138014  0.187996 -2.92191  6.97551  7.48473
1.77709e+09  -0.109588 -0.133374  0.208737 -3.10065  7.14598  8.02343
1.77709e+09  -0.110554 -0.135331  0.235363 -3.03291  7.29503  8.00015
1.77709e+09  -0.116026 -0.130422  0.260462 -3.11343  7.07534  7.94517
1.77709e+09  -0.125674 -0.130219  0.274445 -2.94008  7.26961  7.88987
1.77709e+09  -0.141763 -0.118155  0.287458 -2.85734  7.14304  7.80114
1.77709e+09  -0.138502 -0.127309  0.293406 -3.01367  7.09106  7.69569
1.77709e+09  -0.162419 -0.125414  0.302606 -2.92415   6.9468  7.45262
1.77709e+09  -0.168278 -0.106049  0.287568 -3.10913  7.28747  8.11358
1.77709e+09  -0.200472 -0.101365  0.295186 -3.07825  7.05405  7.72955
1.77709e+09    -0.22246 -0.0744848   0.290777 -3.08857  7.36117   8.2318
1.77709e+09   -0.231144 -0.0661335   0.287937 -3.00488    7.237  8.01709
1.77709e+09   -0.246752 -0.0659584   0.276265 -3.02092  7.12309  7.66285
1.77709e+09   -0.272848 -0.0463821   0.276283 -2.78618  7.07341  7.46489
1.77709e+09   -0.288179 -0.0482763   0.266727 -3.10828  7.21032   8.1355
1.77709e+09   -0.318956 -0.0377034   0.271056 -2.87384  7.21889  7.95386
1.77709e+09   -0.341551 -0.0480532    0.25868 -3.00968  7.04811  7.85585
1.77709e+09   -0.370615 -0.0484801   0.273613 -2.73511  6.97155  7.44149
1.77709e+09   -0.405918 -0.0451907   0.269098 -2.86658  6.97452  7.65687
1.77709e+09   -0.418645 -0.0608535   0.264423 -3.00514  6.98638  7.89138
1.77709e+09   -0.441856 -0.0585843   0.283257 -3.05651  7.16622  8.19171
1.77709e+09   -0.472096 -0.0599816   0.296451 -2.93591  7.14748  8.23362
1.77709e+09   -0.482949 -0.0677913   0.285513 -2.98416  6.86168   7.6672
1.77709e+09   -0.540281 -0.0788941   0.296004 -2.71692  7.01108  7.71392
1.77709e+09   -0.552679 -0.0902351   0.286878 -2.77348  6.88056  7.80495
1.77709e+09  -0.584927 -0.100937  0.275608 -2.98354  6.76033  8.02626
1.77709e+09  -0.576836 -0.094757  0.286794 -2.9347  7.0077 8.12033
1.77709e+09  -0.640953 -0.118011  0.272044 -2.91351  6.80997  8.10736
1.77709e+09  -0.646811 -0.124458   0.27374 -2.95159  6.93403  8.15991
1.77709e+09  -0.676607 -0.136101   0.27476 -2.91861  6.95803  8.39711
1.77709e+09  -0.690213 -0.147433  0.277345 -2.84173  6.67101  7.72816
1.77709e+09  -0.736631 -0.165934  0.266455 -2.71427  6.51049  7.68139
1.77709e+09  -0.747287 -0.167521  0.272105 -2.93876  6.74219  8.20587
1.77709e+09  -0.767512 -0.182636  0.286487 -2.69821   6.6048  7.78115
1.77709e+09  -0.776222 -0.195221  0.252293 -2.89442  6.47081  8.09125
1.77709e+09  -0.795875 -0.200056  0.266501 -2.69665  6.33631  7.61221
1.77709e+09  -0.802379  -0.19708  0.258215 -2.82691  6.58949  8.31727
1.77709e+09  -0.808021 -0.214567  0.263092 -2.8504 6.30936 8.17302
1.77709e+09  -0.823897 -0.213019  0.253916 -3.04913  6.34714  8.37575
1.77709e+09  -0.848235 -0.219391  0.270417 -2.57678  6.16732  7.88348
1.77709e+09  -0.833413 -0.231579  0.273978 -2.81638  6.12941  7.89812
1.77709e+09  -0.854917 -0.236971  0.286398 -2.75917  6.21996  8.24701
1.77709e+09  -0.860854 -0.236823  0.303237 -2.61351  6.01719  7.90977
1.77709e+09  -0.883977 -0.244753  0.317349 -2.41236  5.94351  7.64364
1.77709e+09  -0.880617 -0.252941  0.328991 -2.63752  5.99231  8.17948
1.77709e+09  -0.872785 -0.259004  0.322858 -2.54983  5.65037  7.71117
1.77709e+09  -0.893526 -0.262584  0.330846 -2.66588  5.60047  7.95842
1.77709e+09  -0.898952 -0.265921  0.357733 -2.60354  5.71968  8.31407
1.77709e+09  -0.893195 -0.277188  0.365401 -2.37966  5.77323  8.13504
1.77709e+09  -0.910676 -0.284548  0.375286 -2.28408  5.66029  8.13397
1.77709e+09  -0.896954 -0.287069  0.393214 -2.48308  5.65038  8.35224
1.77709e+09  -0.908155 -0.289559  0.404492 -2.21892  5.52474  8.06947
1.77709e+09    -0.9049 -0.293716  0.421018 -2.21689  5.40705  7.87085
1.77709e+09  -0.905449 -0.313004  0.416357 -2.37324   5.3565  8.27229
1.77709e+09  -0.912962 -0.319873  0.426169 -2.44479  5.50446  8.28312
1.77709e+09  -0.911956 -0.322377  0.441908 -2.52948   5.3101  8.39852
1.77709e+09  -0.926222 -0.335873   0.45482  -2.286 5.27311 8.15405
1.77709e+09  -0.923129 -0.337881  0.453422 -2.36594  5.04568   7.9826
1.77709e+09  -0.929775  -0.34304  0.479855 -2.22614  5.21606  8.17231
1.77709e+09   -0.92198 -0.346729   0.47678 -2.34606  4.92654  8.07286
1.77709e+09  -0.929983 -0.345413  0.476296 -2.46863   5.1298  8.47488
1.77709e+09  -0.915416 -0.345352  0.477291 -2.31298  4.66188   8.0057
1.77709e+09  -0.930188 -0.341006  0.487574 -2.3742 4.71377 8.08166
1.77709e+09  -0.923558 -0.329476  0.479657 -2.41899  4.91405  8.50555
1.77709e+09  -0.933807 -0.324828  0.498814 -2.14884  4.77696  8.07459
1.77709e+09  -0.941896 -0.319267   0.49589 -2.06938  4.70538  8.04757
1.77709e+09  -0.949942 -0.325913  0.474511 -2.27663  4.58568  8.28361
1.77709e+09  -0.973761 -0.317268  0.480358 -2.00245  4.45281  8.02141
1.77709e+09  -0.959956    -0.315  0.468559 -2.12181  4.40223  8.20182
1.77709e+09    -0.9647 -0.303264   0.46932 -2.12408  4.66501  8.56716
1.77709e+09  -0.981822  -0.29878  0.440416 -2.0667 4.34005 8.44923
1.77709e+09  -0.986892 -0.293564  0.443892 -2.01935  4.33903   8.4479
1.77709e+09   -1.00176 -0.275583  0.429887 -1.86774  4.21637   8.1125
1.77709e+09   -1.00043 -0.281855  0.415223 -2.05579  4.13741   8.4901
1.77709e+09   -1.01849 -0.264021  0.397235 -1.77651  3.93461  8.00281
1.77709e+09   -1.01553 -0.257822  0.381609 -1.93724   3.8943  8.19192
1.77709e+09   -1.03503 -0.242695  0.371872 -1.93615  3.90381  8.53774
1.77709e+09   -1.03624 -0.229064   0.35804 -2.1185 3.83052 8.71095
1.77709e+09  -1.04067 -0.22341 0.365913 -1.61031  3.69857  8.25443
1.77709e+09   -1.05027 -0.219705  0.346328 -1.87502  3.60525  8.31536
1.77709e+09   -1.05007 -0.206949  0.349214 -1.89042  3.64234  8.72274
1.77709e+09    -1.0409 -0.195209  0.342527 -1.83726  3.29721  8.37755
1.77709e+09   -1.05406 -0.173838  0.346914 -1.8037 3.55668 8.71995
1.77709e+09  -1.04759 -0.15875 0.330186 -1.73835   3.2281  8.52912
1.77709e+09  -1.06477 -0.15251 0.336742 -1.77558  3.37935  8.82966
1.77709e+09   -1.05325 -0.149277  0.347986 -1.67171   3.0531  8.24771
1.77709e+09   -1.05406 -0.144421  0.343063 -1.7432 3.18551 8.66666
1.77709e+09    -1.0508 -0.146114  0.337549 -1.92137   3.0023  8.73301
1.77709e+09   -1.05301 -0.138988  0.366759 -1.52016  3.12484  8.52501
1.77709e+09   -1.05809 -0.132974  0.368595 -1.47601   3.0777  8.34048
1.77709e+09   -1.05595 -0.149243  0.370969 -1.66359  2.90946  8.47333
1.77709e+09   -1.05664 -0.136775  0.389441 -1.46203    2.749  8.11668
1.77709e+09   -1.07202 -0.152654  0.383081 -1.60804  2.74583  8.38009
1.77709e+09    -1.0865 -0.157953  0.401449 -1.80888  2.77255  8.71631
1.77709e+09   -1.09209 -0.159753  0.401823 -1.60104  2.64096  8.18823
1.77709e+09   -1.09272 -0.158791  0.405612  -1.691   2.767 8.94289
1.77709e+09    -1.1192 -0.162253  0.410998 -1.68516  2.63117  8.61742
1.77709e+09    -1.0981 -0.155257  0.432428 -1.42487  2.59528  8.35335
1.77709e+09   -1.11267 -0.175508  0.450681 -1.32422  2.51249  8.24373
1.77709e+09  -1.12963 -0.17762 0.449777 -1.63809  2.42249  8.59345
1.77709e+09   -1.15721 -0.188606  0.464357 -1.49292  2.60899  8.86019
1.77709e+09   -1.15408 -0.205752  0.488396 -1.48211  2.13851   8.2104
1.77709e+09   -1.17804 -0.216662  0.505499 -1.20144  2.32604  8.37071
1.77709e+09    -1.1719 -0.226841  0.507407 -1.30584  2.14505  8.41032
1.77709e+09   -1.19604 -0.244691  0.488076 -1.69209   2.0579  8.60961
1.77709e+09   -1.21524 -0.242798  0.495118 -1.51431   2.0314  8.59288
1.77709e+09  -1.21357  -0.2554 0.491182 -1.58356  2.14089  8.81946
1.77709e+09   -1.21373 -0.248597  0.504802 -1.49824  2.09632  8.89182
1.77709e+09   -1.23571 -0.262701  0.496194 -1.43732  1.69364  8.35704
1.77709e+09   -1.23711 -0.263552  0.487145 -1.63018  1.69115  8.86739
1.77709e+09   -1.25553 -0.262458  0.490551 -1.22291  1.68606  8.48734
1.77709e+09   -1.26526 -0.258611  0.488936 -1.31422  1.66535  8.98614
1.77709e+09   -1.25842 -0.269855  0.485949 -1.27947  1.58456  8.83319
1.77709e+09    -1.2616 -0.274529  0.483143 -1.17207  1.33675   8.5617
1.77709e+09  -1.27885 -0.27976 0.489158 -1.03612  1.22059  8.24515
1.77709e+09   -1.27776 -0.289954  0.471764 -1.32415   1.2691  8.86144
1.77709e+09   -1.29099 -0.288731   0.48318 -1.17404  1.26059  8.66572
1.77709e+09   -1.28836 -0.285331  0.449197 -1.23399 0.844736  8.40761
1.77709e+09   -1.28885 -0.282581  0.443684 -1.3819 1.11857 8.87366
1.77709e+09   -1.29328 -0.272323   0.41832 -1.44505 0.674675  8.52528
1.77709e+09   -1.27327 -0.266988  0.424949 -1.10625 0.955715  8.51341
1.77709e+09   -1.27702 -0.256929  0.400028 -1.25626 0.838868  8.77086
1.77709e+09    -1.2747 -0.249474  0.394645 -1.08965 0.695977   8.4375
1.77709e+09   -1.25463 -0.240491  0.378348 -0.955391  0.582078   8.30745
1.77709e+09   -1.25857 -0.239554  0.361629 -1.25046 0.652639  8.86659
1.77709e+09    -1.2552 -0.238146  0.359678 -1.17456 0.425555  8.51097
1.77709e+09   -1.25385 -0.227047  0.350048  -1.5131 0.430455  8.87171
1.77709e+09   -1.23014 -0.223977  0.347085 -1.41147 0.286619  8.85886
1.77709e+09  -1.22872 -0.22163 0.351329 -1.10038 0.394068    8.716
1.77709e+09   -1.23057 -0.220503  0.346767  -1.2737 0.144003  8.56818
1.77709e+09   -1.20426 -0.224447  0.352237 -1.07278 0.038036  8.37048
1.77709e+09   -1.18831 -0.190794  0.345053  -1.03981 0.0556975   8.78436
1.77709e+09   -1.15403 -0.204448  0.341449   -1.30662 -0.0516938    8.78055
1.77709e+09   -1.16029 -0.196613  0.347488   -1.15216 -0.0590319    8.91825
1.77709e+09   -1.14426 -0.180694  0.362273   -1.0731 0.0218131   8.96349
1.77709e+09    -1.1328 -0.192112  0.357659   -1.10456 -0.0349044    9.04629
1.77709e+09   -1.12263 -0.188622     0.372 -0.873763  -0.06675   8.87794
1.77709e+09   -1.10653 -0.192945  0.369249 -1.06704 -0.22903  8.62385
1.77709e+09    -1.0971 -0.205777  0.352065  -1.33199 -0.206527   9.11199
1.77709e+09   -1.10684 -0.204231  0.381448 -0.926949 -0.330192   8.69282
1.77709e+09   -1.08851 -0.203633  0.365638  -1.05636 -0.248823   9.22257
1.77709e+09   -1.10705 -0.201316  0.368619   -1.0148 -0.412207   8.99064
1.77709e+09   -1.11363 -0.207952  0.367667 -0.987829 -0.420294   9.09337
1.77709e+09   -1.10363 -0.218693  0.370979  -1.00959 -0.754429   8.59123
1.77709e+09   -1.10618 -0.215781  0.352734  -1.19226 -0.734918   9.14277
1.77709e+09   -1.11449 -0.213154  0.374071 -0.837772 -0.742096   8.75858
1.77709e+09   -1.09191 -0.215737  0.359042 -0.931593 -0.885751   8.63638
1.77709e+09   -1.10519 -0.203844  0.363859 -0.875136  -1.06089   8.57063
1.77709e+09   -1.09884 -0.212102   0.35814 -0.890149 -0.837536   8.99199
1.77709e+09   -1.11668 -0.196776  0.354381 -0.715579 -0.964395   8.81468
1.77709e+09    -1.1262 -0.197599   0.35305 -0.913706  -1.13228   9.14693
1.77709e+09   -1.16504 -0.203554   0.34108 -1.03566 -1.23366  8.92929
1.77709e+09   -1.14938 -0.186258   0.36725 -0.726985  -1.21103   8.86478
1.77709e+09    -1.1717 -0.172014  0.349066 -0.946715  -1.45704   8.79048
1.77709e+09   -1.18481 -0.165122  0.357342 -0.864437  -1.42252   9.02582
1.77709e+09   -1.19423 -0.152873  0.359488 -0.950647  -1.25883   9.25338
1.77709e+09    -1.2003 -0.155002  0.353211 -0.916428  -1.61864   8.96976
1.77709e+09   -1.21172 -0.132627   0.35326 -0.726448  -1.48644    8.8762
1.77709e+09   -1.21171 -0.150222  0.352196 -0.915641  -1.76125   8.64931
1.77709e+09   -1.21913 -0.129872  0.358151 -0.771097   -1.7305   8.86803
1.77709e+09   -1.23299 -0.142154  0.341879 -0.908339  -2.11673   8.46662
1.77709e+09   -1.21468 -0.118467  0.358719 -0.885558  -1.81747   8.99118
1.77709e+09   -1.20405 -0.114293  0.359457 -0.847118  -2.16478   8.73086
1.77709e+09    -1.2004 -0.113108  0.363976 -0.871424  -1.91934   9.19715
1.77709e+09     -1.1963 -0.0994049   0.366542 -0.91734 -2.14443  9.03142
1.77709e+09    -1.1999 -0.100683  0.377679 -0.794861  -2.31785   8.63763
1.77709e+09    -1.17929 -0.0946493   0.363558 -1.09081 -2.40903  8.84269
1.77709e+09    -1.20599 -0.0973758   0.380962 -0.828359  -2.56906   8.56689
1.77709e+09    -1.21902 -0.0939603   0.379408 -0.974037   -2.5221   8.86385
1.77709e+09    -1.22433 -0.0767415   0.394387 -0.806434  -2.45268   8.92563
1.77709e+09    -1.23038 -0.0826941   0.392903 -0.936624  -2.75132   8.65632
1.77709e+09     -1.2409 -0.0791062   0.393269 -0.980499  -2.68032   8.97264
1.77709e+09    -1.21922 -0.0812445   0.405258 -0.946813  -2.66844   9.14782
1.77709e+09    -1.22725 -0.0872092   0.412074 -0.823294  -2.94514   8.76916
1.77709e+09     -1.2016 -0.0695369   0.401263 -0.614121  -2.86996   9.13662
1.77709e+09    -1.20631 -0.0908247   0.414457 -0.641382  -2.97812   8.90484
1.77709e+09    -1.19967 -0.0980382   0.413594 -0.761958  -3.24621   8.61286
1.77709e+09   -1.16981 -0.102636  0.401913 -0.858352  -3.26794   8.82044
1.77709e+09   -1.14383 -0.118195  0.413503   -1.005 -3.22247  8.96484
1.77709e+09   -1.11119 -0.129047  0.421287 -0.830372  -3.44123   8.39632
1.77709e+09   -1.09325 -0.139262  0.429641 -1.00722 -3.37523  8.93258
1.77709e+09   -1.08251 -0.141585  0.435559 -0.995034  -3.25548   9.02931
1.77709e+09   -1.06242 -0.147791  0.448992 -0.756081  -3.47254   8.48105
1.77709e+09   -1.04208 -0.139877  0.456619 -0.899778   -3.5941   8.39147
1.77709e+09     -1.018 -0.159393  0.460339 -1.06106 -3.64575  8.46012
1.77709e+09   -1.00476 -0.150744  0.479462 -0.859856  -3.43939   8.68509
1.77709e+09  -0.967902 -0.148934  0.492616 -0.708158  -3.85854   8.08512
1.77709e+09  -0.935801 -0.149894    0.4924 -0.95959 -3.66501   8.6722
1.77709e+09  -0.891147  -0.13172  0.500679 -0.658872  -3.69511   8.49123
1.77709e+09  -0.860738 -0.129454  0.517699 -0.763454  -3.76203   8.60695
1.77709e+09  -0.858897 -0.113754  0.492232  -1.0138 -3.87751  8.59641
1.77709e+09   -0.845243 -0.0869138   0.493456 -0.815911  -3.99837   8.34512
1.77709e+09   -0.808293 -0.0605414   0.491484 -0.838672  -3.96854   8.25498
1.77709e+09    -0.78978 -0.0569145   0.507122 -0.685185  -3.99722   8.07872
1.77709e+09   -0.764707 -0.0626277    0.48842 -0.87116 -3.71931  8.69039
1.77709e+09   -0.755037 -0.0527185   0.493258 -0.778197  -3.71109   8.61435
1.77709e+09   -0.743331 -0.0528149    0.51182 -0.832546  -3.67978   8.57827
1.77709e+09   -0.727106 -0.0435571   0.514942 -0.722327  -3.59284   8.91976
1.77709e+09   -0.721009 -0.0456914   0.493322 -0.964634  -3.97124   8.26399
1.77709e+09   -0.703762 -0.0692021    0.52317 -0.829544  -3.93676   8.32383
1.77709e+09   -0.703243 -0.0729128   0.519118 -0.983707  -3.96183   8.50209
1.77709e+09   -0.696565 -0.0790402   0.526267 -1.08753  -4.1396  8.67029
1.77709e+09   -0.690751 -0.0677059   0.541714 -0.671869  -3.99351   8.63723
1.77709e+09   -0.663962 -0.0865301   0.558322 -0.876713  -4.06227    9.0255
1.77709e+09   -0.667274 -0.0871253   0.566311 -0.770928   -4.4183   8.21204
1.77709e+09  -0.664635 -0.100189  0.582175 -0.692379  -4.51351    8.1021
1.77709e+09  -0.658905 -0.110074  0.602844 -0.862553  -4.40292    8.3192
1.77709e+09  -0.651557 -0.106943  0.590922 -1.03408 -4.55386   8.4947
1.77709e+09  -0.643881 -0.119133  0.615777 -1.09594 -4.45695   8.4809
1.77709e+09  -0.625024 -0.114038  0.613697 -0.842033  -4.39707   8.41914
1.77709e+09  -0.634958 -0.110823  0.614217 -0.930089  -4.49432   8.17743
1.77709e+09  -0.632778 -0.113968   0.60254 -1.00082 -4.48381  8.10086
1.77709e+09  -0.623832 -0.110549  0.602537 -0.858374  -4.42157   8.03906
1.77709e+09  -0.628455 -0.103229  0.602725 -1.0527 -4.2654 8.51868
1.77709e+09   -0.643704 -0.0868712   0.583209 -0.937082  -4.21033    8.5428
1.77709e+09   -0.637855 -0.0821177   0.563202 -1.20551 -4.21367  8.68209
1.77709e+09  -0.633555 -0.069807  0.560228 -0.94751  -4.3339  8.30201
1.77709e+09   -0.655572 -0.0669337   0.551337 -1.13934 -4.46178  8.01571
1.77709e+09   -0.655653 -0.0466825   0.511359 -1.28556 -4.25034  8.56541
1.77709e+09   -0.659429 -0.0322024   0.513106 -0.97381  -4.4561  8.11553
1.77709e+09   -0.691933 -0.0131324   0.500969 -1.10816 -4.21491  8.66461
1.77709e+09     -0.71083 -0.00963416     0.48022 -1.18049 -4.56864  8.02335
1.77709e+09   -0.725919 0.00344519   0.460605 -1.25544 -4.65226  8.25834
1.77709e+09  -0.764664 0.0211983  0.452539 -1.06496 -4.70175  8.00436
1.77709e+09  -0.778067 0.0342045  0.435475 -0.992576  -4.79017   7.80154
1.77709e+09  -0.793626 0.0309839  0.423532 -1.32357 -4.69309  8.38793
1.77709e+09  -0.814305 0.0470374  0.410362 -0.991094  -4.71021   8.24204
1.77709e+09  -0.825123 0.0614246  0.398742 -1.09792 -4.65577  8.36305
1.77709e+09  -0.838969 0.0628354   0.38541  -1.1543 -4.91812  8.11727
1.77709e+09  -0.839263 0.0870588  0.344047 -1.04863 -4.80884  8.62446
1.77709e+09  -0.853881 0.0824051  0.338541 -0.943039  -4.97257   8.15047
1.77709e+09  -0.848838  0.083739   0.31085 -1.00139  -4.8669  8.61292
1.77709e+09  -0.854271 0.0701031  0.288359 -0.900766  -4.89146   8.77685
1.77709e+09  -0.855582 0.0716032  0.280541 -0.888231  -5.16084   8.27955
1.77709e+09  -0.847936 0.0558967  0.273421 -1.01077 -5.09269   8.4756
1.77709e+09   -0.85809 0.0417259  0.260747 -1.03228 -5.39025  8.05731
1.77709e+09  -0.862122 0.0311316  0.264035 -0.744782    -5.084   8.42434
1.77709e+09    -0.868576 -0.00332246    0.250931 -1.11423 -5.18809  8.56125
1.77709e+09   -0.851657 -0.0496288   0.243401 -1.08148 -5.17577  8.65703
1.77709e+09   -0.869536 -0.0565826   0.248218 -0.926898  -5.46119   8.11973
1.77709e+09   -0.872018 -0.0699344   0.228286 -0.999194  -5.62471   8.11067
1.77709e+09  -0.873445 -0.106741   0.22437 -1.23278 -5.73043  8.11943
1.77709e+09  -0.873423 -0.104476    0.2359 -0.851933  -5.51247   8.31924
1.77709e+09  -0.857984 -0.137861  0.220525 -1.23857 -5.58631  8.42112
1.77709e+09  -0.851123 -0.154427  0.213528 -1.05068 -5.65973  8.31379
1.77709e+09  -0.836161 -0.159436  0.212156 -0.841683   -5.7556   7.94365
1.77709e+09   -0.83853 -0.172096  0.210239 -1.04873 -5.85747  7.99419
1.77709e+09  -0.826414 -0.184296  0.207749 -0.983566  -5.87201   7.87296
1.77709e+09  -0.808277  -0.19827  0.188226 -1.15224 -5.94329  7.94741
1.77709e+09  -0.812662 -0.203139  0.190346 -0.918859  -5.82044   7.90007
1.77709e+09  -0.778637 -0.207001  0.189325 -1.12854 -6.01098  7.98009
1.77709e+09  -0.787892 -0.220453  0.172237 -1.00919 -5.88632  7.98896
1.77709e+09  -0.750924 -0.211237  0.196906 -0.995017  -6.01232   7.88813
1.77709e+09  -0.741616 -0.207529  0.175869 -1.12558 -6.08109  7.65703
1.77709e+09  -0.716941 -0.211784  0.187819 -1.15356 -5.88076  8.32922
1.77709e+09  -0.712501 -0.200456  0.177718 -1.13874 -6.16693  7.69059
1.77709e+09  -0.699575  -0.19852  0.183366 -1.08739 -6.09304  8.04686
1.77709e+09  -0.687942 -0.200175  0.179883 -0.807909  -6.23645   7.82548
1.77709e+09    -0.6962 -0.190301  0.166307 -0.776234  -6.23641   7.69615
1.77709e+09  -0.672691 -0.159943  0.169081 -0.77921 -6.10183    7.938
1.77709e+09  -0.656259 -0.181897  0.140203 -1.01932 -6.27409  7.66158
1.77709e+09  -0.649899 -0.181514  0.124618 -1.09484 -6.22179  8.04791
1.77709e+09  -0.628003 -0.156369  0.101013 -0.765878  -6.14522   8.12497
1.77709e+09  -0.621273 -0.176122 0.0761639 -0.831017  -6.44291   7.72359
1.77709e+09  -0.618729 -0.167096 0.0580485 -0.589673  -6.51125   7.69669
1.77709e+09  -0.608648 -0.178177 0.0436566 -0.75909 -6.48155  7.90191
1.77709e+09  -0.602492 -0.177436 0.0378464 -0.680759  -6.45632    8.1159
1.77709e+09  -0.585211 -0.177879  0.031765 -0.674133  -6.78227   7.84946
1.77709e+09  -0.587277 -0.199147 0.0340375 -0.57118 -6.70777   8.0849
1.77709e+09   -0.58866 -0.192396  0.031504 -0.475452  -6.75088   7.90658
1.77709e+09  -0.570063 -0.197804 0.0258663 -0.57373 -6.97964  7.67494
1.77709e+09  -0.569536 -0.202074 0.0289157 -0.553061   -6.9879   7.95211
1.77709e+09  -0.540078 -0.201458 0.0257612 -0.648949  -6.98927   8.07086
1.77709e+09  -0.539257 -0.216224 0.0404202 -0.522156   -7.2962   7.50629
1.77709e+09  -0.546836 -0.215088 0.0328673 -0.54491 -7.06363  8.11278
1.77709e+09  -0.526817 -0.214165 0.0349318 -0.530005  -7.10578   8.01642
1.77709e+09  -0.511395  -0.21605 0.0436717 -0.451317  -7.10145   8.17826
1.77709e+09   -0.49781 -0.215039 0.0562768 -0.396258  -7.48754   7.49691
1.77709e+09  -0.491136 -0.223083 0.0591642 -0.608925  -7.45569   7.63929
1.77709e+09  -0.476287 -0.214978 0.0725736 -0.594096   -7.6266   7.38129
1.77709e+09  -0.456745  -0.20904 0.0827908 -0.386092  -7.32035   7.82937
1.77709e+09  -0.441677 -0.193085  0.098392 -0.581606  -7.43781   7.69932
1.77709e+09  -0.434786  -0.17911 0.0992552 -0.395261  -7.37846   7.76766
1.77709e+09  -0.412874 -0.174962   0.10593 -0.499246  -7.55091   7.46759
1.77709e+09  -0.395011 -0.170777  0.123673 -0.44546 -7.67061  7.27238
1.77709e+09  -0.378261 -0.133317  0.138155 -0.476811  -7.52151   7.46599
1.77709e+09  -0.357024 -0.127831  0.139947 -0.617228  -7.59556   7.42679
1.77709e+09  -0.345087 -0.115466  0.150128 -0.737145  -7.53259   7.68543
1.77709e+09   -0.319438 -0.0879878   0.167823 -0.685314  -7.42959   7.85608
1.77709e+09    -0.30484 -0.0826924   0.161208 -0.578125  -7.63405   7.38097
1.77709e+09   -0.250939 -0.0468827   0.170432 -0.593666  -7.49377   7.62925
1.77709e+09   -0.226388 -0.0317652    0.17037 -0.422302  -7.41837   7.95912
1.77709e+09   -0.217532 -0.0211975   0.170548 -0.451759  -7.64034   7.23963
1.77709e+09    -0.191719 -0.00560515     0.16585 -0.499285  -7.59251   7.63653
1.77709e+09  -0.157107  0.023981  0.168575 -0.40956 -7.73603  7.19895
1.77709e+09  -0.162756 0.0269536  0.167815 -0.538786   -7.4036   8.01295
1.77709e+09  -0.123425 0.0503656  0.170479 -0.364825  -7.35377   7.94393
1.77709e+09  -0.0891534  0.0681054   0.167974 -0.556622  -7.52692   7.76599
1.77709e+09  -0.0713961  0.0770627   0.195368 -0.343116  -7.58243   7.56442
1.77709e+09  -0.0257315   0.103082   0.205552 -0.573108  -7.72052    7.6327
1.77709e+09  0.000510767    0.100034    0.228168 -0.584561   -7.8359   7.40976
1.77709e+09  0.0275095  0.114682  0.243504 -0.528229  -7.68536   7.70164
1.77709e+09  0.0463932  0.108988  0.264507 -0.468731  -7.84008   7.46299
1.77709e+09  0.0616012  0.105806  0.279101 -0.624249  -7.68127   7.75889
1.77709e+09  0.102158 0.117852 0.299474 -0.463312  -7.81332   7.40851
1.77709e+09  0.108353 0.107535 0.301867 -0.629383  -7.74566    7.6233
1.77709e+09  0.141268 0.111753 0.300803 -0.781047  -7.71734   7.53518
1.77709e+09  0.163345 0.111126 0.315107 -0.726452  -7.69001     7.479
1.77709e+09  0.151715 0.118193 0.310132 -0.813927   -7.4839   7.99594
1.77709e+09  0.187158 0.120076 0.311404 -0.876989   -7.5215   7.86833
1.77709e+09  0.183191 0.122298  0.30558 -0.650274  -7.65673   7.42743
1.77709e+09  0.210401 0.119696 0.289712 -0.927831   -7.4946   7.62608
1.77709e+09  0.233305 0.123184 0.269294 -0.764795  -7.62686   7.32728
1.77709e+09  0.229334  0.11577 0.253131 -0.959201  -7.50654    7.6215
1.77709e+09  0.235286 0.120338 0.241189 -0.804406  -7.29992   8.02801
1.77709e+09  0.265868 0.111426 0.219046 -1.13282 -7.46222  7.83623
1.77709e+09  0.263401 0.121135 0.201007 -0.868105  -7.44426   7.82159
1.77709e+09  0.257879 0.110887  0.18458 -0.907418  -7.30081   7.97776
1.77709e+09  0.294159 0.120966 0.156984 -1.12417 -7.49601   7.7923
1.77709e+09   0.29514 0.108724 0.167502 -0.848593  -7.53596   7.59787
1.77709e+09  0.317098 0.115699 0.151154 -1.10112 -7.43169  7.87057
1.77709e+09  0.297138  0.11406 0.126675 -1.03036 -7.57352  7.66356
1.77709e+09  0.323415 0.108046 0.115186 -0.886464  -7.51622   7.56928
1.77709e+09   0.324474 0.0996424 0.0961154 -1.27254 -7.50379    7.757
1.77709e+09   0.337234   0.10483 0.0727655 -1.25808 -7.63033  7.48823
1.77709e+09   0.338703 0.0979474   0.07912 -1.39491 -7.44395  7.84558
1.77709e+09   0.344407  0.109903 0.0616006 -1.11369 -7.40147   7.7275
1.77709e+09   0.355402 0.0902151  0.029436 -1.27097 -7.49609  7.48874
1.77709e+09    0.37745 0.0977912 0.0267382 -1.25268 -7.25453  8.03667
1.77709e+09     0.382136   0.0898988 -0.00492957 -1.26556 -7.39965  7.70909
1.77709e+09   0.372735 0.0923137 0.0111895 -1.14273 -7.12238  8.14004
1.77709e+09      0.39506   0.0739481 -0.00857405 -1.05169  -7.2026  8.02354
1.77709e+09    0.380186  0.0733274 -0.0221574 -1.15987 -7.32598  7.63899
1.77709e+09    0.413422  0.0689724 -0.0296269 -0.949612  -7.40003    7.4981
1.77709e+09    0.424155  0.0624082 -0.0409593 -1.25432 -7.12729  8.14448
1.77709e+09    0.422161  0.0604763 -0.0526212 -0.892358  -6.93845   8.14981
1.77709e+09    0.431958  0.0578196 -0.0585495  -1.1697 -7.21579  7.79051
1.77709e+09   0.449269 0.0675114 -0.049874 -0.947165  -7.01727   8.02869
1.77709e+09    0.459869  0.0652458 -0.0506595 -0.995927  -6.93098   7.86543
1.77709e+09    0.477184  0.0590857 -0.0694128 -1.29641 -7.04531  7.99965
1.77709e+09    0.502036  0.0724878 -0.0690627 -1.17319 -6.84276  8.01834
1.77709e+09    0.501356  0.0797815 -0.0783237  -1.1988 -6.78677  8.27538
1.77709e+09    0.511164   0.070719 -0.0783475 -1.12622 -7.00073  7.74311
1.77709e+09    0.548891  0.0850264 -0.0863564 -1.07493 -6.75717  8.17288
1.77709e+09    0.550277  0.0860674 -0.0899372 -1.09841  -6.6557  8.13933
1.77709e+09    0.563516  0.0863386 -0.0981359 -1.18742 -6.75029  7.92471
1.77709e+09    0.568141  0.0996631 -0.0975054 -1.28893 -6.59019  8.24534
1.77709e+09   0.590082  0.109826 -0.104195 -1.24768 -6.44292  8.40179
1.77709e+09   0.590685 0.0929513 -0.100155 -1.14159 -6.68446  7.77542
1.77709e+09   0.593619 0.0946708 -0.108568 -1.17612 -6.38395  8.29488
1.77709e+09   0.598816  0.102104 -0.102639 -1.09995 -6.24183   8.3943
1.77709e+09   0.612714 0.0943391 -0.103347 -1.25621 -6.47275  7.81651
1.77709e+09   0.621843 0.0910778 -0.114322 -1.36926 -6.33199  8.14671
1.77709e+09   0.637293 0.0831532 -0.116435 -1.40402 -6.19605  8.26954
1.77709e+09    0.609487  0.0960525 -0.0946637 -1.08266 -6.34753  8.02128
1.77709e+09   0.618895 0.0850203 -0.097698 -1.28615 -6.22731  8.18438
1.77709e+09    0.625172  0.0874965 -0.0883743 -0.900355   -6.2423   7.95703
1.77709e+09   0.620321 0.0837799  -0.09409 -1.22947 -6.26197  7.95818
1.77709e+09   0.621585 0.0869777 -0.102172 -1.04176 -6.14699  8.03889
1.77709e+09   0.626695 0.0732461 -0.112218 -1.22724 -6.20034  7.97128
1.77709e+09   0.627127 0.0781622 -0.120929 -1.32171 -5.98559  8.34323
1.77709e+09   0.632816 0.0715013 -0.139116 -1.31932  -6.1551  7.84549
1.77709e+09   0.637564 0.0818049 -0.150441 -1.25234 -5.85773  8.28617
1.77709e+09   0.621675 0.0778567  -0.17564 -1.17274  -5.9826  7.84662
1.77709e+09   0.628079  0.081403 -0.195165  -1.1472 -5.89311  8.09551
1.77709e+09   0.625115 0.0606264 -0.214241 -1.23157  -5.9479  7.80763
1.77709e+09   0.629711 0.0595541 -0.225492 -1.30989 -5.77583  8.27965
1.77709e+09   0.626451 0.0608358 -0.269188 -1.07668 -5.92844  7.79412
1.77709e+09    0.61415 0.0561287 -0.262116 -1.17447 -5.68183  8.46848
1.77709e+09   0.614801 0.0503551 -0.281722 -0.974599  -5.74072    8.1537
1.77709e+09   0.614861  0.056513 -0.298383 -1.06345 -5.59214  8.35836
1.77709e+09   0.609157 0.0528619 -0.303383 -0.999606  -5.66835     7.947
1.77709e+09   0.613016  0.049466 -0.325534  -1.2242 -5.55417  8.20314
1.77709e+09   0.612791 0.0361033 -0.344462 -1.38181 -5.69585  8.01643
1.77709e+09   0.611744 0.0517715 -0.348885 -1.27945 -5.71661  7.93572
1.77709e+09   0.602977 0.0555442 -0.341835 -1.06691 -5.22236  8.54939
1.77709e+09   0.633877 0.0575782 -0.344951 -1.19745  -5.5705  7.95327
1.77709e+09   0.615892 0.0584828 -0.359467 -1.09283 -5.39134  8.09589
1.77709e+09   0.611197 0.0661339 -0.372547 -1.37332 -5.27817   8.3843
1.77709e+09   0.622597 0.0603721 -0.384056 -1.34313 -5.34532  8.28581
1.77709e+09   0.622388 0.0693832 -0.399609 -1.24073 -5.20301  8.43195
1.77709e+09    0.62177 0.0556493 -0.410523  -1.4072 -5.24066  8.37513
1.77709e+09   0.621527 0.0564159 -0.401256  -1.3033 -5.22781  8.35397
1.77709e+09   0.623636 0.0550896 -0.395891 -1.15145 -5.14618  8.31894
1.77709e+09   0.641768 0.0585494  -0.39453  -1.0787 -5.15271  8.24439
1.77709e+09   0.637048 0.0523926 -0.391853 -1.25943 -5.15425  8.17025
1.77709e+09   0.631688 0.0427386 -0.378261 -1.31193 -5.08266  8.45152
1.77709e+09   0.660874 0.0430239 -0.375017  -1.2359 -4.89058  8.60907
1.77709e+09   0.670233 0.0513947 -0.356248 -1.29651 -5.01777  8.34805
1.77709e+09   0.674253 0.0602862 -0.346077 -1.08411 -4.91161  8.23326
1.77709e+09   0.702935 0.0606747 -0.335043 -1.11498 -4.83028  8.31065
1.77709e+09   0.703815 0.0565322 -0.327422 -1.27107 -4.99888  7.94336
1.77709e+09   0.733557 0.0572321 -0.328147  -1.3469 -5.00515  7.81542
1.77709e+09   0.719583 0.0736267 -0.328312 -1.37054 -4.64552  8.39776
1.77709e+09   0.738165 0.0841911 -0.311078 -1.03221 -4.55648  8.09568
1.77709e+09    0.76548  0.085222 -0.318925 -1.38882 -4.62308  8.26817
1.77709e+09   0.780935 0.0875521 -0.308301   -1.128 -4.73078  7.86658
1.77709e+09   0.794875  0.102582 -0.295001 -1.28121 -4.60654  8.05633
1.77709e+09   0.781377  0.110652 -0.310138 -1.27934 -4.52417  8.42201
1.77709e+09    0.79662  0.103095 -0.294826 -1.19631 -4.28563  8.40806
1.77709e+09   0.812433  0.122958 -0.287759 -1.05683 -4.24412  8.50455
1.77709e+09   0.817872  0.103947 -0.293462 -1.12451 -4.40959  8.17135
1.77709e+09   0.821178  0.122821 -0.286967 -0.986259  -4.23233   8.48812
1.77709e+09   0.833624  0.112667 -0.284269 -1.23783 -4.32903  8.17588
1.77709e+09   0.834764  0.121718 -0.283758 -1.18145 -4.11817  8.59358
1.77709e+09   0.846796  0.127453 -0.280912 -1.20239 -4.19591  8.33231
1.77709e+09   0.849403  0.127428 -0.271361 -1.25369 -4.01218  8.69033
1.77709e+09   0.869916  0.129878 -0.261736 -1.24735 -3.81991  8.86825
1.77709e+09   0.859119   0.13279 -0.250056 -1.23017 -4.16093  8.20298
1.77709e+09   0.868218  0.122307 -0.264476 -1.31155 -3.97565  8.57418
1.77709e+09   0.897258  0.122279 -0.253842 -1.54195 -3.98368  8.64249
1.77709e+09   0.885082  0.108573 -0.243147 -1.21429 -3.91803  8.32174
1.77709e+09   0.903322 0.0990579 -0.239745 -1.36283 -3.71715  8.77812
1.77709e+09   0.909716 0.0902198 -0.231548 -1.39643 -3.48771  8.87601
1.77709e+09   0.920568 0.0876958  -0.22775  -1.1026 -3.60696  8.45085
1.77709e+09   0.912714 0.0720302 -0.240243  -1.2599 -3.65956  8.35945
1.77709e+09   0.913632 0.0407108 -0.232491 -0.974911  -3.43032   8.35509
1.77709e+09   0.926164  0.045568 -0.232696 -1.22792 -3.38732  8.63795
1.77709e+09    0.90916 0.0289411 -0.256022 -1.20985 -3.14609  8.79036
1.77709e+09    0.923244 0.00745024  -0.251021 -1.22933 -3.25943  8.59943
1.77709e+09    0.919463 0.00917894   -0.23707 -1.06609 -3.04162  8.69012
1.77709e+09     0.931501 0.000309687   -0.234498 -1.20759  -3.1351  8.41869
1.77709e+09    0.940408 0.00719583  -0.215859 -1.09225 -3.09843  8.19966
1.77709e+09     0.903344 -0.00465619    -0.21345 -1.04789 -2.91497  8.47843
1.77709e+09    0.917302 -0.0185685  -0.222626 -1.28934 -2.83266   8.5491
1.77709e+09     0.91024 -0.0130654  -0.216335 -1.33889 -2.69419  8.91708
1.77709e+09    0.930498 -0.0078402  -0.223794 -1.39602  -2.7506  8.65014
1.77709e+09    0.903078 -0.0189939  -0.207751 -1.11618 -2.68574  8.84424
1.77709e+09    0.903761 -0.0118362  -0.207523 -1.13441 -2.81813  8.47964
1.77709e+09     0.912603 -0.00992209   -0.212148 -1.38953 -2.62034  8.80162
1.77709e+09     0.897369 -0.00968098   -0.201226 -1.06707 -2.49546  8.80115
1.77709e+09     0.898708 -0.00856186   -0.210495 -1.33743 -2.28416  9.21871
1.77709e+09    0.886502 -0.0173402   -0.19153 -1.11634 -2.48089   8.6497
1.77709e+09    0.878108 -0.0264497   -0.20762 -1.29988 -2.56617  8.64532
1.77709e+09    0.847124 -0.0399788  -0.203672  -0.9856 -2.29418  8.80944
1.77709e+09    0.841532 -0.0405083  -0.214423 -0.921601  -2.26294   8.67892
1.77709e+09   0.830978 -0.053659 -0.214403 -1.30695 -2.33897  8.89247
1.77709e+09    0.810984 -0.0542043  -0.219094 -1.11916 -2.22091  9.04231
1.77709e+09    0.806935 -0.0608071  -0.222582 -1.08125 -2.05879  9.26694
1.77709e+09    0.781799 -0.0587357  -0.215817 -1.11549  -2.3153  8.74782
1.77709e+09     0.77897 -0.0612948  -0.219282 -0.95501 -1.97348  9.00169
1.77709e+09    0.770297 -0.0536289  -0.229713 -0.889018  -2.08004   8.99503
1.77709e+09    0.761432 -0.0547985  -0.239595 -1.07323 -2.12472  8.92819
1.77709e+09    0.746541 -0.0456844   -0.24773 -1.05921 -2.18899  8.79738
1.77709e+09    0.742555 -0.0313408  -0.261877 -1.06174 -1.85472  9.26548
1.77709e+09     0.7263 -0.019251 -0.251896 -1.01069 -1.96522  8.99006
1.77709e+09     0.721057 -0.00717703   -0.265791 -0.928775  -1.87897   9.11989
1.77709e+09     0.71723 -0.0104788  -0.271715 -1.06365 -2.04928  8.87701
1.77709e+09    0.709227 0.00775328  -0.283602  -1.0929 -1.81975  9.23064
1.77709e+09     0.698832 -0.00165644   -0.300357  -1.2541 -1.89356  9.07977
1.77709e+09   0.695889 0.0246351 -0.296164 -1.17954 -1.74594  9.47926
1.77709e+09   0.659518 0.0231449 -0.286678 -0.90513 -1.70745  9.17952
1.77709e+09   0.671721 0.0289614 -0.296199 -0.825668  -1.45955   9.50772
1.77709e+09   0.656476 0.0300827 -0.311193 -0.88532 -1.50126  9.12522
1.77709e+09   0.662894 0.0219877  -0.31911 -1.09196 -1.72101  9.16497
1.77709e+09   0.650576  0.017993 -0.332118 -0.898893  -1.52007   9.21643
1.77709e+09   0.638624 0.0204329 -0.348896 -1.17489 -1.73834  9.21027
1.77709e+09   0.635303 0.0110689 -0.360342 -1.11863 -1.56295  9.31571
1.77709e+09    0.635143 0.00665503  -0.353175  -1.0102 -1.35762  9.50417
1.77709e+09     0.618568 -0.00238697   -0.361535 -0.95559 -1.14212  9.76242
1.77709e+09     0.619812 -0.00221191    -0.38248 -0.94292 -1.49827  9.13036
1.77709e+09    0.630125 -0.0135516  -0.390413 -0.833319  -1.25894   9.40244
1.77709e+09   0.635233 -0.023677 -0.397126 -0.970891  -1.54024   9.06215
1.77709e+09   0.632078 -0.033438 -0.402848 -1.01449 -1.32321  9.22194
1.77709e+09    0.633471 -0.0271669  -0.405278 -1.04719 -1.17003  9.54333
1.77709e+09    0.633669 -0.0302656  -0.397541 -0.811068  -1.15405   9.29948
1.77709e+09    0.626745 -0.0301494  -0.390357 -0.90431 -1.24725  9.28349
1.77709e+09    0.656008 -0.0251022  -0.367608 -1.09237 -1.11453  9.58857
1.77709e+09    0.639807 -0.0274779  -0.394772 -0.995502  -1.33966    8.9901
1.77709e+09   0.672222  -0.02124 -0.357503 -1.04981 -1.23505    9.112
1.77709e+09    0.678518 -0.0230787  -0.355541 -1.16802 -1.02299  9.52493
1.77709e+09     0.68694 -0.0266072  -0.354877  -1.2879 -1.00425  9.64197
1.77709e+09   0.696223 -0.033601 -0.330829 -0.864604 -0.976984   9.30949
1.77709e+09    0.697791 -0.0365928   -0.33393  -1.13231 -0.711302   9.61387
1.77709e+09    0.693746 -0.0473156  -0.319781 -0.870424 -0.786162   9.04481
1.77709e+09    0.716018 -0.0456185  -0.335193 -0.847688 -0.673514   9.14308
1.77709e+09    0.716308 -0.0550854  -0.350804   -1.0317 -0.577373   9.38304
1.77709e+09    0.723577 -0.0662251  -0.367029  -1.14165 -0.575629   9.31203
1.77709e+09    0.715806 -0.0601942  -0.349545 -0.959162  -0.25511    9.5135
1.77709e+09    0.701321 -0.0708638  -0.352588  -1.12305 -0.318603   9.55623
1.77709e+09    0.708548 -0.0790478  -0.348419  -0.91589 -0.226208   9.30119
1.77709e+09    0.721875 -0.0786573  -0.368977  -1.03426 -0.316541   9.18005
1.77709e+09    0.738115 -0.0891386  -0.358116   -1.0642 -0.241787   9.17624
1.77709e+09    0.713131 -0.0930162  -0.373991  -1.18977 -0.330395   9.23303
1.77709e+09    0.746036 -0.0975105  -0.357944  -1.28541 -0.146437   9.38804
1.77709e+09    0.742087 -0.0883709  -0.345657  -1.16293 -0.322125   9.02589
1.77709e+09    0.731837 -0.0937886  -0.354847  -1.28483 -0.208755   9.38728
1.77709e+09    0.717066 -0.0855137   -0.33258  -1.23875 -0.171583   9.19849
1.77709e+09    0.719128 -0.0791575  -0.318666   -1.29462 0.00594397    9.63539
1.77709e+09    0.702549 -0.0820572  -0.294906  -0.979625 -0.0136989    9.43572
1.77709e+09     0.68036 -0.0727657  -0.270242 -1.09943   0.2166  9.67385
1.77709e+09    0.649723 -0.0651536  -0.259189 -0.877501   0.11366   9.28417
1.77709e+09    0.637842 -0.0700008  -0.230057 -1.04757 0.192234  9.43751
1.77709e+09    0.607969 -0.0611407  -0.202623 -0.853456  0.330667   9.36626
1.77709e+09    0.593584 -0.0570918  -0.201236 -1.15802 0.359312  9.54213
1.77709e+09    0.578364 -0.0445019  -0.173011 -1.22392 0.341942  9.58983
1.77709e+09    0.553591 -0.0331057   -0.17538 -1.03126 0.677254   9.7113
1.77709e+09    0.525221 -0.0114048  -0.168226 -0.919888  0.652147   9.13251
1.77709e+09   0.517133 0.0130674 -0.172399 -1.19757 0.852832   9.8655
1.77709e+09   0.505512 0.0216773 -0.159074 -0.958841  0.827839   9.55431
1.77709e+09   0.473996  0.048956 -0.179518 -1.07303  0.81302   9.6043
1.77709e+09   0.472245 0.0460706  -0.17475 -1.1043 1.03457 9.74219
1.77709e+09   0.449377 0.0639136 -0.182487 -1.08652  1.08405  9.99781
1.77709e+09    0.44013 0.0684983 -0.176786 -1.0014 0.84806 9.35625
1.77709e+09   0.425073 0.0672982 -0.191055 -1.11667  1.01944  9.65577
1.77709e+09   0.411603 0.0740625 -0.197365 -1.09283  1.09705  9.73703
1.77709e+09   0.382901 0.0710483 -0.223857 -1.18622 0.911539  9.34012
1.77709e+09   0.373658 0.0746245 -0.237408 -1.17313  1.04382  9.71841
1.77709e+09   0.352474 0.0536113 -0.269696 -1.31129  1.05731  9.86962
1.77709e+09   0.349896 0.0557149 -0.256021 -0.889765   1.00551   9.50217
1.77709e+09    0.32185 0.0373011 -0.274806 -1.15176  1.14377  10.1679
1.77709e+09   0.320715  0.018576 -0.282358 -1.19313  1.14558  9.88261
1.77709e+09   0.296186 0.0138156 -0.271363 -1.04597 0.952198  9.47543
1.77709e+09    0.265477 -0.0122748    -0.2876 -1.17508 0.786188  9.48997
1.77709e+09   0.267586 -0.020642  -0.29172 -1.32821 0.710014  9.57501
1.77709e+09    0.246556 -0.0315731  -0.275858  -1.1004 0.985145   9.8391
1.77709e+09    0.230954 -0.0379083  -0.284884 -1.29758 0.852632   9.9067
1.77709e+09    0.220232 -0.0487037  -0.275599 -1.00176  1.03766  9.86517
1.77709e+09    0.202304 -0.0592427  -0.286201  -1.0278 0.928618   9.8096
1.77709e+09    0.206605 -0.0641404  -0.298108 -1.13087 0.734632  9.52052
1.77709e+09    0.200112 -0.0801845  -0.307905 -1.16626 0.610937  9.46002
1.77709e+09   0.193833 -0.072933 -0.320434 -1.26644 0.771122  10.0122
1.77709e+09     0.18106 -0.0902705  -0.346971 -1.22134 0.628732  9.70959
1.77709e+09    0.162725 -0.0873325  -0.350743 -1.15004 0.701544  10.2706
1.77709e+09    0.162848 -0.0929043  -0.360916 -1.09523 0.537959  9.74526
1.77709e+09    0.128721 -0.0902555  -0.384544 -1.06134 0.519215  10.0472
1.77709e+09    0.113452 -0.0916701  -0.385066 -0.960916  0.417392   9.72694
1.77709e+09   0.0833406 -0.0834106  -0.404069 -0.943982  0.196935   9.56036
1.77709e+09   0.0720071 -0.0824085  -0.421881 -1.24743 0.389001  10.1693
1.77709e+09    0.047627 -0.0718211   -0.42255 -1.07784  0.34041  9.97681
1.77709e+09   0.0123705 -0.0789662  -0.434989 -1.00067 0.386028  10.1357
1.77709e+09  0.00792894 -0.0707764  -0.463944 -1.27473 0.156017  10.1446
1.77709e+09  -0.0175491 -0.0713786  -0.455319 -0.943663 0.0222865   9.62405
1.77709e+09  -0.0131254 -0.0674343  -0.479249   -1.09051 -0.0585164    9.72826
1.77709e+09  -0.0278562 -0.0675764  -0.498025   -1.25644 -0.0101758    9.84962
1.77709e+09  -0.0519207 -0.0785442  -0.517711  -1.44266 -0.157111   9.78062
1.77709e+09  -0.0448699 -0.0848946  -0.510079 -1.13083  0.15671  10.0634
1.77709e+09  -0.0571645  -0.100953  -0.530106  -1.29382 0.0449351   9.90697
1.77709e+09  -0.0598419  -0.101676   -0.50806 -1.08101 0.181307  9.84619
1.77709e+09  -0.0622344  -0.132573  -0.531259  -1.11005 0.0809945   9.77339
1.77709e+09  -0.0620302  -0.149051  -0.534047  -1.06846 0.0485262   9.65501
1.77709e+09  -0.0651213  -0.169264   -0.53284   -1.28791 -0.0530414    9.74132
1.77709e+09  -0.0606168  -0.172186  -0.539823   -1.38868 0.00589973    10.0242
1.77709e+09  -0.0702398  -0.211736  -0.545181  -1.24023 -0.157747   9.62015
1.77709e+09  -0.0465438  -0.217901  -0.537306  -1.31861 -0.126386   9.91163
1.77709e+09  -0.0522284  -0.244821  -0.571225   -1.40951 -0.0823074    10.0656
1.77709e+09  -0.0361227  -0.265228  -0.543836  -1.02046 -0.194033   9.72633
1.77709e+09  -0.0438828  -0.274666  -0.564847  -1.19901 -0.346887   9.76553
1.77709e+09  -0.0330255  -0.304645   -0.54842   -1.0264 -0.432286   9.45522
1.77709e+09  -0.037088 -0.303458  -0.56512  -1.11377 -0.293432   10.0162
1.77709e+09  -0.0285145  -0.311088   -0.54483 -0.887909 -0.173099   10.0404
1.77709e+09  -0.0300605  -0.321228  -0.562612  -1.10475 -0.258056   10.2672
1.77709e+09  -0.0262171  -0.320636  -0.543123  -0.75835 -0.282633   9.83078
1.77709e+09  -0.023229 -0.322269  -0.56029 -0.904469 -0.414055   9.66751
1.77709e+09  -0.0416476  -0.325038  -0.560304 -0.795576 -0.235356    9.7129
1.77709e+09    -0.0366 -0.322126 -0.594588 -0.742559 -0.298815    9.5661
1.77709e+09  -0.0356253  -0.327731  -0.616923 -0.912626 -0.422954   9.61362
1.77709e+09  -0.0333885  -0.319236  -0.641843 -0.797786 -0.187011   9.95539
1.77709e+09  -0.0192978  -0.336209  -0.681148 -0.940479 -0.440842   9.73104
1.77709e+09  -0.044243 -0.346325  -0.69593 -0.783788 -0.372386   9.86862
1.77709e+09  -0.0193584  -0.358565  -0.715459 -0.718863 -0.269439   10.1006
1.77709e+09  -0.0241553  -0.385414  -0.731357 -0.727435 -0.522971   9.60069
1.77709e+09  0.00156181  -0.409562  -0.755558  -0.60918 -0.378392   9.93057
1.77709e+09  -0.00514731   -0.426782   -0.745278 -0.524269 -0.415786   9.95359
1.77709e+09  0.00176873  -0.456285  -0.779924 -0.709071 -0.557932   9.75486
1.77709e+09  0.00259233  -0.496625  -0.772189 -0.456257 -0.511617   9.80586
1.77709e+09  0.0177983 -0.522252 -0.787067 -0.745521 -0.485741   9.98215
1.77709e+09  0.0187566 -0.545706 -0.795019  -0.57686 -0.523776   9.96358
1.77709e+09  0.0190621 -0.568561 -0.792288  -0.45168 -0.291596   10.2154
1.77709e+09  0.0171788  -0.59453 -0.805698 -0.322327 -0.574989   9.70553
1.77709e+09  0.0092824 -0.608708 -0.805998 -0.101068 -0.717376   9.53471
1.77709e+09  0.00422552  -0.660965  -0.831439 -0.117439 -0.401963   10.2141
1.77709e+09  0.0165527 -0.667917  -0.82884 -0.246743 -0.728686   9.80839
1.77709e+09  0.00352173  -0.702104  -0.848545 -0.174288  -0.60302   9.93159
1.77709e+09  -0.0118457  -0.713187  -0.854817 -0.178651 -0.438786   10.2476
1.77709e+09  -0.019397 -0.727879 -0.858502 -0.0302046  -0.430201    9.96281
1.77709e+09  -0.0238491  -0.740192   -0.88468 -0.0805457  -0.374215    10.1358
1.77709e+09  -0.0380042  -0.761318  -0.887013  0.024806 -0.456824   9.81098
1.77709e+09  -0.0545824  -0.760458  -0.912315 -0.0117878  -0.480969    9.95158
1.77709e+09  -0.0720194  -0.766239  -0.918385  0.234203 -0.499298   9.58565
1.77709e+09  -0.0722215  -0.765287  -0.927166 0.0826291 -0.271706   10.3553
1.77709e+09  -0.0974261  -0.759724    -0.9529 0.0157892 -0.389372   10.0495
1.77709e+09  -0.120526 -0.754535 -0.962597 -0.00706584   -0.457185     10.0633
1.77709e+09  -0.127252 -0.751343 -0.972948  0.262556 -0.392657   9.93262
1.77709e+09  -0.136656 -0.735162 -0.969763  0.357358 -0.502431   9.74281
1.77709e+09  -0.149345 -0.738038  -1.00129  0.221735 -0.458893   9.98003
1.77709e+09  -0.166975 -0.718543 -0.986517   0.43469 -0.658595   9.54509
1.77709e+09  -0.169497 -0.710318 -0.997708  0.301548 -0.548462   9.70805
1.77709e+09  -0.170076 -0.701511  -1.01272  0.262055 -0.481307   10.0875
1.77709e+09  -0.181543 -0.688749  -1.03179  0.171154 -0.452636   10.1744
1.77709e+09  -0.193538 -0.685203  -1.01607  0.520117 -0.429682   9.91585
1.77709e+09  -0.198467 -0.685115  -1.03657  0.463188 -0.530967    9.6318
1.77709e+09  -0.194085 -0.690391  -1.03998 0.531147  -0.5949  9.57324
1.77709e+09   -0.21536 -0.707095  -1.05218 0.725571 -0.26212  9.70336
1.77709e+09  -0.198519 -0.717761  -1.07372  0.436861 -0.307658   9.94874
1.77709e+09  -0.203431 -0.722595  -1.09631  0.617343 -0.138686   10.0194
1.77709e+09  -0.228577 -0.734338  -1.12865  0.553591 -0.058559   10.1811
1.77709e+09  -0.225953 -0.744024  -1.12021   0.908903 -0.0256539    9.77744
1.77709e+09  -0.218323 -0.759979   -1.1276   0.872525 -0.0601938    9.59479
1.77709e+09   -0.22805 -0.796903  -1.15958 0.942727 0.168012  9.91078
1.77709e+09  -0.233513  -0.81428  -1.17165    1.1654 0.0442344   9.63241
1.77709e+09  -0.217917 -0.828949  -1.17567   1.37234 0.0857594   9.44569
1.77709e+09  -0.230521  -0.87627  -1.19437  1.39753 0.215078  9.89027
1.77709e+09  -0.226618 -0.904103  -1.20219   1.45499 0.0102186   9.32924
1.77709e+09  -0.235745 -0.934648  -1.20938   1.50618 0.0884785   9.48421
1.77709e+09  -0.240876 -0.948568  -1.20952  1.52696 0.253219  9.76024
1.77709e+09  -0.233636 -0.976809  -1.21381  1.48092 0.362653  10.0197
1.77709e+09  -0.249722 -0.986558  -1.19769  1.87065 0.167471  9.27939
1.77709e+09  -0.234148  -1.02212  -1.20573   1.61534 0.0996014    9.2771
1.77709e+09  -0.245017  -1.03372  -1.17614  1.91918 0.404505  9.48605
1.77709e+09  -0.245962  -1.03182  -1.17614  1.67908 0.379245  9.65912
1.77709e+09  -0.228355  -1.03509  -1.16026  1.66756 0.382943  9.56791
1.77709e+09  -0.22951 -1.02894 -1.15064  2.07593 0.418462  9.31493
1.77709e+09  -0.206994  -1.03483  -1.13684  1.86079 0.208208  8.95186
1.77709e+09  -0.213009  -1.00432  -1.11169  2.10731 0.359064   9.0474
1.77709e+09  -0.198156 -0.986946  -1.11625  2.00064 0.302704    9.094
1.77709e+09  -0.175081 -0.951122  -1.09534  2.01046 0.233281  8.95998
1.77709e+09  -0.184538 -0.937428  -1.07569     2.11 0.502974  9.29707
1.77709e+09  -0.164805 -0.915488  -1.06685  2.23597 0.407939  9.02386
1.77709e+09  -0.152081  -0.85786  -1.04057  2.34921 0.629615  9.21298
1.77709e+09  -0.134955 -0.827887  -1.04409  2.59503 0.498797  9.10172
1.77709e+09  -0.132146 -0.807531   -1.0243  2.55136 0.493254  8.91839
1.77709e+09   -0.12155 -0.766414  -1.01668 2.75434 0.44881 8.69779
1.77709e+09  -0.139958 -0.751524   -1.0105  2.70367 0.672088  9.22753
1.77709e+09   -0.12852 -0.724074 -0.990234 2.89296 0.57592  8.9531
1.77709e+09  -0.127602 -0.694687 -0.975096  2.90399 0.684727  9.06468
1.77709e+09  -0.132194 -0.673427   -0.9437  3.18289 0.548701  8.71045
1.77709e+09  -0.132047 -0.653976 -0.908478  3.29339 0.533486  8.43293
1.77709e+09  -0.116383 -0.613235 -0.868895  3.13502 0.796529  9.03357
1.77709e+09  -0.0873137  -0.591308  -0.850814  3.16518 0.605049  8.52884
1.77709e+09  -0.0771349  -0.545506  -0.800158  3.37846 0.734984  8.86036
1.77709e+09  -0.0726409  -0.517694  -0.787067  3.30676 0.583543  8.58302
1.77709e+09  -0.0583839  -0.500785  -0.764082  3.29091 0.789617   9.0139
1.77709e+09  -0.043445 -0.459346  -0.72278  3.42067 0.750078  8.78678
1.77709e+09  -0.0416094  -0.431022  -0.710835  3.49711 0.896506  9.17852
1.77709e+09  -0.0111696   -0.39645  -0.661585  3.83352 0.773397  8.78489
1.77709e+09  -0.0136406  -0.356842  -0.572759  3.68805 0.536345  8.61619
1.77709e+09  -0.0100245   -0.33079  -0.551591  3.75935 0.852011  9.02805
1.77709e+09  0.00731211   -0.31459  -0.497976  3.71816 0.706071  8.87806
1.77709e+09  0.0246811 -0.282547 -0.447069  3.72282 0.702597  9.05534
1.77709e+09  0.0199883 -0.262799 -0.420802  3.89966 0.668335  8.61534
1.77709e+09  0.0466813 -0.232847  -0.36484    3.873 0.636721  8.73885
1.77709e+09   0.053898  -0.22559 -0.338909  3.90722 0.562555  8.71491
1.77709e+09   0.065419 -0.204048 -0.292542  3.73857 0.491897  8.68921
1.77709e+09  0.0698025 -0.186197 -0.266227  3.82617 0.649903  9.00994
1.77709e+09  0.0893492 -0.125935 -0.205403   3.8171 0.415192  8.41068
1.77709e+09  0.0969334 -0.124807 -0.201908  3.65021 0.631287  9.00298
1.77709e+09    0.110587 -0.0987231  -0.175656   3.5465 0.359414  8.58566
1.77709e+09    0.122412 -0.0895826  -0.159988  3.47826 0.455384  8.59094
1.77709e+09    0.140908 -0.0733858  -0.136967  3.50924 0.652085  8.90784
1.77709e+09    0.153333 -0.0769252  -0.117276  3.50153 0.596579  9.11644
1.77709e+09    0.152277 -0.0742328 -0.0940018  3.67773 0.321927  8.45966
1.77709e+09    0.169628 -0.0695272 -0.0850113  3.52841 0.302951   8.6871
1.77709e+09    0.174948 -0.0769727 -0.0766923  3.29954 0.220348  8.63526
1.77709e+09    0.200649 -0.0527017 -0.0594913  3.38841 0.461787  8.62279
1.77709e+09    0.196439 -0.0510428 -0.0596637  3.10007 0.610941  9.17759
1.77709e+09    0.202467 -0.0411968 -0.0835489  3.20165 0.528062  9.17198
1.77709e+09    0.220396 -0.0252552 -0.0797298  3.43553 0.535065  8.92601
1.77709e+09    0.259449 -0.0401677   -0.08993  3.23713 0.456145  9.00081
1.77709e+09    0.255958 -0.0154903  -0.101684  3.38599 0.517966  8.88069
1.77709e+09    0.273031 0.00232855  -0.109268  3.45082 0.430008   8.7297
1.77709e+09     0.270559 -0.00693788   -0.134213  3.18238 0.582559   9.1862
1.77709e+09    0.278307 -0.0060693  -0.135179 3.28179 0.59518 9.15709
1.77709e+09     0.301287 -0.00737545   -0.150018  3.14762 0.513144  8.92083
1.77709e+09     0.304808 -0.00317649   -0.165838  3.23529 0.709198  9.20419
1.77709e+09    0.298412 -0.0128999  -0.161149  3.12621 0.793631  9.45233
1.77709e+09     0.28983 -0.0388495  -0.160192  3.26435 0.463035  8.99734
1.77709e+09    0.299099 -0.0277825  -0.141399  3.30699 0.714158  9.20089
1.77709e+09    0.293069 -0.0510751  -0.126778  3.32059 0.570078  9.14109
1.77709e+09    0.286779 -0.0589451   -0.10851  3.10618 0.499956  8.89561
1.77709e+09    0.295532 -0.0611465  -0.109538  3.19602 0.487393  8.65351
1.77709e+09    0.291577 -0.0558091   -0.10446  2.93999 0.836425  9.38707
1.77709e+09    0.303134 -0.0576253   -0.10348  2.77538 0.547191  9.06131
1.77709e+09    0.315539 -0.0291485 -0.0954666  2.81122 0.753178  9.31974
1.77709e+09    0.311478 -0.0335005 -0.0787934   2.9195 0.652302  9.02961
1.77709e+09    0.325086 0.00716608 -0.0612429  2.67461 0.915137   9.4181
1.77709e+09   0.318551 0.0217817 -0.056691  2.89463 0.650284  8.82154
1.77709e+09    0.338023  0.0528557 -0.0500462 2.72971 0.78034 9.03061
1.77709e+09    0.349707  0.0740376 -0.0462273  2.63259 0.754091  9.26983
1.77709e+09    0.357861    0.10609 -0.0340319 2.44132  0.8685 9.32848
1.77709e+09    0.393277   0.138076 -0.0275462    2.468 0.801899  9.04706
1.77709e+09  0.400087 0.177134 -0.01261  2.37719 0.723554  8.95213
1.77709e+09    0.402142   0.197761 -0.0187052 2.24834 1.01294  9.5312
1.77709e+09    0.420913    0.25064 -0.0226053  2.10714 0.861851  9.21291
1.77709e+09    0.417678   0.271792 -0.0343322 2.23517 1.11944 9.63595
1.77709e+09    0.406363   0.302963 -0.0341516 2.28609 1.03557 9.54189
1.77709e+09    0.399586   0.321567 -0.0300874  2.34853 0.818896  9.17304
1.77709e+09    0.379994   0.336957 -0.0363271  2.30513 0.875594  9.49168
1.77709e+09    0.367066   0.362055 -0.0346164  2.25918 0.927316  9.37241
1.77709e+09    0.339555   0.372327 -0.0410874 2.19462  1.0519 9.84608
1.77709e+09    0.316842   0.387605 -0.0334375 2.33028 1.09563 9.76558
1.77709e+09    0.264464   0.397459 -0.0359354 2.48448 1.19803 9.87007
1.77709e+09    0.244841   0.404371 -0.0478997 2.30845  1.1383 9.94242
1.77709e+09    0.234268   0.405358 -0.0295454  2.63268 0.898775  9.17547
1.77709e+09     0.20408   0.387458 -0.0439704 2.47293 1.03511 9.50319
1.77709e+09    0.184441   0.389255 -0.0271826   2.3816 0.999192  9.63965
1.77709e+09   0.159135  0.373225 -0.038472 2.36758 1.15178 9.80726
1.77709e+09    0.124174   0.366757 -0.0256485 2.45219 1.20209 10.0122
1.77709e+09   0.0893762   0.334933 -0.0334075 2.43203 1.03078 9.72326
1.77709e+09   0.0673861   0.332207 -0.0397613 2.55761 1.20177 9.75368
1.77709e+09   0.0267711   0.318153 -0.0323898 2.67263 1.18145 9.78863
1.77709e+09  0.0320871  0.297526 -0.039706  2.61436 0.974303  9.46638
1.77709e+09   0.0194566   0.280957 -0.0289768 2.59617 1.18154 9.80855
1.77709e+09  -0.0128111   0.254915 -0.0149931 2.61001 1.11999 10.1354
1.77709e+09  -0.00978366    0.244051   0.0199113  2.70196 0.909865   9.7121
1.77709e+09  -0.00820605    0.231743   0.0439902 2.78767 1.18866  10.119
1.77709e+09  -0.00857171    0.228243   0.0654261 2.63803 1.17908 9.82975
1.77709e+09  -0.0100787   0.212578  0.0746804  2.51982 0.933851  9.58028
1.77709e+09  -0.010054  0.200818 0.0779078 2.40802 1.03058 9.77555
1.77709e+09  -0.0075748   0.177909  0.0886416 2.31016  1.0207 9.86685
1.77709e+09  -0.010758   0.14704  0.107199   2.5264 0.959968  9.41035
1.77709e+09  -0.0156734   0.134828   0.104987  2.4746 1.19405 10.0401
1.77709e+09  -0.0413092  0.0975756   0.116093 2.42427 1.13237 9.85395
1.77709e+09  -0.0462657  0.0696651   0.116525 2.49197 1.15316  9.9374
1.77709e+09  -0.0673129   0.051925  0.0994215  2.42073 0.970254  9.38474
1.77709e+09  -0.0706703  0.0238514  0.0889061  2.35327 0.923739  9.63904
1.77709e+09   -0.0682424 -0.00190589   0.0826455  2.5159 1.00767 9.52577
1.77709e+09  -0.0634481 -0.0155198  0.0565543  2.44909 0.858955  9.36638
1.77709e+09    -0.08911 -0.0344673  0.0600242  2.36696 0.816391  9.27719
1.77709e+09  -0.0813969  -0.045554  0.0461615  2.47597 0.893226  9.27808
1.77709e+09  -0.0866614 -0.0387819  0.0345901  2.23813 0.898952  9.58591
1.77709e+09   -0.112878 -0.0384873  0.0267083 2.17784 1.00384 9.80719
1.77709e+09   -0.114964 -0.0285371  0.0370645  2.20081 0.784421  9.36338
1.77709e+09   -0.120796 -0.0255147  0.0428818 2.15312 0.92496 9.67006
1.77709e+09   -0.144503 -0.0416212   0.047601  1.98962 0.942244  9.83746
1.77709e+09   -0.151531 -0.0245215   0.061514  2.38146 0.897387  9.32857
1.77709e+09   -0.172921 -0.0270459  0.0576971 2.08519  1.0348 9.73973
1.77709e+09    -0.17404 -0.0274005   0.054731 2.14402 1.15536 9.85506
1.77709e+09   -0.190431 -0.0376998  0.0519327 2.31334 0.88126 9.25067
1.77709e+09   -0.197751 -0.0486922  0.0250072  2.18902 0.995077  9.56619
1.77709e+09    -0.18377 -0.0421598 0.00255716  2.24217 0.876046   9.4747
1.77709e+09    -0.206951  -0.0467737 -0.00343281  2.3276  0.9878 9.51467
1.77709e+09   -0.194157 -0.0351029 -0.0354983  2.24396 0.882146  9.42344
1.77709e+09    -0.19273 -0.0341069 -0.0508546  2.12269 0.775188  9.47318
1.77709e+09   -0.199107 -0.0165836  -0.051848 2.48055 0.83929 9.27097
1.77709e+09   -0.203443 -0.0212199 -0.0697763  2.34097 0.842699  9.11767
1.77709e+09    -0.210748 -0.00831677  -0.0860403  2.40256 0.687216  9.04054
1.77709e+09   -0.216313 0.00236464   -0.09088  2.25935 0.984162  9.58047
1.77709e+09   -0.20794 0.0017678 -0.105228  2.47119 0.856126   9.0894
1.77709e+09   -0.205945   0.006775 -0.0885842 2.30981 0.81241 9.05159
1.77709e+09  -0.208956 0.0204545 -0.102613 2.43658 0.92607 9.29755
1.77709e+09   -0.205334  0.0152275 -0.0865486 2.47998 0.80738 8.87939
1.77709e+09  -0.211529 0.0241493  -0.09811 2.27656 0.76659 9.24657
1.77709e+09   -0.218393  0.0326135 -0.0890872  2.43973 0.876443  9.16161
1.77709e+09   -0.198741  0.0335729 -0.0692149  2.35189 0.537235  8.60923
1.77709e+09   -0.210906  0.0406473 -0.0715649 2.22445  0.7852 9.22595
1.77709e+09   -0.193162   0.057342 -0.0588249  2.55428 0.665679   8.7194
1.77709e+09    -0.18269  0.0554863 -0.0587417  2.40688 0.557355  8.95328
1.77709e+09   -0.177783  0.0658193 -0.0382793  2.57992 0.602854  8.82189
1.77709e+09   -0.183311  0.0859951 -0.0208695  2.66452 0.620261  8.66079
1.77709e+09   -0.165966   0.087268 -0.0227228 2.39899 0.55002 9.01406
1.77709e+09    -0.143886    0.118864 -0.00571141  2.55485 0.584107  8.67249
1.77709e+09    -0.146543    0.115928 -0.00941281  2.69672 0.453256  8.54984
1.77709e+09  -0.121215   0.14194  0.002481   2.3882 0.620869  9.08797
1.77709e+09    -0.114524    0.150894 -0.00376492  2.54795 0.619298  8.89672
1.77709e+09  -0.0957109   0.163172 -0.0134689  2.46841 0.637965  8.82164
1.77709e+09  -0.0920977   0.190736 -0.0085861  2.50364 0.765981   9.0161
1.77709e+09  -0.0788096   0.200056 -0.0173055  2.43536 0.869499  9.26438
1.77709e+09  -0.0510628   0.228082  -0.023344  2.51932 0.700591  8.92115
1.77709e+09  -0.0655978   0.244602 -0.0180879  2.64755 0.879372  8.99957
1.77709e+09  -0.0493159   0.265543 -0.0273495  2.49576 0.630518  8.75471
1.77709e+09  -0.0468339   0.296654 -0.0202552  2.59345 0.803474  8.97978
1.77709e+09  -0.0426068   0.321153 -0.0116952  2.52564 0.578775  8.66776
1.77709e+09  -0.0555332   0.364693  0.0173379  2.44915 0.761289   9.2763
1.77709e+09  -0.0685732   0.389979   0.032716  2.6632 0.56059 8.60479
1.77709e+09  -0.064536  0.387167 0.0471494  2.44019 0.601076   9.0546
1.77709e+09  -0.0998636   0.413273   0.102248  2.53782 0.651613  8.74018
1.77709e+09  -0.0999405   0.419679   0.112426  2.46935 0.608335  8.91678
1.77709e+09  -0.122933  0.433075  0.133171  2.30589 0.618987  8.99119
1.77709e+09  -0.145841  0.448721  0.155167   2.4936 0.508434  8.88246
1.77709e+09  -0.135307  0.460591  0.155783  2.43704 0.712102  9.21311
1.77709e+09  -0.154477  0.478615  0.175489  2.57319 0.624539  9.10366
1.77709e+09  -0.149765  0.505552  0.193562  2.26461 0.688065  9.50754
1.77709e+09  -0.151896  0.516236  0.182402  2.29032 0.550039   9.0428
1.77709e+09  -0.151932  0.558515  0.178881 2.11392 0.49538 9.35439
1.77709e+09  -0.139138  0.582419  0.198446  2.18001 0.552977  9.46306
1.77709e+09  -0.145382  0.587217  0.180825  2.21527 0.302764  8.82568
1.77709e+09  -0.147709  0.623843  0.166815  2.29299 0.329984  9.27805
1.77709e+09  -0.155705  0.625638  0.156293   2.2361 0.407963  9.35116
1.77709e+09  -0.157738  0.634439  0.140306   2.13576 0.0926989   9.03675
1.77709e+09  -0.176459  0.636901  0.127933  2.36656 0.133853  8.90023
1.77709e+09  -0.172909  0.656808 0.0925329  2.00247 0.337551  9.69237
1.77709e+09  -0.187525  0.644932 0.0567293  2.05731 0.121264  9.25586
1.77709e+09   -0.217116   0.651941 0.00960688    1.99149 -0.0554339    9.23334
1.77709e+09   -0.222122   0.661378 0.00111709  2.18083 0.239401  9.50748
1.77709e+09   -0.286859   0.651047 -0.0759568    2.21658 -0.0796074    8.89629
1.77709e+09   -0.308717   0.649573 -0.0946584   1.88792 0.0372545   9.71174
1.77709e+09  -0.340601   0.65903 -0.112377    2.12163 -0.0715911    9.38134
1.77709e+09  -0.360636  0.641637 -0.126008   1.88168 -0.161604   9.27997
1.77709e+09  -0.411146  0.660156  -0.14234   1.5476 -0.17064  9.87262
1.77709e+09  -0.399732  0.672643 -0.139984  1.64308 -0.38471   9.4572
1.77709e+09  -0.410379  0.686648 -0.140651   1.38212 -0.370928   9.70684
1.77709e+09  -0.398344  0.709388 -0.127342   1.36059 -0.334953   9.91067
1.77709e+09  -0.394852  0.699544 -0.118795   1.48022 -0.539709   9.37541
1.77709e+09  -0.366383  0.697135 -0.120383   1.44546 -0.511883   9.83489
1.77709e+09  -0.343018  0.682499 -0.115025   1.52698 -0.477718   10.0034
1.77709e+09  -0.356561   0.65893 -0.139238   1.55658 -0.872884    9.3555
1.77709e+09  -0.331441   0.63058   -0.1379   1.44884 -0.752614   9.76116
1.77709e+09   -0.33906   0.57501 -0.144712   1.64899 -0.962701   9.62213
1.77709e+09  -0.322677   0.55096 -0.165521  1.47763 -1.09092  9.61382
1.77709e+09  -0.314704   0.52162 -0.174245  1.45006 -1.01164  10.1334
1.77709e+09   -0.30958    0.4453 -0.199884  1.69742 -1.35969   9.7089
1.77709e+09  -0.299481  0.419404 -0.227799 1.54662 -1.3637 9.98155
1.77709e+09  -0.283105  0.385763 -0.240327  1.50179 -1.60312  9.98374
1.77709e+09  -0.320413  0.366052 -0.244209  1.78138 -1.31752  10.2497
1.77709e+09  -0.306089  0.327879 -0.259085  1.65293 -1.32486  10.2396
1.77709e+09  -0.314094  0.318926 -0.280693  1.56235 -1.59166  10.0419
1.77709e+09  -0.312869  0.284506 -0.312048  1.31319 -1.23414  10.5605
1.77709e+09  -0.322933   0.26072 -0.311167  1.46174 -1.37203  9.99927
1.77709e+09  -0.303963  0.240598 -0.318061   1.3663 -1.22384  10.2972
1.77709e+09  -0.277431  0.218361 -0.317885  1.14899 -1.47204  10.1334
1.77709e+09  -0.293549  0.211303 -0.327731  1.31576 -1.27203  10.2123
1.77709e+09  -0.293923  0.197319 -0.343883  1.14931 -1.54581  9.71034
1.77709e+09  -0.274614  0.180716 -0.341046 0.965653 -1.34055  10.3372
1.77709e+09  -0.282004  0.187168 -0.345331  1.17255 -1.47574   10.014
1.77709e+09  -0.274787  0.171341 -0.360307  1.04716 -1.37875  9.89979
1.77709e+09   -0.25115  0.172685 -0.363714 0.835463 -1.53607  10.0404
1.77709e+09  -0.226667  0.172338 -0.347786 0.991079 -1.76752  9.50419
1.77709e+09  -0.217553  0.179732 -0.324848 0.811891 -1.68254  9.64252
1.77709e+09  -0.197267  0.188924 -0.307991 0.660866 -1.56838  10.0795
1.77709e+09  -0.149678  0.218103 -0.250313  1.00163 -1.54968  10.0323
1.77709e+09  -0.138424  0.225633 -0.250266 0.627483 -1.78458  10.0112
1.77709e+09  -0.124533  0.247741 -0.215707 0.780602  -1.7449  10.0563
1.77709e+09  -0.110393  0.263363 -0.192591 0.843365 -1.61206  10.2214
1.77709e+09  -0.105916  0.288787 -0.171928 0.867884  -1.4214  10.3908
1.77709e+09  -0.0881123    0.28826  -0.198711 0.876904 -1.72521  9.68892
1.77709e+09  -0.0550156   0.304466  -0.213353  0.77819 -1.39795   10.105
1.77709e+09  -0.0538936   0.316843  -0.235652  1.11359 -1.35099  9.89759
1.77709e+09  -0.0356835   0.320356  -0.253934  1.11328 -1.29838  9.63123
1.77709e+09  -0.00479288    0.344681   -0.286392 0.908172 -1.13403  10.1454
1.77709e+09  -0.0157409   0.349296  -0.303058 0.941851 -1.38639   9.5408
1.77709e+09  -0.00561003    0.372154   -0.316648 0.807624 -1.29644  9.80815
1.77709e+09  0.00140995   0.386863   -0.32175   0.6583 -1.08767  10.0832
1.77709e+09  0.0317538  0.412427 -0.330236 0.517831 -1.01651  10.2197
1.77709e+09  0.0453875  0.450778  -0.31248  0.745521 -0.995297     9.802
1.77709e+09  0.0819083  0.499402  -0.31628 0.383997 -1.10623  9.69415
1.77709e+09    0.10551  0.527585 -0.308534  0.512039 -0.712975   10.2001
1.77709e+09   0.126709  0.568844 -0.316422   0.24905 -0.917118     10.19
1.77709e+09   0.155143  0.611587 -0.290334  0.297729 -0.826084   10.2773
1.77709e+09    0.16845  0.645912 -0.276399  0.520822 -0.805402   10.1661
1.77709e+09  0.173075 0.661916  -0.2646  0.549548 -0.702152   10.3624
1.77709e+09   0.191451  0.686897 -0.263617 0.366041 -1.02779  9.91617
1.77709e+09   0.197919  0.705604 -0.249093  0.322395 -0.852408   10.2327
1.77709e+09  0.194378 0.726696  -0.2512  0.254692 -0.801455   10.4879
1.77709e+09   0.187299  0.731267 -0.232446   0.27882 -0.889861   10.0792
1.77709e+09   0.176888  0.739841 -0.211282 0.406826 -0.68655  10.3093
1.77709e+09   0.175026  0.741852 -0.219234  0.340144 -0.711372    9.9548
1.77709e+09   0.162681  0.756568 -0.197079 0.420135 -0.52632  10.3442
1.77709e+09   0.148861  0.744702 -0.199234  0.418116 -0.703492   9.88028
1.77709e+09   0.138899  0.748467 -0.179433  0.297162 -0.611618    10.143
1.77709e+09   0.115709  0.745456 -0.149909  0.283274 -0.514015   10.4583
1.77709e+09    0.12719  0.755182 -0.127821  0.361597 -0.438228   10.4033
1.77709e+09    0.122867   0.742735 -0.0883295  0.232863 -0.490896   10.3137
1.77709e+09    0.111849   0.735936 -0.0546896  0.252399 -0.351536    10.517
1.77709e+09    0.117737   0.709168 -0.0269944  0.123153 -0.325934   10.5784
1.77709e+09    0.106885   0.712034 -0.0198012  0.529642 -0.451633   10.0222
1.77709e+09  0.0964064   0.68161  0.014075 0.437575  -0.1148  10.6519
1.77709e+09   0.104361  0.661784 0.0442245  0.501844 -0.029719   10.7382
1.77709e+09   0.076861  0.636533 0.0618073   0.37273 -0.361628    10.263
1.77709e+09    0.06314  0.627975 0.0899599  0.297938 -0.217426   10.7458
1.77709e+09  0.00658038   0.587995   0.172709  0.509352 -0.177819   10.4369
1.77709e+09  -0.0346119   0.558179   0.220772  0.670701 -0.161203   10.2437
1.77709e+09  -0.0401327   0.552222   0.245598   0.415197 -0.0522907    10.6859
1.77709e+09  -0.0731649   0.487909   0.307033 0.509924 0.200604  10.6422
1.77709e+09  -0.0773906   0.467083   0.338763    0.47167 -0.0246211    10.3419
1.77709e+09  -0.0838936   0.421426    0.37225  0.533007 0.0618449   10.1847
1.77709e+09  -0.116965  0.391445  0.389187   0.439314 0.00158554    10.3227
1.77709e+09  -0.118119   0.35816  0.387842   0.304479 -0.0640864    10.2795
1.77709e+09  -0.150609  0.327322  0.400867  0.234361 -0.178806   10.3483
1.77709e+09  -0.166276  0.326093  0.385414  0.337387 0.0211492   10.5255
1.77709e+09  -0.172954  0.308846  0.377581  0.185677 -0.187202   10.2924
1.77709e+09  -0.205379  0.288662  0.350206  0.250112 -0.339442   10.0732
1.77709e+09  -0.222438  0.298032  0.327736  0.161557 -0.304824   10.3075
1.77709e+09  -0.226511  0.283006  0.290251 -0.0306068  -0.280583    10.4024
1.77709e+09  -0.234711  0.280906  0.269855  -0.126557 -0.0590795    10.7323
1.77709e+09  -0.236785  0.273416  0.207775 -0.257987 -0.329238   10.5493
1.77709e+09  -0.231235  0.272699   0.20218  -0.19687 -0.127183   10.5183
1.77709e+09  -0.233895   0.25416  0.159354   -0.2432 -0.109262   10.1147
1.77709e+09  -0.201661  0.260639  0.125403 -0.234998  0.151665   10.7052
1.77709e+09  -0.188565  0.240223 0.0922696 -0.386166 -0.264814   10.2652
1.77709e+09  -0.181893  0.239858  0.083038 -0.435544 -0.103585   10.6913
1.77709e+09  -0.181488  0.194238  0.113738 0.0232841 -0.055358   10.5293
1.77709e+09  -0.164497  0.196211  0.116709 -0.124154 -0.299958   10.1873
1.77709e+09  -0.179748  0.155709  0.147926  0.168978 -0.173867   9.86412
1.77709e+09  -0.169965  0.137734  0.129023 0.0298461 -0.167992   10.2157
1.77709e+09  -0.176693  0.117281   0.12698  0.159531 0.0181911   10.2781
1.77709e+09  -0.187437 0.0696696  0.109598 0.0123437 -0.212484   10.2954
1.77709e+09  -0.182724 0.0637017   0.12438  0.233106 -0.155886   10.1781
1.77709e+09  -0.175679 0.0447365  0.100156  0.071064 -0.297613   9.85209
1.77709e+09    -0.16584 0.00975521  0.0447826  -0.26796 -0.138751   10.0473
1.77709e+09    -0.177655 0.000546703   0.0422544 0.0699227 -0.281192   9.60596
1.77709e+09   -0.158113 -0.0173709 -0.0190135 -0.150363  -0.13488    9.9743
1.77709e+09   -0.143296 -0.0389927 -0.0663459 -0.194431 -0.240389   9.71512
1.77709e+09   -0.137485 -0.0570095 -0.0899127 -0.217232 -0.446912   9.17472
1.77709e+09   -0.110798 -0.0595538  -0.132798 -0.301385   -0.4248   9.44164
1.77709e+09   -0.112856 -0.0604888   -0.17581 -0.564198 -0.466461   9.27958
1.77709e+09   -0.099361 -0.0571955  -0.183971 -0.276606 -0.201534   9.47926
1.77709e+09  -0.0942123 -0.0526897  -0.240437 -0.523786 -0.223136    9.6538
1.77709e+09  -0.0812277 -0.0387805  -0.270778 -0.350547 -0.342624   9.42811
1.77709e+09  -0.0549814 -0.0279988  -0.269955 -0.0632509  -0.420937     9.1062
1.77709e+09  -0.0350882 -0.0147412  -0.271779 0.0117764 -0.521302   9.25082
1.77709e+09  -0.0414749 -0.0175567   -0.24926  0.103207 -0.497909   8.72672
1.77709e+09  -0.0165157 -0.0148454  -0.260261 -0.0231207  -0.658456      8.738
1.77709e+09  -0.0154185 0.00637426  -0.265182 -0.112121 -0.476497   9.01612
1.77709e+09  -0.0117258  0.0245836  -0.268883 -0.122393 -0.407265   9.18941
1.77709e+09  0.00571475  0.0376755  -0.260526 -0.102401 -0.595095   8.66803
1.77709e+09  0.00115071  0.0995394  -0.252768 -0.258951 -0.817608   8.95213
1.77709e+09  0.00349467   0.138315  -0.230736 -0.0554714   -0.74676    8.74068
1.77709e+09  -0.00843425    0.195514     -0.1891 -0.420385 -0.733028   8.97683
1.77709e+09  -0.0079758   0.255546  -0.137128 -0.553076 -0.719656   9.12103
1.77709e+09  -0.00115342    0.289951   -0.112055 -0.436935 -0.888323   8.54739
1.77709e+09  0.00745711   0.329138 -0.0798034 -0.679182 -0.874242   8.37086
1.77709e+09   0.0161818   0.417445 -0.0414518 -0.653974 -0.878346   7.98336
1.77709e+09   0.0391602    0.42073 -0.0153108  -1.01426 -0.603576   8.74002
1.77709e+09   0.057617  0.510305 0.0143686  -1.30808 -0.981957   8.32072
1.77709e+09  0.0629066  0.545769 0.0430559  -1.54426 -0.770213   8.62951
1.77709e+09  0.0886333  0.618155 0.0832151  -1.58318 -0.680227   8.85726
1.77709e+09  0.0923578  0.647239 0.0834272 -1.71648 -1.03969  8.20162
1.77709e+09  0.112889  0.75043 0.133334 -1.66793 -0.84717   8.4868
1.77709e+09  0.118802 0.757883 0.116566  -2.06848 -0.949598   8.66074
1.77709e+09  0.156051 0.825889 0.169528  -1.79663 -0.992933   8.23905
1.77709e+09  0.161402 0.856851 0.193133 -1.79946 -0.93115  7.96109
1.77709e+09  0.193133 0.861084 0.213815  -1.86573 -0.637532   8.48756
1.77709e+09  0.207418 0.872278 0.241508  -1.82321 -0.844771   8.13917
1.77709e+09  0.238846 0.873204 0.287477  -1.77657 -0.820348   8.30994
1.77709e+09  0.252268 0.856166 0.337237  -1.86552 -0.990938   8.03909
1.77709e+09  0.269313 0.851121 0.364438 -2.06269 -0.89553  8.34938
1.77709e+09  0.301532 0.852433 0.423771  -2.3476 -1.05817  8.18719
1.77709e+09  0.318303 0.845937 0.459915 -2.68098 -1.00168  8.43516
1.77709e+09  0.333695 0.845957 0.482912 -2.82506 -1.00427  8.40332
1.77709e+09  0.340154 0.839193 0.490981 -2.99148 -1.10297  8.58154
1.77709e+09  0.325915 0.837556  0.49746  -3.09184 -0.985186   8.74479
1.77709e+09  0.314225 0.829744 0.499949 -3.35428 -1.14772  8.81303
1.77709e+09  0.304944 0.822275 0.507574 -3.24001 -1.00416   8.8775
1.77709e+09  0.287682 0.815567 0.485346 -3.41061 -1.10764  8.55376
1.77709e+09  0.254866 0.807989 0.451495 -3.38343 -1.32621  8.24655
1.77709e+09   0.22939 0.800194 0.435928 -3.79943 -1.08637  8.80949
1.77709e+09  0.176876 0.776436  0.39698 -3.86682 -1.41389  8.25801
1.77709e+09  0.162089 0.762558 0.384888 -3.87493 -1.02683  8.65457
1.77709e+09  0.115014 0.742192 0.361342 -3.71071 -1.12542  8.57338
1.77709e+09  0.0495061  0.715232   0.30406 -3.91739 -1.23149  8.58504
1.77709e+09  0.0392835  0.702792  0.313858  -3.73057 -0.764973   9.01661
1.77709e+09  -0.00900733    0.702888    0.265596  -3.90434 -0.882271    9.0995
1.77709e+09  -0.02833 0.686241 0.257233  -3.79165 -0.695648   9.03588
1.77709e+09  -0.0446056   0.685186   0.236043  -4.05393 -0.804248   8.85777
1.77709e+09  -0.0888317   0.688999    0.20195  -4.06522 -0.539663   9.16885
1.77709e+09  -0.111183  0.687714  0.175802  -4.27333 -0.673088   8.91302
1.77709e+09  -0.140194  0.684985    0.1784  -4.35771 -0.562874   8.96111
1.77709e+09  -0.155696  0.677583  0.183233  -4.42124 -0.408274    9.3778
1.77709e+09  -0.196145   0.67922  0.180967  -4.35511 -0.317025   9.55726
1.77709e+09  -0.199177  0.672325  0.193724  -4.26694 -0.531031   8.94219
1.77709e+09  -0.22637 0.651369 0.182427  -4.65711 -0.418421    9.4253
1.77709e+09  -0.229623  0.648368  0.213095  -4.32486 -0.229368   9.51056
1.77709e+09  -0.239807   0.62775   0.20989   -4.73161 -0.0714277    10.0195
1.77709e+09  -0.256646  0.614397  0.211248  -4.64076 -0.183275   9.94915
1.77709e+09  -0.252068  0.611448  0.211129  -4.46848 -0.163609   9.65052
1.77709e+09  -0.235277  0.589673  0.226311  -4.55321 -0.354424    9.4322
1.77709e+09  -0.196243  0.563669  0.260342  -4.27656 -0.304009   9.30192
1.77709e+09  -0.157354  0.543619  0.225495   -4.51675 -0.0813847    10.0046
1.77709e+09  -0.124629  0.493293  0.260758  -4.48378 -0.264356   9.52141
1.77709e+09  -0.107167  0.443947  0.269728  -4.29766 -0.312889   9.63522
1.77709e+09  -0.0904377     0.4157   0.274342  -4.08157 -0.182125   9.78006
1.77709e+09  -0.0633963   0.373374   0.283989  -4.12067 -0.339464   9.57867
1.77709e+09  -0.0458296   0.319903   0.292372  -4.11938 -0.453945   9.48832
1.77709e+09  -0.0177998   0.300296   0.306321  -4.32523 -0.409672   10.0329
1.77709e+09  0.0245063  0.239277  0.311812  -4.34207 -0.544546   9.86442
1.77709e+09  0.0247814  0.217732  0.299835  -4.43611 -0.426577   10.3741
1.77709e+09  0.0443152  0.202177  0.311103  -4.27465 -0.600759   9.90584
1.77709e+09  0.064551 0.152509  0.27624  -4.28723 -0.475549   10.2556
1.77709e+09  0.0587996  0.129886  0.287657  -3.98622 -0.650935   9.79385
1.77709e+09   0.059108 0.0935865  0.271009 -4.09558 -0.61892  10.0863
1.77709e+09  0.0588182  0.077825  0.287483  -4.01334 -0.416385   10.3824
1.77709e+09  0.042238 0.043209 0.297067  -3.85997 -0.509859    9.9383
1.77709e+09    0.0403617 -0.00521115    0.292858  -3.69753 -0.333493    10.179
1.77709e+09   0.0273676 -0.0401185   0.319155  -3.67587 -0.404746   9.61713
1.77709e+09   0.0119379 -0.0891285   0.327248  -3.45269 0.0124317   10.1232
1.77709e+09  0.00461517  -0.126845   0.330839  -3.49554 -0.164368   9.76012
1.77709e+09  -0.00578485    -0.16449    0.346633    -3.4651 -0.0461141    10.1613
1.77709e+09  -0.0199116  -0.222775   0.373346 -3.09057 -0.16084  9.64654
1.77709e+09  -0.0138818  -0.227687   0.377381  -3.09544 0.0281541   10.3215
1.77709e+09  -0.0334651  -0.277458   0.387544  -2.87209 0.0588766   10.0526
1.77709e+09  -0.0275667  -0.292616    0.39568   -2.72889 -0.0928323    9.79078
1.77709e+09  -0.0358205  -0.309259   0.402234 -2.71187 -0.15954  9.61757
1.77709e+09  -0.034523  -0.32291   0.39478  -2.98598 -0.255401   9.81753
1.77709e+09  -0.0565516  -0.314388   0.379503  -2.92232 0.0362646   10.0674
1.77709e+09  -0.0523884  -0.295047   0.368591 -2.92291 -0.20809  9.60516
1.77709e+09  -0.0569178  -0.244197   0.323308   -2.69752 -0.0786734    10.1347
1.77709e+09  -0.0679522  -0.226118   0.326538  -2.25618 -0.121566   9.71923
1.77709e+09  -0.0610889  -0.212574   0.326068  -2.28266 -0.198523     9.817
1.77709e+09  -0.0691015  -0.181926    0.32362  -2.32485 -0.127921    10.247
1.77709e+09  -0.0917763  -0.111088   0.326212  -2.25044 -0.180931   9.79565
1.77709e+09  -0.0947788 -0.0753546    0.31803   -2.25333 -0.0509982    10.0641
1.77709e+09  -0.0841253 -0.0106665   0.281373   -2.53407 -0.0275355    9.95343
1.77709e+09  -0.0841055  0.0616151   0.295195  -2.38115 0.0993687   9.72162
1.77709e+09  -0.0740833   0.126098   0.287201   -2.19754 -0.0472405    9.42689
1.77709e+09  -0.0624917   0.195744   0.287789  -2.2676 0.121335   9.7456
1.77709e+09  -0.0719757   0.231976   0.291414   -2.39595 -0.0419948    9.38968
1.77709e+09  -0.0641651   0.264558   0.278419  -2.56946 -0.142798   9.26829
1.77709e+09  -0.0580488   0.296797   0.285624  -2.66366 0.0447952   9.69797
1.77709e+09  -0.0672081   0.312371   0.273981  -2.79048 -0.180038    9.2606
1.77709e+09  -0.0776273   0.349735   0.275205  -2.80981 -0.329975   9.03009
1.77709e+09  -0.0733834   0.348661   0.233885  -3.01218 -0.376323   9.44296
1.77709e+09  -0.0685044   0.397475   0.185473  -3.13393 -0.210168   9.62993
1.77709e+09  -0.0546602   0.395894   0.158606  -3.2235 -0.34906   9.2413
1.77709e+09  -0.0562624   0.414573  0.0968276  -2.95009 -0.351762   9.34363
1.77709e+09  -0.0395863   0.416746  0.0604485  -3.05074 -0.336054   9.14605
1.77709e+09   -0.03017  0.414414 0.0422985  -3.18449 -0.432959   9.15668
1.77709e+09  -0.024218  0.413163 0.0153155  -3.30471 -0.167914    9.4178
1.77709e+09  -0.00582793    0.396962  -0.0149726  -3.18066 -0.278052   8.70881
1.77709e+09    0.011165   0.400026 -0.0405564   -3.3933 -0.131531   9.14036
1.77709e+09   0.0149134   0.393287 -0.0295238 -3.20148 0.100508  9.27901
1.77709e+09    0.055705   0.396123 -0.0245156   -3.37268 -0.0482551    8.94191
1.77709e+09   0.0766043   0.400497 -0.0015642   -3.4052 -0.061111    8.8658
1.77709e+09  0.0818423  0.398333 0.0157684 -3.21123 0.153971  8.85977
1.77709e+09  0.120212 0.396919 0.053695 -3.37298 0.317685  8.98307
1.77709e+09   0.126247  0.404684 0.0905286    -3.08764 -0.00688235     8.12798
1.77709e+09  0.149307 0.411426 0.108774 -2.95605 0.133644  8.25688
1.77709e+09  0.163132 0.420352 0.141637 -2.94918  0.26157  8.16366
1.77709e+09  0.191621 0.431046 0.154258 -3.12186 0.187853  8.20636
1.77709e+09   0.18657 0.490122 0.159611 -3.26064 0.469918  8.60693
1.77709e+09  0.211489 0.418609 0.163091  -7.11835 -0.694414   9.89201
1.77709e+09   0.326038 -0.128611  0.178962 -11.4395  2.24975  21.0526
1.77709e+09    0.19477  -0.36969 0.0613674 -5.29698  1.32088  22.1157
1.77709e+09  0.0580132 -0.649689  -0.02522 -1.11374 0.198087  13.4457
1.77709e+09  -0.0642825  -0.658908 -0.0306434   -11.408 -0.336123   6.60726
1.77709e+09  -0.0665461  -0.952349 -0.0711323 -4.20019 0.505823  7.50707
1.77709e+09  -0.0236022  -0.831445  -0.122581 -0.626091  0.564095    6.7557
1.77709e+09    0.122589  -0.536962 -0.0833291 -0.197478  0.625212   7.80274
1.77709e+09   0.210157 -0.491312 -0.100192 -5.38383 -1.26049  7.11298
1.77709e+09    0.217658  -0.326341 -0.0705307  -2.39713 -0.392243   7.99749
1.77709e+09     0.306223 -0.00196923   -0.064484 -0.635913   1.36215   8.00824
1.77709e+09    0.317445   0.124873 -0.0875487  -3.66322 -0.270961   7.64393
1.77709e+09    0.241128   0.174454 -0.0142517 -4.69462 0.998181  8.65386
1.77709e+09   0.0351331  0.0702539 -0.0986509 -3.46238 0.824376  12.5907
1.77709e+09  -0.0735621 -0.0580199 -0.0813307 -4.27482  -1.9692  14.3703
1.77709e+09  -0.177018 -0.342815 -0.131447 -3.57983  1.60719  11.9403
1.77709e+09   0.0213204  -0.538856 -0.0400802   -5.7229 -0.968568   5.87735
1.77709e+09   0.0899057   -0.51031 -0.0898542  -1.50548 -0.363856   5.93298
1.77709e+09    0.143952  -0.409501 -0.0376231 -0.879624  0.383488   6.33746
1.77709e+09   0.164512 -0.306059 -0.164704 -1.72341 0.304417  6.14704
1.77709e+09    0.361528  -0.397298 -0.0240032  -2.37899 -0.857179   10.2471
1.77709e+09    0.526816  -0.308605 -0.0343148 0.226287 0.388196   9.0703
1.77709e+09   0.773815 -0.297758 0.0184808  -3.54173 -0.337795   8.70573
1.77709e+09    0.73354 -0.277109 0.0153875  -3.85262 -0.481474   9.41862
1.77709e+09   0.295242  -0.61193 -0.126833 -2.12761 -1.89839  15.3184
1.77709e+09  -0.0444089  -0.610994  -0.189022   -1.5183 -0.592455   15.0843
1.77709e+09  -0.274672 -0.600115 -0.269708 -7.04106 0.926197   9.1506
1.77709e+09  -0.231467 -0.689183 -0.243399 -6.09847  1.35019  7.64397
1.77709e+09  0.0894231 -0.504734 -0.206638 -1.02661 -1.55318  6.24608
1.77709e+09    0.352019  -0.292098 -0.0523418  -0.563148 -0.0851845    7.20885
1.77709e+09   0.267451 -0.382308 -0.165482 -5.70959  1.34843     11.4
1.77709e+09  -0.0231374  -0.481387  -0.170222 -1.77519  -1.1678  10.2928
1.77709e+09  -0.0934076   -0.42609  -0.167108 -4.20037 -1.00745  10.4022
1.77709e+09  -0.0703693   -0.41979  -0.113791 -4.46426 -1.25779  8.87852
1.77709e+09  0.0375419 -0.338194 -0.142328  -1.52828 -0.478164   8.15666
1.77709e+09   0.151217 -0.335451 -0.052766 -2.98404 -0.48845   10.031
1.77709e+09     0.12294    -0.3147 -0.0976054  -2.64353 -0.387148   11.1488
1.77709e+09  0.0453228 -0.353867 -0.104592 -2.26145 -1.20894  10.1386
1.77709e+09  -0.0613353  -0.344011  -0.127738 -3.59754 -0.25196  9.45926
1.77709e+09  0.000671581   -0.315413   -0.119217  -2.91187 -0.375686   8.83141
1.77709e+09   0.0462327  -0.282478 -0.0834926  -2.28316 -0.400655    9.3551
1.77709e+09  0.0997482 -0.309646 -0.103895 -1.90465  0.17894  10.9971
1.77709e+09   0.0553159  -0.322429 -0.0962768  -2.3304 -1.10061  10.0567
1.77709e+09  0.00147611  -0.322082 -0.0900237    -2.753 -0.756704    9.6739
1.77709e+09  -0.0174823  -0.239041 -0.0525332  -2.30407 -0.251209   9.45444
1.77709e+09   0.0142623  -0.230133 -0.0433069  -2.23939 -0.606451   9.87308
1.77709e+09   0.0318391  -0.241048 -0.0185983  -1.61937 -0.519943   10.0413
1.77709e+09   0.0250253  -0.256013 -0.0238861  -2.53299 -0.626984   9.32429
1.77709e+09  -0.0152661  -0.231307 -0.0157064  -2.80428 -0.919152   8.86386
1.77709e+09  -0.0185462  -0.220994 -0.0247411  -2.48535 -0.301137   9.40279
1.77709e+09  -0.0122063  -0.186377 -0.0306608  -2.40464 -0.399186   9.87617
1.77709e+09  -0.00225678   -0.198615  -0.0233135  -1.72268 0.0178226    10.798
1.77709e+09  0.00889005  -0.189408 -0.0331488   -2.19002 -0.0678635    10.1007
1.77709e+09  0.00135293   -0.17557 -0.0421707  -2.78301 0.0181195    9.7071
1.77709e+09   0.0246847  -0.157525 -0.0681365   -2.6298 -0.401888   8.61851
1.77709e+09   0.0174894  -0.144191 -0.0373858  -2.55098 -0.353844   9.16977
1.77709e+09   0.0231913  -0.157844 -0.0407472  -2.22236 -0.522986   9.64979
1.77709e+09  0.0201053 -0.176279 -0.023532  -2.33606 -0.374053   9.87536
1.77709e+09  0.0255257 -0.174206 0.0132114  -2.37624 -0.258222   9.47668
1.77709e+09  0.00532496   -0.17045  0.0728332  -2.06846 -0.829836   9.25598
1.77709e+09  -0.0240294  -0.151805  0.0964172  -2.02839 -0.389133   9.39529
1.77709e+09  -0.0192668  -0.212038   0.173345 -1.46074 0.111134  9.95042
1.77709e+09  -0.0083491  -0.220644   0.139301 -1.37629 0.050931  10.0611
1.77709e+09  -0.0260086  -0.217054   0.155694  -1.40643 -0.275256   9.69065
1.77709e+09  -0.0418441  -0.235189   0.171675   -2.43825 -0.0750606    9.49477
1.77709e+09  -0.0363379  -0.268724   0.228656   -1.1516 -0.741214   8.72543
1.77709e+09  -0.0378935  -0.264548   0.267082   -1.4028 -0.337312   9.69918
1.77709e+09  -0.0224479  -0.312714   0.266972  -2.39812 -0.305447    9.3266
1.77709e+09  -0.0502531  -0.316286   0.291622  -2.04634 -0.585612   8.90942
1.77709e+09  -0.0507172  -0.333707   0.289373   -2.41965 -0.0402037    9.36554
1.77709e+09  -0.0393295  -0.346678    0.30638 -2.14208 0.414682  10.0834
1.77709e+09  -0.0477128  -0.351108   0.266899  -1.83363 0.0500361    9.3623
1.77709e+09  -0.0411693  -0.358061   0.248685    -2.0662 -0.0946845    9.29454
1.77709e+09  -0.0463835  -0.384597   0.208898  -2.76809 0.0457294   9.21536
1.77709e+09  -0.027838  -0.36885  0.163616 -2.13428 0.215836  9.15686
1.77709e+09  -0.0144745  -0.365717   0.112029 -2.43641 0.629373  10.0192
1.77709e+09  -0.0133999  -0.366871  0.0234112 -2.49582 0.537357  10.6053
1.77709e+09  0.00509318   -0.32273    -0.1063 -2.93128 0.518667  9.36614
1.77709e+09  -0.00878227   -0.305757    -0.15889  -3.2024 0.979475  10.0819
1.77709e+09  0.0654083 -0.265651 -0.281696 -1.79842 0.121628  9.64657
1.77709e+09  0.0699205 -0.265366 -0.291879 -2.34131 0.458329   9.4026
1.77709e+09  0.0782051 -0.310844 -0.350413 -2.93361 0.544904  9.97927
1.77709e+09    0.11107 -0.293665 -0.446327 -2.52404 0.411753  9.13481
1.77709e+09  0.0928397 -0.290327 -0.464394  -2.0403 0.560117  10.0847
1.77709e+09   0.118714 -0.276848 -0.561227   -1.96404 0.00495264    9.11875
1.77709e+09  0.0930091 -0.282655 -0.572119 -1.52365 0.259562  10.2593
1.77709e+09   0.134384 -0.293822 -0.695734  -2.29371 0.0232086    9.4885
1.77709e+09   0.131127 -0.280198 -0.701156 -1.42435 0.411564  10.2328
1.77709e+09    0.15502 -0.261008 -0.852152 -1.95493 0.136256  9.82019
1.77709e+09    0.15122 -0.244692 -0.844425 -1.24881 0.718468    10.23
1.77709e+09   0.178692 -0.227372 -0.996996 -1.46039 0.144776  10.4345
1.77709e+09   0.202291 -0.238161  -1.07476 -1.65609 0.495254  9.98195
1.77709e+09   0.180598 -0.219618  -1.12041 -0.661786  0.245603   9.61542
1.77709e+09    0.19754 -0.242589  -1.14631 -1.80695 0.141124  8.95475
1.77709e+09   0.203915 -0.277641  -1.20241     -1.66018 -0.000644714      9.35529
1.77709e+09   0.197751 -0.300703  -1.22805 -0.930866  0.402499   9.14733
1.77709e+09   0.213465 -0.348091  -1.25116   -1.48178 -0.0845515    9.43708
1.77709e+09   0.194165 -0.360898  -1.27603 -1.53646 0.641412  8.76941
1.77709e+09   0.217032 -0.420746  -1.30185  -1.15181 -0.021606    8.9917
1.77709e+09   0.207644 -0.490578  -1.36789 -0.374155  0.134595   9.52548
1.77709e+09   0.214208 -0.481161  -1.36588  -1.27341 -0.205555   8.60857
1.77709e+09   0.218323 -0.557962  -1.40225   -1.08858 -0.0430413    8.88697
1.77709e+09   0.222593 -0.580347  -1.42657     -1.23688 -0.000177231      8.23768
1.77709e+09   0.225235 -0.667637  -1.35914 -0.362436 0.0255022   9.29199
1.77709e+09   0.213924 -0.673097  -1.41939 -1.10355 0.158826  8.91027
1.77709e+09   0.213605 -0.755905  -1.39438 -0.785439 -0.539957   8.94268
1.77709e+09     0.1882 -0.778012  -1.34667 -1.12603 0.313049  9.41067
1.77709e+09    0.19999 -0.807954  -1.33502  -1.46205 -0.165316   9.48619
1.77709e+09   0.167446 -0.774217   -1.3392 -1.0985 0.14315 10.0208
1.77709e+09   0.175385 -0.782729  -1.24179 -0.263273 -0.200314   10.0179
1.77709e+09   0.134756 -0.777322  -1.17002  -1.33267 -0.475292   10.8747
1.77709e+09   0.110011 -0.712139  -1.06302 -0.0479327  -0.521042    10.7674
1.77709e+09   0.116992 -0.685132 -0.985295 -0.788796 0.0883064   9.83988
1.77709e+09   0.133159 -0.663609  -0.84966 0.150615 0.549083  10.4192
1.77709e+09  0.0974766  -0.60041 -0.769226 0.00606239   0.193879    10.4768
1.77709e+09  0.0816517 -0.585724 -0.609231 -0.761854   1.02568   10.8473
1.77709e+09  0.0558307 -0.558077 -0.529461 -0.209238 0.0187941   10.4117
1.77709e+09   0.062641 -0.571231 -0.439405 -0.575939  0.470756   9.23494
1.77709e+09  0.0454883 -0.530593 -0.349552 -1.38031 0.943787   10.318
1.77709e+09   0.028606 -0.483139 -0.274751 -0.242174   0.45123   10.8777
1.77709e+09   0.011077  -0.42664 -0.128747 -1.26243 0.337636  10.9222
1.77709e+09   0.00259765   -0.370079 -0.00647864 -0.820946  0.263497   10.8506
1.77709e+09  -0.0152869  -0.313798  0.0961376 -0.957075    0.2999   10.8221
1.77709e+09  -0.0328355  -0.267652    0.19949 -0.542741 -0.133061    10.846
1.77709e+09  -0.0440318   -0.22327     0.2797 -0.490317 -0.305276    10.416
1.77709e+09  -0.0438172  -0.230788   0.332906 -0.0999732  -0.365507    9.41879
1.77709e+09  -0.0318772  -0.223767   0.377234 -0.0565082  -0.327493    9.68983
1.77709e+09  -0.0140995  -0.253605   0.433098  0.144913 -0.420959    9.2912
1.77709e+09  -0.0340558  -0.269628    0.45482  0.271202 -0.288367   9.31144
1.77709e+09  -0.0308103  -0.303884   0.485415  0.151104 -0.323247   9.28377
1.77709e+09  -0.0233995  -0.322551    0.53513 -0.0212808  -0.342758    9.71155
1.77709e+09  -0.0400875  -0.316791   0.582758  0.312256 0.0209185   9.51413
1.77709e+09  -0.0231325  -0.337022   0.580434 0.0161084 0.0527517   9.54867
1.77709e+09  -0.0422079  -0.361076   0.631999 0.105589 0.129373  9.45724
1.77709e+09  -0.0328889  -0.363993   0.639316 -0.163906  0.206971   9.38753
1.77709e+09  -0.0488867  -0.392575   0.648726 -0.251902 0.0805405   9.63973
1.77709e+09  -0.0494792  -0.400469   0.660188 -0.114067  0.500704   9.92331
1.77709e+09  -0.0373428  -0.430188   0.650022 -0.21009  0.30067  9.70771
1.77709e+09  -0.0474363  -0.430682    0.67533 0.110354 0.714398  9.24177
1.77709e+09  -0.0416477  -0.454709   0.646342 -0.0236528   0.635882    10.0587
1.77709e+09  -0.0459049  -0.439923   0.628819  0.32557 0.830203  9.69002
1.77709e+09  -0.0438245  -0.465157   0.617374 -0.25013 0.729009   9.8577
1.77709e+09  -0.0206626  -0.436814   0.591442 0.306603 0.974659  10.1017
1.77709e+09  -0.0331052  -0.431476   0.572954 -0.0646103   0.730165    10.0227
1.77709e+09  -0.0476755   -0.40723   0.556918 0.437506 0.902142  9.72708
1.77709e+09  -0.0267226   -0.40901    0.55333 0.479731  1.17456  10.1332
1.77709e+09  -0.0152426  -0.389678   0.529465 0.384667 0.922744  9.61683
1.77709e+09  -0.0287045  -0.387283   0.508423 0.395117 0.541812  10.1162
1.77709e+09  -0.0294616  -0.377865   0.513995 0.443553 0.530607  9.46421
1.77709e+09  -0.019049 -0.388126  0.510987 0.260191  0.44203  9.91162
1.77709e+09  -0.0138873   -0.38851    0.49924  0.15992 0.569799  10.0523
1.77709e+09  -0.000859819    -0.359946     0.492409 0.124106 0.212275  10.0954
1.77709e+09  -0.00964247   -0.370288    0.480117 -0.251667 0.0715672   10.0026
1.77709e+09  -0.00862486   -0.333215    0.434444 -0.319119  0.128291   10.2489
1.77709e+09  -0.00672379   -0.296648    0.387342  -0.478675 -0.0818259    10.5975
1.77709e+09  -0.00540027   -0.274301     0.32511 -0.875245 -0.162292   10.6066
1.77709e+09  -0.00398628   -0.233275    0.277416 -0.832132 -0.377283    10.881
1.77709e+09  -0.0211891  -0.174141   0.192497  -1.1216 -0.31969  10.5907
1.77709e+09  -0.00162546   -0.154287    0.154354 -0.863079 -0.260566    10.436
1.77709e+09  -0.00241048  -0.0935615   0.0797026 -0.923413 -0.227999   10.6128
1.77709e+09  -0.0171585 -0.0518412 0.00743187 -0.741973 -0.373564   10.3555
1.77709e+09    0.00113156   -0.0579286 -0.000680466 -0.963104 -0.405381   10.0936
1.77709e+09  0.00260918 -0.0435376 -0.0677591 -0.947007 -0.412736   10.2375
1.77709e+09  0.0044988 -0.022334 -0.126981 -0.730885 0.0421643    10.031
1.77709e+09   0.0096051 -0.0383378  -0.157238  -1.03212 -0.212026   9.39547
1.77709e+09  0.00589755 -0.0494607  -0.192223 -0.524493 -0.117927   9.41639
1.77709e+09  -0.0027476 -0.0623123  -0.211504  -0.771947 -0.0686876     9.5705
1.77709e+09  0.00700429  -0.113146  -0.214874 -0.599651 -0.480697   9.22998
1.77709e+09  0.00192793  -0.130034  -0.200378 -0.423143 -0.416021   9.16721
1.77709e+09  0.0228153 -0.171575 -0.179623 -0.286186 -0.491239   9.26978
1.77709e+09   0.017252 -0.205422 -0.176143 -0.100576 -0.541738   8.74298
1.77709e+09  0.0296468 -0.271949 -0.145321 0.0550413 -0.843202   8.78652
1.77709e+09  0.0052273  -0.28331 -0.128113 0.0290448   -0.8276   9.15981
1.77709e+09  0.00195314  -0.336567  -0.153067 -0.0635616  -0.177845    9.58214
1.77709e+09  0.0504497 -0.314128 -0.171601 0.668064 -1.23266  10.9612
1.77709e+09   0.188389 -0.126908 -0.181928 -0.823381 -0.389323   14.0928
1.77709e+09  0.0888199 -0.017654 -0.236687 -0.140044 -0.522281    12.022
1.77709e+09  -0.0360995  0.0287337  -0.218947 -0.0425115   -1.29527    9.45338
1.77709e+09  -0.105601 0.0446862 -0.243273 0.474053 0.694161  9.75036
1.77709e+09    0.0160725 -0.00865588   -0.183477 0.843111 0.539732   9.5787
1.77709e+09    0.100883 -0.0466547  -0.172268  0.813898 -0.218409   9.30894
1.77709e+09   0.126795 -0.104806 -0.112414   0.1152 -1.58252  8.51435
1.77709e+09   0.0171255 -0.0788591  -0.148777  -0.505009 -0.0545955    10.0703
1.77709e+09  0.00408891 -0.0228434  -0.171321 -0.249688  0.349229     11.72
1.77709e+09  -0.0147007  0.0229344  -0.177665 -0.482528 0.0106958   11.4345
1.77709e+09  0.00050327  0.0265057  -0.203176 -0.150769 -0.116841   8.67314
1.77709e+09   0.00148491 -0.00941236   -0.191185  0.23901 0.204707  8.68276
1.77709e+09   -0.0148158 -0.00491137   -0.209386    0.22001 -0.0230649    9.37838
1.77709e+09  0.00452399  -0.026164  -0.157598 -0.574548  0.521209   10.6734
1.77709e+09   0.0094725 -0.0022017  -0.168136  -0.563347 -0.0435209    10.4687
1.77709e+09  0.0149481 0.0105345 -0.155143  -0.301117 -0.0255946    9.21154
1.77709e+09    0.0095291 -0.00661402   -0.154405   0.47063 0.0860951   9.60403
1.77709e+09  -0.030789 0.0313397 -0.148921 -0.109234  0.166457   9.61917
1.77709e+09    -0.0169384 -3.70706e-05    -0.132508  -0.1778 0.688463  10.8472
1.77709e+09   0.0124635 -0.0061556  -0.128847  0.103175 0.0207662   10.2283
1.77709e+09  -0.0117137  0.0265057  -0.116386 -0.0569152  -0.338931    9.13818
1.77709e+09   0.00830558 -0.00863572   -0.101367 -0.295179 -0.188821   9.57211
1.77709e+09  -0.00217657 -0.00578756  -0.0663203 -0.552369 -0.358537   9.53562
1.77709e+09  0.00197879  0.0167339 -0.0542474 -0.179189  -0.65766   9.26046
1.77709e+09  0.00230702 -0.0173618 -0.0505987  -0.222962 -0.0168082    9.98781
1.77709e+09  0.00392859  0.0234582 -0.0383146   -0.12637 -0.0970039     9.6849
1.77709e+09  -0.00167237   0.0107412  -0.0249253 0.0118198  0.115967   10.3601
1.77709e+09  -0.00343709 -0.00764736  -0.0321109  -0.22821 -0.248262   9.77061
1.77709e+09  -0.00174764    0.017959 -0.00109835 -0.030325 -0.108744   9.37876
1.77709e+09   0.00772584 -0.00106914  -0.0280267 -0.347029 -0.113191   9.80737
1.77709e+09    0.0187888 -0.00289563  -0.0117481 -0.385266 -0.459363   9.32139
1.77709e+09   0.0241954 -0.0121947 0.00260766  0.00533113 -0.00187032     10.2229
1.77709e+09    0.0112724 -0.00768016  0.00237618  -0.193954 -0.0228419    9.82873
1.77709e+09  0.00665184 -0.0124277  -0.010584   -0.4472 -0.187853   9.53605
1.77709e+09    0.010973 -0.0040371  0.0113762   0.146314 -0.0176934    9.96774
1.77709e+09  -0.00173481 -0.00409611 0.000147808  0.0563391 -0.0921075    9.99584
1.77709e+09  -0.00486948  0.00433676   0.0161061 0.151764 0.257194  9.96369
1.77709e+09     0.0119566 -0.000519039   -0.0154218 -0.281198 -0.108515   9.73335
1.77709e+09    0.00873488 -0.000797591   0.00371069  0.0496335 -0.0991862    9.55716
1.77709e+09   0.00578905 -0.00562207   0.0146488   0.331535 -0.0450126    9.68726
1.77709e+09  0.00101997 0.00238631 0.00371262  -0.236419 -0.0516099    9.82898
1.77709e+09   0.0121753 0.00759783 0.00373383 -0.0712818   0.047485    9.83846
1.77709e+09   -0.0166855 -0.00943104   0.0121496 0.0386405 -0.246119   9.51829
1.77709e+09  -0.000585711  -0.00219667    0.0102712  -0.134586 -0.0641038    9.85182
1.77709e+09  -0.00637147 -0.00211543   0.0196061 0.135569 0.213819  9.91318
1.77709e+09  -0.00345949 -0.00678171   0.0193332 0.154901  0.10409  10.0517
1.77709e+09  0.000900241   -0.012666   0.0156014 -0.124547 -0.290582   9.56839
1.77709e+09  -0.00417569   0.0119394   0.0214213 -0.0789274    0.26296    9.96387
1.77709e+09  -0.00620833 0.000612093   0.0230041 -0.0242307 -0.0190742    9.68099
1.77709e+09   -0.0157968 -0.00976614   0.0216832 -0.298304  0.109876   9.70527
1.77709e+09  -0.00239498  0.00134335  0.00668416 -0.145067   0.39458   10.1064
1.77709e+09  -0.000624867   0.00249804    0.0293552 -0.115369 0.0259361   9.56189
1.77709e+09  -0.00547258  0.00191594   0.0184011 -0.0685547   0.271913    9.86349
1.77709e+09    0.0133991 -0.00445207   0.0346063 -0.322157  0.131971   9.75349
1.77709e+09  0.00701122 0.00088179  0.0189187 -0.333827  0.131593   9.76233
1.77709e+09  -0.0215822 -0.0100204  0.0373319 -0.130258   0.24949   9.47099
1.77709e+09   0.00850809 0.000571835  0.00628313 -0.354867  0.490106   9.78857
1.77709e+09  -0.000605479  -0.00203458    0.0169411 -0.0549547   0.390206    9.70292
1.77709e+09   -0.0128424 -0.00887733    0.013851 -0.211425  0.474442    9.8592
1.77709e+09  0.00690386 0.00168808  0.0028463 -0.27293 0.365894  9.97813
1.77709e+09  -0.00612016  -0.0116294  0.00103498 -0.327284  0.558331   9.42158
1.77709e+09   0.00722107  0.00291064 -0.00444722 -0.313979  0.598565   9.85059
1.77709e+09   0.00435099 -0.00473142 -0.00275745 -0.172385  0.793836   9.83135
1.77709e+09   -0.00475367 -0.000364508  -0.00572108 -0.228904  0.558652   10.0037
1.77709e+09    0.015812 0.00413258 -0.0099522 -0.0871701   0.128262    9.91077
1.77709e+09  -0.00364591   0.0052555  0.00491138  0.467596 -0.173045   9.65744
1.77709e+09  -0.00732064   0.0179203    0.015454   0.377652 -0.0610975    9.86313
1.77709e+09  -0.00740552  0.00326279 -0.00308786 0.0778649 -0.274289   9.85898
1.77709e+09  -0.00698767  0.00604198  0.00906136 0.0141357  0.112335   10.0739
1.77709e+09  -0.00972277  0.00480083  -0.0215599 -0.229713  0.208325   9.87325
1.77709e+09  -0.000681833   0.00323541  -0.00953066 -0.213374  0.348795   9.84536
1.77709e+09  -0.0084187 0.00681784  -0.033822 -0.174267 0.0105241   9.75109
1.77709e+09    0.0134058 -0.00612559  -0.0278275  -0.19091 -0.208727   9.84377
1.77709e+09  -2.3537e-05  0.00721759 -0.00740307  0.229457 -0.190706   9.68393
1.77709e+09  -0.000568604   0.00600152  -0.00982857 -0.179054 -0.125222   10.0878
1.77709e+09  0.00820329  0.0104271 0.00385221 -0.260559  0.120235   10.0822
1.77709e+09  -0.00658996  0.00338395  0.00976984 -0.0950064    0.12596    9.73385
1.77709e+09   -0.00294988   -0.0068932 -0.000494767   -0.14961 -0.0105596    9.64401
1.77709e+09   0.00149727   -0.015925 3.36003e-05 -0.175574 -0.103345   9.74557
1.77709e+09   0.00414143   0.0038945 -0.00103035   0.0713121 -0.00556676      9.9866
1.77709e+09  -0.00511345 -0.00711059  -0.0162036 -0.122333  0.157969   10.0393
1.77709e+09  0.00770575 0.00519275 -0.0027862 0.0194168 0.0667751   9.93662
1.77709e+09  -0.00200285  0.00588226  -0.0146003 0.0152324  0.273691   9.96876
1.77709e+09  -0.00181664  0.00909606   0.0103181 0.100161 0.237063  9.85725
1.77709e+09  -0.00378631  -0.0049368  0.00146836 -0.141444 0.0372027   9.71528
1.77709e+09   0.00849161 -0.00192604 -0.00254332 -0.0844854    0.11786    9.96148
1.77709e+09    0.00905921 -0.000457018   0.00532946 -0.0769261   0.208233    10.1927
1.77709e+09   -0.00270845 -0.000748194 -0.000207507 0.0047304 -0.152633   9.81943
1.77709e+09  -0.00232329  0.00640855   0.0228468 0.0840437  0.228004   10.0717
1.77709e+09  -0.00476192  0.00919518 -0.00247075  0.145057 0.0732301   9.81118
1.77709e+09   0.00368428 -0.00209707  0.00449204 0.0129436 0.0569833   9.63591
1.77709e+09   0.00569427  -0.0113542 -0.00904188 -0.147463  0.147111   9.92343
1.77709e+09    0.0234964 -0.00848617  0.00752214 -0.0505964  -0.112002    9.52588
1.77709e+09  -0.000824293  -0.00102585  -0.00198167 -0.059005 0.0595634   9.94706
1.77709e+09  -0.00523998  0.00113592 -0.00346209  -0.050966 -0.0564227    9.68394
1.77709e+09  0.00160535 0.00277226  0.0115802 0.0273515  -0.19086   9.52602
1.77709e+09   0.0046544 0.00124349 0.00578136 -0.100802  0.171344    9.9266
1.77709e+09  -0.000413114   -0.0066458  -0.00499878 -0.0597848  -0.057408    9.77427
1.77709e+09    0.0123182 0.000593787   0.0126001 0.00344577   0.211759    10.0015
1.77709e+09   0.00458166 0.000934469    0.004351   0.0742874 -0.00543439     9.91661
1.77709e+09   -0.0038097 -0.00566378 -0.00574077  0.0466102 -0.0812786    9.60272
1.77709e+09  -0.00394352  0.00319742   -0.012367 -0.0828315 -0.0335206     9.8521
1.77709e+09  -0.00180173 -0.00239331  -0.0103967 -0.196366  0.190637   10.0041
1.77709e+09  -0.0052229 -0.0028115 -0.0063157 -0.0843675   -0.14201    9.56212
1.77709e+09  -0.000703849   0.00724203    0.0131508 -0.0531721   0.336168    10.1854
1.77709e+09   0.00200392  0.00440775 -0.00777361 -0.102779  0.144788   10.0761
1.77709e+09  -0.00462841  0.00323773   0.0119964  0.0691002 -0.0338176    9.69651
1.77709e+09    0.0117725 8.92942e-05  0.00498074   0.164113 -0.0496265    9.68726
1.77709e+09  -0.00691142  -0.0024224  -0.0099719 -0.0451203  -0.114392    9.85756
1.77709e+09  -0.00770845 0.000391254  0.00473188 0.0601074  0.191138   10.1233
1.77709e+09  -0.00399862 -0.00802595 -0.00206987 -0.0615297 -0.0120555    9.59358
1.77709e+09  -0.00860678  0.00706995  0.00531873  0.167944 0.0447427   9.74391
1.77709e+09   0.0141198 0.00105188 0.00754284 0.0691201 0.0417971   9.69618
1.77709e+09  -0.00838146  0.00660373 -0.00294006 0.00910804  -0.149664    9.73017
1.77709e+09  -0.00251091 -0.00666633 -0.00174739 0.0567111    0.1972   9.99288
1.77709e+09    0.0057908  0.00368364 -0.00111511 -0.0466938  -0.110167    9.86211
1.77709e+09    -0.01003   -0.00185 0.00828697 -0.11856 0.141349  9.89252
1.77709e+09   0.0105525 0.00355672  0.0123228 0.0649833  0.144902   10.1005
1.77709e+09  -0.00608136 -0.00347167  0.00192955 -0.0549085 -0.0240332    9.60223
1.77709e+09   0.00462355 -0.00164426 -0.00839169 -0.0998669   0.112373    10.0033
1.77709e+09  -0.00615677 -0.00285276  0.00507784 0.0614235 0.0782808   9.80041
1.77709e+09   -0.0261021 -0.00498275   0.0144765  0.168628 0.0936503   9.79956
1.77709e+09   0.00938493 0.000501413 -0.00100478 -0.0795261   0.142601    9.96224
1.77709e+09   0.00582362  0.00856278 -0.00506975 -0.0782428   0.322598     10.223
1.77709e+09  -0.00561103 -0.00779329  -0.0065193 -0.0526233   -0.11334    9.59059
1.77709e+09  0.000984655 -0.00467654 0.000620647 0.149588 0.184291  9.80262
1.77709e+09   0.00377414 -0.00218259  0.00139879 -0.0964808  -0.115862    9.66059
1.77709e+09   0.000526456 -0.000664835  -0.00905925 0.0139544  0.105191   9.85834
1.77709e+09   -0.0141774 -0.00227655  0.00444953 0.189679 0.189746  9.98669
1.77709e+09   0.00431345 -0.00341055  0.00611147 -0.0441839  -0.027044     9.6617
1.77709e+09  0.00665103 0.00352926 -0.0104635 -0.0158496    0.25533    10.1215
1.77709e+09  -0.000853461  -0.00287719 -0.000419648 -0.0435766 -0.0319852    9.71124
1.77709e+09   0.00703109   0.0022337 -0.00818367 -0.0600295 -0.0717145    9.86548
1.77709e+09  -0.000230995   -0.0106509  -0.00320447 -0.212826 0.0264429   9.92669
1.77709e+09  0.000345504  0.00220946 -0.00759466 0.0593031 0.0156644   9.85045
1.77709e+09   -0.0143444 -0.00910698   0.0158691 0.0584192  0.125552   9.74935
1.77709e+09   0.00587213 0.000718357  0.00268699 -0.052796 0.0877613   9.96046
1.77709e+09    0.0078343 -0.00136821  0.00118165 -0.0376906    0.18169    10.1579
1.77709e+09   -0.0120237 -0.00637945 0.000847284 0.0539635 -0.175488   9.58432
1.77709e+09    0.0118705  0.00303298 -0.00343545 0.0259967  0.146891    10.026
1.77709e+09    -0.010662  0.00163569 -0.00191405 0.123052 0.295737  10.0567
1.77709e+09   0.00138095 -0.00184535 -0.00118708   -0.10094 -0.0683391    9.54974
1.77709e+09   -0.0061725 -0.00184981   -0.012151 -0.0510904  0.0305473     9.9333
1.77709e+09    0.00215372   0.00396945 -0.000591298 -0.203417  0.143628   10.1192
1.77709e+09  -0.00291632  0.00150573 0.000529557   0.167509 -0.0691994    9.74551
1.77709e+09  0.00633375 0.00145677 -0.0112765 -0.20596 0.125854  10.0297
1.77709e+09  -0.00971738  -0.0180976 -0.00581875 -0.0754093   0.161032    10.1321
1.77709e+09  -0.00210272  0.00218517  0.00262694 0.00945807  0.0344037    9.65231
1.77709e+09   0.00146591 -0.00311357   0.0106517  0.10089 0.193338  10.0086
1.77709e+09    0.0163468 -0.00573693 -0.00427329 -0.181776 0.0461919   9.85115
1.77709e+09  0.000929181  0.00245085  0.00946304 -0.0156332 -0.0519378    9.65855
1.77709e+09  -0.00189008  0.00966236 -0.00620317 0.0111788 -0.101527   9.51576
1.77709e+09  -0.00221397 -0.00172461 -0.00440163 -0.0381739  0.0612235    10.0071
1.77709e+09   0.00253583 -0.00328762 -0.00602494 -0.0852256  -0.142143    9.71061
1.77709e+09   0.00284677   0.0109033 -0.00244189   0.10287 0.0519733   9.94962
1.77709e+09    0.0124691  0.00327294 2.79793e-05 -0.0675117   0.111841    9.89702
1.77709e+09   -0.00314122 -0.000754024  -0.00820204  -0.0808295 -0.00155031     9.72065
1.77709e+09  -0.00256857 0.000627617  -0.0163564 -0.13392 -0.22146  9.69365
1.77709e+09   -0.0104075 -0.00743288 -0.00502165 0.00256659  -0.107591    9.54382
1.77709e+09   0.00227641 0.000595738  0.00284079 -0.0330762  -0.036649    9.83646
1.77709e+09   0.0125122 0.00524118 0.00299729  0.165181 0.0325933   9.83447
1.77709e+09   0.000803604   0.00288354 -0.000490011  -0.069178 -0.0836486    9.62515
1.77709e+09  0.00665154  0.0024653 0.00594317 0.0128103 -0.256458   9.50366
1.77709e+09  -0.00141296  0.00720321 -0.00741661 -0.0697539  0.0824777    10.0423
1.77709e+09   -0.0013532 -0.00974502   0.0140483 0.0678605 0.0649476   9.69904
1.77709e+09  0.00709876 0.00602123 -0.0111336 -0.0683377  -0.174894    9.60885
1.77709e+09  -0.00595103 -0.00342226  -0.0153347 -0.0660505   0.186174    10.1379
1.77709e+09   0.0129035 0.00952256  0.0114383 -0.00725992  -0.0894431     9.65069
1.77709e+09  -0.00400096 -0.00650086  -0.0102183 -0.117846 0.0041263   9.80728
1.77709e+09   0.00245039 -0.00280051 -0.00581817  -0.156152 -0.0974566    9.85553
1.77709e+09    0.00355751 -0.000212981  -0.00222984 -0.0580975 -0.0728762    9.63064
1.77709e+09   0.00794514 -0.00289476   0.0134694 0.0293556 -0.163975   9.48338
1.77709e+09    0.0039749  0.00350054 -0.00715364 -0.0877075  0.0959206    9.98003
1.77709e+09     0.0110226 -0.000370503   0.00316208 0.0468101 0.0165334   9.66293
1.77709e+09   -0.00389855   0.00055273 -0.000136859  -0.126406 -0.0243691    9.88023
1.77709e+09   0.00536221 -7.0247e-05  0.00270969 -0.0871167 -0.0148754    9.69173
1.77709e+09   0.00189227 -0.00175331  0.00296908 -0.0689463  0.0456627    10.0132
1.77709e+09   0.00257161 -0.00123994 0.000169363  0.170037 0.0774124   9.80936
1.77709e+09   -0.00287657 -0.000992447   0.00570621 -0.029668 0.0992734   9.98443
1.77709e+09   0.0081216 0.00195829   0.006308  0.136368 0.0606234   9.67311
1.77709e+09   0.00319701 -0.00567383 0.000721929 -0.0596414 -0.0589769    9.69887
1.77709e+09   0.00414725 -0.00112428  0.00500354 0.0114778  0.029583    9.6519
1.77709e+09  -0.00427259 -0.00742386 -0.00601382 -0.0927636 -0.0417009    9.81256
1.77709e+09  -0.000362837 -0.000669728 -0.000612594 0.0277212  0.134704   9.97069
1.77709e+09   0.00677043 -0.00175385  0.00536791 0.0101787 -0.122805   9.59842
1.77709e+09  -0.00942464 -0.00355558 -0.00760288 -0.0727599  0.0338856    9.87233
1.77709e+09  -0.00306888 -0.00579428  0.00360142 -0.0254693 -0.0450843    9.70488
1.77709e+09   0.00991703   0.0119948 0.000774034 -0.125395  0.165009   9.99156
1.77709e+09    0.00518427  -0.00150093 -0.000716327 0.0691448 0.0221046   9.81063
1.77709e+09  -0.00384797 -0.00391146 -0.00628658 -0.0446641 -0.0623699    9.82092
1.77709e+09   0.0076622 0.00250304 0.00278839 -0.0195111  0.0649342    9.96363
1.77709e+09    0.00516112 -0.000286781   -0.0123127 -0.0630687   0.158847    10.0853
1.77709e+09  0.0211125 0.0127351 -0.017501 -0.0333396 -0.0387345    9.47184
1.77709e+09    0.00102007   0.00539086 -0.000971712 -0.0913647   0.128048    10.0107
1.77709e+09   0.00573668 0.000710786  -0.0101357  -0.253367 -0.0286883    9.81524
1.77709e+09   0.00158696  0.00201747 9.32785e-05 -0.0871974  -0.102188    9.81211
1.77709e+09   -0.0101155 -0.00177262 -0.00329823 -0.0433694   0.186257     9.9581
1.77709e+09  -0.00827343  0.00164041   0.0013448 0.00579626   0.238291    10.2171
1.77709e+09  -0.00319097 -0.00109549  0.00441913 -0.0169123 -0.0892826    9.54163
1.77709e+09  -0.00312555 -0.00395714   -0.005267 -0.0618669 0.00366884    9.92214
1.77709e+09   0.00193941 -0.00479137  -0.0142584 -0.210132  0.038424    9.9548
1.77709e+09    0.0080992 -0.00390911 -0.00671598 -0.0192909  -0.118639    9.63456
1.77709e+09  0.00111964 0.00411577 0.00333938 -0.0942744  0.0729297    9.99299
1.77709e+09    0.0163315 -0.00517187  -0.0115891 -0.105992  0.115791   10.1358
1.77709e+09   -0.00667389  -0.00414565 -0.000213939   0.161552 -0.0266917    9.61928
1.77709e+09    0.0034971 -0.00150841 -0.00023623 0.0965369  0.113957   9.84675
1.77709e+09   0.00133892  0.00039566 -0.00313857  0.111338 0.0277842   9.53962
1.77709e+09     0.0105263  -0.00627071 -0.000671656 -0.089402 0.0292813   9.86034
1.77709e+09   0.00256694  0.00746053 -0.00299039 0.018223 0.088476   9.9847
1.77709e+09  -0.00889571  0.00183825  0.00205417 -0.0665761  -0.114356    9.66246
1.77709e+09   0.00425757 -0.00268195 -0.00170688 -0.0425242  0.0616089    9.91353
1.77709e+09   0.00765386 -0.00329302  -0.0110338 -0.112771 0.0901704   10.1103
1.77709e+09  -0.00026016  0.00165929  0.00223433  -0.10079 0.0254658   9.75193
1.77709e+09    -0.003293 -0.00254328 -0.00660794 -0.0579083   0.134567     10.006
1.77709e+09  0.00334848 0.00444535 -0.0101307 -0.0350571   0.272415    10.2257
1.77709e+09    -0.0124324 -6.02194e-05   0.00515831 0.0209991 -0.119784   9.61185
1.77709e+09  0.00482726 0.00379075 -0.0106548 -0.0445516 -0.0014493    9.83614
1.77709e+09  -0.00918494  -0.0105414  -0.0131378  -0.294314 0.00072889    9.89505
1.77709e+09  -0.00138578 -0.00832253 0.000601899 -0.0847979 -0.0255268    9.62182
1.77709e+09   0.0144671  0.0074495 -0.0105499 -0.136353  0.188887   10.1597
1.77709e+09  -0.00454438  0.00220044 -0.00701246 -0.0406154   0.173738    10.0026
1.77709e+09   -0.00633084 -0.000976268  -0.00189082 -0.0210612   0.175013    10.1539
1.77709e+09  0.00837732 0.00445865 0.00178417   0.025361 -0.0789976    9.67156
1.77709e+09   0.00235559 -0.00302946 -0.00459857 -0.146848   0.06551   9.87419
1.77709e+09  -0.00725801 -0.00318729  0.00695883 0.0600132  0.107461    9.8411
1.77709e+09    0.00293932 -0.000573577  -0.00330985 -0.0517279  -0.132898    9.64342
1.77709e+09  -0.000659119   0.00095294  -0.00910629 -0.0204212  -0.186425     9.4966
1.77709e+09    0.004314 0.00285493 0.00209386  0.0611611 -0.0193362    9.79286
1.77709e+09   -0.0028425 -0.00859825 -0.00446437 -0.231041 0.0298905   9.79598
1.77709e+09   0.00970308  0.00581035 -0.00462819  -0.0991207 0.000450257     9.88134
1.77709e+09  -0.00206276  -0.0098288  0.00178123  0.010196 0.0944078   9.88989
1.77709e+09  -0.00406754  0.00219136  0.00157109 0.0373915  0.170469    10.073
1.77709e+09  -0.000277815    0.0022139    0.0037489 -0.0250096 -0.0931324    9.59196
1.77709e+09  -0.000482782  -0.00514052  -0.00545485 -0.0383587  0.0562168    9.94638
1.77709e+09   0.00191689 -0.00162733  0.00897267  0.0736832 -0.0415596    9.63561
1.77709e+09   0.00789174 -0.00261759  0.00684735 0.161712 -0.13685  9.46269
1.77709e+09  -0.000158195   0.00182927   0.00111858 -0.0226294   0.216879    9.98933
1.77709e+09  -0.0123362 0.00744808 -0.0066325 0.00144567  -0.324226     9.4714
1.77709e+09  -0.00771299 -0.00214193   -0.010873  -0.100245 -0.0601636    9.58308
1.77709e+09  0.00527202 0.00479825 0.00755167    0.108135 -0.00072987     9.70456
1.77709e+09    0.0104857  -0.0055213 -0.00197354 -0.0846571 -0.0425671    9.71526
1.77709e+09  -0.00865524 -0.00588287 -0.00374962  0.121721 0.0165147   9.58787
1.77709e+09  -0.00148987   0.0113262  0.00451873 0.0831776 -0.127145   9.48004
1.77709e+09   0.0138446 0.00128255 -0.0131498 -0.0489403   0.157498    10.1324
1.77709e+09  0.00775242 0.00719931 -0.0111977 -0.208552 0.0829816   9.98946
1.77709e+09   0.00200939 -0.00833863  0.00419677 -0.0771335   0.053195    9.92406
1.77709e+09    0.00585658    0.0107435 -0.000476318 0.0219292 0.0956424   9.85187
1.77709e+09  0.000574114 -0.00208588 -0.00445626 -0.0311781  -0.133834    9.61851
1.77709e+09  0.00694789 0.00199515 0.00163541   0.105317 0.00798877    9.80691
1.77709e+09    -0.026648 0.000865302 0.000298304 0.134972 0.040803  9.70607
1.77709e+09  -0.00289314  0.00123866   0.0031661 -0.147184 0.0202905   9.80711
1.77709e+09   0.00546227  0.00262749 -0.00714665 0.0354223  0.358137    10.123
1.77709e+09  -0.00292294 -0.00445931  0.00160276 0.00859231 -0.0925652    9.55857
1.77709e+09  -0.00201021  0.00186899   0.0159281 0.0722291  0.214939   9.82919
1.77709e+09  -0.00511928 0.000840501  0.00806578 0.224336 0.010099  9.82133
1.77709e+09  -0.00433548 -4.7283e-05 -0.00467503 -0.0561866 -0.0256216      9.616
1.77709e+09  0.000967287 -0.00852525 -0.00537729 -0.147761 0.0279965   9.99138
1.77709e+09  -0.000904604  -0.00208673  -0.00585139 -0.155033  0.184898   10.0925
1.77709e+09  -9.2525e-05  0.00278928  0.00182454 0.0305515 0.0274905   9.73873
1.77709e+09   0.00245638  0.00189202 -0.00292486 -0.0746042   0.241145    10.0159
1.77709e+09     0.013018  0.00426987 0.000229301 0.0237894  0.206878   10.1451
1.77709e+09   -0.0124404 -0.00280405 -0.00205349  0.0134915 -0.0313113    9.64793
1.77709e+09     0.011353 -0.00190538  0.00443469 -0.0936568 -0.0281991    9.83172
1.77709e+09    0.00115395 -0.000815463  -0.00938291  -0.209683 -0.0270776    9.84529
1.77709e+09   -0.00765094 -1.30737e-05  -0.00745982 0.0722993 0.0528907   9.79791
1.77709e+09   0.00736129 -0.00010122 -0.00889646 -0.0267774  0.0210721    9.88008
1.77709e+09   0.0100861 0.00199044 0.00544917 0.0979115   0.12914   9.73537
1.77709e+09    0.0086797 -0.00103882  0.00353247 -0.0326909 -0.0846043    9.76645
1.77709e+09    0.00331851   0.00191533 -6.42147e-05  0.0489448 -0.0107112    9.77487
1.77709e+09  -0.00252069 -0.00442562   0.0013652 -0.0604495 -0.0970474    9.61714
1.77709e+09   0.00802431 -0.00545827 -0.00724915 -0.138182 -0.179182   9.65382
1.77709e+09  -0.00557321  0.00225144  0.00163689 0.0660574 0.0651456   9.99281
1.77709e+09  -0.00519938  0.00102741 -0.00131697    0.0332774 -0.000993203      9.69218
1.77709e+09   -0.00502045 -0.000755778       -0.012 -0.120287 0.0679029   9.97795
1.77709e+09   0.00191684 -0.00243573  0.00165668 0.0454139   0.11467   9.89299
1.77709e+09  0.00664779 0.00626626  0.0104897 0.179121 0.252126    10.04
1.77709e+09   0.00608768 -0.00128581 -0.00772853 -0.0882582  0.0364712    9.96137
1.77709e+09  -0.00587465  0.00302983 -0.00451209 -0.168534  0.181381   10.1007
1.77709e+09   -0.0064664  0.00351185 -0.00463638 -0.0236965 -0.0607945    9.70687
1.77709e+09   0.0030884 0.00276665 0.00346076 -0.00577577  -0.0851613      9.6924
1.77709e+09  -0.00217331 -0.00450129  0.00249039 -0.111152 0.0348998   9.87867
1.77709e+09  0.00232824 0.00367946 0.00738027 0.0779351  0.176769   10.0985
1.77709e+09    0.0119237 -0.00251916 -0.00114998 -0.0579731 -0.0260851    9.57897
1.77709e+09   -0.0117455 -0.00796914  0.00260657  0.120119 0.0232164   9.69206
1.77709e+09   0.00379919 -0.00567056   0.0101356     0.108709 -0.000406425      9.71695
1.77709e+09  -0.0108595 0.00100392  0.0034191    0.18344 -0.0871523    9.59988
1.77709e+09   0.00682408 -0.00103749  -0.0036448  -0.1228 0.126832  9.95542
1.77709e+09   -0.00347869  -0.00193272 -0.000451469 0.0433159 0.0339005   9.89572
1.77709e+09  -0.00455803  0.00508922  0.00260862 0.108129 0.210914  9.93233
1.77709e+09   0.00884615 -0.00420584  0.00168122 -0.0990846 -0.0706851     9.6884
1.77709e+09   0.0219175 0.00118538 0.00323645 -0.12548 0.214042  10.1983
1.77709e+09    -0.018022 -0.00332934  0.00230411  0.100202 -0.147069   9.63503
1.77709e+09  -0.0014347  0.0051574  0.0123457 0.0315478  0.275548   10.1629
1.77709e+09  -0.00408201 -0.00519517  0.00694476 0.0459348  0.169061    9.9386
1.77709e+09  -0.00269167  0.00221603 -0.00464996 -0.0268917 -0.0212754    9.67325
1.77709e+09     0.0116116 -0.000319088 -0.000995755 -0.0994144 -0.0925686    9.81011
1.77709e+09   0.0126757 0.00212963 -0.0179804  -0.257958 0.00477734    9.87419
1.77709e+09    0.00902492   0.00115268 -8.71625e-05  0.161002 0.0115687   9.83174
1.77709e+09   0.00304741  0.00083226 -0.00516559 -0.130191  0.219451    10.232
1.77709e+09  -0.000852348    0.0104522   0.00251829 -0.0546159   0.124725    10.0042
1.77709e+09    0.0119044 -0.00247345  0.00624904 0.0294626 0.0146573    9.7682
1.77709e+09    -0.0119916 -0.000231759    0.0136438   0.102533 0.00713334    9.68199
1.77709e+09   -0.00922306 -0.000508737   -0.0054506 -0.0960301   0.028005    9.79419
1.77709e+09  -0.00756488 -0.00181443   0.0029304 -0.0744933   0.100782    9.93972
1.77709e+09  0.00688397  0.0143758  0.0134642 0.00445163   0.213986    9.98129
1.77709e+09   0.00122784 -0.00341207 -0.00381727   -0.0715548 -0.000622798      9.98589
1.77709e+09  0.00160092 0.00208765 0.00232549 0.0599825 0.0946766    9.8358
1.77709e+09  -0.0034392 0.00393962  0.0122544  0.154886 0.0318382   9.84517
1.77709e+09   0.00361609  0.00376525 7.59251e-05   -0.0673649 -0.000154503       9.6998
1.77709e+09     0.017527 -0.00418065  0.00447148 -0.0673477   0.161882    9.97721
1.77709e+09  -0.00690071  0.00276559  0.00206256 -0.0243503   0.266602    10.2064
1.77709e+09   -0.00480274 -0.000185754  -0.00736369 -0.0507602  -0.032045    9.85221
1.77709e+09   -0.00296074   0.00343291 -0.000909986 -0.0263448   0.201933    10.0217
1.77709e+09  -0.00897596 -0.00204211    0.010271   0.0255964 -0.00816212     9.71851
1.77709e+09  0.00559556 0.00281984   -0.01215 -0.163682 0.0401065   9.88205
1.77709e+09  -0.000812881   0.00432901   0.00333728  0.06963 0.106768  9.96057
1.77709e+09    0.0179884  -0.0104904 -0.00214102 -0.22252 0.183456  10.0828
1.77709e+09   0.0111623 0.00391648 -0.0051012  0.112976 -0.163501   9.49194
1.77709e+09   -0.00241742  -0.00130846 -5.00162e-05 0.0506806  0.124367   9.83761
1.77709e+09   0.00133776   -0.011042 -0.00253976 -0.0673084  -0.189545    9.66382
1.77709e+09  -0.00589561  0.00052962 -0.00543936 -0.0793688 -0.0264014    9.74451
1.77709e+09    0.0186264  0.00139048 -0.00611926 -0.0757633  0.0938542    9.94563
1.77709e+09  -0.0062756 0.00488955  0.0100756  0.145974 0.0436587   9.74708
1.77709e+09  -0.00366235 0.000691091 -0.00683015   -0.06993 -0.0994431     9.7954
1.77709e+09  -0.00342972 -0.00491515  0.00747329 -0.0837889   0.173167    9.97676
1.77709e+09  -0.000178952  -0.00350873  -0.00438188 0.0405671  0.147081   10.1071
1.77709e+09     0.0031652 -0.000587424  -0.00793874 -0.0815334  0.0254502    9.90216
1.77709e+09  0.00096329 0.00858948 0.00396637 0.0275274  0.103689   9.97618
1.77709e+09  0.000704009  0.00133923  0.00758079 0.0694949  0.313661   10.0164
1.77709e+09  -0.00381056  0.00448181  0.00181701 -0.0617409  -0.144293    9.66963
1.77709e+09    0.0112305 -0.00313375 -0.00219246 -0.0695977   0.155397    9.91204
1.77709e+09   0.0113375 0.00588114 -0.0123636 -0.119177  0.134773   10.1724
1.77709e+09    0.0138433  0.00459276 -0.00550992 -0.0737075 -0.0285951    9.71083
1.77709e+09  -0.0138337  0.0033065 0.00286307 0.0437214  0.125594   10.1862
1.77709e+09  -0.00326534 -0.00210809 -0.00162369 0.0394868  0.190481   9.95751
1.77709e+09  -0.00622011 -0.00140995  0.00637824 -0.00907811  -0.0827812     9.65717
1.77709e+09   0.00708714   0.0117767 0.000569567 -0.216772 0.0376697   9.94602
1.77709e+09  0.00208199  0.0017855 -0.0047834 -0.00794993   -0.115258     9.66374
1.77709e+09  -0.00558213 0.000203465 -0.00728657 -0.0723125  0.0415971    9.89592
1.77709e+09   0.0028047 0.00171906 0.00185062 0.0445637  0.170818   9.89749
1.77709e+09  0.00893017 -0.0010582 0.00767029 0.12196 0.13632  9.7927
1.77709e+09  -0.00279659 0.000991267  0.00155128 -0.112616 0.0519785   10.0149
1.77709e+09  0.00403216 0.00356859 0.00192885  0.139856 -0.037406   9.49406
1.77709e+09  -7.88575e-05  -0.00703002   0.00582386 -0.0686958 -0.0195805    9.59834
1.77709e+09   0.00816565  0.00747021 -0.00243551 -0.0395064 -0.0286714    9.82964
1.77709e+09  0.00152407 -0.0143385  0.0074218  -0.287393 -0.0481895    9.81599
1.77709e+09  -0.00237231  0.00636461 0.000539874  0.136379 0.0202131   9.79921
1.77709e+09  -0.00165138 -0.00457379 -0.00986866 -0.0595199 -0.0823348    9.72757
1.77709e+09  -0.00228678  0.00237711  0.00382754 -0.044285  0.157021   9.98319
1.77709e+09  -0.00159377  0.00451426  -0.0154967 0.0195152  0.304673   10.1989
1.77709e+09   0.00930698 -0.00457223  -0.0106277 -0.146635 0.0481337   9.79456
1.77709e+09  0.00341959 0.00731906  0.0097372 0.100422 0.213077  9.90535
1.77709e+09     0.0024707 -0.000934727   0.00225017 0.116981 0.102761  9.75904
1.77709e+09   0.00444121 -0.00211641 -0.00703825 -0.0415815 -0.0844023    9.66202
1.77709e+09   -0.00402757 -0.000594422   0.00515885 0.0275284 -0.219206   9.48115
1.77709e+09    0.0136808 -0.00528207 -0.00436122 -0.106158  0.131287   10.0489
1.77709e+09   0.0097967 0.00176338 0.00943327 0.105974 0.139563  9.74843
1.77709e+09   0.00263013 -0.00327397  -0.0075368 -0.0945483 0.00108901    9.83102
1.77709e+09   -0.00201078  -0.00462778 -0.000543866 -0.248191 0.0587167   9.83386
1.77709e+09  -0.00491304 -0.00857418 -0.00649428  0.0529539 -0.0917469    9.63405
1.77709e+09   0.00907612  0.00683032 0.000702893 -0.00254055    0.187574     10.0635
1.77709e+09     0.011573  0.00121099 -0.00255872 -0.0642716  0.0300433    9.98229
1.77709e+09  0.00239374 0.00967084 0.00387695 0.0959424  0.041767   9.74518
1.77709e+09   0.00529331 -0.00905156 -0.00367497  -0.119389 -0.0599669    9.70992
1.77709e+09   0.00315111 -6.8305e-05   0.0026921 -0.0207881    0.03747    9.66194
1.77709e+09    0.00841359 -0.000698277  -0.00479911  -0.136337 -0.0141624    9.80072
1.77709e+09  -0.000514468   0.00359458  -0.00347335 -0.00146746    0.107032     9.91027
1.77709e+09   0.00628633  0.00411321 -0.00120033 0.0208928  -0.18024   9.61204
1.77709e+09    0.0042137 0.000370545 -0.00710911 -0.118275 0.0963061   9.95931
1.77709e+09  -0.00483493  0.00537414  0.00398387 -0.0313703  -0.275724    9.46169
1.77709e+09   0.00472511 -0.00168476 -0.00768277 -0.142806 -0.080917   9.62413
1.77709e+09   0.00406991 -0.00350739 -0.00240661 -0.0950736   0.082673    9.98077
1.77709e+09   -0.00917658 -0.000157253   0.00405511 0.0870356  0.196785   9.82243
1.77709e+09   -0.00611303  -0.00198702 -0.000977531 -0.0563368   0.129567    10.0983
1.77709e+09  0.00246534 0.00594504 0.00119992 0.0454979 -0.152844   9.44368
1.77709e+09  -0.0056281 0.00306885  0.0106288     0.1217 -0.0661999    9.67425
1.77709e+09  0.00373249 0.00120955 0.00153467 -0.0881374 -0.0414132    9.71345
1.77709e+09   -0.00654077 -0.000425367  -0.00710215 -0.0321384  -0.196714    9.65028
1.77709e+09  -0.00964504 -0.00429881   0.0084076 0.0193539  0.167552   9.91146
1.77709e+09  0.00185525 -0.0018537 0.00133392 0.0605748  0.146676   9.93206
1.77709e+09   -0.0107405 -0.00229662  0.00908245 -0.00732958  -0.0655683     9.67889
1.77709e+09    0.00756481 -0.000827823   0.00285851  0.118541 0.0333749   9.84241
1.77709e+09   0.00591466 -0.00557219  0.00158331 0.0774891  0.231103   9.90687
1.77709e+09  -0.00713741 0.000619425 0.000747138 -0.0882571  -0.100294    9.71558
1.77709e+09   0.00450534   0.0071371 9.47863e-05 -0.0625077   0.051044    9.91818
1.77709e+09  -0.000297504  -0.00259882   0.00267634 0.071905 0.098636  9.78774
1.77709e+09  -0.0121116 0.00524825  0.0122948   0.128661 -0.0867355    9.59431
1.77709e+09  -0.00446686  0.00326437 -0.00882012 -0.0122654   0.102061    9.96816
1.77709e+09   0.00340433 -0.00131896   0.0148855 0.0435402 -0.329646   9.41546
1.77709e+09  -0.00278482  0.00103812 -0.00616508 -0.0948918  -0.104624    9.56677
1.77709e+09    0.00723059   0.00338159 -0.000666531 -0.0956361  0.0100373    9.97501
1.77709e+09    0.0137308 -0.00513908  -0.0111798 -0.203276 0.0851363   9.97502
1.77709e+09  0.000426498  0.00122537 -0.00212205   0.182024 -0.0312374    9.72417
1.77709e+09   0.00382859  0.00461982 -0.00379296 -0.0671453 -0.0595764    9.74992
1.77709e+09   -0.0144877 -0.00911364 -0.00418634   -0.18925 -0.0310193    9.76266
1.77709e+09  -0.00141185  0.00448451 0.000550264 0.00939136   0.116454    9.88042
1.77709e+09   -0.00603974   0.00374823 -0.000315454 0.0446573 -0.175619   9.47636
1.77709e+09   0.00406954 -0.00548569 -0.00532648   -0.0904321 -0.000930745      9.97686
1.77709e+09   0.00154459 -0.00574971 -0.00847443 -0.186748 -0.124499    9.6279
1.77709e+09    0.0025587  0.00178534 -0.00655273 -0.0435739 -0.0486763    9.72907
1.77709e+09   0.0142923 -0.0227974 -0.0069588  -0.147237 -0.0957456    9.73503
1.77709e+09   -0.0128671 -0.00280658 -0.00418395 -0.0330448   0.033366    9.54195
1.77709e+09    0.0181414  0.00360158 -0.00241872 -0.146174 0.0977459   10.0661
1.77709e+09   0.00590231 -0.00582912  0.00638704   0.106914 -0.0442029    9.81711
1.77709e+09  -0.00139153 -0.00455213 -0.00470742  -0.086195 -0.0665991    9.63406
1.77709e+09   0.00839204  0.00113653 -0.00933823 -0.22297 0.205038  10.0887
1.77709e+09  -0.00871007  0.00112513  0.00489269  0.0624106 -0.0198017    9.68462
1.77709e+09  0.000966668 0.000946095 -0.00893064 -0.0895044 -0.0551461     9.7877
1.77709e+09  0.00208153 0.00425577 0.00567817 0.0309666  0.311413   10.0208
1.77709e+09   0.00273612 -0.00664032 -0.00609343 -0.0345203 -0.0941641    9.65512
1.77709e+09      0.01343 -0.00267432 -0.00840142 -0.309617 0.0605907    9.9689
1.77709e+09    -0.0105513  -0.00685118 -0.000853892  0.149433 0.0115387   9.86972
1.77709e+09   0.00690554 -0.00049437  0.00508798 -0.0428526  -0.117123     9.5639
1.77709e+09  0.00922737 0.00693008  0.0139448   0.213315 -0.0387529    9.55745
1.77709e+09  0.000590201  0.00594349   0.0124639 0.00369346 -0.0899257    9.44481
1.77709e+09  -0.00232633 -0.00373455 -0.00709635 -0.0640596   0.137922    10.0282
1.77709e+09   0.00666201 3.61944e-05  0.00520658 0.0709457   0.10815   9.75166
1.77709e+09   -0.00454089   -0.0019448 -0.000567651 -0.0772685 -0.0360269    9.81602
1.77709e+09    0.0139604  0.00294563 -0.00934368 -0.0375533   0.144172    9.93349
1.77709e+09  -0.00520197  0.00412405 -0.00614433  0.0840017 -0.0314751    9.55222
1.77709e+09   0.00375331  -0.0102669 -0.00554992 -0.0768575 0.00769426    9.97282
1.77709e+09   0.00707555  0.00701008 -0.00413939 0.0514751 0.0064953   9.83259
1.77709e+09    0.00555051 -0.000549881   0.00494449 -0.0520798 -0.0276296    9.62311
1.77709e+09   0.00639508  0.00719876 -0.00535206 0.0348915 -0.179295   9.51162
1.77709e+09   0.00120261 -0.00718338 -0.00131029 0.181414 0.147476  9.83208
1.77709e+09  -0.00150232   -0.012176   0.0203129 0.253652 -0.18498  9.94398
1.77709e+09   0.00286071 -0.00689424  -0.0183284 -0.164854 0.0156798   9.75443
1.77709e+09  -0.000701076    -0.002456  -0.00864081  0.048565 0.0202199    9.9333
1.77709e+09  -0.00884388  0.00831827 -0.00613893   0.18641 0.0313673   9.64429
1.77709e+09    -0.0111421   0.00944654 -0.000567738  0.208121 -0.233132   9.60465
1.77709e+09  -0.00591486 -0.00456516 0.000748274 -0.121047  0.360269   9.84132
1.77709e+09  -0.00306337 -0.00042045  0.00791244   0.105763 -0.0953128    9.73021
1.77709e+09  -0.0141582 0.00724854  0.0133443   0.143921 -0.0915474    9.58438
1.77709e+09   0.00254031 -0.00115193  0.00322072    -0.124773 -0.000104863      9.99431
1.77709e+09   0.00568951 -0.00415596  0.00537313 -0.0645717  -0.127999    9.59201
1.77709e+09   0.00817772 0.000637794 7.56606e-05 0.0907762 0.0613269   9.94492
1.77709e+09  -0.000864299   0.00486838  -0.00723257 -0.135137  0.257287   9.93995
1.77709e+09   -0.00449482 -0.000950521   0.00102978  0.018879 0.0500407   9.63481
1.77709e+09  -0.00737889 -0.00606606 -0.00370669 -0.0984797 -0.0284348    9.86627
1.77709e+09   0.000874879   0.00488733 -0.000718635 -0.0961926   0.171423    9.94989
1.77709e+09   0.0062199 0.00103378 0.00615762 -0.0739912 -0.0533602    9.75527
1.77709e+09   -0.0023705  0.00486646 -0.00642172 -0.0317272   0.127061    9.91276
1.77709e+09  -0.00893359   0.0122099  0.00674837 0.106593 0.131484  9.99921
1.77709e+09   0.00183683 -0.00322183 -0.00929749 -0.135205 0.0929507   9.92248
1.77709e+09    0.00447938   0.00540182 -0.000267107 -0.0165161   0.216267     9.8823
1.77709e+09  -0.00197052  0.00621388   0.0102019 0.0967677  0.204189    10.095
1.77709e+09  -0.00548413  -0.0137101  -0.0188337 -0.188898 -0.228574   9.48343
1.77709e+09  0.00140206 0.00589476 0.00466896  0.117076 0.0899135   9.99464
1.77709e+09  -0.00714767 -0.00139413   0.0108532 0.0542618 -0.089513   9.69117
1.77709e+09  -0.000705309    0.0022721  -0.00349237 -0.199779 0.0872424   9.85813
1.77709e+09  0.00675517 0.00620208 0.00382761 0.0110466  0.181915   9.89377
1.77709e+09  -0.000996312    0.0056922    0.0142835 0.110175 0.180329  9.97271
1.77709e+09  -0.000474681  -0.00630132  -0.00671871 -0.119842 0.0250534   9.71149
1.77709e+09  0.000118605 -0.00588539 -0.00741306 -0.148422 -0.217866   9.65647
1.77709e+09  -0.00079738    0.012711 -0.00749126  0.004939 0.0796214   9.89646
1.77709e+09  -0.00848558   0.0012444 -0.00683192    0.153335 -0.00373751     9.59815
1.77709e+09   0.00339014 -0.00190318 -0.00303231 -0.159266 0.0687688   9.89246
1.77709e+09  0.00775088 -0.0116298  0.0129199   -0.15942 -0.0674115    9.65799
1.77709e+09   0.00694338 -0.00476305  0.00395955 -0.0825378 -0.0674716    9.72277
1.77709e+09  -0.00504485 -0.00617907  0.00378568 0.0338006 0.0813567   10.0063
1.77709e+09   0.00881932   0.0036824 0.000917644  0.0739816 -0.0610321    9.74362
1.77709e+09  -0.00433466  0.00347402  -0.0051605 0.0380448 0.0872162   9.89973
1.77709e+09   0.00263489 -0.00190139  0.00127631 0.0151197 -0.127149   9.51394
1.77709e+09  0.000190334 0.000667179 -0.00901446 -0.106264 0.0503695   9.95185
1.77709e+09  -0.00174717  0.00315312  -0.0124235 -0.0324812 -0.0605297    9.64437
1.77709e+09  0.00510265 0.00663391  0.0166516 -0.114856  0.164832   10.0386
1.77709e+09   0.00747273  0.00704863 0.000641177 -0.151896   0.16148   10.0109
1.77709e+09  0.00822687 0.00682993  0.0095839   0.124514 -0.0174176     9.8568
1.77709e+09    0.0053434 -0.00604776 0.000313052 -0.259016 -0.183307   9.55957
1.77709e+09  -0.00208088 -0.00299398   0.0122511  0.154545 -0.098546   9.66826
1.77709e+09  -0.000879268  0.000878064 -0.000668221 -0.0975372  0.0471054    9.74098
1.77709e+09  -0.00252706 -0.00165323 -0.00467265 -0.189875 -0.169573    9.6915
1.77709e+09  0.00672606 0.00220506  0.0026142 0.0683057  0.229744   9.87963
1.77709e+09    0.0174763  0.00106557 -0.00967098 -0.0925579    0.01008    10.0996
1.77709e+09    -0.0130801 -0.000251221   0.00170455   0.12406 0.0516788    9.7233
1.77709e+09  0.00813882 0.00133225  -0.001561 -0.0578936  0.0457736    9.94495
1.77709e+09  -0.00334294 -0.00337734  0.00772924 0.0495211   0.12708   9.81794
1.77709e+09  -0.00551745  0.00239247   0.0116124  0.155906 0.0840912   9.74505
1.77709e+09  0.00686175 0.00443405 0.00390775 -0.0705627   0.116386    9.91272
1.77709e+09   0.00556069 -0.00342705 -0.00126659  0.113195 -0.124659   9.53746
1.77709e+09    0.00355435 -0.000412918   -0.0042616 -0.0545429 -0.0710569    9.64522
1.77709e+09  0.000922679  0.00278219 -0.00285401 -0.0536918 -0.0349922     9.8684
1.77709e+09   0.00379826 -0.00737638 -0.00780263 -0.284247 0.0864139   9.91146
1.77709e+09  0.000175262  0.00674155  0.00249289     0.111216 -0.000732455      9.76325
1.77709e+09   -0.0141781 -0.00949042 0.000916144 -0.0227573  -0.292516    9.46226
1.77709e+09  0.00657004 0.00117114 0.00752896 -0.0231366   0.183302    10.0457
1.77709e+09  0.00192473 0.00325254 0.00193307 -0.0293023  -0.175706    9.66553
1.77709e+09   0.00991567  0.00340652 -0.00929776 -0.207515 -0.156385   9.61313
1.77709e+09  -0.00181665 -0.00585088 -0.00348138 -0.0287202   0.132739    9.95698
1.77709e+09  -0.000506571  -0.00730034   0.00901768  0.148224 -0.127779   9.67013
1.77709e+09  -0.00871566 -0.00157937 -0.00777548  -0.13731 0.0181322   9.88918
1.77709e+09   0.00252315   -0.012519 -0.00383799 -0.0429582   -0.15114    9.62971
1.77709e+09   0.00197176 -0.00381556  0.00444433  -0.056502 -0.0788905    9.67929
1.77709e+09   0.00412286 -0.00158919 0.000444678 -0.168509  0.137677   9.92344
1.77709e+09   0.00319856  0.00723888 0.000536573  0.154679 0.0157254   9.76841
1.77709e+09  0.00487629 0.00220712 0.00316869  0.147223 0.0594575   9.71315
1.77709e+09   0.00258945 -0.00755278 -0.00216537   -0.10089 -0.0845556    9.84981
1.77709e+09    -0.0072663 -0.000580907  -0.00713347  0.0730194 -0.0365814     9.6068
1.77709e+09   -0.00957345 -0.000551502   0.00622898 -0.000407854   -0.0489718      9.66857
1.77709e+09  -0.000593179  -0.00227711   -0.0106002 -0.172064  0.163256    9.9698
1.77709e+09  -0.00679244  0.00260332   -0.003316  0.0747209 -0.0411854    9.80692
1.77709e+09   0.0101701 0.00260876 0.00271249 -0.114229  0.162427   9.99838
1.77709e+09  0.00328715 0.00207781  0.0052176   0.103971 -0.0758966    9.81792
1.77709e+09  -0.0135227 0.00661662  0.0123529 0.170994  0.07701  9.71683
1.77709e+09    0.0115544 -0.00740665 -0.00630078  -0.194198 -0.0395589    9.76839
1.77709e+09  -4.97172e-05     0.005444   0.00310653 -0.0232916   0.148894    9.89895
1.77709e+09  -0.00298098 -0.00225696  0.00123724 -0.0677558   0.231404    10.1336
1.77709e+09  0.000505232  -0.0052234  0.00392237 -0.123325 0.0466133   9.83564
1.77709e+09  0.00899341 0.00759929 0.00606997  0.15571 0.115146  9.91489
1.77709e+09  -3.00875e-05  -0.00111857   0.00745156 0.172987 0.069895  9.78127
1.77709e+09  -0.00265273  0.00041309  0.00754797 -0.0536732 -0.0172303    9.69107
1.77709e+09   -0.00695719 -0.000968551  -0.00895776 -0.119325  0.125902   10.1288
1.77709e+09   -0.0121305 -0.00367337 -0.00634158 -0.0761977  -0.110236    9.76683
1.77709e+09   0.00479162 -0.00104736  0.00487446 -0.0372261  0.0753299    9.90481
1.77709e+09    0.0133906 0.000320437   0.0169167   0.160983 -0.0119796    9.58212
1.77709e+09  -0.00340344  0.00785415   0.0127234 0.104757 0.113934  9.86897
1.77709e+09   0.00158822 -0.00352844  0.00429387  -0.0381124 -0.00469166     9.69484
1.77709e+09   0.0135593 0.00843838 0.00275935  0.142035 -0.108492   9.56338
1.77709e+09  -0.00454394 -0.00820229 -0.00483305 -0.110592  0.129179   9.88339
1.77709e+09   0.00963449 -0.00511464 -0.00136551 -0.109303  -0.11697   9.66415
1.77709e+09  -0.00640963 -0.00427372  -0.0009072 -0.059132  0.120219    9.8365
1.77709e+09  -0.00466986  0.00104191  0.00663012 0.122707 -0.09602  9.70541
1.77709e+09  -0.00414903 -0.00511196  0.00139835 -0.183682 -0.167646   9.61832
1.77709e+09   0.00277479  0.00041663 0.000571677 0.111583 0.109339  9.95242
1.77709e+09    -0.014053 -0.00187998  -0.0119119 -0.299278 0.0975399    9.9621
1.77709e+09  -0.00333784  0.00327336  0.00578728     0.12152 -0.00230756       9.854
1.77709e+09  -0.000377717  -0.00566509  -0.00595239 -0.0721373 -0.0408622    9.63175
1.77709e+09   0.00104247  0.00240958 -0.00468961 0.0780566  0.113576   9.82775
1.77709e+09  0.00700383 0.00579058 0.00387915  0.138461 0.0612325   9.97149
1.77709e+09  -0.00945359 -0.00167277 -0.00123521  -0.065893 -0.0956082    9.77091
1.77709e+09   0.00634862 -0.00292547 -0.00516786 -0.114665  0.138872   9.88333
1.77709e+09   -0.0160936  0.00156709 0.000462402 -0.100339  0.164932   10.0404
1.77709e+09  -0.000291662   0.00114605  -0.00626121 -0.0711307 -0.0578809    9.79694
1.77709e+09  -0.00929636 -0.00912459  -0.0137659   -0.2172 0.0203282   9.72967
1.77709e+09   -0.00208757 -0.000611831   0.00526338 0.0743248  0.117434   9.86485
1.77709e+09    0.0081828  0.00109828 -0.00371344 -0.129787 0.0579706   9.86644
1.77709e+09  -0.00438454  0.00766638   0.0104033  0.122084 0.0190297   9.71468
1.77709e+09  -0.00616369  0.00119952  0.00440427 0.0660838 0.0616641   9.76029
1.77709e+09   0.0122229  0.0021339 -0.0120578   -0.13765 -0.0366092    9.68906
1.77709e+09  -0.00278206 -0.00192447  -0.0096358 -0.0742372 0.00256775    9.96109
1.77709e+09     0.013784 0.000651004 -0.00578341  -0.129092 -0.0834288      9.795
1.77709e+09   -0.0167401  0.00143631 -0.00104694 -0.00956318   0.0798243     9.97547
1.77709e+09  -0.00261269  0.00249695   0.0123722  0.0988816 -0.0352175    9.73216
1.77709e+09  0.00119465 -0.0151643  0.0144159  -0.338546 -0.0096945    9.63108
1.77709e+09  -0.000205814   0.00681968  -0.00630925 0.0984254   0.15307   9.98837
1.77709e+09    0.0196335  -0.0106426 -0.00513379 -0.190866 0.0342408   9.79149
1.77709e+09   0.0084885 0.00205945 -0.0123619  -0.300091 -0.0240123    9.86934
1.77709e+09   0.00212108   0.0016461 -0.00328278  0.120812 0.0917548   9.84644
1.77709e+09    0.0106075 -7.0311e-05  0.00318483 -0.00458262   -0.163288     9.63417
1.77709e+09  -0.00510433 -0.00172285  0.00639735  0.063623 -0.169965   9.50764
1.77709e+09   0.00573189  0.00159545 -0.00422112 -0.0934244   0.171986    9.95958
1.77709e+09   0.00224266  -0.0118017 -0.00394624 -0.256923 0.0274866   9.76754
1.77709e+09  0.00841142 -0.0048334 0.00768406 -0.0777816 -0.0647613    9.79033
1.77709e+09  -0.00477206  0.00235582 -0.00761655 -0.0329239   0.127051    9.90895
1.77709e+09   -0.0116274 -0.00437678 -0.00209826 0.0968659  0.138456   10.0058
1.77709e+09    0.0048457 -0.00325902 -0.00752081  0.0176946 -0.0921147    9.63344
1.77709e+09   0.00289062 -0.00260124 -0.00561799 -0.095189  0.103575   9.85156
1.77709e+09  -0.00175478  0.00413001 -0.00337202  -0.17264 0.0890542   9.97413
1.77709e+09    0.00111477  -0.00498937 -0.000240269 -0.120175 0.0165388   9.78263
1.77709e+09   -0.0125913   0.0147504 -0.00254167 0.0518685  0.181963   10.0696
1.77709e+09  -0.000691915   0.00821535  0.000247654 -0.0092257   0.125296    9.91707
1.77709e+09  -0.00820695 0.000704517   0.0142707 0.170345 0.194982  10.0562
1.77709e+09  -0.000864428 -0.000749953  -0.00445841 -0.0958061 -0.0880849    9.58228
1.77709e+09    0.00659143   0.00238356 -0.000564937 -0.132745 0.0719875   9.88038
1.77709e+09  -0.0110938 0.00410722 0.00488579   0.126205 -0.0294054     9.7151
1.77709e+09   0.00169987 -0.00404777 -0.00694928 -0.0586846 -0.0657216    9.69128
1.77709e+09   -0.00744421   -0.0118563 -0.000720592  -0.165529 -0.0684623    9.66445
1.77709e+09  -0.00370007 -0.00646746  0.00317573   0.0642066 -0.00953091     9.69003
1.77709e+09  0.00289509 0.00339551 -0.0201349 -0.360302 0.0424344   9.86686
1.77709e+09   0.00340466 -0.00214032 -0.00487355  -0.13533 0.0845877   9.90626
1.77709e+09  -0.00241553 -0.00739249  0.00592029 -0.00510483     0.12355     9.91805
1.77709e+09   -0.0081033 -0.00114639   0.0099749 0.0762553   0.10114   9.89537
1.77709e+09  0.000800621  -0.0097014  0.00405555 -0.106642 0.0121849   9.70323
1.77709e+09  -0.00337467  0.00612274 0.000986401   0.181842 -0.0307573    9.62744
1.77709e+09    0.0137768 -0.00475682 -0.00362307 -0.0907654  0.0258027    9.81889
1.77709e+09    0.00168695    0.0063574 -0.000589694 -0.0258613  0.0997807    9.93752
1.77709e+09     0.010185 -0.00647006 -0.00471865 -0.284988  0.120166   9.92987
1.77709e+09  -0.00384162   0.0022669 -0.00151585    0.116147 -0.00545061     9.85828
1.77709e+09   -0.0100477 -0.00136727 -0.00900639 -0.154994 0.0702072   9.91182
1.77709e+09  -0.00296214  0.00406016  0.00805467  0.150201 0.0740817   9.90256
1.77709e+09     0.0164033   -0.0022921 -8.04546e-05 0.102122 0.121803  9.86295
1.77709e+09  0.000396269  0.00237949 -0.00826871 -0.0784547   0.182558     9.9254
1.77709e+09  -0.00227342   0.0107383  0.00197079   0.226363 -0.0501587    9.52837
1.77709e+09   -0.0121716 -0.00102395  0.00635292  0.133184 -0.105482   9.66469
1.77709e+09  0.000534935  0.00910201  0.00272094 0.0705868  0.081293   9.88727
1.77709e+09  -0.000756966  -0.00337356   0.00234735   0.047653 -0.0582463    9.66447
1.77709e+09  0.000324846  0.00335088 0.000191776 0.0244865   0.13674   9.95114
1.77709e+09  0.00494052 0.00737404 0.00422382 0.0576515  0.218335   9.97087
1.77709e+09    0.00289971 -0.000472335   0.00554911 -0.041881 -0.082085   9.72597
1.77709e+09  -0.00495153  0.00399289 -0.00595524 -0.0842504  0.0934912    9.88829
1.77709e+09   0.00847547 -0.00128247 -0.00213717  -0.127588 -0.0864949    9.80247
1.77709e+09  -0.000482996 -0.000316702   0.00140114  0.167337 0.0406273   9.80619
1.77709e+09  -0.00173914 -0.00286652 -0.00507354 -0.076915 0.0232009   9.90902
1.77709e+09    0.0047684 -0.00347873 -0.00878674 -0.0559153   0.229109    9.97773
1.77709e+09   0.00815373 4.73676e-05 -0.00076131  0.0350422 -0.0634545    9.77783
1.77709e+09   0.00774336 -0.00027558  0.00503854  -0.0940904 -0.00400916     9.81299
1.77709e+09  -0.00189409 0.000280595 -0.00325703 0.0827252 -0.170872   9.55602
1.77709e+09  -0.00441199 -0.00400445  0.00492799 -0.0859235  0.0989595    9.92825
1.77709e+09  -0.00919726  0.00252967  -0.0034069 0.0915493  0.087859   9.84089
1.77709e+09  0.00648334 0.00300939 -0.0104635 -0.17284 0.231378  10.1035
1.77709e+09  0.000336558 -0.00210001   0.0020362 -0.155731  0.108255   9.97401
1.77709e+09   0.00434516 -0.00806711 -0.00413508 -0.0958851 -0.0114186    9.70451
1.77709e+09  -0.00389409 -0.00122212 0.000728806 -0.0899554  -0.229696    9.55764
1.77709e+09  -0.00458684  0.00894921 0.000930556 -0.0441909   0.207858    9.89627
1.77709e+09  -0.00220645 -0.00378741  0.00543763   0.109838 -0.0687768    9.75834
1.77709e+09   -0.0060894  -0.0103305 -0.00511946   -0.26651 -0.0653187    9.77845
1.77709e+09  0.00286058 0.00292578 0.00301164  0.145846 0.0118979   9.87812
1.77709e+09   -0.00210322 -0.000512854   0.00408825  -0.0230528 -0.00470093     9.64245
1.77709e+09   -0.00596033 -0.000712229    0.0002135  0.132872 -0.215322   9.59438
1.77709e+09    0.0131815 -0.00351869  0.00592845 -0.14926 0.165736  9.92724
1.77709e+09  -0.00362382  0.00286866  0.00862422  0.126943 0.0347947   9.80503
1.77709e+09     0.0174801 -0.000517517  0.000695714 -0.116596 0.0324686   9.75736
1.77709e+09  -0.00102322 -0.00335381 -0.00266947 -0.0558193  0.0550625    9.88033
1.77709e+09  -0.00528545  0.00967064   0.0045218 -0.0428698   0.193206    9.97947
1.77709e+09   0.00399239 -0.00467976 -0.00222387   0.025725 -0.0752279    9.70261
1.77709e+09  -0.00475459 -0.00328363  0.00807393 -0.0370513   0.038922     9.8439
1.77709e+09  -0.00417602 -0.00478093  -0.0196207 -0.281446 0.0585407   9.85346
1.77709e+09  -0.00303227 -0.00780316 -0.00204624 -0.0548458  0.0197257     9.6539
1.77709e+09  -0.00304261 0.000737924 -0.00297136 -0.0465379   0.203908    10.0629
1.77709e+09     0.0104145   0.00445259 -0.000287222   0.114465 -0.0419095    9.69409
1.77709e+09   0.00810703  0.00190761 0.000918524 -0.0393435   0.087909    9.91801
1.77709e+09  -0.000443335   0.00107292   0.00598643   0.179394 -0.0357557    9.73994
1.77709e+09  -0.00858426 0.000258472   0.0140433  0.296669 -0.076089   9.69925
1.77709e+09  -1.35305e-05  -0.00319421   -0.0070984 -0.123025 0.0228953   9.84475
1.77709e+09   0.00258181  0.00799017 -0.00148348 0.0188565  0.145376   9.84899
1.77709e+09   -0.0101387  0.00159897 -0.00394543 0.126469 0.173378  10.0551
1.77709e+09   0.00902224 -0.00255639  -0.0119268 -0.146865 0.0430094   9.88176
1.77709e+09  0.00245999  0.0161259  0.0129211     0.214081 -0.000819482      9.80273
1.77709e+09  0.000311031 -0.00433163 -0.00556703   0.155004 0.00169472    9.70955
1.77709e+09   0.00388745 -0.00446987   0.0091964 -0.0564968 -0.0837614     9.7459
1.77709e+09  4.84602e-05 -0.00254082  -0.0198068 -0.135483 -0.090527   9.63462
1.77709e+09  -0.00447182  0.00684451  0.00592576 0.0397551 0.0702475   9.89812
1.77709e+09   0.00805929 -0.00423757  0.00383891   0.175295 -0.0586136    9.66337
1.77709e+09  -0.000693856  -0.00463098  -0.00308578 -0.119108 0.0570664   9.93727
1.77709e+09    0.0101384 -0.00387331 -0.00010687  -0.270419 -0.0784483    9.77121
1.77709e+09   0.00352297 -0.00365432 -0.00661075 -0.055992  0.044073   9.73653
1.77709e+09    0.005476 0.00774177 0.00648857 -0.0947993  0.0686613    9.99817
1.77709e+09  -0.00885719  0.00290585  -0.0110079 0.039203 0.272654  10.0406
1.77709e+09  0.000548019  0.00273973  0.00105799 -0.0193477  -0.038838    9.66236
1.77709e+09  -0.00586248  0.00111015 -0.00787118  -0.139357 -0.0297067     9.8282
1.77709e+09   0.00200009  -0.0102896 -0.00994325 -0.353979  0.157372   9.86909
1.77709e+09  0.00238357 0.00527297 0.00798192  0.0179224 -0.0789398    9.61667
1.77709e+09   0.00700718 -0.00223792 -0.00728342 -0.107769 0.0778937   9.86287
1.77709e+09  -0.0183935 0.00621188 0.00336153  0.285125 0.0638706   9.83032
1.77709e+09  0.00136299 0.00131336  0.0038823 -0.203098  0.138433   9.94815
1.77709e+09  -0.00179892  0.00354356  0.00466708   0.136585 0.00940496    9.83822
1.77709e+09   -0.0033018 -0.00304899 0.000294454 -0.0360234 -0.0423146    9.63407
1.77709e+09  -0.00965057  -0.0101979 -0.00321752 -0.0668043  -0.194209    9.65499
1.77709e+09  -0.00262012 -0.00273508  0.00577443 0.0437368  0.159687    9.9174
1.77709e+09  -0.00382396 -0.00139559   -0.008646  -0.256923 0.00822046    9.90226
1.77709e+09  -0.00242828 -0.00209071 -0.00676985 -0.157023 0.0743723   9.87039
1.77709e+09  -0.000171152   0.00564599   0.00343266 0.0773291 0.0499792   9.85006
1.77709e+09  0.00411275 0.00815435  0.0092318 0.0562393  0.179764    9.9467
1.77709e+09  -0.000702098  -0.00651001  -0.00308028 -0.0380832 -0.0442208    9.70162
1.77709e+09    0.00118846 -7.93377e-05  -0.00352586 -0.0555244  0.0640435    9.89059
1.77709e+09   0.00522233 -0.00647122 -0.00044624 -0.22592 -0.06947  9.78222
1.77709e+09   0.00323924  -0.0056716 -0.00812443 -0.0890207  0.0579144     9.7525
1.77709e+09   0.00438926  0.00124227 -0.00181584 -0.0842599   0.118694    9.95212
1.77709e+09  -0.00864494  0.00770005  0.00275101   0.115674 -0.0326438    9.75287
1.77709e+09  -0.00586405  0.00604613  0.00167846 0.0829186  0.088176   9.88975
1.77709e+09   0.00564074 -0.00494255 -0.00165555  0.0912513 -0.0752335    9.62387
1.77709e+09   0.00113535 -0.00182372 -0.00417247 -0.0922875  0.0204442    9.82869
1.77709e+09   0.0185829 0.00344708 0.00323292 0.0123567  0.216537   10.0561
1.77709e+09  -0.000813062  -0.00378028   0.00244958  0.0128125 -0.0949111    9.65222
1.77709e+09  -0.00816191 -0.00397095  0.00690732 -0.0916544   -0.16905    9.54165
1.77709e+09  -0.00522036  0.00300213 0.000635211   0.204953 -0.0210787    9.78114
1.77709e+09  -0.00405111  0.00153245 -0.00356017  -0.0553457 -0.00827672     9.73607
1.77709e+09  -0.00498438  -0.0107562  0.00144033 -0.0679487  -0.193269     9.6219
1.77709e+09  -0.000328398  -0.00326219   0.00243127 0.0657834 -0.072889   9.79684
1.77709e+09    0.00194506 -0.000167329  -0.00460109  -0.104525 -0.0797311    9.68413
1.77709e+09  0.00582252  0.0044447 0.00107825 -0.11212 0.157935  9.87686
1.77709e+09  -0.00432299  0.00401879  0.00334966  0.0670203 -0.0478175    9.79268
1.77709e+09  0.00838718 0.00903212  0.0130207  0.133537 0.0136728   9.68476
1.77709e+09   -0.015403  0.0011926 0.00542392 0.0777478 0.0614862   9.83956
1.77709e+09    0.0140736  0.00503147 -0.00183343 0.0765336  0.124068   9.98118
1.77709e+09  0.000342451 -0.00479501 -0.00841878 -0.0563743  -0.110406    9.68435
1.77709e+09  0.00639189 0.00149504 0.00311494 -0.124889  0.103374   9.90211
1.77709e+09  -0.000599611  -0.00674803  0.000562873 -0.0717814   -0.06493    9.78411
1.77709e+09     0.001079 0.000725908    0.002372 -0.0819195   0.204851    9.96975
1.77709e+09  -0.00271617 -0.00291158  0.00759445    0.11626 -0.0479886    9.77996
1.77709e+09    0.0170485 -0.00606484  0.00663412  0.218597 0.0339598   9.64139
1.77709e+09  -0.00211393 -0.00012076 -0.00631519    -0.22392 -0.00195958     9.83995
1.77709e+09  -0.00965309  -0.0140192 -0.00804447 0.0782283 -0.119711   9.47846
1.77709e+09  -0.00308756  0.00651716 -0.00448094 -0.157563 0.0735501   9.86115
1.77709e+09  -0.00371107 -0.00145197  0.00295894  0.168585 0.0934122    9.7946
1.77709e+09   0.0146353 0.00966964 0.00216792 -0.17698 0.107453  10.0335
1.77709e+09  -0.00725108 -0.00300445  0.00166213 -0.108385  0.166945   9.93143
1.77709e+09    0.00115028   0.00389113 -0.000636694  0.155678 -0.042931   9.75686
1.77709e+09   0.00223451 -0.00113556  0.00556907  -0.190837 -0.0543619    9.82887
1.77709e+09   -0.00404627 -0.000627483   -0.0012183 0.00791276 -0.0701218    9.70546
1.77709e+09  -0.00262077  0.00607061 -0.00087676  -0.0351839 -0.00162526     9.75955
1.77709e+09    0.0094589 -0.00944047 -0.00457254  -0.234519 -0.0253399    9.80806
1.77709e+09  0.00100187 0.00855729 0.00824036  0.104172 0.0579476   9.87475
1.77709e+09  -0.00106459 -0.00961275 -0.00797227 -0.0820726 -0.0222062    9.65023
1.77709e+09  -0.00176335 -0.00183685  0.00391773   0.118181 -0.0372766    9.74161
1.77709e+09  -0.000223185  -0.00545252  -0.00661192 -0.124475 0.0250847   9.69297
1.77709e+09  0.00178914 0.00559367  -0.001513 -0.107278 0.0605167   9.91842
1.77709e+09  -0.0052017 0.00275542 0.00308338 -0.192592  0.260988   10.0574
1.77709e+09  -0.00411516  0.00309114  -0.0114502 -0.103047 -0.010084     9.756
1.77709e+09  0.000559465  -0.0016168  -0.0041414 -0.0643203   0.242035    10.0185
1.77709e+09   0.00617634  0.00813687 -0.00874755 0.0564189  0.268211   10.1264
1.77709e+09   -0.0025149 -0.00427733  0.00693628 -0.0203244  -0.048312    9.54755
1.77709e+09  -0.00726023  0.00141338 -0.00629283 -0.115523  0.018453   9.91257
1.77709e+09  -0.00806779  -0.0120137  0.00145165 -0.0854087  -0.127258    9.51066
1.77709e+09  -0.000784244  -0.00764752    0.0064331 -0.0552974 -0.0182671    9.74193
1.77709e+09   0.00280546  0.00411384 -0.00499525 -0.184765  0.136663   9.93587
1.77709e+09   0.00979028   0.0115914 -0.00715501 -0.230369 0.0630531   10.0365
1.77709e+09  -0.00479547 -0.00076373   0.0063181   0.0672981 -0.00277314     9.67744
1.77709e+09  0.00491113 -0.0164585 -0.0111929 -0.0980052  0.0253644    9.77522
1.77709e+09   0.00384142 -0.00603788 -0.00167471  -0.212185 -0.0940403    9.68631
1.77709e+09  0.00615756 0.00126742 0.00423976  0.0120766 -0.0932082     9.7119
1.77709e+09  -0.0052144 0.00128294 -0.0115808 -0.155372  0.116953   9.91813
1.77709e+09   0.00358497  0.00452571 -0.00994765 -0.158385 0.0716693   9.98842
1.77709e+09   -0.00358615 -0.000245777   0.00891672   0.153841 -0.0168559    9.81947
1.77709e+09  -0.000262882  -0.00440621    0.0108722   0.124788 0.00509609    9.83328
1.77709e+09   0.00493412 -0.00768656  -0.0104648  -0.134439 -0.0458659      9.772
1.77709e+09  -0.000892537  0.000705483  0.000216622 -0.0432781   0.171523    9.89883
1.77709e+09   0.00457184 -0.00121915   0.0128938    0.20376 -0.0680183    9.53856
1.77709e+09   0.00735028 -0.00525357 -0.00702775 -0.220613  0.137915   9.92326
1.77709e+09  -0.0152126  0.0100649 0.00276904  0.0912345 0.00428197    9.91546
1.77709e+09  -0.00151616  0.00738475  0.00196069 0.101599 0.224216  10.0733
1.77709e+09    0.0038823 -0.00291341 -0.00258671 -0.120899 0.0473887    9.9105
1.77709e+09  -0.00775573  0.00192539  -0.0155788 -0.310289 0.0948861   9.93984
1.77709e+09   -0.0009711  0.00916182 0.000984421   0.195713 -0.0474199    9.74594
1.77709e+09  -0.000408817  0.000575678 -0.000642804 0.000383323    0.162226     10.0406
1.77709e+09    -0.0128623 -0.000710802    0.0055937  0.0331076 -0.0549981     9.6404
1.77709e+09    0.0158782 -0.00491982 -0.00774438 -0.192426 0.0429515   9.86076
1.77709e+09  0.000776556   0.0171257  0.00057984 0.0049769  0.217909   10.0395
1.77709e+09   0.00163256 -0.00351987 -0.00387587 -0.0445242   -0.11864    9.69044
1.77709e+09  -0.000348186   0.00418877   0.00705557  0.159559 0.0698207   9.79462
1.77709e+09  -0.00382282  0.00534964  0.00754633    0.143852 -0.00606687     9.79971
1.77709e+09  0.00945977 0.00483356 0.00550705    0.118161 -0.00566208     9.65375
1.77709e+09  -0.00699351  0.00288139 -0.00311344  -0.118564 -0.0324161    9.93322
1.77709e+09  0.00578663 0.00390149 -0.0027624 0.0340384  0.136093   9.85133
1.77709e+09  0.00194886  0.0149926 0.00368431 0.111837 0.115149   9.9623
1.77709e+09   0.000741988 -0.000293863   0.00142242 -0.0701375  -0.103976    9.64204
1.77709e+09  -0.00518015  -0.0120692 -0.00655279 -0.182757  0.140683   10.0461
1.77709e+09  -0.00291336 -0.00496754  0.00887215   0.128799 -0.0240228    9.68883
1.77709e+09  -0.0109912  0.0030491  0.0127599  0.237706 -0.187955   9.59889
1.77709e+09  -0.0128571 0.00618802 0.00104236 -0.0224693   0.136876    9.99047
1.77709e+09  -0.00338247 -0.00455997 -0.00335498 -0.0725876  -0.313202    9.56393
1.77709e+09  -0.00253357 -0.00851052  -0.0116177 -0.0976081 -0.0311623    9.64462
1.77709e+09  -0.00548479  0.00240552  0.00226286   0.108571 -0.0273129    9.77399
1.77709e+09  -1.95489e-05  -0.00718619  -0.00763115  -0.160823 -0.0450473    9.74926
1.77709e+09   0.00134497 -0.00160075 -0.00114163   0.245001 -0.0577191    9.52845
1.77709e+09    0.00856958   0.00263003 -8.68239e-05 0.0659825 -0.113703   9.69404
1.77709e+09  -0.000812176  0.000870984   -0.0052615 -0.0876603  -0.007258     9.8131
1.77709e+09   0.00753442 -0.00119641  0.00606398 0.0855903  0.168099   9.90935
1.77709e+09   -0.00496541 -0.000372388 -0.000489083  -0.16744 0.0366849   9.90944
1.77709e+09   0.00674131 -0.00409491 -0.00583363 0.0370438 0.0635633   9.84311
1.77709e+09   -0.0136697   0.0014861 5.93457e-05 0.117293  0.14075  9.87607
1.77709e+09   0.00399493 0.000342186  0.00133693 -0.125442 0.0235652   9.72886
1.77709e+09  -0.00274418    0.003222 -0.00462326 -0.0347978  0.0504686    9.91842
1.77709e+09   0.00688899  0.00556126 -0.00224833 -0.102964 0.0884834   9.88198
1.77709e+09   0.00456485  0.00296507 0.000430129 0.0443335 0.0334056   9.89085
1.77709e+09   -0.00664554  0.000173595 -0.000116368    0.04442 -0.0403826    9.65161
1.77709e+09  -0.00493989 -0.00272693   0.0107968  0.182326 -0.256065   9.56918
1.77709e+09   0.00307299  0.00115118 0.000165635  0.160306 0.0642757    9.8512
1.77709e+09   -0.017837 -0.0146339 0.00090613 -0.128383 -0.188806   9.63524
1.77709e+09  -0.00753756  -0.0015979 -0.00421507  -0.160032 -0.0193832    9.63191
1.77709e+09   -0.0134033  0.00289726 -0.00188229 -0.116857 0.0932302   9.98735
1.77709e+09    0.0104805   0.0116032 -0.00175459 -0.032435  0.281226   10.1002
1.77709e+09  -0.000170106   -0.0100526  -0.00466438  -0.135527 -0.0312054    9.77289
1.77709e+09  0.00233055  0.0102407 0.00178418 -0.069366  0.166679   9.89462
1.77709e+09  -0.000988108   0.00842612  7.53873e-05 -0.0616586   0.132627    10.0384
1.77709e+09   0.00285073  0.00736785 -0.00246924 -0.105608 0.0463763   9.85221
1.77709e+09  -0.00981975 -0.00270054 -0.00225409    0.226025 -0.00120941     9.88542
1.77709e+09    0.0011995 -0.00169953  0.00444878 -0.0447542  0.0199784    9.69467
1.77709e+09    -0.0112192  0.000506541 -0.000235737  0.152987 0.0451073   9.84826
1.77709e+09   0.00526026 0.000540534 -0.00965486 -0.0991953 -0.0222795    9.64519
1.77709e+09   0.00261579 -0.00592013 -0.00270157 -0.0449274  -0.143043     9.7151
1.77709e+09   -0.00114815  -0.00063744 -7.51447e-05 -0.0771211   0.122336    9.89858
1.77709e+09  0.000585788  0.00257072  0.00164694   0.107073 -0.0695356     9.7299
1.77709e+09  -0.00260266 -0.00724674   0.0092919   0.190526 -0.0599846    9.58521
1.77709e+09   0.00939272  0.00479135 -0.00217057 0.0724785 -0.012199   9.84908
1.77709e+09  -0.000778752  -0.00524943   0.00685921 -0.00933757  -0.0623501     9.57691
1.77709e+09  -0.00335457 -0.00992142 -0.00576872 0.0898139  -0.27947   9.52553
1.77709e+09    0.00839944 -0.000480427   0.00162221 -0.134033  0.107672   9.92417
1.77709e+09  -0.00231187  0.00704565  0.00233164  0.172622 0.0771098   9.87086
1.77709e+09  -0.00461343 -0.00517361 -0.00128983 -0.0979149  0.0166329     9.7375
1.77709e+09  -0.00230446 -0.00038204 -0.00974907 -0.108466  0.114856    9.9659
1.77709e+09    0.0128105 -0.00110988 -0.00509156  -0.294402 -0.0626184    9.73692
1.77709e+09  -0.000177223   0.00348926  0.000968535 0.00202628  0.0725126    9.91766
1.77709e+09    0.003856 0.00122046 0.00812321  0.0687928 -0.0267369    9.64621
1.77709e+09   0.00189381   0.0060315 -0.00193948 -0.042602  0.131001   9.91885
1.77709e+09   0.00224444 9.80002e-05   0.0103628 0.0768185 0.0206759   9.74593
1.77709e+09  -0.00016551 -0.00660983  -0.0185757   -0.24282 -0.0545422    9.85969
1.77709e+09   0.00667369 -0.00214157  0.00891977 -0.00887178  -0.0464853      9.6334
1.77709e+09  -0.00755324  0.00253095 -0.00356122 -0.0729562 -0.0516643     9.9033
1.77709e+09  -0.00410834  0.00422237   0.0044061 0.00639066   0.163632    9.89679
1.77709e+09  -0.000833762   0.00646439    0.0122852  0.108188 0.0526864   9.93484
1.77709e+09  0.00391496 0.00201829 0.00559313  -0.091296 -0.0467626    9.67125
1.77709e+09  -0.00991892  -0.0009048 -0.00170139 -0.141159  0.136233   10.0141
1.77709e+09    -0.0109931   0.00246479 -0.000585184   0.108025 -0.0276982    9.66383
1.77709e+09  0.00830562  0.0122147 0.00166465 0.166498 0.151994   10.039
1.77709e+09  -0.00368285 -0.00270412  0.00641486 0.125962 0.143896   9.9504
1.77709e+09   0.00345996 -0.00165014 0.000418401 -0.00531485   -0.133359     9.62437
1.77709e+09   0.00395725  -0.0168655 -0.00541745 -0.020964 -0.199313   9.49132
1.77709e+09  -0.00706896 -0.00421031  0.00590667  -0.073871 -0.0943706    9.62298
1.77709e+09   -0.0124109   -0.010139 -0.00235186 -0.167177  0.110878   9.82101
1.77709e+09  0.00457352 0.00369896 0.00816526   0.236251 -0.0442613    9.76319
1.77709e+09    0.0110308   0.0068292 -0.00222864 -0.135858  0.220172   9.94794
1.77709e+09  -0.00844052   0.0054521 2.60202e-05   0.143693 -0.0461763    9.75459
1.77709e+09    0.0127524   0.0042565 -0.00202462  0.194362 0.0760463    9.7379
1.77709e+09   0.00841509 -0.00396178 -0.00329598  -0.183472 0.00136563     9.8185
1.77709e+09  0.00743983 0.00466519 0.00416262 0.032175 0.084107  9.90651
1.77709e+09   0.0155905  0.0108889 -0.0134288 -0.0183319   0.173929    10.0517
1.77709e+09  -0.00558429 -0.00752789  0.00270507 -0.170098  0.117154   9.89409
1.77709e+09    0.0145131  0.00340166 -0.00324439   0.137466 -0.0335972    9.75224
1.77709e+09  0.000768886 -0.00512397  -0.0116076 -0.0815356   0.100403    9.91928
1.77709e+09  0.00837793 0.00684736 0.00490094  0.0930921 -0.0690877    9.81486
1.77709e+09  -0.00532248  0.00738514  0.00433482   0.110577 0.00742482    9.67674
1.77709e+09  0.00759036 0.00243195 0.00329597 0.0313345  0.134935   9.87218
1.77709e+09   -0.0077746 -0.00064529 0.000289481  0.0239956 -0.0293238    9.66152
1.77709e+09  -0.00967437 -0.00350995   0.0111861  0.215755 -0.210797   9.58423
1.77709e+09  -0.000588024   0.00259769  -0.00376789 -0.196416  0.151116   9.96779
1.77709e+09   -0.00978667  2.15661e-05 -0.000911249 0.0900117  0.105575   9.86711
1.77709e+09  0.000934196  0.00311538   0.0183086 0.213468 0.134877  9.99408
1.77709e+09   0.0122798 0.00801019  0.0018798 -0.115042 0.0589583   9.91667
1.77709e+09  2.78235e-05 -0.00747437  0.00437164   0.258134 -0.0555147    9.64324
1.77709e+09  -0.00529402  0.00352201  0.00119766  0.110326 -0.113855   9.72564
1.77709e+09   0.00377267 -0.00329087 -0.00196505  -0.125514 -0.0236842    9.74508
1.77709e+09    0.0106208 0.000797746  -0.0108601  -0.286538 -0.0761768    9.69504
1.77709e+09  0.000329867  0.00417685  0.00304175 0.0538962 0.0753377   9.89056
1.77709e+09  -0.0078917   0.011446 -0.0153078 -0.162048  0.118718   10.0043
1.77709e+09  0.00782701 0.00382381 0.00911222     0.13122 -0.00185297      9.8101
1.77709e+09   -0.0011939 -0.00971798 -0.00888456 -0.0900791 -0.0524409    9.65806
1.77709e+09   -0.00830943 -0.000919615  -0.00192905  0.143477 0.0765431   9.83869
1.77709e+09   -0.0104773  -0.0133347 -0.00420022    -0.248454 -0.000650477      9.70665
1.77709e+09  -0.000681257  -0.00779234   0.00286282  -0.059082 -0.0662308    9.73184
1.77709e+09  0.00677271  0.0038542 0.00181491 -0.0335849   0.105594    9.89103
1.77709e+09   0.0165942 0.00257307  0.0138138 0.0124174  0.151488   10.0211
1.77709e+09    0.0064043 -0.00376947 -0.00462482 -0.015725 -0.033053   9.61903
1.77709e+09  -0.00245027  0.00439113 0.000497984 -0.350133  0.149651   9.86325
1.77709e+09    0.0136362   0.0011814 0.000168058  0.129799 0.0160157   9.85571
1.77709e+09  0.000476602 -0.00352051 -0.00728618 -0.0283657 -0.0936756    9.68512
1.77709e+09  -0.00698648  0.00802582 -0.00187784 -0.101246  0.276709   10.1091
1.77709e+09  0.00201835 -0.0036853 0.00103973  -0.121868 -0.0597344     9.7356
1.77709e+09   -0.0076084 -0.00181985 -0.00455349 -0.0681617   0.153332    9.95771
1.77709e+09  -0.00383981  0.00219149 -0.00073683 -0.141558  0.173492    10.094
1.77709e+09   0.00440991 -0.00644063 0.000559194  0.0606877 -0.0420018    9.66154
1.77709e+09  -0.00811386  0.00657174 -0.00136149 0.102902 0.125862  9.98802
1.77709e+09  0.00918112 0.00350845 0.00333509 -0.176424 -0.121017   9.65691
1.77709e+09  0.00569819 0.00145416 0.00471932  -0.318153 0.00715861    9.84458
1.77709e+09   0.00141226 -0.00037116  0.00549702  0.129597 0.0324944   9.81964
1.77709e+09  0.00303689 0.00729047 0.00183158 -0.0378954  0.0496961    9.91917
1.77709e+09   -0.0119157 -0.00141236  0.00486332   0.191168 -0.0344957    9.71636
1.77709e+09  0.00244787 0.00106832 -0.0023877 -0.0531581 -0.0371114    9.73689
1.77709e+09  0.00877544 0.00949315 0.00883259 0.0131208  0.169048   9.89621
1.77709e+09  -0.00180184 -0.00350313 -0.00999677  0.0293987 -0.0408354    9.74313
1.77709e+09    -0.017173 -0.00361155 -0.00178835 -0.181677  0.113751   9.88853
1.77709e+09   -0.00163797 -0.000788158   0.00431115 0.0702844 0.0725318   9.77387
1.77709e+09  -0.000929236  0.000664341  -0.00337801 -0.0630259   0.083558    9.89049
1.77709e+09  -0.00685991     0.01071  0.00241461    0.16605 0.00826947    9.73122
1.77709e+09  0.000310453  0.00440972  0.00790057   0.135486 -0.0297615    9.71418
1.77709e+09   0.00646288 -0.00835427 -0.00750621  -0.164834 0.00459089    9.72567
1.77709e+09  -0.00203297 -0.00886257  0.00336404  0.0207936 -0.0355576    9.65249
1.77709e+09   0.000697916 -0.000798597   -0.0113349 -0.217822 0.0362033   9.79663
1.77709e+09   0.00175288 -0.00743197 0.000455428 -0.311485 0.0434947   9.86159
1.77709e+09    0.00281053   0.00742602 -0.000690652 0.104477 0.150562  9.84423
1.77709e+09   0.0037389 0.00830052 0.00521533 -0.11464 0.152304  10.0971
1.77709e+09  -0.00323065  -0.0117185 -0.00886984 -0.00396681    -0.15114     9.47622
1.77709e+09  -0.00808901   0.0011668 -0.00359957    0.181786 -0.00799424     9.85014
1.77709e+09  0.000530961 -0.00544494  0.00586954 -0.0887531 -0.0433211    9.64279
1.77709e+09  -0.0130267 -0.0149393 0.00026334 -0.160149 -0.191296   9.67236
1.77709e+09   0.0019269 0.00232298 0.00527022 -0.0153509  0.0798376    9.84385
1.77709e+09   -0.00987572 -0.000611148 -0.000490645 -0.186269 0.0171849    9.9466
1.77709e+09  -0.00243824  0.00287751    0.010393  0.185568 -0.109931   9.59337
1.77709e+09  -0.00538553 -0.00253868 -0.00186094  0.065359 0.0404842   9.90966
1.77709e+09   -0.0040879 0.000209834 -0.00128062 0.129266 0.102409  9.83689
1.77709e+09  -0.00521136 0.000684918 -0.00594722 -0.0989471 -0.0116984     9.7237
1.77709e+09    0.00740015  0.000177612 -0.000879615 -0.125454 0.0799973   9.94073
1.77709e+09  -0.0104093 0.00824307 -0.0165458 -0.0725976   0.181477    10.0655
1.77709e+09  0.000840521 -0.00296608  0.00863842 0.0286438 -0.127085   9.65127
1.77709e+09    0.00361286 -0.000851436  -0.00483172  -0.299034 0.00286687    9.84208
1.77709e+09  -0.000714969    0.0020874  -0.00187358 0.157724 0.112026  9.87724
1.77709e+09   0.00241786  -0.0112356 -0.00528184 -0.0781924 -0.0807032    9.67821
1.77709e+09  -0.00127156 -0.00541137  0.00450708  0.143969 -0.218114   9.53566
1.77709e+09    0.00484247 -0.000348794  -0.00504552 -0.131158  0.171549   9.94254
1.77709e+09  -0.000251598  -0.00168806   0.00488358   0.130833 -0.0113614    9.81634
1.77709e+09  -0.00294745 -0.00387806 -0.00349703 -0.144201 -0.239578   9.61869
1.77709e+09   0.00901633 -0.00037491  0.00666843 -0.0747546   0.108617    9.93447
1.77709e+09  -0.00242277  0.00199008 -0.00326262  0.147223 0.0177338   9.75272
1.77709e+09  -0.00707364 0.000397346   0.0161935  0.218905 -0.116673   9.60128
1.77709e+09    0.00871815   0.00848326 -7.60686e-05 0.0359267 0.0524102   9.88173
1.77709e+09  -0.00663438 -0.00996559 -0.00193598  0.0478512 -0.0830872    9.69012
1.77709e+09  -0.00816647  0.00191401  0.00295235 0.0582299 -0.174958   9.60385
1.77709e+09   0.0141617 0.00282817 0.00483284  0.133118 0.0789675   9.80939
1.77709e+09  -0.00959984   0.0133041   0.0131572    0.164315 -0.00567007     9.87376
1.77709e+09  -0.00535965 -0.00939475 -0.00385973 -0.0476852  0.0275463    9.76553
1.77709e+09  -0.00713919    0.014585 0.000773015 0.0647853  0.155457   9.99748
1.77709e+09   0.00257631 -0.00339567 0.000662463  0.00707174 -0.00288914     9.64417
1.77709e+09    0.013228 -0.0110674 -0.0148317 -0.330041  0.106881   9.83621
1.77709e+09  2.46818e-05  0.00258268 -0.00334771   0.134686 -0.0181775      9.813
1.77709e+09  0.000141446  -0.0012512  0.00452707 -0.0345322 -0.0883993    9.67134
1.77709e+09   0.00528226 -0.00683873  -0.0153314 -0.0802947  -0.230206    9.47605
1.77709e+09  -0.00357954  0.00346337   0.0054201   0.164005 -0.0331141    9.67606
1.77709e+09  -0.00314637 -0.00108774  -0.0201891 -0.364064  0.103851   9.94158
1.77709e+09  0.00275862  0.0125801 0.00580391 -0.0784242   0.197148    10.0996
1.77709e+09  -0.00475618 -0.00660707  0.00325058  0.0747224 -0.0525465    9.65584
1.77709e+09    0.0132683  0.00168281 -0.00138139   -0.11165 -0.0384079    9.80835
1.77709e+09   -0.00228287 -0.000147819  -0.00152779  -0.302613 -0.0173942     9.7168
1.77709e+09   -0.00199528 -0.000736241   0.00869657 -0.0130729  -0.110053    9.71561
1.77709e+09   0.00354183  -0.0078885 -0.00313691 -0.184295 0.0522105   9.90246
1.77709e+09  -0.0014883  0.0100303 0.00137903 -0.200502 0.0939854   10.0769
1.77709e+09   0.00599736 -0.00163864  0.00406197  0.0921557 -0.0191618    9.73656
1.77709e+09   0.00503024  0.00203939 -0.00678323 -0.0745027 -0.0194302    9.75303
1.77709e+09    0.0171595  0.00344319 -0.00406564  -0.111871 -0.0591921    9.61668
1.77709e+09  -0.00281337 -0.00462307  0.00992864 0.0166602  0.109532   10.0368
1.77709e+09   0.00609101 -0.00126231 -0.00476581 -0.0132641  0.0234551    9.73869
1.77709e+09  -0.000263781  -0.00522275  -0.00139628  0.151174 -0.211314   9.51183
1.77709e+09   0.00645711 -0.00111302  0.00566208     0.174619 -0.000809029      9.77542
1.77709e+09  0.000550497   0.0055641 -0.00773551  -0.147905 -0.0754152     9.7111
1.77709e+09   0.00863851 -0.00120305  0.00542377 -0.0482427   0.157559    9.90222
1.77709e+09  -0.000814289  -0.00201136  0.000121993 -0.0674826 -0.0229494    9.74539
1.77709e+09  0.000656273   0.0100102  0.00212246 0.0621831  0.317012   10.0895
1.77709e+09  -0.00111099  0.00249972   0.0116502 0.108749 0.100677  9.96165
1.77709e+09   -0.00641052 -0.000609762    0.0020678  0.0466907 -0.0774747    9.61311
1.77709e+09   -0.00960393 -0.000205054   -0.0260982 -0.238571  0.116813   9.91958
1.77709e+09  -0.00316595 -0.00667118  0.00425029 -0.0258041 -0.0580195    9.67361
1.77709e+09   -0.0097937 -0.00320125 0.000243173 -0.0896208  0.0316541     9.8778
1.77709e+09    0.0181216 -0.00331105 -0.00625293 -0.318692  0.162585   9.97718
1.77709e+09  -0.0128124 0.00313889 0.00440917  0.108266 0.0455791   9.79021
1.77709e+09   0.00120041  0.00531088 0.000882808 -0.0529198   0.137744    9.85679
1.77709e+09  -0.0067944 0.00139287 0.00229653    0.149995 -0.00493017     9.69704
1.77709e+09   0.00304154 -0.00171954  0.00550032   0.0974833 -0.00726204     9.76001
1.77709e+09  -0.00334135 -0.00709484  -0.0165475 -0.0916042 -0.0252916    9.76185
1.77709e+09  0.00953863 0.00169868  -0.014547  -0.162331 -0.0564247    9.70137
1.77709e+09   0.00677303  0.00303301 0.000119806 -0.0179153   0.140466    9.90437
1.77709e+09    0.0117538 -0.00414654 -0.00195781 -0.161837 0.0324559    9.7662
1.77709e+09   0.00450867  0.00879911 -0.00891939  -0.278718 -0.0424902    9.86309
1.77709e+09  -0.00139399  0.00399652  0.00272696  0.167441 0.0267561   9.79103
1.77709e+09  0.000910539 0.000850684  -0.0126329 -0.0961314  0.0599276    10.0052
1.77709e+09  -0.00141367 -0.00110207   0.0215288  0.255015 0.0517866   9.77462
1.77709e+09   0.00283996  0.00513023 -0.00450218   0.200264 -0.0199077    9.82562
1.77709e+09    0.00226748 -0.000964787  -0.00973432 0.0333802  0.287413      10.1
1.77709e+09  -0.00585639 -0.00534218   0.0003595 -0.206462 -0.208196   9.58302
1.77709e+09    0.00099889 -0.000185231   -0.0116721 -0.106269 0.0180661   9.74493
1.77709e+09    0.00405668 -0.000441005 -3.14345e-05 -0.178233 0.0483113   10.0254
1.77709e+09   0.0114042 0.00101939 0.00400371 -0.148544  0.218237   9.99343
1.77709e+09   0.00373774 -0.00323032 0.000596966   -0.10352 -0.0322395    9.79939
1.77709e+09  -0.00176727 -0.00395435 -0.00688147 -0.0288786   0.129345    9.92201
1.77709e+09  -0.00464042  0.00412827 -0.00835348 0.00895217   0.136129    10.0481
1.77709e+09  -0.000341233   -0.0125727  -0.00643635 -0.181426 0.0527742   9.84703
1.77709e+09  -0.000553413   0.00682135  -0.00266209 0.0993045 0.0524355   9.90698
1.77709e+09    0.0184714 -0.00432803  0.00193455 0.0555509 -0.131005   9.59888
1.77709e+09  -0.000418043    0.0116767 -4.69224e-05   0.161261 0.00610365     9.8054
1.77709e+09    0.0124892 -0.00487594  0.00408862 -0.0873211  0.0404022    9.70417
1.77709e+09   0.00334435  0.00338678 -0.00244954  -0.13063 0.0503911   9.97006
1.77709e+09    0.006305 0.00213455 -0.0131155 -0.169714  0.158573   10.0318
1.77709e+09  -0.00427223 -0.00305224  0.00386532  0.0708868 -0.0691658     9.7473
1.77709e+09  -0.000683909    0.0109251   0.00790167 0.0877925  0.202538   9.99872
1.77709e+09  0.00382037 0.00744805 0.00132323   0.15162 0.0832583   9.91672
1.77709e+09  -0.00155112  -0.0045724  0.00845661 -0.0345172 -0.0204339    9.63237
1.77709e+09   0.00322174 -0.00607889   0.0102355  0.147127 -0.178484   9.54781
1.77709e+09  -0.00408958 -0.00757732  0.00238834 -0.126266 0.0907466   9.96052
1.77709e+09   -0.0045743  0.00490965 -0.00178776 0.127917 0.106048  9.87811
1.77709e+09   0.00304538 -0.00489681  -0.0046722   -0.120378 -0.00231221     9.73598
1.77709e+09  0.00410541  0.0025869 0.00260787 -0.0781364    0.05676    9.90462
1.77709e+09   -0.00450236 -0.000299823  -0.00144268 -0.15868 0.238077  10.0039
1.77709e+09  0.000575268  0.00185696  0.00033531 -0.0955752 -0.0173501    9.81037
1.77709e+09   -0.0146801  -0.0015245 -0.00316106 0.105741 0.251984  9.91792
1.77709e+09  -0.00121593 -0.00435448   -0.001504 -0.0563694 -0.0260684    9.66601
1.77709e+09    0.0111518  0.00727788 -0.00261223 0.0593302 0.0875408   9.83893
1.77709e+09  -0.00850428   -0.013879  -0.0118729 -0.0839228  -0.186602    9.65072
1.77709e+09   0.00529657 -0.00383402 -0.00223111 -0.101898  0.010867   9.71466
1.77709e+09  -0.00049146 -0.00158917  0.00331077 -0.130285  0.119196   9.93711
1.77709e+09   -0.00849954   0.00109722 -0.000468682  0.090878 -0.131336   9.61681
1.77709e+09   0.00393614 -0.00253923  -0.0102177 0.0381919   0.10536   9.91866
1.77709e+09  -0.000792457   0.00192558   0.00569744  0.0482154 -0.0709159    9.69899
1.77709e+09    0.0139082 -0.00856335  0.00317963  0.188522 -0.120226   9.55157
1.77709e+09  -0.00108229  0.00372492 -0.00186512 -0.112984  0.078512   9.91855
1.77709e+09   0.00216731  0.00373672 -0.00810217 -0.0458368 -0.0738178    9.68752
1.77709e+09  0.00293066 0.00555155 -0.0103628 -0.116998   0.20476   10.1055
1.77709e+09   0.00176781   0.0110263 -0.00361474 -0.117336  0.182081   9.95362
1.77709e+09  -8.97725e-06   0.00283517  -0.00755766 -0.00974007    0.215164     10.0868
1.77709e+09  -0.00239744 -0.00859255 -0.00221398  0.046394 0.0151526   9.69967
1.77709e+09   0.00511434  0.00220927 0.000953676  -0.136956 -0.0655041    9.78569
1.77709e+09  -0.00763804  0.00903954 -0.00423059 0.0630411 0.0868575   9.89156
1.77709e+09  -0.00369105 -0.00791814  0.00719928 0.0236215 -0.121675    9.6187
1.77709e+09   0.00529692 -0.00988869  0.00592666 0.0178487 -0.204164   9.54073
1.77709e+09   -0.00475713    0.0109976 -0.000966582 -0.0872935  0.0557364    9.93958
1.77709e+09  -0.00370256 -0.00812699  -0.0058383 -0.0504382  -0.051106    9.71056
1.77709e+09  0.00799845 -0.0132429 -0.0145166  -0.184046 -0.0964462    9.64752
1.77709e+09  0.000638331  0.00536818   0.0110373  0.122117 0.0925341    9.8388
1.77709e+09  0.000437856  0.00279764  0.00153244 -0.0585209  0.0598298    9.89345
1.77709e+09   0.000163443  -0.00482186 -0.000354613   0.115372 0.00222406    9.71639
1.77709e+09  -0.00612442 -0.00828181 0.000133427   0.184426 -0.0869165    9.53969
1.77709e+09  -0.00372126 -0.00259719 -0.00723757 -0.148569 0.0952951   9.89655
1.77709e+09   -0.0157502 -0.00267082  -0.0153591 -0.00798232   -0.194289     9.55336
1.77709e+09  -0.000474753  -0.00179828   0.00133282  -0.116792 -0.0624597    9.64889
1.77709e+09  0.000846852 -0.00115909 -0.00518723 -0.0769207  0.0895692    9.88607
1.77709e+09  0.00232386 -0.0079816 -0.0215607 -0.251971  0.176565   10.0071
1.77709e+09  -0.00121747 -0.00185508  0.00901805  0.144042 -0.116859   9.71993
1.77709e+09   0.00273343 0.000120654 -0.00178896 -0.153428  0.117416   9.97769
1.77709e+09  0.00912029  0.0134045 0.00444048 -0.069794  0.231013   10.0667
1.77709e+09   0.00335312 -0.00336318 -0.00016607  0.0486637 -0.0400018     9.6416
1.77709e+09  -0.00818493 -0.00339694  -0.0027603 -0.0668418 -0.0366178    9.80243
1.77709e+09  0.00127131 0.00472922 0.00671558  0.140431 0.0324062   9.83685
1.77709e+09    0.0158605 -0.00122774   0.0050931 -0.0149493 -0.0722305    9.70793
1.77709e+09  -0.00419406 -0.00598348 -0.00690371 -0.167092  0.132531   10.0358
1.77709e+09   0.00511638 -0.00479709 -0.00356923 0.0575631 0.0455027   9.75019
1.77709e+09  -0.00872358  0.00593268 -0.00166045 0.0401673 0.0970937   10.0061
1.77709e+09  -0.00397877 -0.00051046  0.00164787  -0.178313 -0.0667815    9.65158
1.77709e+09  -0.00728773 -0.00166319   0.0062039 -0.0335266  -0.157641    9.60753
1.77709e+09  -0.00214457  0.00316676 0.000121783 0.0976129 0.0515603   9.84225
1.77709e+09  -0.0140794 -0.0077316  -0.002197 -0.0247415 -0.0845661    9.69407
1.77709e+09    0.0137802 -0.00211537  -0.0060159 -0.0108833 -0.0977621    9.53637
1.77709e+09  0.000217255 0.000455232 -0.00272265 -0.0569999   0.101512    9.98346
1.77709e+09    0.0084666  0.00294179 -0.00552263 -0.238997 0.0449792   9.80179
1.77709e+09  -0.00356694 -0.00351223  0.00153183  0.0468312 -0.0438561    9.58749
1.77709e+09   0.00592493  -0.0058094 -0.00283423  -0.140083 -0.0226913    9.80065
1.77709e+09  0.00489812  0.0014548 -0.0148711   -0.31793 -0.0408457     9.6907
1.77709e+09   0.00354338 6.37319e-05  -0.0100794 -0.0155124  -0.100425    9.63504
1.77709e+09   0.00291915 -0.00243975 -0.00488845 -0.0279833  -0.184853    9.59522
1.77709e+09   0.00611487  0.00946089 -0.00012768 -0.120364 0.0675691   9.89928
1.77709e+09  -0.00308514   0.0014947 -0.00409709  0.188304 0.0338625   9.74715
1.77709e+09  -0.00321739   0.0116109  0.00539558   0.260265 -0.0785415    9.71453
1.77709e+09   0.00131712  -0.0027894 0.000995023 -0.0560445 0.00632041    9.80952
1.77709e+09  -0.00100803  0.00717352 -0.00371226 0.0377367  0.121324   10.0668
1.77709e+09  -0.00364026 -0.00219479  0.00282888 -0.0262093 0.00678103     9.7103
1.77709e+09  -0.0097673 0.00518427  0.0106787   0.234351 -0.0017012     9.7462
1.77709e+09    0.00266532 -0.000477957    0.0045312  0.103637 0.0174739   9.76259
1.77709e+09  -0.00212929 0.000914046 -0.00859892 -0.158864 -0.093362   9.83473
1.77709e+09   0.00195287  0.00218655 0.000637553 0.0187646 0.0765981   9.79347
1.77709e+09  0.00794341 0.00135016 0.00613681 0.0164775 -0.101063   9.69266
1.77709e+09  -0.00562782  -0.0138933  -0.0209394  -0.323221 0.00280263    9.82415
1.77709e+09  0.000537258   0.0087831  0.00571712   0.109538 -0.0145201     9.8835
1.77709e+09   0.00618848 -0.00207386  0.00619175 -0.0546353  -0.060405    9.58607
1.77709e+09  0.00112148 0.00281698 0.00771844  0.120552 -0.060781   9.77276
1.77709e+09    0.0059534 -0.00969376  -0.0025945  -0.126568 -0.0614837    9.65348
1.77709e+09  0.00734064 0.00244788 -0.0115076 -0.119465 0.0753157   9.91498
1.77709e+09    0.00150047 -0.000929375   -0.0115839 -0.26289 0.189156  10.0789
1.77709e+09   0.00219154 -0.00924561 -0.00405324  -0.172124 -0.0480464    9.79045
1.77709e+09     0.012044 -0.00271592  0.00415623 -0.336865 0.0185603   9.81127
1.77709e+09     0.001044  0.00663288 -0.00485204   0.12167 0.0421322   9.84813
1.77709e+09   -0.0137065  0.00194222 -0.00301337 0.00764002  -0.215048    9.60841
1.77709e+09   0.00101572 -0.00362701  0.00510318 -0.0771091  0.0929431    9.85133
1.77709e+09   0.00311635  0.00722441 -0.00830877 -0.168833  0.129374   10.0771
1.77709e+09     0.010795 -0.00233645  0.00560743 -0.0433325 0.00672723    9.79528
1.77709e+09   -0.00324536 -0.000502515   -0.0102975 -0.0721764   0.078467    9.93805
1.77709e+09   -0.0293794  -0.0010783 -0.00315326 0.0608979  0.169785   10.0306
1.77709e+09    0.00227517 -8.21675e-05  -0.00723384 -0.0166487 -0.0598295    9.70752
1.77709e+09  -0.00420053 -0.00527779  -0.0015395 -0.0990224 -0.0203413    9.87172
1.77709e+09   0.00782809 0.000756555  -0.0132444 -0.26782 0.152072  10.0083
1.77709e+09  -0.00242587 -0.00513582  -0.0114442 -0.0135903 -0.0440663    9.68943
1.77709e+09   0.00188222 -0.00111561 0.000523703 -0.177157  0.135643   10.0061
1.77709e+09  -0.000219831 -0.000811279  -0.00192337 -0.0898385   0.256422    10.1584
1.77709e+09  -0.00825695 -0.00387405 -0.00216034  0.0309505 -0.0271389    9.69446
1.77709e+09  -0.000512844 -0.000393309  -0.00786674  -0.149439 -0.0992075    9.73108
1.77709e+09  -0.00132215  0.00526712  -0.0175338 -0.324326 0.0616743   9.69591
1.77709e+09  -0.0108983  0.0016487 0.00175996  0.105609 -0.129761   9.61509
1.77709e+09   -0.00241601  -0.00681346 -0.000536636 -0.0983966  0.0636845    9.82938
1.77709e+09  0.000439616 0.000704344 -0.00385917  0.20027 0.154481  9.96681
1.77709e+09  -0.00205792  0.00298403  -0.0090236 -0.231527  0.100621   9.95737
1.77709e+09  0.00189213 0.00669777 0.00868094  0.115995 0.0480366   9.84643
1.77709e+09   -0.0119813 -0.00282216 0.000932773 0.00289052 -0.0331387    9.57688
1.77709e+09    0.0134365 -0.00256269  0.00588035 0.00794921  -0.205514    9.62968
1.77709e+09   0.00675644  0.00468611 -0.00269145 -0.0497225   0.130859    9.94312
1.77709e+09  -0.00353429  0.00275863   0.0040117 0.0385454 0.0447741   9.80794
1.77709e+09  -0.000570833   0.00277557  -0.00497147 -0.133708 0.0595899   9.84021
1.77709e+09  0.00759464 -0.0113206 0.00299311 -0.191557 0.0292206   9.89943
1.77709e+09  0.00153445 0.00433635 0.00227536 0.0980851 0.0226344   9.79979
1.77709e+09  -0.00161167 -0.00516465 -0.00402094 -0.0988798 -0.0549824    9.65934
1.77709e+09   -0.0131961    0.001595 -0.00160054 -0.0386485   -0.11305    9.55089
1.77709e+09   -0.00303605 -0.000723151  -0.00383232 -0.0985979   0.145746    9.92426
1.77709e+09  -0.00114746 -0.00721062   0.0197692   0.204051 -0.0624843    9.58664
1.77709e+09   0.00498187 -0.00219039 -0.00321594    -0.11058 -0.00525806     9.83429
1.77709e+09   0.00454368 -0.00131721  0.00780033 0.0297489  -0.15571   9.48545
1.77709e+09   0.00362971 -0.00389124  0.00479035 -0.0671346  -0.145777    9.63236
1.77709e+09   0.00514775 -0.00566957  0.00222276 -0.141752  0.117032   9.90289
1.77709e+09    0.0074273   0.0121275 -0.00957433 -0.274382 0.0942607   10.0349
1.77709e+09  -0.00508825 -0.00854258   0.0119346   0.208125 -0.0471682    9.75289
1.77709e+09   0.00835639 -0.00349432  -0.0142727 -0.0766933 -0.0788945    9.76546
1.77709e+09  -0.00691764 -0.00768772  0.00828213 -0.109883 -0.122951   9.65304
1.77709e+09   0.00276529 -0.00233955   0.0011367  0.0637877 -0.0596846    9.76559
1.77709e+09  2.44412e-05  -0.0093567 -0.00584166 -0.266708 0.0714439   9.86344
1.77709e+09  0.000169064 -0.00210421 -0.00704894 -0.179885 0.0081425   9.95119
1.77709e+09  -0.00286846  0.00863977  0.00698864  0.174476 0.0533264   9.87445
1.77709e+09  0.000509603  -0.0128238  -0.0164525   -0.14511 -0.0199105    9.65322
1.77709e+09  -0.000948539   0.00165853   0.00842944    0.194271 -0.00979454     9.75186
1.77709e+09   0.00172537 -0.00402842 -0.00107176   -0.122014 -0.00476469     9.73743
1.77709e+09   -0.00383133 -0.000211327  0.000338216  0.0412063 -0.0632813    9.68946
1.77709e+09   0.00293908 0.000613129 -0.00595926 -0.123113 0.0461554   9.84499
1.77709e+09   0.0001045  0.0078742 0.00283396 -0.0259599  0.0319013     9.9545
1.77709e+09   0.00756562  0.00428819 -0.00216485 -0.0242133   0.224981    10.0689
1.77709e+09   0.00739987 -0.00134196 -0.00224125 -0.039494 -0.105314   9.62581
1.77709e+09  -0.00404732 -0.00118381   0.0032594  0.167846 0.0370572   9.73137
1.77709e+09   -0.0087575   0.0001363 -0.00310287 -0.0622568 -0.0799339    9.74638
1.77709e+09   0.0043125 0.00449256 0.00223178 -0.138827  0.163221   10.0114
1.77709e+09   -0.0133771 -0.00274698   0.0126815  0.0505637 -0.0444879     9.7316
1.77709e+09  0.00158115 -0.0098395 -0.0145037  -0.164647 -0.0310918    9.76194
1.77709e+09     0.0088541 -0.000721099   -0.0128491 -0.309511 -0.038074   9.70472
1.77709e+09   0.00871988 -0.00488282 -0.00178848 0.0326593 -0.117246   9.62699
1.77709e+09   0.00477332 -0.00155808 -0.00211594 -0.150347  0.174256   10.0465
1.77709e+09  -0.00213224  0.00296693 -0.00425576 -0.121006  0.108458   9.98809
1.77709e+09   0.00283444  0.00100958 0.000706162   0.116503 -0.0410658    9.78009
1.77709e+09  -0.00516769 -0.00238405  0.00159508  0.207369 0.0521075   9.73599
1.77709e+09   0.00351994 -0.00155645 -0.00858753 -0.0547745 -0.0648415    9.83693
1.77709e+09   -0.00177167 -0.000488167   0.00259832   0.088652 -0.0765315    9.75519
1.77709e+09    0.0164324 -0.00425718  -0.0143652 -0.236351 0.0372957   9.92026
1.77709e+09  0.000756821 -0.00250855 -0.00891778  -0.10411 0.0811248   9.83379
1.77709e+09   -0.0108567  0.00214758 -0.00289269  0.127755 0.0455084   9.88045
1.77709e+09  -0.000772489  -0.00167781    0.0104956 0.0919268 0.0894032   9.84281
1.77709e+09  -0.00314067 -0.00116027 -0.00460153  -0.125826 -0.0714321    9.72262
1.77709e+09  -0.0160991  0.0104171 -0.0116143 -0.163026  0.228434   10.1228
1.77709e+09  0.000839039  -0.0043234  0.00575164  0.092392 -0.158832   9.62647
1.77709e+09  -0.00796435  0.00344284 -0.00130716 -0.0336454   0.123934    10.0102
1.77709e+09  -0.00638741   0.0188189 -0.00973013 -0.00182875    0.280639     10.1611
1.77709e+09    0.00685379 -0.000497816   0.00730671 -0.00900004  -0.0605239     9.70091
1.77709e+09  -0.00779827   -0.003456  -0.0013491  -0.145636 -0.0310354    9.79177
1.77709e+09  -0.00896459  -0.0110779 -0.00224981 -0.306103 0.0893559   9.86622
1.77709e+09  -0.000630727   0.00225329   0.00072576  0.178145 0.0308704   9.82449
1.77709e+09  -0.00371536  0.00389886  -0.0024772 -0.158403  0.172417   9.96517
1.77709e+09   -0.00613927 -6.85072e-05  -0.00274828 -0.141009  0.119519   9.95588
1.77709e+09    0.0152653 -0.00306531 -0.00259964  0.154188 0.0765072   9.84904
1.77709e+09   -0.0100667  0.00459369 0.000992012  0.188453 0.0598267   9.93913
1.77709e+09   0.00971175 -0.00369544 -0.00143778  -0.11514 0.0195106   9.75038
1.77709e+09   0.00310638  0.00349592 -0.00295068 -0.111028 0.0575213   9.84277
1.77709e+09  0.00482908 0.00476628  0.0101184 -0.0988939   0.234819    10.0346
1.77709e+09  -0.00652778 0.000604429 -0.00527392 -0.117511  0.034497   9.88626
1.77709e+09  -0.00433658  0.00551911  0.00591659 0.0550522  0.107509   9.80947
1.77709e+09  0.0130122 0.0025537 0.0122317  0.140918 -0.010305   9.83685
1.77709e+09  0.00410937 0.00793151 -0.0124705 -0.282736 0.0637848   9.87418
1.77709e+09   0.00839419  0.00754585 -0.00509797  -0.16834 -0.034706   9.80801
1.77709e+09  0.00542818 0.00452872 0.00617878   0.110909 -0.0466628    9.71485
1.77709e+09  -0.000675626  -0.00571903 -0.000445968 -0.0952981 -0.0406859    9.74737
1.77709e+09  -0.00467313  0.00061509 -0.00505813 -0.0280441 -0.0441434    9.66507
1.77709e+09   -0.0101873  -0.0044333 -0.00307488 -0.153925 0.0273345   9.86642
1.77709e+09  0.00344953  0.0067916 0.00484916 0.0427189  0.159343   9.91438
1.77709e+09  -0.00614728 0.000315544 -0.00333691 0.0877632  0.185484    10.116
1.77709e+09    0.00613657 -0.000893247  -0.00158631 -0.176279  0.107244   9.94699
1.77709e+09  -0.00580588  0.00860412  0.00742606   0.239778 -0.0828894    9.76952
1.77709e+09  2.00485e-06  -0.0104653 -0.00587467 -0.107748  0.160454   9.97427
1.77709e+09  -0.00298859  0.00340698   0.0110291  0.181204 0.0164286   9.81633
1.77709e+09  -0.00560124   0.0161933  0.00942068  0.179498 0.0508264   9.83906
1.77709e+09   -0.00121407   0.00455575 -0.000382395 0.0940367  0.160207   9.91136
1.77709e+09    0.0163046 -0.00301336  0.00230574 0.0119428 -0.095497   9.64265
1.77709e+09   0.00730444 1.91387e-06  0.00368435 -0.124302 0.0133897   9.86494
1.77709e+09   -0.00305464 -0.000418118   -0.0116918 -0.0102516 -0.0676527    9.67329
1.77709e+09  -0.00382148   0.0034211  0.00822679 -0.116003  0.112902   9.95225
1.77709e+09   0.00622109 0.000285969  -0.0038667 -0.154108   0.12653   9.97099
1.77709e+09   -0.00560722  -0.00284634 -0.000319016    0.155021 0.000320371     9.80571
1.77709e+09    0.0107243  0.00360569 -0.00125955 -0.0123821  0.0760258    9.89374
1.77709e+09  -0.0102209 0.00106404 0.00666449  0.117863 -0.165718   9.67001
1.77709e+09   0.00779174 -0.00642005 -0.00411447 -0.107206 0.0394167    9.7703
1.77709e+09   0.00300012 0.000389935   0.0011197   0.013759 -0.0565767    9.67145
1.77709e+09   0.00506821 -0.00257917 -0.00584004 -0.214857  0.106613   9.93039
1.77709e+09    0.0017441   0.0120304 -0.00041117 0.103832 0.058866  9.89959
1.77709e+09  -0.0020859 0.00202912 0.00592371 0.0993852  0.271615    9.9762
1.77709e+09   0.00444047 -0.00240592 0.000353338 -0.0977227  0.0564898    9.88835
1.77709e+09  -0.00822126 -0.00333712   0.0112353  0.103266 0.0976162   9.82843
