 0.0426004906728 -0.0958453210913 0.00534400400042 0.10502231077  0.127459559359 -0.033755347134   9.84961927661  0.289799417292 -0.107569037972  0.954118775345 1777094055.61
 0.0515914147945 -0.0992500429326  0.0353788094895 0.117319671256    0.10809463633 -0.0192393689923    9.84229980634  0.516949473048 -0.211526700345   1.78004780039 1777094055.63
0.0642340099066 -0.104697379521 0.0798361939234 0.146496986888  0.0795434818583 0.00343727004503    9.83176797296  0.673950267927 -0.324268789433   2.48578920236 1777094055.65
0.0776246733658 -0.111775853283  0.131399534072 0.189169946997 0.0461707507426 0.0323192192968   9.82019870407 0.609759448888 -0.37674699427  2.55816324141 1777094055.67
0.0885301596697 -0.119709039303  0.181767401952 0.23496219201 0.0131709368548 0.0650251149608   9.80939375579  0.430720575677 -0.405634785809   2.40668839927 1777094055.69
0.0940401610041 -0.127235279157  0.223122488345 0.273525159628 -0.0141851032928  0.0990170250769    9.80002898093  0.089260100806 -0.317826859185   1.67376394034 1777094055.71
0.0921386324826 -0.132557664502  0.249431807652 0.297114941871 -0.031266045343   0.13184521772   9.79115064124  -0.28695624082 -0.148152742436  0.821118759635 1777094055.73
0.0820800705483 -0.133410158629  0.257346015292 0.301267953811 -0.0346454151261   0.161314909154    9.78008368896  -0.694469668239   0.133069280376 -0.0719296780977 1777094055.75
0.0645083925459 -0.127263356755  0.246570006258 0.284875521356 -0.0224527766943   0.185543553205    9.76282272485  -1.04650478853  0.558379355798 -0.966682341257 1777094055.77
0.0413174966344 -0.111660635825  0.219692618176 0.249880130466 0.00549580093144   0.202915854063    9.73486433874  -1.2935400764  1.12061446749 -1.70912516151 1777094055.79
 0.0153074708797 -0.0846398109994   0.181561944488 0.200905340788 0.0477485267208  0.211986769239   9.69233220785 -1.26086454669  1.62505383595 -1.98775204683 1777094055.81
-0.0102746998533 -0.0451665012832   0.138357557691 0.145905435352 0.101388322459 0.211412381418  9.63316617282   -1.186751373  2.27628788197 -2.12335213601 1777094055.83
 -0.032212902726 0.00650821970523  0.0965378281524 0.101978332454 0.162266414056 0.199989130122  9.55811045947 -0.916615350698   2.78469375877  -1.87228990823 1777094055.85
-0.0477378172403  0.0686471164926  0.0618349284753 0.103994635329 0.225267954355 0.176848233491  9.47125353372 -0.533393098105    3.1015793204  -1.36994490783 1777094055.87
 -0.05483290446   0.13803922349 0.0384415455031 0.153424988362 0.284610181207  0.14179256684  9.37994307809  -0.11755908434   3.55745219756 -0.837729142187 1777094055.89
-0.0524169967502   0.210243638138  0.0284909716132 0.218544422004  0.334195968593 0.0956972071943   9.29401485629  0.335184263612    3.3012600819 -0.152474348696 1777094055.91
-0.0404151920292   0.280040575246  0.0318829699635 0.284732568044 0.368047568798 0.040845761092  9.22441473117 0.833982887716  3.36334192377 0.458507400083 1777094055.93
-0.0197395251802   0.342027529286  0.0464564032205 0.345732088537   0.380824389561 -0.0189381078298    9.18143172198 1.36185547508 3.14154884428 1.03307432453 1777094055.95
0.00780314105474   0.391271356592  0.0684603621992 0.397292064723   0.368391911159 -0.0784717834986    9.17286557105 1.47056825402 2.02700784871 1.15789968862 1777094055.97
0.0396690195191  0.423915320659 0.0932336508732 0.435855875095   0.32837011765 -0.131741709537   9.20249622267 1.58837991366 1.13324894603 1.16110209171 1777094055.99
0.0728019497347   0.43764554629  0.115974342997 0.458567112107  0.260564076865 -0.172716632881    9.2691870034  1.51825426737 0.189694124553 0.927161577557 1777094056.01
0.103924093782 0.431943495072 0.132472688299 0.463599410427   0.16717720373 -0.196294356268   9.36683827606   1.39937865955 -0.724688408545  0.581551788092 1777094056.03
0.129880049538 0.408086829622 0.139694778331 0.450464558952 0.0527323874205 -0.199175986586   9.48523533503   1.16883371941  -1.67163697446 0.0972091119442 1777094056.05
0.148002149895 0.368904153258 0.136138555069 0.420153087387 -0.0763269685659  -0.180463466952    9.61164270716  0.675612789223  -2.28266971718 -0.451799427536 1777094056.07
0.156445461207 0.318331185993  0.12192981299 0.375069067778 -0.212324778425  -0.14183594542   9.73283423533  0.167158888502  -2.80964601184 -0.974186064316 1777094056.09
 0.154430884194  0.260848471344 0.0986725045242 0.318790034575  -0.347238638811 -0.0872602424228    9.83715602116 -0.34454240989 -2.86859958114 -1.29038254561 1777094056.11
 0.142340700443  0.200897425569 0.0691045683264 0.255726596127  -0.473647647128 -0.0223000103985    9.91622055816 -0.793294636148  -2.86583476843  -1.50067602751 1777094056.13
 0.121634670589  0.142369756199 0.0366318839183 0.190803656907 -0.585581107034 0.0468231701796   9.96592255288  -1.2195999223 -2.87732395798 -1.64197937165 1777094056.15
  0.094591619299  0.0882460776668 0.00481872768222 0.129453330593 -0.679115300752  0.114215828211   9.98662328168 -1.44052306504 -2.54448447204 -1.49073087008 1777094056.17
 0.0639214155717  0.0404272848937 -0.0230929014428 0.0790796739346 -0.752607233728  0.175144989877   9.98252974813 -1.60980359727 -2.28753045464 -1.27699691807 1777094056.19
   0.0323239090398 -0.000236320931385   -0.0445759153853 0.0550627203799 -0.806524719598  0.226559642217   9.96045510708  -1.53505167111  -1.84142966175 -0.868566138728 1777094056.21
0.00208571525152 -0.0337500831178 -0.0580809063897 0.0672072169162 -0.842917157582  0.267218615357   9.92825519512  -1.39475152791  -1.46536831503 -0.450282594078 1777094056.23
 -0.025201264818 -0.0606740156757 -0.0631473842034 0.0911264618998 -0.864650388818  0.297430616613    9.8932748799    -1.2722584576   -1.20244354168 -0.0571389407951 1777094056.25
-0.0487426951887 -0.0817892951998 -0.0603636827529 0.112734703348 -0.87458140958 0.318494536426  9.86110527085  -1.08188563405 -0.928802909931  0.298939172748 1777094056.27
-0.0684503388626 -0.0978035093671 -0.0511970985077 0.129892718158 -0.87486024193 0.331986502941  9.83486093059 -0.932217789511 -0.709591529824  0.586920435086 1777094056.29
-0.0846871545771  -0.109149729868 -0.0377332009271 0.1432109358 -0.866513509758  0.339063279393   9.81505914617 -0.728248871275 -0.447402063154  0.712267791021 1777094056.31
-0.0979210978171  -0.115908966003 -0.0223730615497 0.15337530336 -0.849395303312  0.339938185162    9.8000516313 -0.574046246676 -0.210921560246  0.731454270581 1777094056.33
  -0.108385033322   -0.117857031045 -0.00753717628249 0.160294741777 -0.822502770452  0.333643356351   9.78685184203 -0.451579970684 0.0326961772013  0.679321885082 1777094056.35
-0.115841300225 -0.114611472422 0.0045847011305 0.163021519846 -0.784568194032  0.318132830471    9.7721383157 -0.252122411494   0.27208054693  0.447082243697 1777094056.37
-0.119523840491 -0.105836470363 0.0122149864526 0.160114061839 -0.734777096203  0.290716212376   9.75320327615 -0.0631002979964   0.598347598489   0.245789529522 1777094056.39
 -0.118283273261 -0.0914555009329  0.0140967228253 0.150179089685 -0.67343796284 0.248751332564  9.72865216081   0.237970593145   0.938908747459 -0.0738270763437 1777094056.41
 -0.110902939443 -0.0718228584408 0.00954047145744 0.132472659698 -0.602447525728  0.190472911199    9.6987320245  0.527562612759   1.05707391296 -0.379489210888 1777094056.43
 -0.0965029565291  -0.0478144162994 -0.00157041318742 0.107710283736 -0.525447823692  0.115798990397    9.6652580645  0.90617831849  1.28459637384 -0.71362638563 1777094056.45
-0.0749200701125 -0.0208136227091 -0.0187964733373 0.079997069983 -0.447639965075 0.0269445292923   9.63119747784    1.2385066126   1.38036718934 -0.989778019161 1777094056.47
-0.0469529949317 0.00741107908834 -0.0411692835853 0.0628841612589  -0.375285277005 -0.0713118115474    9.60003835105  1.52035568498  1.40000063016 -1.21665213003 1777094056.49
-0.0143962480249  0.0349189863766 -0.0672301640769 0.0771134393512 -0.314973889604 -0.171813371899   9.57510383216  1.67377149223  1.30810568519 -1.34488435265 1777094056.51
 0.0201590204296  0.0598612547819 -0.0950941471362 0.114160644481 -0.272769850288 -0.265693158848   9.55896415464  1.69500065145  1.14035845563 -1.37689483764 1777094056.53
0.0537169061003 0.0807439901488 -0.122560319974 0.15628861116 -0.253354112972 -0.343460339618   9.55305759419  1.58296483067 0.920902722533 -1.30704332239 1777094056.55
0.0833707467434 0.0966351929834 -0.147287640746 0.194891485325 -0.259287605095 -0.396351029157   9.55757006264  1.32762908502  0.66363542438 -1.11282558267 1777094056.57
 0.106784035083  0.107270395047 -0.167041462634 0.225416543406  -0.29050844327 -0.417718551563   9.57155863577   1.01247835183  0.423747525279 -0.845137142617 1777094056.59
 0.122550384502   0.11303285177 -0.179991714907 0.245340660626 -0.344158107028 -0.404206563999   9.59325258852  0.585704654257   0.18734765659 -0.446524310371 1777094056.61
 0.130360359997  0.114811686022 -0.185015371749 0.253783834176 -0.414796368128   -0.3564661315   9.62043763283   0.204288564455  0.0178987810813 -0.0472131809516 1777094056.63
 0.130954929697  0.113769217581 -0.181934091438 0.251381467313 -0.495011214529 -0.279246816682   9.65082887668   -0.11217590328 -0.0940341370156   0.336830565002 1777094056.65
 0.125897291503  0.111070411988 -0.171614116769 0.240079506625  -0.57636149166 -0.180802794392   9.68236112377 -0.351906543036 -0.157244213537  0.668216206531 1777094056.67
0.117232156557 0.107637400164 -0.15587666343 0.222770560548 -0.650518929784 -0.071687304906   9.71336089319 -0.491860539312   -0.1855071162   0.90095934756 1777094056.69
 0.107115655238  0.103986844792 -0.137211091107 0.2027656554 -0.710422061879 0.0368662717195   9.74260076993 -0.481994560539 -0.181883318964  0.916463257905 1777094056.71
0.0974895090282  0.100187402691 -0.118338042551 0.183154613219 -0.751237026693  0.134690310474   9.76926414398 -0.427799509295 -0.199271801753  0.879295716035 1777094056.73
0.0898468223351 0.0959429097899 -0.101716869019 0.166204136127  -0.7709503894 0.214239543949  9.79286258766 -0.325818684557  -0.24768032788   0.76883338455 1777094056.75
 0.0851045578337  0.0907726302487 -0.0891133099136 0.153047829681 -0.770492457552  0.271677507438   9.81314842521 -0.156841989287 -0.292598067747  0.509417453751 1777094056.77
  0.083570119829  0.0842333476157 -0.0813303524801 0.143853564479 -0.753386493637  0.307303831233   9.83005310764 -0.00324892659547   -0.364041204096    0.272069284261 1777094056.79
 0.0849737697432  0.0761178658096 -0.0781609473045 0.138288122134 -0.725012596131  0.325260552943   9.84366146843  0.119775693429 -0.425836250256 0.0667907710607 1777094056.81
 0.0885371953648  0.0665739982074 -0.0785605517346 0.135803875089 -0.691641127658   0.33259039296   9.85420912721   0.193279624753  -0.478199587407 -0.0673952030466 1777094056.83
 0.0930589911676  0.0561139489242 -0.0809802053627 0.135523225912 -0.659417227619  0.337834680888   9.86207377107  0.212012505149 -0.526644562231 -0.130150475113 1777094056.85
 0.0970140480473  0.0455172762611 -0.0837643315933 0.136014746274 -0.633466118785  0.349431843369   9.86772860884  0.140023102789 -0.509667164273 -0.112891822395 1777094056.87
 0.0986782378136   0.035660570543 -0.0855106505658 0.135355614105 -0.617248595484  0.374198017813    9.8716408323 -0.0172698137705  -0.437195837089 -0.0371724581212 1777094056.89
 0.0962954222307  0.0273248267298 -0.0853111397075 0.131519751584 -0.612240256057  0.416140311427   9.87412464588 -0.260037194203 -0.366393646724 0.0670648101881 1777094056.91
 0.0882969712148   0.021033316398 -0.0828332732925 0.122882491384  -0.6179484625 0.475781603021  9.87518621482 -0.59532592006 -0.27146718062 0.185036776076 1777094056.93
 0.0735655275535  0.0169600496961 -0.0782463264852 0.108729102536 -0.632226904713  0.550080986488   9.87441431635 -0.905742323011 -0.151164167756   0.26730466235 1777094056.95
 0.0517101384963  0.0149271447218 -0.0720356869174 0.0899216228864 -0.651806031372  0.632934813448   9.87096771976   -1.25352855617 -0.0617053805932   0.336048050709 1777094056.97
 0.0232974157136  0.0144855843498 -0.0647703662341 0.0703406146901 -0.672933314768  0.716155894025   9.86368835997   -1.57464839443 0.00323754489332   0.386238690993 1777094056.99
-0.0100281984996  0.0150540814007 -0.0568921573843 0.0596984732117 -0.692012317118  0.790763769739     9.851335398  -1.76230879105 0.0407582801786  0.414125553085 1777094057.01
-0.0455961326657  0.0160789387958  -0.048581047443 0.0685394613163 -0.706142491166  0.848382802604   9.83290027803  -1.72140910004 0.0522044697902  0.422499023228 1777094057.03
-0.0799688156734  0.0171751418949 -0.0397260796407 0.0909294142889 -0.713488489096  0.882538584709   9.80793745697  -1.55902386696 0.0521854988589  0.453980654933 1777094057.05
 -0.109401455064  0.0182147063422 -0.0300012279391 0.114893548883 -0.713442863087  0.889665107097   9.77683629278  -1.27139828127 0.0545445230944  0.521555966156 1777094057.07
 -0.130445489084  0.0193406521989 -0.0190194210293 0.13323597422 -0.706583371499  0.869680854071    9.7409678777 -0.805109617374  0.069351124279  0.606076818872 1777094057.09
  -0.140593256491   0.0209015286713 -0.00652041566697 0.142287924618 -0.69445969153 0.826054910406  9.70266284574 -0.215813074581  0.102362510887  0.681159811916 1777094057.11
 -0.138834164056   0.023319492845 0.00745732639199 0.140976365298 -0.679268675217  0.765356125064   9.66500634377 0.352071807402 0.145171871391 0.698987406931 1777094057.13
-0.125993828034 0.0269213982142 0.0224646277962 0.130781749058 -0.663488172233  0.696350586274   9.63146855454 0.825942562728 0.204927615983 0.731115051394 1777094057.15
-0.104760693579 0.0317735856454 0.0376187785835 0.115756365553 -0.649535297783  0.628776598419   9.60541910153  1.16941907772  0.26689779103 0.732696717311 1777094057.17
-0.0793643218674   0.037563701243  0.0516802330051 0.101885100579 -0.639497851831  0.571974134008   9.58959817551  1.24889400276 0.295601243311 0.641793511898 1777094057.19
-0.054943141534 0.0435649228531 0.0632194953863 0.0944105709215 -0.634962750998  0.533570193987   9.58563276572  1.10598012653 0.288755710801 0.496983322112 1777094057.21
-0.0367099131198   0.048700161855  0.0708474216856 0.0934809105939 -0.636939915385  0.518416733702   9.59368853783 0.644912379653 0.202799919556 0.255509206804 1777094057.23
-0.0290733278619  0.0516999754543  0.0734689118653 0.0944236562818 -0.645860595809  0.527941018352   9.61233299708   0.0439248094444   0.0633707315151 -0.00808410462216 1777094057.25
-0.0348910299978  0.0513242814684  0.0705126668708 0.0939340302116 -0.661619628173  0.560002509095   9.63865337513 -0.649807216785 -0.127758318869 -0.285110191984 1777094057.27
-0.0550071846004  0.0466011309769  0.0620901418507 0.0951453702553 -0.683632193393  0.609266087387   9.66862791116  -1.33866520005 -0.359140204515 -0.539353149376 1777094057.29
-0.0881698094663  0.0370305269479  0.0490464500003 0.107474320119 -0.71088513149 0.668014997047  9.69770062561  -1.97638137178 -0.618596309005  -0.75616139337 1777094057.31
-0.131341620413 0.0227088797557   0.03288466857 0.137286983722 -0.741976940656  0.727256272709   9.72146749811  -2.28618795573 -0.810735575716 -0.830419024782 1777094057.33
  -0.18033182684 0.00434772585653  0.0155701593053 0.181054965003 -0.775155148557  0.777930793725   9.73635511105   -2.3974612521 -0.954622112145 -0.812404201931 1777094057.35
   -0.230606127349   -0.0168163026386 -0.000752122208986 0.23121967843 -0.808370871601  0.812036009081   9.74016730935  -2.36988732424  -1.05564842005 -0.718590055795 1777094057.37
 -0.278095871641 -0.0392005299511 -0.0140735582207 0.281197546954 -0.839374683088  0.823499766229   9.73239354805  -2.22519291644  -1.10454222679 -0.550038883169 1777094057.39
 -0.319834458493 -0.0611075004249 -0.0228082105809 0.326417557612 -0.865872970567  0.808699485074   9.71421272001  -1.97566573771   -1.0827737774 -0.309026161739 1777094057.41
 -0.354297626382 -0.0809632938896 -0.0259927484642 0.364359007011 -0.885749218933  0.766589203691   9.68818290726     -1.533731369  -0.907071781514 -0.0138274857358 1777094057.43
 -0.381401228428 -0.0975190134288 -0.0233632710369 0.394363661434 -0.897332438218  0.698464318152   9.65767157498 -1.19257763687  -0.7225190394 0.266202654466 1777094057.45
 -0.402194601242  -0.109981510562 -0.0153013674972 0.417241610798 -0.899670940082  0.607448725015   9.62613988031 -0.926050808098  -0.51460814568  0.518491832211 1777094057.47
  -0.418357339003   -0.118055592382 -0.00267170496275 0.434703489747 -0.892751987223  0.497823528037   9.59643457689 -0.735567075822 -0.297657170151  0.716964969525 1777094057.49
-0.431644614381 -0.121898856866 0.0134038702257 0.448727164507 -0.877604556314  0.374326371491   9.57024796038  -0.633190676241 -0.0998376922609   0.870307412963 1777094057.51
-0.443423320557 -0.122007845386 0.0317809652636 0.460999116379 -0.856238173607  0.241535971766   9.54787288775  -0.57098584134 0.0710628745525  0.955485520347 1777094057.53
-0.454401937672 -0.119066561048 0.0514858878742 0.472555566648 -0.831404045283  0.103422299913   9.52830974803 -0.52575145317 0.204001233824  0.99463509921 1777094057.55
-0.464594626854 -0.113792989145 0.0718335874916 0.48369109561   -0.80620762022 -0.0369020248609    9.50969204506 -0.475975425779  0.305436785961   1.02150109687 1777094057.57
-0.473493364946 -0.106815457588 0.0924584104979 0.494119485853 -0.783642193264 -0.177238287326    9.4899128517 -0.393344793889   0.37883967398   1.03315673548 1777094057.59
 -0.480369291993 -0.0986000360636   0.113267214659 0.503295227196 -0.766138815031 -0.316209827672   9.46728212563 -0.278332809318  0.435578273875   1.04966845727 1777094057.61
 -0.484598795622 -0.0894359602289   0.134339999353 0.510766110002 -0.755230057314 -0.453083308431   9.44104153008 -0.138558579357  0.477837103213   1.06278455046 1777094057.63
 -0.485915759249 -0.0794723295077   0.155810229583 0.516436640728  -0.75140207933 -0.587564477382   9.41160954317 0.00185176269897    0.51484454019     1.0826224011 1777094057.65
 -0.484524536225 -0.0687896619014     0.1777553283 0.520665920267 -0.754166096135 -0.719615204829   9.38050918691 0.121451839556 0.549593515351  1.10761080607 1777094057.67
 -0.481057169085 -0.0574862512595   0.200119372924 0.524183586572  -0.76232755773 -0.849316407018   9.35001715254 0.203448193935 0.577230896113  1.12603574931 1777094057.69
 -0.476408055805 -0.0457612772525   0.222678052531 0.527867639859 -0.774382556971 -0.976779631018   9.32263978528  0.24043706725 0.592254498589  1.13198549569 1777094057.71
   -0.4715150775 -0.0339817777946   0.245043848989 0.532473208208 -0.788938803618  -1.10209504104   9.30055130428 0.230066578042 0.573565174761  1.09610379918 1777094057.73
 -0.467168047148 -0.0227255663493   0.266700129444 0.538415633769 -0.805051553637  -1.22529869789   9.28512032863 0.188878204503 0.526231468658  1.04327473293 1777094057.75
 -0.463910421245 -0.0127945294275   0.287048408196 0.545686143832 -0.822385644903  -1.34634705834   9.27661260676 0.128276845828 0.440638115113 0.973952652808 1777094057.77
  -0.462063830594 -0.00519229799687    0.305454319421 0.553924439572 -0.841158821301  -1.46509786894   9.27410731848 0.051410213034 0.294088293992 0.857957698869 1777094057.79
  -0.461858954316 -0.00105926568004     0.32128424854 0.562617440261 -0.861878375159  -1.58130820378   9.27561679932 -0.0398455439961   0.093289788411   0.731388822607 1777094057.81
 -0.463615376199 -0.0015596870028   0.333933868181 0.57136107497 -0.884938903018  -1.69466619066   9.27836481209 -0.150985505271 -0.166798897177  0.540050737933 1777094057.83
  -0.467890593253 -0.00772262532574      0.3428584457 0.580114781733 -0.910189855862  -1.80486911549   9.27916005272 -0.290113366705 -0.455419580011  0.333443110184 1777094057.85
-0.475522027444 -0.020250732407  0.347618831643 0.589381152448 -0.936597251075  -1.91174730695   9.27479824351 -0.492992176172 -0.793870217574  0.127996684593 1777094057.87
 -0.487515643006 -0.0393250386505   0.347953742187 0.600241424381 -0.962109723151  -2.01541490146   9.26243424946  -0.737239172766   -1.11349724122 -0.0942508286959 1777094057.89
 -0.504782711718 -0.0644449266635   0.343878059526 0.614174937982 -0.983796697358  -2.11641205979   9.23988072284  -1.03617690905  -1.41595004992 -0.313002225807 1777094057.91
 -0.527778845825 -0.0943452611082   0.335791270711 0.632619408397 -0.998263583888  -2.21579482571   9.20580774393 -1.27321324051 -1.55140051379 -0.47877779936 1777094057.93
 -0.55614103046 -0.127024641946  0.324565330092 0.656331287476 -1.00227836578 -2.31513229527  9.15983549973  -1.46482108929   -1.5831216042 -0.584841751379 1777094057.95
-0.588435645244 -0.159900768401  0.311573549472 0.684764807113 -0.993482160806  -2.41638629433   9.10252685664 -1.66817115223 -1.59446745985  -0.6558599117 1777094057.97
-0.622116116452 -0.190084794756  0.298626496409 0.715778230951 -0.97102010629 -2.52167340224  9.03529722666  -1.69283426654   -1.4215065367 -0.616260449077 1777094057.99
-0.653744283818 -0.214741728601  0.287798551688 0.745871037768 -0.935930962543  -2.63293783581   8.96026458235  -1.45819097347   -1.0526355711 -0.444208830122 1777094058.01
-0.679465037372 -0.231483702871   0.28115629015 0.770912641741 -0.891177959694  -2.75159028066   8.88006262569  -1.01370720944 -0.580234912127 -0.178227365973 1777094058.03
 -0.69565588782 -0.238731472028  0.280429762441 0.787128122772 -0.841281787822  -2.87818599318   8.79763551045  -0.48864880152 -0.108988545375  0.134182789789 1777094058.05
-0.699620281236 -0.235979141525  0.286690913058 0.792052001311 -0.791610826164  -3.01222000341    8.7160249373 0.138330996716 0.373811486963 0.496353088454 1777094058.07
-0.690170574156 -0.223908523405  0.300111919318 0.785199090932 -0.747469526374  -3.15210449411   8.63815311546 0.832701879342 0.832655674318 0.872572417019 1777094058.09
-0.667960844224 -0.204321461234  0.319866233253 0.768266461661 -0.713180253208  -3.29536290152    8.5666020407 1.42055659322  1.1433768135 1.14533838376 1777094058.11
-0.635478706379 -0.179888162793  0.344207800991 0.744763014412 -0.691361563757  -3.43903056491   8.50339382691 1.70338100171 1.20863347313 1.21533296601 1777094058.13
-0.596677851012 -0.153742635021  0.370725419471 0.719095676773 -0.68256367769 -3.58020107601  8.44978836967 1.88511724981   1.212059968 1.25063221768 1777094058.15
-0.556312217107 -0.128987067669  0.396728758005 0.695352179803 -0.685339586041  -3.71661297662    8.4061291827 2.01936563324 1.18576723326 1.27456825767 1777094058.17
-0.519100159167 -0.108189178278  0.419690332958 0.676246884741 -0.69672824679  -3.8471465603  8.37177857767  1.78392231718 0.953081676247  1.08274296748 1777094058.19
 -0.488887052623 -0.0929643730881   0.437652133409 0.662715862767  -0.7130303031 -3.97210577317  8.34518204406  1.29659939833 0.620494932527 0.756345641994 1777094058.21
 -0.467978152822 -0.0837244546954   0.449511345337 0.654273479074 -0.730690912467  -4.09319880931   8.32408436404 0.766214380163 0.317813640007 0.416997056824 1777094058.23
 -0.456779078172 -0.0796464916991   0.455126264922 0.64971578934 -0.747084740663  -4.21319640372   8.30588774767 0.335564949613 0.114937869339  0.13538957718 1777094058.25
 -0.453816402196 -0.0788737650006    0.45522515255 0.647611254706 -0.761028792935  -4.33532360335   8.28810247681 0.0169304540088 0.0191051522786 -0.103753340635 1777094058.27
 -0.456129781369 -0.0789137934327   0.451147239175 0.646386568286 -0.772920306288  -4.46250889001   8.26880548171 -0.166486569194 0.0466199223937 -0.291643790507 1777094058.29
 -0.459947895486 -0.0771568112386   0.444484274453 0.644260436717 -0.784489987642  -4.59665532572   8.24700525629 -0.136193630432  0.190223388585 -0.366008042246 1777094058.3
  -0.46150108444 -0.0714116256134   0.436712348826 0.639375122154 -0.79825132988  -4.7381002768  8.22282176865 0.0502443816217  0.392640458995 -0.364069917765 1777094058.33
 -0.457797354628 -0.0603511640751   0.428901492698 0.630219938869 -0.816792315908  -4.88539183103    8.1974284684    0.3362016829  0.649662681073 -0.356103739989 1777094058.35
-0.447201044092  -0.04377879977  0.421565792134 0.616135597287 -0.842081988009  -5.03544023504   8.17276136607   0.73549860151  0.986551893154 -0.372367212169 1777094058.37
-0.429701205081  -0.02266474364  0.414677013062 0.597590027874 -0.874947822994   -5.1840184336    8.1510611319   1.12168435783   1.24544474334 -0.381852895959 1777094058.39
 -0.406827612855 0.00104921031529   0.407821540883 0.576045325154 -0.914828767817  -5.32650747544   8.13435948296   1.30727084577   1.28143273004 -0.383974541582 1777094058.4
-0.381249043149 0.0248297647412  0.400445534768 0.553465424787 -0.959839443432  -5.45872876733   8.12403612517   1.25574093523   1.11473600505 -0.389222151882 1777094058.42
-0.356153426274 0.0460332820484  0.392114864934 0.531712698179  -1.0071120693 -5.57768801511  8.12055181002   1.00888877974  0.811376846714 -0.382988785677 1777094058.44
-0.334549104659 0.0623871740363  0.382717562079 0.512140601042 -1.05332925115 -5.68207798871  8.12341249774  0.932452992603  0.654695333152 -0.486117840348 1777094058.47
-0.318634139593 0.0723763814733  0.372554849837 0.495543309557 -1.09533117314 -5.77244230308  8.13135447439  0.730554793602  0.379273015096 -0.592210047348 1777094058.48
-0.309357590083 0.0754655382765  0.362296550307 0.482344230165 -1.13067636746 -5.85097625751  8.14268063301    0.328930028797 -0.00666013842409   -0.524437532546 1777094058.5
-0.306250437334 0.0721256376554   0.35281059517 0.472722703113 -1.15805292399 -5.92101598602  8.15564249687 0.0430383913892 -0.280058432428 -0.413039969969 1777094058.52
-0.307545675841 0.0636750915187  0.344907587109 0.46647626269 -1.17747121305 -5.98632720024  8.16876133955 -0.094169080605  -0.44129276151 -0.301126605999 1777094058.55
-0.310549368625 0.0519800946737  0.339063805027 0.462717089024 -1.19021307388 -6.05033799868   8.1810131356 -0.115710364905 -0.614293193026 -0.242603723663 1777094058.57
-0.312178113798 0.0390820042302  0.335195002597 0.459715420184 -1.19855810365 -6.11546237754  8.19185274877 0.0276719573271 -0.697322637312 -0.180694902361 1777094058.59
-0.309551224929 0.0268272590372  0.332546034147 0.455113752275 -1.20534691959 -6.18263565296  8.20110366108  0.306170680075 -0.591346519409 -0.143337341817 1777094058.6
-0.300521696219 0.0165684769309  0.329737916012 0.446446970627 -1.21346694116 -6.25113871077  8.20877389309  0.608899325001 -0.425957314851 -0.180682832689 1777094058.62
 -0.284047973634 0.00898638453542   0.324978281158 0.431711581565 -1.22535418063 -6.31873508007  8.21486839286  0.907429311357 -0.282611236129 -0.301223558486 1777094058.65
 -0.260343924178 0.00405544734362   0.316400798382 0.409761968375 -1.24259462386 -6.38209203212  8.21925517172   1.32258643413 -0.194680614273 -0.559111570071 1777094058.67
 -0.230789506067 0.00114690356563   0.302463740972 0.380459493377 -1.26568470392 -6.43741056137  8.22161620973   1.73971133586 -0.133662271628 -0.945503090361 1777094058.69
     -0.1976305074 -0.000762833468472     0.282317138554 0.344617710066 -1.29397825732 -6.48115403773  8.22148600718   1.77112669385 -0.104668745552  -1.22230538191 1777094058.7
  -0.163533796709 -0.00282772498814    0.256048644978 0.303829240347 -1.32581413051 -6.51074609455  8.21835922499   1.59102210374 -0.126817872157  -1.37661544866 1777094058.72
  -0.131088194668 -0.00606681666847    0.224742089482 0.260249741269  -1.3587905019 -6.52510935138  8.21183752843   1.39806694255 -0.190105404293  -1.50171962162 1777094058.75
 -0.102346635174 -0.0111477915938   0.190325067464 0.216385624046 -1.39013334323 -6.52494065534  8.20178300006   1.30859990624 -0.303242283328  -1.72941898599 1777094058.77
-0.0784924687515 -0.0182548413994   0.155232649242 0.174904208857 -1.41709899801 -6.51266450442  8.18844745052   1.17317998824 -0.437514041495  -1.88000417997 1777094058.79
-0.0596847462533 -0.0270576908645   0.121959999614 0.138450818257  -1.4373537239 -6.49206742568  8.17255073034  0.883047317717 -0.489883487757  -1.65617083821 1777094058.8
-0.0451001619657 -0.0367797147378  0.0926047881863 0.109372843158 -1.44928345158 -6.46768028479  8.15528660297 0.639786295463 -0.46510233388 -1.28896091011 1777094058.82
-0.0331507930916 -0.0463469498407  0.0685027301185 0.0891046512581 -1.45220137926 -6.44402814217  8.13824357584  0.529933947575 -0.405460688184 -0.969211743223 1777094058.85
 -0.021824683645 -0.0545881444504  0.0500355830604 0.0771993646537 -1.44643606508 -6.42489511427  8.12324128352  0.586286993702 -0.343453108948 -0.775801679608 1777094058.87
-0.00907688774511  -0.0604496976837   0.0366470410052 0.0712710421954 -1.43329615602 -6.41274692086  8.11209908486  0.783433255749  -0.23535531354 -0.628978408138 1777094058.89
 0.0068049807065 -0.0631889328144   0.027050292894 0.0690714654419 -1.41491890375 -6.40841663455  8.10636883578   0.968601046077 -0.0555560452774  -0.459565700805 1777094058.9
 0.0269247938879 -0.0625146459541  0.0195655623956 0.0708225720836  -1.3940184918 -6.41109841288  8.10707431762   1.08510386217  0.109766076038 -0.352243564437 1777094058.92
 0.0516322515742 -0.0586543312945  0.0124985820164 0.0791355453298 -1.37355801948 -6.41862514133  8.11450289792   1.21572410482  0.230782500301 -0.342467187412 1777094058.95
 0.0805194426968 -0.0523407035228 0.00446805090829 0.0961399676326 -1.35637676885 -6.42794688163  8.12809011611  1.45355757196 0.332445233845 -0.42685698047 1777094058.97
    0.11254416761  -0.0447230797492 -0.00538903183208 0.121224523878 -1.34481207302 -6.43569283194  8.14642613361   1.75601188139  0.404015336247 -0.583404836801 1777094058.99
  0.146244121025 -0.0372190643722 -0.0173678464683 0.151902086155  -1.3403610792 -6.43869742572  8.16739632933   1.8397774916 0.365374617262 -0.70654195174 1777094059.01
  0.179995593108 -0.0313274170196 -0.0312928501125 0.185361978473 -1.34342926636 -6.43439842336  8.18844890546   1.63517431809  0.217803376114 -0.726814816521 1777094059.02
  0.212270122601 -0.0284244753823 -0.0467155898187 0.219200597814 -1.35320731264 -6.42106003001  8.20696215539   1.41869562536 0.0404014315955 -0.730574089746 1777094059.05
  0.241850501027 -0.0295659209055 -0.0631457664405 0.251700608552 -1.36770499522 -6.39782199104  8.22066478693   1.35920325112 -0.168112560507 -0.818062550356 1777094059.07
   0.26798045445 -0.0353149875452  -0.080245921736 0.281957585937 -1.38395155097 -6.36461273368  8.22804659829   1.29026395884 -0.426285830074 -0.923903610462 1777094059.09
  0.290436769434  -0.045618169452 -0.0979363443623 0.309880722166 -1.39834926405 -6.32198304417  8.22868756809   1.11880529628  -0.65800579385 -0.973246280278 1777094059.11
  0.309525560882 -0.0597490162628  -0.116385918958 0.336038241745 -1.40714438167  -6.2709155795  8.22343613207    0.8833108462 -0.762703761426 -0.942530585425 1777094059.12
  0.326013673535 -0.0763374102436  -0.135898428033 0.361359513887 -1.40695967539 -6.21264981027  8.21438612728  0.716287770375 -0.767683732938 -0.917894262531 1777094059.15
 0.341011077278 -0.093493720221  -0.15673335479 0.386775096213 -1.39531827033 -6.14854039956  8.20463596716  0.715006197455 -0.784065017182  -1.03192687721 1777094059.17
 0.355821338563 -0.109024046353  -0.17891809807 0.412924634137 -1.37108088158  -6.0799483604  8.19785603442  0.812409260903 -0.718848975092   -1.1982447284 1777094059.19
 0.371776765643 -0.120716309393 -0.202110513414 0.440044373283 -1.33472083131 -6.00815435555  8.19772977913   0.92405081888 -0.475786352982  -1.25817405656 1777094059.21
 0.390074613759 -0.126660782937 -0.225556855725 0.468056677549 -1.28837559474 -5.93428298906  8.20735998995   1.00038454107 -0.121500016086  -1.15598956526 1777094059.22
 0.411631591719 -0.125556810032 -0.248164566807 0.496780366022 -1.23564120645 -5.85923219971  8.22873858629   1.08430300832  0.224434570994 -0.996948240839 1777094059.25
 0.436974946155 -0.116953112756 -0.268678753865 0.526130598738 -1.18111501084 -5.78360745396   8.2623667666   1.34018492396  0.594055234661 -0.927557436105 1777094059.27
 0.466187607235  -0.10137411254 -0.285923414091 0.556201217688 -1.12973790346 -5.70766251276  8.30708751882   1.64158997299  0.971349938586 -0.804865343846 1777094059.29
  0.498920319739 -0.0802992370525  -0.299050335825 0.587197203907 -1.08603111251 -5.63124695236  8.36016052217   1.86260344216   1.23804376218 -0.594924462907 1777094059.31
  0.534474564143 -0.0559848261649  -0.307734595281 0.619272106274 -1.05335451246  -5.5537585313  8.41757518372   1.90139220419   1.27980192051 -0.344113004032 1777094059.32
  0.571947256166 -0.0311457729314  -0.312266714021 0.652383494344 -1.03332370097 -5.47409999843  8.47456407906   1.76621254719    1.1034392551 -0.134445622344 1777094059.34
   0.610414093591 -0.00854169258492   -0.313515177756 0.686272608262 -1.02550540516 -5.39064698419  8.52624901515    1.84794130879   0.972503445771 -0.0118925398582 1777094059.37
  0.649116344557 0.00946547592749  -0.312763340431 0.720598731004 -1.02746532156 -5.30124420297  8.56832872583  1.99364747075 0.770806108973  0.05322388872 1777094059.39
 0.687609335313 0.0213043884178 -0.311454316437 0.755158437815 -1.03517682235 -5.20325585603  8.59770521872   2.01448540001  0.446341812661 0.0489486294942 1777094059.4
 0.725832705236 0.0264632260654 -0.310899261042 0.790058079409 -1.04372697754 -5.09369654608  8.61294907498    1.90271768315   0.106370958112 -0.0139173671688 1777094059.42
 0.764074080005 0.0255791309225 -0.312013615348 0.825721495322 -1.04819479403 -4.96945729837   8.6145244938    1.74487237711  -0.139135547978 -0.0961321240858 1777094059.45
 0.802818682495 0.0203243896249 -0.315140732003 0.862696121902 -1.04454025225 -4.82761828812   8.6047309772   1.87908477969 -0.298881047813 -0.191441007381 1777094059.47
 0.842504727129 0.0131042100213 -0.320004123417 0.901326009033 -1.03033999677 -4.66581170461  8.58736471466   2.11497632917 -0.360481171786  -0.28040357029 1777094059.49
  0.883232887126 0.00661841745213  -0.325802047579 0.941430353535 -1.00523602776  -4.4825745558  8.56715023804   2.10422528477 -0.249870131849 -0.293128464752 1777094059.51
  0.924500352754 0.00336748746868  -0.331426499163 0.982118000325 -0.971019164033  -4.27762198663   8.54903201012    2.04018696864 -0.0354862401279  -0.248324042536 1777094059.53
  0.965038260365 0.00519552574508  -0.335759096269 1.02179254655 -0.931336531466  -4.05198246382   8.53743838166   1.85220333528    0.2267649053 -0.154876411676 1777094059.55
  1.00281982371 0.0129561255394 -0.337975369039 1.0583207501 -0.891078326337  -3.80796505547   8.53563316636  1.72833017151 0.520875164618 -0.04978909678 1777094059.57
  1.03527408997 0.0263628350433 -0.337782424089 1.08930455175 -0.85555235938 -3.54896651578  8.54525412446   1.46695960176  0.802027855512 0.0631662755587 1777094059.59
  1.05969169089   0.04404956643 -0.335526505397 1.11241398762 -0.829588038628  -3.27915886947   8.56610745274 0.895831118048 0.872126798615 0.131444589862 1777094059.61
  1.07375508627 0.0638255972035 -0.332136138004 1.12576112312 -0.816721304917  -3.00311603825   8.59624854913 0.410360332284 0.977070721656 0.165723846403 1777094059.63
  1.07608133563 0.0830734212152 -0.328907554308 1.12828738072 -0.818598645349  -2.72543733596   8.63233691855 -0.185483812764  0.923162678758  0.129254775052 1777094059.65
  1.06664503501 0.0992126957937 -0.327181484211 1.12009933191 -0.834703566854  -2.45041086744    8.6702114881 -0.706821699534  0.657098060669 0.0222272734266 1777094059.67
  1.04696235858  0.110143930458 -0.327991855957 1.10265158743 -0.862456146739  -2.18174009035   8.70559632254  -1.17987304474  0.388719201072 -0.116170223781 1777094059.69
  1.01996466262  0.114591941166 -0.331777630662 1.07867308401 -0.897671562184  -1.92234073763   8.73482116065 -1.47761556539 0.055227474009 -0.26368048553 1777094059.71
 0.989561823911  0.112289337294 -0.338234980898 1.05178153669 -0.935297130787  -1.67420744768   8.75543223516  -1.48782878544 -0.263413784506 -0.361447252567 1777094059.73
0.959973042548 0.103970678938 -0.34635175805 1.02582536759 -0.970293092161   -1.4383491261   8.76658116948  -1.32275234462 -0.511341363122 -0.396953035972 1777094059.75
 0.934964873224 0.0911835881344  -0.35461932179 1.00410588301 -0.998493469237  -1.21479509269   8.76911437384  -1.07838535293 -0.705669721468 -0.378358915476 1777094059.77
  0.91716496691 0.0759580925936 -0.361371265713 0.988711484732 -1.01728788757 -1.00267561515  8.76533803122 -0.705774471468 -0.794060580717 -0.272100446356 1777094059.79
 0.907606736464 0.0604031917883 -0.365166828854 0.980176181382  -1.02600262795 -0.800377341809   8.75849536063  -0.286864905341  -0.735815100402 -0.0932281065395 1777094059.81
 0.905607898568 0.0463139456658 -0.365127192557 0.977542077998  -1.0259203256 -0.60576601937  8.75205157045 0.0340792277344 -0.620948920929 0.0977514412873 1777094059.83
 0.909008092343 0.0348694435692 -0.361147237861 0.978743540185 -1.01994809512  -0.4164579164  8.74892574139   0.22638618659 -0.493404717612  0.278360521484 1777094059.85
 0.914707434704 0.0264816664754 -0.353938561033 0.981154154426  -1.01200818814 -0.230111270843   8.75082741462  0.265824922143 -0.360046419331  0.416377371497 1777094059.87
 0.919379773242 0.0208215260894 -0.344901457758 0.982165830682   -1.00627169052 -0.0447033694164    8.75784188658  0.138398512244 -0.238780498915  0.455636964606 1777094059.89
 0.920197999346 0.0170087339751 -0.335862469267 0.979723049282 -1.00637791125 0.141240706533  8.76836094473 -0.0972382227046  -0.169243827976    0.39607645462 1777094059.91
 0.915412166356 0.0139158776863 -0.328740367755 0.972750386973 -1.01477912892 0.328495798017  8.77938229169 -0.401609046284 -0.167921770276  0.275310468151 1777094059.93
 0.904662102905 0.0105128264317 -0.325212323405 0.961398510113 -1.03232517073 0.517080123724  8.78711741816 -0.654690251314 -0.191779380659 0.0568612804431 1777094059.95
  0.888972963683 0.00617100306267  -0.326444065168 0.947035764436 -1.05815976016 0.706304050254  8.78777576876 -0.857186190047 -0.241922582618 -0.193355644235 1777094059.97
   0.870456844386 0.000859119248654   -0.332928009768 0.93195327979 -1.08994651573 0.894923603687   8.7783525751 -0.963083617688 -0.284583757844 -0.466551227637 1777094059.99
   0.851807381199 -0.00481113901879   -0.344448366991 0.918827317425 -1.12438393172  1.08138628627  8.75724964279 -0.865361828923 -0.262903398842 -0.678463583331 1777094060.01
   0.835712630005 -0.00969643305951   -0.360168273206 0.910071868474 -1.15791440972   1.2641421348  8.72460098358 -0.699675929421 -0.192215762137 -0.874711211669 1777094060.03
  0.824317815252 -0.0123631036457  -0.378814893731 0.907278033783 -1.18749264154  1.44197690437  8.68224558619  -0.407183969852 -0.0412574866014  -0.935642419682 1777094060.05
   0.81884581489 -0.0114054453246  -0.398925466208 0.910922653322 -1.21126291227  1.61431125431  8.63336886968 -0.121520875864   0.16409109294  -1.00357293147 1777094060.07
   0.819438529157 -0.00577454524103   -0.419110187972 0.920416317816 -1.22900884831  1.78140601195  8.58190340528 0.168059430955 0.430533894581 -1.03627584843 1777094060.09
  0.825229206286 0.00494749805133  -0.438286270281 0.934410282135 -1.24228182113  1.94442394064  8.53182375965  0.382552692609  0.659598898584 -0.926376444732 1777094060.11
 0.834607003033 0.0203789987145 -0.455841642677 0.951197012347 -1.25417744608  2.10532389325  8.48648237925  0.527503636657  0.889651285877 -0.865173854043 1777094060.13
 0.845600262258 0.0393039173833 -0.471697423838 0.96906298098 -1.26879983956   2.2665994865  8.44811382697  0.513844138517  0.933597334971 -0.720773103719 1777094060.14
 0.856289310994 0.0597733274834 -0.486255581912 0.986533692147 -1.29051519805  2.43091267481  8.41759084165  0.471334355755  0.964177132743 -0.687696168017 1777094060.17
 0.865163265795 0.0793226438533  -0.50024064884 1.00251696497 -1.32313667625  2.60070191464  8.39445917466  0.400516500571  0.943636112701 -0.750029933755 1777094060.19
 0.871354763517 0.0952682572416 -0.514468003476 1.01637222086 -1.36919346851   2.7778551663  8.37722103478  0.248483572681  0.668954979634 -0.763436968137 1777094060.21
 0.874715978751  0.105039977324 -0.529590251865 1.02792376915 -1.4294170717 2.96352423981 8.36378908642  0.113567639636  0.291532330129 -0.814924070834 1777094060.22
 0.875732540985   0.10650617387 -0.545881496322 1.03741874691 -1.50253219417  3.15812001572  8.35200128727 0.0134941377309 -0.155892617652 -0.770117189229 1777094060.24
 0.875303365526 0.0982541223229 -0.563112708918 1.04542133956 -1.58537935929  3.36147616854  8.34007644253 -0.030333841657 -0.626459147704 -0.813109041844 1777094060.27
 0.874439200881 0.0797959157912 -0.580549921923 1.05263930957 -1.67333463708  3.57311621523  8.32690463987 -0.0360057095448   -1.23650223613  -0.901644424305 1777094060.29
 0.873947128582 0.0516784532054 -0.597075196927 1.05969478477 -1.76094238489  3.79252120367  8.31210600591 -0.00718208053671    -1.71517456982   -0.822677240934 1777094060.31
 0.874169902656 0.0154839847961 -0.611396905595 1.06687344548 -1.84264851865  4.01928679458  8.29584988653 0.0232877220153  -2.03950161548 -0.659643937044 1777094060.32
  0.874837328016 -0.0262837958386  -0.622290830251 1.07390738233 -1.91351730621  4.25308530893  8.27849176729 0.0203533483542  -1.95629534116 -0.396428230722 1777094060.34
  0.875063681806 -0.0704230589974  -0.628805308437 1.07985738428 -1.96983024098  4.49340659055  8.26013913979 -0.0294255690445   -1.90824175532  -0.177195705548 1777094060.37
 0.873494752192 -0.113349546131 -0.630375590481 1.08315030665 -2.00949359592    4.739126753  8.24028273487 -0.171191176507  -2.13886807223 0.0523457586679 1777094060.39
 0.868576439113 -0.151474878116 -0.626821680266 1.0817925347 -2.03221372375  4.98802422728  8.21761592705 -0.427400271175  -1.99756987737  0.355120192189 1777094060.41
 0.858890522393  -0.18160633373 -0.618241164644 1.0737299137 -2.03943037639  5.23640511503  8.19011433976 -0.66100506051 -1.31324912294 0.579093617382 1777094060.42
 0.843487646642 -0.201319934798  -0.60484187942 1.05727708066 -2.03402605828  5.47899799104  8.15537358975 -0.829491159204 -0.624230561008  0.710272814992 1777094060.44
 0.822146173651 -0.209258160003 -0.586777885347 1.03151422439 -2.01985409106  5.70922759051  8.11112748313   -1.04887512268 -0.0872180350852   0.891569738676 1777094060.47
 0.795498961024 -0.205310380158 -0.564050312368 0.996555921197 -2.00115026488   5.9198878943  8.05581446052 -1.43803698564 0.468293924306  1.26478138842 1777094060.49
  0.76499606076 -0.190647337815 -0.536513253872 0.953630878262 -1.98191110333  6.10413137387  7.98904293251 -1.84562451376  1.10840605643   1.7652310946 1777094060.51
 0.732704752352 -0.167598765102 -0.503991351901 0.904960155462  -1.965331437 6.25660139607 7.91183113345 -1.76009497942  1.40953342688  1.92558352895 1777094060.52
 0.700982177018 -0.139383224245 -0.466480624043 0.853468141353 -1.95338972022  6.37448363165  7.82655625326 -1.36972029406   1.3077529132  1.79882272734 1777094060.54
 0.672082530694 -0.109719147401 -0.424377557338 0.802389886865 -1.9466481417 6.45825261555 7.73662301579 -1.16323871948  1.24656877718  1.91972131497 1777094060.57
  0.647774102913 -0.0823635233341  -0.378670037724 0.754841729007  -1.944297715 6.51194011215 7.64593193712 -1.06942571142  1.21943100805  2.31923042915 1777094060.59
  0.629038333468 -0.0606372633077  -0.331028939535 0.713404696847 -1.94443315634  6.54283982494  7.55827374623 -0.914672160172    1.0149031096   2.72399357466 1777094060.61
  0.615904428193 -0.0470015287482  -0.283758666256 0.679754653568 -1.94449899103  6.56066868786  7.47678850641 -0.59731963691 0.494898386062  2.52914557255 1777094060.62
  0.607443674821 -0.0427453993011  -0.239593748167 0.654385323339 -1.94181776035  6.57630686509  7.40360516123   -0.32419524958 -0.0192404485537    1.90947733362 1777094060.64
  0.601914801639 -0.0478317898033  -0.201361176334 0.636502656619 -1.93410089448  6.60031695299  7.33972734214 -0.235787783644 -0.411416030235   1.53950867945 1777094060.67
  0.597023610798 -0.0609269238439  -0.171558929924 0.624164840675 -1.91985445359  6.64148330416  7.28516785404 -0.289466834287 -0.788183655756   1.22607702107 1777094060.69
 0.590243246101 -0.079612043093  -0.15192468016 0.614659479236 -1.89862104694  6.70560822356  7.23927319459 -0.481807712135  -1.07277635524   0.76721749222 1777094060.71
 0.579138858494 -0.100748493543 -0.143079736948 0.604999080573 -1.87103694613  6.79475494023  7.20113542174 -0.791919487519  -1.14473776191  0.210405891273 1777094060.73
  0.5616506807 -0.12094325143 -0.14432789248 0.592375976677 -1.83871946003  6.90704743031  7.16997205889   -1.0565685527 -0.895370831868 -0.261130085748 1777094060.74
 0.536307353907  -0.13704531479 -0.153665509576 0.574473746131 -1.80402558228   7.0370400133  7.14536967929   -1.3542811568 -0.585971249826 -0.541173635596 1777094060.77
 0.502359809017 -0.146597264268 -0.168020651125 0.549624485272 -1.76973446183  7.17657411783  7.12733008799   -1.8235243882 -0.265344585344 -0.716045728576 1777094060.79
 0.459839223076 -0.148172341442 -0.183692351448 0.516865585842 -1.73870413569  7.31596417619  7.11611857131 -2.45485546189 0.133622390103 -0.76429492499 1777094060.81
 0.409547948045 -0.141545340484 -0.196916704445 0.475963017103 -1.71354217156  7.44531290353  7.11197428066  -2.97786191363  0.571318479998 -0.578668491235 1777094060.83
 0.352991143229 -0.127672975004 -0.204455442199 0.427440245636 -1.69631731705  7.55575387339  7.11478477558  -2.91333940127  0.820981224036 -0.178261382549 1777094060.84
 0.292253207841 -0.108491594895 -0.204093733852 0.372607858014  -1.688330767 7.64045308975 7.12383657974 -2.81168487876 0.938260924061 0.216980288131 1777094060.87
  0.229821591244 -0.0865712219113  -0.194950335464 0.313557289124 -1.68996328659  7.69526048966  7.13772835367 -2.95216970827  1.04378453832 0.632712993606 1777094060.89
  0.168363975356 -0.0646886709061   -0.17754162645 0.253085126911 -1.70061548032  7.71897172151  7.15448180165 -3.16129189714  1.09069515345  1.09548615218 1777094060.91
  0.110473005799 -0.0453940930816  -0.153592331555 0.19456493263 -1.71875726589  7.71322420954  7.17182502876 -2.90231960245 0.898620981223   1.3699581843 1777094060.93
0.0584028208125 -0.030642316911 -0.125637562027 0.141896575211 -1.74209398263  7.68209726423  7.18757335583 -2.40666616257 0.593926100183  1.42170994791 1777094060.95
 0.0138294684933 -0.0215440385487 -0.0965012897955 0.0998393646213 -1.76783937511  7.63150864703  7.20000875791 -1.94183367677 0.297664377244  1.36811231253 1777094060.97
-0.0223306787675 -0.0182666499511 -0.0687570494837 0.074564479267 -1.79306373299  7.56850165909  7.20816674013  -1.52076698975 0.0347159556224   1.24401791025 1777094060.99
-0.0500159983407  -0.020086578985 -0.0442744169313 0.0697516647826 -1.81506578188  7.50050429185   7.2119730004 -1.25497613295 -0.19223783095  1.17978729495 1777094061.01
-0.0700124256247 -0.0255705622337  -0.023932038341 0.0782836883007 -1.83170667872  7.43462327441   7.2122176117 -0.888180136584 -0.335003427287    0.9644057705 1777094061.03
 -0.0838457126151  -0.0328464570315 -0.00754135984439 0.0903651778716 -1.84164803168  7.37701782308  7.21039543755  -0.60332714067 -0.367051089103  0.766252281237 1777094061.05
-0.0935931257419 -0.0399165464873 0.00601649876253 0.101927435595 -1.84445320334  7.33238498243  7.20846608158 -0.418245181929 -0.284742286502  0.611227432027 1777094061.06
 -0.101649061703 -0.0449670182372  0.0184766215082 0.112676306367 -1.84053804657  7.30358189358  7.20859060155  -0.39205278934 -0.155908815245  0.597556017829 1777094061.09
  -0.11048559995 -0.0466342276567  0.0317635407266 0.124059427312 -1.83098701356  7.29140792499  7.21288864158 -0.573994361921  0.021203330276  0.801966989949 1777094061.11
 -0.122445201235 -0.0441988096201  0.0475323379576 0.138584577891 -1.81727648263   7.2945667006  7.22323658744 -0.769020888099  0.236335152981  0.924750858743 1777094061.12
 -0.139589115726 -0.0376901482962  0.0667606410944 0.159256559384 -1.80096388715  7.30981989523  7.24110478722 -1.04206674531 0.412788814729  1.06162785924 1777094061.15
 -0.163605344999 -0.0278942427248  0.0894651177018 0.188543907286 -1.78340566104  7.33232881208  7.26741889175 -1.31572070938 0.501809451289  1.12048333847 1777094061.16
 -0.195760420625 -0.0162666870032   0.114596789596 0.227418494356 -1.76555821977  7.35615738348  7.30243242189 -1.68257460818 0.531329866126  1.16390113153 1777094061.19
  -0.236866650765 -0.00475950647267    0.140142761512 0.275260706877 -1.74789569307  7.37488580566  7.34561424062 -2.52358800429 0.570778180295  1.34719612848 1777094061.21
 -0.287235961221 0.00442299867988   0.163430233855 0.330504919288 -1.73045005521  7.38226381629  7.39557827369 -2.97820844411 0.376606693166  1.12497935263 1777094061.22
 -0.346604328437 0.00911727370559   0.181594736384 0.391400477074 -1.71294997605  7.37282264657  7.45010112791  -3.20646607775 0.0781238446802  0.726063838926 1777094061.24
 -0.414033558658 0.00751235486448    0.19214195203 0.456507122508 -1.69501130596  7.34236848033  7.50627369192  -3.13579244632 -0.237030942529  0.264499025868 1777094061.26
  -0.487822139022 -0.00155721809125    0.193506230519 0.524802368038 -1.6763208378 7.28829766204 7.56080924105  -3.30232830333 -0.564613099527 -0.144936541312 1777094061.29
 -0.565474570047 -0.0183801582298   0.185495327471 0.595405606372 -1.65675948331  7.20970132439  7.61048768164 -4.19491613796 -1.09428841095 -0.64525734832 1777094061.31
 -0.643780897111 -0.0422407159137   0.169516827303 0.667063772293 -1.63643104343  7.10725915523  7.65266803642 -4.26902341738   -1.474663299 -1.02811379015 1777094061.33
 -0.719041403588 -0.0714272725759   0.148511651384 0.737684286086 -1.61559359933   6.9829531846  7.68576740656 -3.48171168571 -1.48208736732 -1.04079720723 1777094061.35
-0.787437995552 -0.103392353396  0.126573034033 0.804219689217 -1.59452332184  6.83965797568   7.7095978787  -2.73367488112   -1.3753208979 -0.869248389064 1777094061.37
-0.845511955629   -0.1350550267  0.108296801994 0.863051866733 -1.57336428046  6.68067952115  7.72547607581  -2.35742924811  -1.36602426834 -0.653066437059 1777094061.39
-0.890669500741 -0.163210369763 0.0979753438417 0.910784800241 -1.55202349251  6.50931854887  7.73606576892  -2.01493573406  -1.32205185473 -0.251575048957 1777094061.41
-0.921614222969 -0.184987707919 0.0987950440431 0.945173893411 -1.53015469659  6.32852359045  7.74496900316 -1.41240360549 -1.03340304637 0.419391319998 1777094061.43
-0.938607597853 -0.198284887698  0.112209817435 0.965863428527 -1.50724186671  6.14067650849  7.75613230408 -0.574623948281 -0.449654402444    1.0203582955 1777094061.45
-0.943487121658 -0.202103676056  0.137634695072 0.974657454646 -1.48275577725  5.94752277012  7.77317179607 -0.0173075287098  0.0332596593554    1.28467800216 1777094061.47
 -0.93942034902 -0.196723034045  0.172537525838 0.975181902057 -1.45632798714  5.75022741434  7.79873866516 0.298139646627 0.420870119687  1.71900012711 1777094061.49
-0.930429992315 -0.183671523032  0.212918902499 0.971992622407 -1.42787752919  5.54951248626  7.83404208933 0.523770442655 0.877287977534  2.29075551768 1777094061.51
-0.920775522677 -0.165493929342  0.254082293056 0.969419215538 -1.39764019466  5.34581811835  7.87862133936 0.474129949997  1.12710958399  2.31178813305 1777094061.53
-0.91430735117 -0.14534451299 0.291530537293 0.970604458074 -1.36608358048  5.13943024923  7.93041593822 0.172350809161  0.98003254603   1.7007105028 1777094061.55
-0.913913178536 -0.126472815178  0.321798022454 0.97713184276 -1.33373108403  4.93053331224  7.98612924168 -0.146128356152   0.71843585294   1.09973925081 1777094061.57
-0.921152519022  -0.11169044246  0.343046204504 0.989281262666 -1.30095062335  4.71917332067  8.04182583335 -0.508666387023   0.53936172113  0.767160987807 1777094061.59
-0.936131944772 -0.102913263566  0.355307943865 1.00656738116 -1.26777808042  4.50514952931  8.09365721997 -0.979734619099  0.290927073603  0.464790470222 1777094061.61
-0.957622213719 -0.100860957264  0.360347590222 1.02813599426 -1.2338373875 4.28788236178 8.13858297399   -1.30739498566 -0.0568351317492   0.162728409345 1777094061.63
 -0.98337211436 -0.104966890275  0.361187817766 1.05285108304 -1.19839253221  4.06632218453  8.17495188453  -1.38835801054 -0.331889416774 0.0281525242149 1777094061.65
  -1.0105428235 -0.113511721824  0.361420691495 1.07921574551 -1.16053050472  3.83896137527  8.20283118367  -1.20687233735 -0.433926296203 0.0746876393458 1777094061.67
 -1.03617571407 -0.123952220986  0.364455583618 1.1053742063 -1.11943868875  3.60399014274  8.22401760982  -1.11794086936 -0.471894799844  0.271586903615 1777094061.69
 -1.05761474467 -0.133381283288  0.372856106075 1.12931890567 -1.07471390614  3.35959974936  8.24172340457 -0.959326558434 -0.394743965991  0.613322453757 1777094061.71
 -1.07282601117 -0.139033095694  0.387887073083 1.14923549954 -1.0266285421 3.10439434418 8.25999169975 -0.602250733742 -0.140573501924  0.956646741784 1777094061.73
 -1.08058390496 -0.138742597301  0.409341528375 1.16381767077 -0.976284076042    2.8378354182   8.28294700766 -0.201391311949  0.202957010136   1.25069060384 1777094061.75
 -1.08051856328 -0.131280738546  0.435659752804 1.17241392781 -0.925603349725   2.56062129499   8.31401790101 0.181629339099 0.535111128985  1.32292186554 1777094061.77
 -1.07303869259 -0.116513109881  0.464298103514 1.17497236967 -0.877146549756   2.27490553246     8.355275035 0.528581748806 0.888732677077  1.40060669885 1777094061.79
  -1.05915653634 -0.0953636236625   0.492263670953 1.17184909904 -0.833775543223    1.9842847047   8.40700786332 0.84802575892 1.21329268901 1.35541909753 1777094061.81
  -1.04024932457 -0.0696005012956   0.516706105447 1.1635927494 -0.798227768267   1.69353271868   8.46762144963 1.04257421509 1.35793214394  1.0886762952 1777094061.83
  -1.01779613567 -0.0414925258217   0.535453006648 1.15079995039 -0.772684802979   1.40811402913   8.53387771861  1.19328516739  1.42320314639 0.777092376426 1777094061.85
 -0.993131632811 -0.0134043388121   0.547390136438 1.13407498776 -0.758425002536   1.13355705484    8.6014427032 1.21591813646 1.30124134079 0.41302354331 1777094061.87
-0.967257439268 0.0125925635431  0.552620010607 1.11406211793 -0.755632352693  0.874798697227   8.66564342243  1.29186205009  1.19421996925 0.122972090117 1777094061.89
-0.940745403041 0.0350224120935   0.55237677117 1.09148915708 -0.763399202892  0.635614220943   8.72229544872    1.34252916302    1.01813642947 -0.0977714940664 1777094061.91
-0.913752535389 0.0531691806442  0.548723443936 1.0671776214 -0.779917818376  0.418225079635   8.76844391834   1.37172215928  0.805339423349 -0.207937300556 1777094061.93
-0.886145399205  0.067078127828  0.544100038648 1.04201631265 -0.80281537149 0.223138427847  8.80287241548   1.46128455034  0.631872133005 -0.206103443501 1777094061.95
-0.857706196275  0.077404104523  0.540818519817 1.01692476905  -0.82955819307 0.0492268571473    8.8262763982    1.36787670633   0.427815611363 -0.0826853119474 1777094061.97
-0.828370657547 0.0851476923649  0.540607675254 0.992826638615 -0.857839567533 -0.105984699314   8.84106443623    1.4735247719  0.346561026676 0.0864593742762 1777094061.99
-0.798436430131 0.0913438708557  0.544296185746 0.970619788342  -0.88587298728 -0.245888834226   8.85082842222  1.58173190958 0.308197564077 0.293677906758 1777094062.01
-0.768684781338 0.0967773759707  0.551689466727 0.951106419523 -0.912537713342 -0.374302485839   8.85959549153  1.44978013224 0.260876340505 0.433414455312 1777094062.03
-0.74037822317 0.101790980891 0.561652794232 0.934866396018 -0.937360183802  -0.49499147382   8.87102191422  1.34460614818 0.237280303221 0.519196361623 1777094062.05
-0.715127236118  0.106228582621  0.572369784642 0.922116395026 -0.960354665883 -0.611280344936   8.88769995503  1.14769073625 0.193988983194 0.503457678722 1777094062.07
-0.694652328348  0.109519822435  0.581711379822 0.912647017308 -0.981779586639 -0.725792777101   8.91071892585 0.869655123576 0.116702934212 0.383278102033 1777094062.09
-0.680494082701  0.110876161316  0.587633455205 0.905913239452  -1.00188358197 -0.840342206033   8.93955841939    0.513008152228 0.000498296079071    0.167088883372 1777094062.11
-0.673736469107  0.109540138468  0.588523761946 0.901265826555   -1.0207130211 -0.955968550826   8.97231140218  0.141474574556  -0.14566170401 -0.104309100341 1777094062.13
-0.674804478124  0.105018165274  0.583438513912 0.898215118025 -1.03803183943 -1.07309729994  9.00615886314 -0.245300423128 -0.313046354797 -0.415347217026 1777094062.15
-0.683377936811 0.0972359349898  0.572198650363 0.89658882831 -1.05337133735 -1.19178179369  9.03796619037 -0.590533203727 -0.460738057785 -0.702004653736 1777094062.17
 -0.69843521695 0.0865813006881  0.555347140688 0.896503497246 -1.06619147063  -1.3119782631  9.06485685522 -0.875952544568 -0.585133915421 -0.955229963129 1777094062.19
-0.718411410624 0.0738336698435  0.533994498658 0.898173975528 -1.07610549896 -1.43379810904  9.08464212411 -1.07455967051 -0.66404031912 -1.14337792489 1777094062.21
-0.741432678283  0.060010372401  0.509595983759 0.901671629744 -1.08310383813 -1.55768668582   9.0960359894  -1.18166044631 -0.692844707109  -1.25981694667 1777094062.23
-0.765576360671 0.0461793753273  0.483709999805 0.906760752699 -1.08771385042 -1.68449451342  9.09864554186  -1.19420806607 -0.669352870797  -1.29787659902 1777094062.25
-0.789106143148 0.0332894252943  0.457784012127 0.91288711939 -1.09104889284 -1.81543251578  9.09278191811  -1.12019460225 -0.599672368012  -1.26042921135 1777094062.27
-0.810641295451 0.0220548204509  0.433003488551 0.919302858743 -1.09472718427 -1.95192971188  9.07917371201  -1.00271334852 -0.509240993019  -1.18841637518 1777094062.29
-0.829235437536 0.0129092421108  0.410222751827 0.925246326939 -1.10067171067 -2.09543060648  9.05867719898 -0.849614498753 -0.404031141012  -1.08415887625 1777094062.31
 -0.844359674051 0.00602016591207   0.389976822334 0.930086782789 -1.11082890917 -2.24717490674  9.03206495257  -0.66468717831 -0.289443354333  -0.94238870479 1777094062.33
  -0.85580388246 0.00133980001969   0.372554201541 0.933380261942 -1.12686009911 -2.40799530568  8.99994023713 -0.478505635614 -0.183653154548  -0.79593405373 1777094062.35
  -0.863525550264 -0.00133580518697    0.358096793317 0.934832323852 -1.14986233929 -2.57815655729  8.96277780872  -0.290104020109 -0.0909170360178  -0.642345925962 1777094062.37
  -0.867485498328 -0.00232115542062    0.346688864139 0.93420000326 -1.18016547992 -2.75724870245   8.9210459906 -0.0990029492397 -0.0169154285046  -0.489022645757 1777094062.39
  -0.867512407951 -0.00201699101699     0.33840380731 0.931181498422 -1.21723452147 -2.94414334041  8.87533530246  0.107382780471  0.035894548087 -0.338211737837 1777094062.41
   -0.863232511394 -0.000899521119987     0.333293698773 0.925340946629 -1.25968769554  -3.1370227806   8.8264168638  0.338685790177 0.0633931916582 -0.178531639172 1777094062.43
  -0.854087566223 0.000495791004999    0.331327162618 0.916102344323 -1.30542608166 -3.33349198734  8.77518154363   0.594095316894  0.0628635235418 -0.0248348765333 1777094062.45
 -0.839445208584 0.00161750540374   0.332299321757 0.902825406033 -1.35186120697   -3.530776523  8.72245987187    0.8491867156 0.0357538846017  0.106337657804 1777094062.47
 -0.818784286441 0.00198218895279   0.335747943132 0.884951025828 -1.39622035003 -3.72599423796  8.66877647832     1.16041236792 -0.00785900500192    0.210227369565 1777094062.49
 -0.791918229367 0.00129562433998   0.340909598672 0.862180674287 -1.43590162199 -3.91646792485  8.61413223817    1.53784888421 -0.0618412203105    0.28372333883 1777094062.51
   -0.759206677607 -0.000413593930254     0.346739633064 0.834639636922 -1.46884098647 -4.10002841742  8.55791693634   1.79847905198 -0.102111388818  0.284158736372 1777094062.53
  -0.721703303782 -0.00269093505829    0.352003519676 0.802975328192 -1.49384345691 -4.27525114135  8.49902821025  1.95690473358 -0.10583759882 0.217985798819 1777094062.55
  -0.681197436633 -0.00463266019789    0.355429328795 0.768362815982 -1.51082538449 -4.44157898691  8.43621330595    1.95528205218 -0.0548913171622   0.093286144415 1777094062.57
 -0.640126774853 -0.0049810614968   0.355895520755 0.732426597381 -1.52091822902 -4.59930952489   8.3685746891    1.91339191268  0.0547444422596 -0.0673808099709 1777094062.59
 -0.601363136379 -0.0023485049176    0.35261793413 0.697124482959 -1.52639806085 -4.74945775113  8.29611231576   1.87093984915  0.244521668755 -0.274540164286 1777094062.61
 -0.567896512823 0.00445904114156   0.345296511913 0.664647285005 -1.53042784563 -4.89353590752  8.22013846458   1.54217591985  0.482670786403 -0.482542004686 1777094062.63
-0.542459521688 0.0160871700653  0.334187177982 0.637339940407 -1.53662809507 -5.03330935731  8.14341180007   1.02493196596  0.701168396783 -0.634235629969 1777094062.65
-0.527142414292 0.0323394145504  0.320077568399 0.617555351746 -1.54852207875 -5.17058620276  8.06989801205  0.464985834635  0.861181294351 -0.719179103706 1777094062.67
-0.523048934186 0.0520367272854  0.304165427034 0.607292858136 -1.56893073216 -5.30707858431  8.00416123589  -0.06882636505  0.968654353026 -0.765726880933 1777094062.69
-0.530038130323 0.0730933892411  0.287861315173 0.60757485129 -1.59941509587 -5.44434138199  7.95049725363 -0.592492144996   1.02653791222  -0.79556496901 1777094062.71
-0.546589254824 0.0928221314534  0.272556814808 0.617788781765 -1.63987445455 -5.58375941884  7.91200499393  -1.05115734057  0.933546904343 -0.751838013161 1777094062.73
-0.569817316581  0.108421817018  0.259409338283 0.635405594459 -1.68839933379  -5.7265288887   7.8898301874 -1.27498595623   0.6425250247 -0.60716946245 1777094062.75
-0.595655329473  0.117548820145  0.249190736127 0.656291870755 -1.74144520847  -5.8735725874  7.88278996934 -1.18055419521 0.249105027319 -0.41068432252 1777094062.77
-0.619204476241  0.118842846231  0.242228820617 0.675435124223 -1.79433620918 -6.02534651831  7.88750318282 -0.932188278826 -0.124127796396 -0.253132710039 1777094062.79
-0.635234232927   0.11227859504  0.238443212994 0.687738452763 -1.84203767811 -6.18153503819  7.89902888614 -0.490394186094   -0.4905968024 -0.119691877162 1777094062.81
-0.638791345963 0.0992478837961  0.237448198678 0.688684378487 -1.88006863167 -6.34068292637  7.91188721762   0.249214584492  -0.795361454966 0.00617765028164 1777094062.83
-0.625852108665 0.0823358048988  0.238675781576 0.674860115431 -1.90537899923 -6.49986065819  7.92123619091   1.17289767627 -0.900005449503  0.105152311214 1777094062.85
-0.593931680968 0.0648254923329   0.24146994546 0.644410521852 -1.91700730136  -6.6544877844  7.92393134634   2.03433776975 -0.788937247558   0.15739210499 1777094062.87
-0.542553615538  0.050031786918  0.245120397298 0.597454278257 -1.91636872266 -6.79843592073  7.91921459035   2.83761008704 -0.570558710375  0.173520002823 1777094062.89
-0.473488125569 0.0406078875409  0.248835075069 0.536431636064 -1.90709606976 -6.92449168824  7.90885992698   3.72324103505 -0.295495222142  0.160904909815 1777094062.91
-0.390692076634 0.0379792878317  0.251683299617 0.466290905289 -1.89445045533 -7.02518506805  7.89672827193   4.61703399932 0.0378960806072 0.0991345986661 1777094062.93
-0.299925988035 0.0420324654746  0.252561712744 0.394347239368 -1.88441146015 -7.09389472095  7.88782193459    4.78109742293   0.344250183834 -0.0379605296928 1777094062.95
-0.208077423679 0.0511279694605  0.250233392129 0.329434415389 -1.88262482688 -7.12605186985  7.88704875043   4.29262565256   0.49294759839 -0.219787658703 1777094062.97
-0.122275952797 0.0624330699792  0.243465814692 0.279508317914 -1.89341320986 -7.12020409698  7.89797736915   3.74610823172  0.502994394282 -0.446745089711 1777094062.99
-0.0489302723058  0.0724968461868   0.231254173158 0.247241697248 -1.91903712204 -7.07869095935  7.92187106504   3.19098805043  0.382262709922 -0.749172185053 1777094063.01
0.00715815307803  0.0779385595913   0.213077599385 0.226997184093 -1.9593355523 -7.0077342831   7.957225581   2.43986989261 0.0951718340616  -1.11295139502 1777094063.03
0.0434557961826 0.0761005430914  0.189112088404 0.208430038289 -2.01179406216 -6.91685145252  7.99992155596   1.39863061562 -0.328250864951  -1.39579178893 1777094063.05
0.0600181568328 0.0655326092567  0.160324886567 0.18330513162 -2.07200192698 -6.81763877012  8.04396184294  0.37971147581 -0.71089080144 -1.44435508628 1777094063.07
0.0594161923469 0.0462197005481  0.128401573058 0.148840547552   -2.134387853 -6.72211228401  8.08263227067 -0.323111089384   -1.0823498899  -1.52500691179 1777094063.09
0.0462836183005  0.019524976722 0.0955011560293 0.107906759945 -2.19308016199 -6.64090114714  8.10983191926 -0.831726633067  -1.47714524042  -1.63363338696 1777094063.11
 0.0265679494042 -0.0121187291592  0.0638827946029 0.0702405223375 -2.24272900259 -6.58163600094  8.12128596839 -1.04723685029 -1.72175675801 -1.58451693613 1777094063.13
0.00661834010782 -0.0456885046101  0.0354857879154 0.0582278543591 -2.27915371601 -6.54784845519  8.11538616728 -0.932611122827  -1.79436222455   -1.4225624903 1777094063.15
-0.00773337626839  -0.0781151573943   0.0115611161722 0.0793438235176 -2.29972909502   -6.538601368  8.09349161455 -0.466516300575  -1.53500495065  -1.08146542599 1777094063.17
-0.0119490866023   -0.10678195812 -0.0075567167345 0.107713839494 -2.30348626973 -6.54892363394  8.05964426879  0.103102074711  -1.20490186757 -0.792279110057 1777094063.19
-0.0033032335771  -0.129887997246  -0.022481937944 0.131860686765 -2.29096253259 -6.57095929229   8.0197804078  0.763742608915 -0.985725367743 -0.669285519178 1777094063.21
0.0189177901447 -0.146620331778 -0.034606083089 0.151832096283 -2.26387712591 -6.59559478789  7.98062117841   1.55913646346 -0.747016091714 -0.638648849402 1777094063.23
 0.053537557321 -0.157121652838 -0.045764893963 0.172185682778 -2.22472918745 -6.61423213948  7.94847944539   1.93714660923 -0.384236796909 -0.569598538123 1777094063.25
0.0978801206372 -0.162282663581 -0.057824164674 0.198140896675 -2.17640797736 -6.62035068308  7.92821721985   2.34515338292 -0.155876990117 -0.655997915384 1777094063.27
  0.148337173877  -0.163422766872 -0.0722827120695 0.232240625968 -2.12187853254 -6.61055136579  7.92253525462    2.61000548791 0.00861548123326  -0.813941654708 1777094063.29
  0.201001467931  -0.161942265817 -0.0899830089526 0.273356597631 -2.06396740555 -6.58489373339  7.93169366825   2.41408144154  0.102046501559 -0.899163724786 1777094063.31
  0.25225889792  -0.15902985444 -0.110990041022 0.318188364635 -2.00523537466 -6.54649089835  7.95367338143  2.49985064978 0.164160037843 -1.13662987116 1777094063.33
 0.299252066854 -0.155490351565 -0.134655503929 0.363126911264 -1.94789867693 -6.50048732567  7.98471170836  2.28745007483 0.190132684303 -1.27121314546 1777094063.35
 0.340160094569 -0.151723513351 -0.159839700262 0.405311786432 -1.89375484682  -6.4526724586  8.02009157177  1.79693927871 0.183156247269 -1.21131103833 1777094063.37
 0.374276341601 -0.147843368286 -0.185229128325 0.443001434996 -1.84408400024 -6.40805115247  8.05503452436  1.42206084138 0.180447235074 -1.14775638403 1777094063.39
 0.401901338265 -0.143889082931  -0.20967153906 0.47559531976 -1.79952432541 -6.36968481896  8.08554155062  1.22982075803 0.192306930689 -1.16573937061 1777094063.41
 0.424097185364 -0.140052888669 -0.232453993146 0.503495872067 -1.75994978637 -6.33803867356   8.1090411598  1.09329555279 0.190305378081 -1.18329624265 1777094063.43
 0.442367806145 -0.136845254343 -0.253469228782 0.527884977518 -1.72439664739 -6.31094190766   8.1247407426 0.903873410859 0.129847752652 -1.07687559541 1777094063.45
 0.458334135411 -0.135134510754 -0.273243926254 0.550448688721 -1.69108593802 -6.28412242183  8.13363160747  0.754102214075 0.0196777730356 -0.954540362499 1777094063.47
 0.473464446933 -0.136033809119 -0.292831265143 0.573082829596 -1.65757110595 -6.25215201173  8.13816289903  0.701816398071 -0.126720420741 -0.926461101135 1777094063.49
 0.488900090308 -0.140653519252 -0.313593750379 0.597618399196  -1.6210102991 -6.20956024978  8.14166257854  0.788989528054 -0.339696825123  -1.08950960149 1777094063.51
 0.505390811994 -0.149779599733 -0.336918138337 0.625593824525 -1.57853107142 -6.15185997426  8.14763123074   0.93100900405 -0.619608279554  -1.36075016522 1777094063.53
 0.523327613093 -0.163565841334 -0.363912551931 0.658071364314 -1.52763139272 -6.07627204598  8.15905568466  0.987193261186 -0.831727853911  -1.53469823689 1777094063.55
 0.542840477389  -0.18133160789 -0.395137676207 0.695478769676   -1.466550577 -5.98202579197  8.17787908097  0.990327553886 -0.926376831202  -1.62267403333 1777094063.57
 0.563917474834 -0.201534599602 -0.430419955876 0.737482509404 -1.39454836172  -5.8702197442  8.20472407505   1.01940054175 -0.948230071711  -1.71947209395 1777094063.59
 0.586502608013 -0.221945423124 -0.468784699232 0.782945831003  -1.3120472568 -5.74332801429  8.23890533451   1.15156088916 -0.950016289781  -1.92923419776 1777094063.61
 0.610541602955 -0.239998637091 -0.508530339147 0.830038252479 -1.22061754347 -5.60450788753  8.27870064352   1.31263241847 -0.830708539409  -2.08743870753 1777094063.63
 0.635964358006 -0.253247635011 -0.547442189344 0.876514677553 -1.12281029621 -5.45689006143  8.32179314084   1.21370738222 -0.462020694251  -1.73845666928 1777094063.65
  0.66261467266 -0.259821236977 -0.583117324975 0.920103849734 -1.02186637526 -5.30301273027  8.36576482844   1.30010998963 -0.132637398097  -1.58110457177 1777094063.67
 0.690156168942 -0.258776290939 -0.613346551827 0.958892433445 -0.921344908342  -5.14450465544   8.40852155824  1.48330234292 0.255991742549 -1.42934773894 1777094063.69
 0.717992938155 -0.250263928077 -0.636481225431 0.991591772487 -0.824722067531  -4.98204864251   8.44856110424  1.38965763138 0.587923319912 -0.96775723308 1777094063.71
 0.745241796367 -0.235471180224 -0.651708169232 1.01762249858 -0.735010957293  -4.81558558194   8.48504814714   1.38814483518  0.891747772531 -0.596612864871 1777094063.73
 0.770780650507  -0.21635296741 -0.659168936034 1.03702222924 -0.654448426343  -4.64466685602   8.51771637047   1.26162574308    1.0550114572 -0.214434492178 1777094063.75
 0.793377722146 -0.195218392519 -0.659889678572 1.05024417097 -0.584286530516   -4.4688390073   8.54666129891   1.04374417879   1.06867082348 0.0924176186459 1777094063.77
 0.811884368424 -0.174267612619 -0.655529435279 1.05794341485 -0.52471569062  -4.2879511122   8.5721064861 0.799130255936 0.997360305358 0.296247990085 1777094063.79
 0.825455503651 -0.155183484918 -0.647998027333 1.06082993261 -0.474932556911  -4.10230778881   8.59421792869 0.558628173855 0.904459806572 0.421553686872 1777094063.81
 0.833750798785 -0.138864265097 -0.639028523279 1.05961367118 -0.433347645361  -3.91263975256   8.61301387702  0.30918283393 0.794330399692 0.484364458512 1777094063.83
 0.837069659755 -0.125345226622 -0.629803341812 1.05501151201 -0.397907119843   -3.7199168405   8.62838132326 0.0591638506182  0.560768949247  0.411359507069 1777094063.85
 0.836383695536 -0.113909047866 -0.620722292392 1.0477638673 -0.366483049527  -3.52507218816   8.64017804008 -0.0960466477562   0.553265426979   0.463549053856 1777094063.87
 0.833249666345 -0.103340603511 -0.611366942706 1.03863074547 -0.33727174755  -3.3287294014  8.64837796336 -0.192410443968  0.615097742399  0.569627599443 1777094063.89
  0.829609494655 -0.0922532812548  -0.600667394611 1.02837925906 -0.309134595064  -3.13102063898   8.65321096918 -0.138945904086  0.579043945019  0.584024509251 1777094063.91
   0.82750675334 -0.0794075554379   -0.58722803792 1.01779651955 -0.281822213381   -2.9315534405   8.65525468966 -0.020985542711  0.704341487747  0.770051787457 1777094063.93
   0.82876642631 -0.0639572290309  -0.569731511986 1.00773920846 -0.256040336564  -2.72953695351    8.6554521977 0.174853809217 0.822885780603 0.970893873543 1777094063.95
  0.834693249301 -0.0455869291373  -0.547324275273 0.999177086827 -0.233341121062   -2.5240288266   8.65504980946 0.426060526101 0.983631077087  1.24348180863 1777094063.97
  0.845841946424 -0.0245355712789  -0.519895638128 0.993147555569 -0.215852188369  -2.31422823459   8.65546815831 0.700273500176   1.1340740229  1.52199695011 1777094063.99
   0.861900592716 -0.00152537120105    -0.48819095995 0.990558111298 -0.205882381744  -2.09972937933   8.65813241485 0.881390143126  1.15267195311  1.62570736058 1777094064.01
 0.881708605023 0.0223704348088 -0.453740268297 0.991862254348 -0.205463887241  -1.88066592104   8.66429182113  1.0470039208 1.19594182124 1.75478243898 1777094064.03
 0.903407519954 0.0458859795763  -0.41862519657 0.996743560518 -0.215902521556  -1.65771352665   8.67485532776 1.10527223543 1.16585008222 1.76363511805 1777094064.05
 0.924700420619 0.0677185491834 -0.385140086963 1.00398683078 -0.237410629797  -1.43196193205   8.69026220493 0.996141309782   1.0213474998  1.58306901306 1777094064.07
 0.943178797285 0.0866636225344 -0.355420632986 1.01164255222 -0.268889934022  -1.20470480186   8.71039802695 0.795998388478 0.846723301952  1.34534196867 1777094064.09
 0.956666530029  0.101721695548 -0.331113157781 1.01744487628 -0.307914745686 -0.977214052769   8.73456060922  0.50863593119 0.637649902352  1.05665133869 1777094064.11
 0.963530399811  0.112177347711 -0.313141771556 1.01932936669 -0.350939380807 -0.750561300775   8.76147857916  0.15199363036 0.387633375707 0.717898184674 1777094064.13
 0.962913979397  0.117654730915 -0.301605128072 1.01587972748 -0.393718776092 -0.525526802166   8.78938613068 -0.208378033566  0.143688943537    0.4168285947 1777094064.15
 0.954864459342   0.11815302475 -0.295806874371 1.006592261 -0.431892066938 -0.302605290544   8.81615798501  -0.584887615197 -0.0930871100154   0.186634624668 1777094064.17
 0.940337057296  0.114061527064 -0.294400948546 0.991925265222  -0.461642241582 -0.0820892916787    8.83950510504  -0.873960793894  -0.310496357067 0.00486852693067 1777094064.19
 0.921076883474  0.106149146208 -0.295618655719 0.97316013899 -0.480319994271  0.135808114152   8.85722251131   -1.03497569212   -0.46868485864 -0.0793317622615 1777094064.21
 0.899392349528 0.0955198697882 -0.297539395031 0.952134620476 -0.486914939714  0.350834221896    8.8674669352   -1.10504347015  -0.578279262061 -0.0702911841453 1777094064.23
 0.877847101438 0.0835266095111 -0.298368477469 0.930922110784 -0.482276827554  0.562617379617   8.86902794915 -0.891407577306 -0.525775518806 0.0187063208049 1777094064.25
 0.858908716542 0.0716415635244 -0.296689839962 0.911527047384 -0.469031536196  0.770648562671   8.86154645578 -0.833968210026 -0.557775167425  0.168138258875 1777094064.27
  0.84460094462 0.0612908930145 -0.291665642931 0.895642884461 -0.451193270118  0.974327681338    8.8456329792 -0.653925606342 -0.517673416334  0.389835253075 1777094064.29
 0.836210068797 0.0536724147255 -0.283158127788 0.884480939644 -0.433532891701   1.17306338689   8.82284726563 -0.262360075147 -0.292292211321  0.497144589577 1777094064.31
 0.834092665186 0.0495837449993 -0.271753564984 0.878646187021 -0.420809132756   1.36640495486   8.79552034686 0.0364711241498 -0.113302085084  0.633219049254 1777094064.33
 0.837620122519 0.0492919073947 -0.258676489298 0.878037976342 -0.416994231413   1.55417993602   8.76642833501   0.27838176784 0.0719080279957    0.6511685308 1777094064.34
 0.845275181706 0.0524722700535 -0.245596310111 0.881794204718 -0.424624249832   1.73661067064   8.73835941231 0.438620522856 0.227133121804 0.617916230374 1777094064.37
 0.854890416586 0.0582350726175 -0.234346585768 0.888339614289 -0.444379541492   1.91438538736   8.71364515476 0.466248225362 0.318124466847  0.47328969647 1777094064.38
 0.863993013063 0.0652435789765 -0.226595794421 0.895592711711 -0.474959711685   2.08866516574   8.69374629447 0.365624569231 0.326626785573 0.258505463312 1777094064.41
 0.870200119035 0.0719118310189 -0.223522253768 0.901322226808 -0.513268650321   2.26101671926   8.67898336818  0.191939638363  0.287971093794 0.0263688096857 1777094064.43
0.871599065308 0.076655099822 -0.22555086933 0.903567446088 -0.554876888329   2.43327234086   8.66847995972 -0.0722862838071   0.143223919099  -0.199158649344 1777094064.45
 0.867049068777 0.0781551422449 -0.232203830414 0.9009999627 -0.594687323934    2.6073307139   8.66034260389  -0.376090238524 -0.0260977143677    -0.4083281154 1777094064.47
 0.856354885257 0.0755972732262 -0.242101757051 0.893124794186 -0.627701550795   2.78492296844   8.65204669807 -0.697804693105 -0.242919721375 -0.545556749457 1777094064.49
 0.840285190675 0.0688381028559  -0.25312833047 0.880279408915 -0.649771292482   2.96737500041    8.6409469476 -0.857768525248 -0.408961400233 -0.492921490878 1777094064.51
 0.820434903887 0.0584715738734 -0.262743375679 0.863461891417 -0.658224322836   3.15539866863   8.62479898106  -1.02809687746   -0.5737058749 -0.379921920352 1777094064.53
 0.798956681769 0.0457756766585 -0.268400827463 0.844077126867 -0.652275358093   3.34894149187     8.602175549  -1.05263642774 -0.646405491828 -0.131136764418 1777094064.55
 0.778208269349 0.0325409412756 -0.268003942462 0.823706948202 -0.633165440854   3.54711804825   8.57268736998  -1.00180123412 -0.648482649566  0.209935181446 1777094064.57
 0.760375798851 0.0208016275906 -0.260315905644 0.80397041856 -0.604012189829   3.74823751475   8.53696768176 -0.748894542939 -0.482827443771  0.548544702092 1777094064.59
 0.747136040718 0.0125080476412 -0.245244387651 0.786456307922 -0.569391994951   3.94993146489   8.49643713215 -0.479230516501 -0.265431147686  0.831644790332 1777094064.61
 0.739412183082 0.0091905210318 -0.223936165121 0.772633320674 -0.53470957168  4.14937492297  8.45291607053  -0.253653640338 -0.0215218505965    1.19661005696 1777094064.63
  0.73725938468 0.0116700391058 -0.198651301393 0.763642540497 -0.505437939949    4.3435826271    8.4081816777 0.0126862076408  0.282344099482   1.36209467406 1777094064.65
 0.739891901118 0.0198671204281 -0.172429725987 0.759978116933 -0.486331206085   4.52975229298   8.36357148482 0.227288708046 0.558456983001  1.32586653902 1777094064.67
 0.745838342533 0.0327488641862 -0.148606786405 0.761203848035 -0.480721106516   4.70561804318   8.31971473403 0.318862463421 0.684970890875  1.01089739054 1777094064.69
 0.753190862322 0.0484355546246 -0.130267707183 0.765906099709 -0.490002947104   4.86977092852   8.27643768583 0.309044268536 0.696944094949 0.634247823297 1777094064.71
 0.759901490131 0.0644635040392 -0.119745158279 0.771974559806 -0.513395025673    5.0219011172   8.23285031829 0.271988104722 0.743062465735 0.300162329306 1777094064.73
0.764075693591  0.07817255202 -0.11825535719 0.777114497954 -0.548018588487   5.16291972153   8.18758982096  0.119125557069  0.626256813271 -0.165371557082 1777094064.75
 0.764218640736 0.0871592634281 -0.125738279614 0.77938243694 -0.589297729786   5.29492854215   8.13917518734 -0.128144314376   0.31646998482 -0.621424134605 1777094064.77
  0.75940120928  0.089716833061 -0.140923841405 0.777559538471 -0.631628566211   5.42102284804   8.08641544422  -0.340893538938 -0.0453865467384  -0.820945579643 1777094064.79
 0.749327776904 0.0851766946489 -0.161598709467 0.771272539024 -0.669223550443   5.54493388527   8.02880707081 -0.531414205523 -0.331113760547 -0.933447735582 1777094064.81
 0.734303653847 0.0740790389004 -0.185008579909 0.760866436832 -0.697007346412   5.67054178951   7.96685091999 -0.890505972549 -0.703993860308  -1.21573579645 1777094064.83
 0.715114571341 0.0581292773374 -0.208307232483 0.747100907597 -0.711429725052   5.80131362024   7.90221726325   -1.2029710111 -0.990546872218  -1.27526088968 1777094064.85
 0.692842307849 0.0399390586205 -0.228961453667 0.730786520958 -0.711069901426   5.93974249481   7.83769616891  -1.28672650529 -0.984022992877  -1.01718731696 1777094064.87
 0.668648213603 0.0225941700548 -0.245039972161 0.712492468755 -0.696934458355   6.08687806662   7.77689713035  -1.13603476641 -0.710254746716 -0.608279061772 1777094064.89
  0.643559469523 0.00912717602001  -0.255349482929 0.692427219704 -0.672393938767   6.24204018166    7.7237095003  -1.06681625382 -0.436462540231 -0.304682260466 1777094064.91
  0.618291217735 0.00199180084995  -0.259421908391 0.670513030263 -0.642755648301   6.40279080669   7.68159673523  -1.25896822332 -0.162081794204 -0.051007877469 1777094064.93
  0.593131451329 0.00263498382991  -0.257392605325 0.646577771789 -0.614525018974    6.5652014379      7.65285564 -1.45331152531 0.266819060372 0.276689806864 1777094064.95
 0.567905433717 0.0112423209992 -0.249829173037 0.620530085594 -0.594457306551   6.72439714787   7.63800562572 -1.48122462448 0.697421775726 0.574515638486 1777094064.97
 0.542023723699 0.0266986144016 -0.237569691038 0.592403486792 -0.588537926843   6.87529445053   7.63546634081 -1.33938988808 0.892650896376 0.709130614036 1777094064.99
  0.51460451776 0.0467652936821 -0.221609375653 0.562241511959 -0.601046883589   7.01339460124   7.64163109892 -1.34199330755 0.976302496882 0.807554939606 1777094065.01
 0.484649189114 0.0684386894512 -0.203044117362 0.529901504355 -0.633856118346   7.13546513083   7.65135891947 -1.55732352032  1.02388464627 0.947701635914 1777094065.03
 0.451241564565  0.088424174494 -0.183050159398 0.494919331893 -0.686077286054   7.23995433069   7.65881132928 -1.67347511445 0.830858398952 0.948268745908 1777094065.05
 0.413737928237  0.103645198452 -0.162862502564 0.456558424701 -0.754124885271   7.32703918827     7.658477092 -2.21467954446 0.649967227539  1.09815927313 1777094065.07
 0.371916479249  0.111704610667 -0.143716442585 0.414070288056 -0.832193671854   7.39829552688   7.64618087797 -2.48375966997 0.214791666441  1.02343790145 1777094065.08
  0.32606176332   0.11122729659 -0.126735371862 0.367082605808 -0.913080898362   7.45607582964   7.61987263821  -2.11515254928 -0.215412244852  0.689287877151 1777094065.11
 0.276970461658  0.102035078889 -0.112775346194 0.315977962307 -0.989225338518   7.50275659717   7.58004173283  -2.30526212824 -0.600439315956  0.563148167102 1777094065.13
 0.225878067652  0.085132984382 -0.102261684511 0.262156401019 -1.05379713382  7.54004998928  7.52967990759 -2.65436603402 -1.02188869895 0.457943295525 1777094065.15
  0.174318998495  0.0625158984928 -0.0950654490927 0.208165295887 -1.10166252729  7.56855489048  7.47380902617 -2.67311654385  -1.2666317441 0.309389977058 1777094065.17
  0.123943091224   0.036832031221 -0.0904635980822 0.157804153824 -1.13006779276  7.58765776517  7.41867175941 -2.34311861391 -1.23263062954 0.187871477609 1777094065.19
 0.0763173724324  0.0109607594091 -0.0872076692145 0.116402994599 -1.13893390081  7.59580336008  7.37074008616 -2.12896741064 -1.14986239123 0.157919954296 1777094065.21
 0.0327426871742 -0.0124256108439 -0.0836986454731 0.090730053578 -1.1307195016 7.59106373031 7.33571901049 -2.03937146002 -1.04704604824 0.222498935762 1777094065.23
-0.0058894994322 -0.0312455683793 -0.0782387580276 0.0844527974942 -1.10988301272  7.57186284221  7.31771067065  -1.92601880225 -0.852919992153   0.38524663549 1777094065.25
-0.0391829775017 -0.0442772403707 -0.0693119114031 0.0911039011409 -1.08204213624   7.5376777254  7.31866307914  -1.62049261254 -0.528816232176  0.591520781858 1777094065.27
-0.0672586007346 -0.0512721804549 -0.0558374841783 0.101342885792 -1.05297938656    7.489541983  7.33816912375  -1.15954985339 -0.194046139367  0.719224916985 1777094065.29
-0.0907158971163 -0.0529010732075 -0.0373479904699 0.11145748036 -1.02766673529   7.4302214992  7.37361854434 -0.995912746214 0.0166618573876  0.961220083836 1777094065.31
 -0.110547034945 -0.0505479546429 -0.0140570043933 0.12236560802 -1.00947705667  7.36400605173  7.42065093582 -0.996565150021   0.18445386661   1.35019055001 1777094065.33
 -0.128020704901 -0.0459963404474  0.0131942133583 0.136671326488 -0.999715185999    7.2961483367   7.47382027919 -0.95767820953 0.266927922898   1.6095893673 1777094065.35
 -0.144554020335 -0.0410693908792  0.0430992319634 0.156333308856 -0.997542476012   7.23206341201   7.52736445994 -0.889385127676  0.230606901518   1.61443188984 1777094065.37
  -0.16158715286 -0.0372929628914   0.074124784747 0.18164706649 -1.00029574162  7.17645659509  7.57597445083 -0.857182453641  0.129496296435   1.47202104732 1777094065.39
 -0.180469896148 -0.0356435064817   0.104776795363 0.211702668421 -1.00412780593  7.13256211596   7.6154710952 -0.955399803102 0.0203675543274   1.39913730564 1777094065.41
 -0.202364096008 -0.0364236654495   0.133840667232 0.245339020465 -1.00483695288  7.10164482964  7.64331569074  -1.15110591669 -0.087803180009   1.34608533241 1777094065.43
 -0.228162954687 -0.0392814012604   0.160548315278 0.281739461054 -0.99871894468  7.08285201465  7.65889942422    -1.553442532 -0.192180029506   1.40758466259 1777094065.45
 -0.258428417964 -0.0433595145883   0.184640924131 0.320558209349 -0.983275343255   7.07342051943   7.66357622652   -1.6038374163 -0.203135654502   1.12614610292 1777094065.47
 -0.293350358218 -0.0475377779649   0.206320124628 0.361776542671 -0.957645866503   7.06916860044   7.66042726289  -1.76371082422 -0.174571099807  0.984201709397 1777094065.49
 -0.332733963918 -0.0507142354988   0.226105570343 0.40547201305 -0.92269273688  7.06515022869  7.65377616796 -2.07780823639 -0.11385462067 0.963038132846 1777094065.51
 -0.376022208402 -0.0520678264929   0.244637493308 0.451609635525 -0.880737644589   7.05633175806   7.64851119898   -2.07909137294 -0.0124519841924   0.843676107064 1777094065.53
 -0.422356928181 -0.0512510006207   0.262473742794 0.499904496382 -0.835020918046   7.03816564633   7.64930716945  -2.53662849032 0.0962566827702  0.945809333301 1777094065.55
 -0.470675016535 -0.0484760646876   0.279929815261 0.54976868 -0.789003701926   7.00697479593   7.65986650441 -2.82430506548 0.196217670372  1.00038383253 1777094065.57
 -0.519827445943 -0.0444792682894   0.296998317108 0.600339053559 -0.745658599636   6.96011215634   7.68230592032  -2.4287419107 0.200872817933 0.828391727882 1777094065.59
 -0.568701292907 -0.0403686514299   0.313364473799 0.650575193204 -0.706889847164   6.89591177634    7.7167981478 -2.12129415202 0.156013642782 0.692771593555 1777094065.61
 -0.616321632786 -0.0373824639248   0.328511359052 0.699406546063 -0.67319364453  6.81348961022  7.76153770783  -2.14670510213 0.0867466393725  0.656895096648 1777094065.63
 -0.661912927829 -0.0366020436774   0.341887378911 0.745892360523 -0.64361979726  6.71247766958  7.81304278672   -2.44294364756 -0.0356197996402   0.677899962263 1777094065.65
 -0.704908324184 -0.0386741188516   0.353093553084 0.789345608845 -0.616036976371   6.59277941448   7.86674308238  -2.31011830331 -0.194791367412  0.561002845818 1777094065.67
 -0.744908129629 -0.0436002778475   0.362042426525 0.829375562951 -0.587646624277    6.4544176363   7.91774959658  -1.91805868839 -0.299354159795  0.398944284716 1777094065.69
   -0.7816022459 -0.0506438487852   0.369045412079 0.865829883056 -0.55564523412  6.29751315091  7.96166889744 -1.62690624116 -0.34475642589 0.297474933375 1777094065.71
  -0.81468160062 -0.0583859193752   0.374800296714 0.898660274179 -0.517909155454   6.12239177802   7.99531877844  -1.41758914242 -0.325874757481  0.256021989931 1777094065.73
 -0.84376750768 -0.064934371335  0.380272694759 0.927775512706 -0.473573506256    5.9297783449   8.01722498645  -1.44050995612 -0.264788472809  0.313561344768 1777094065.75
 -0.868383930918 -0.0682572555402    0.38648988958 0.952955475958 -0.4233956484 5.72100903123 8.02782346639   -1.29481551885 -0.0482366768261   0.410379736441 1777094065.77
 -0.887986543807 -0.0665816943121   0.394287507006 0.973866449869 -0.369829143295   5.49818388648   8.02934852543 -0.845300091628  0.237990757868  0.441294822856 1777094065.79
  -0.90204696779 -0.0587795662122   0.404063913338 0.990157268097 -0.31678033148  5.26419283874  8.02544251273 -0.503014253959  0.497027274228  0.483177115687 1777094065.81
 -0.910174652526 -0.0446576730538   0.415600593642 1.00156680222 -0.26907123612  5.02257956859  8.02056698728 -0.24172537892 0.798510734858 0.567198007189 1777094065.83
 -0.912246878065 -0.0250853886089    0.42799755575 1.00797100702 -0.231683702921   4.77725148157   8.01932221481 0.0436885205336   1.12343678939   0.63493105429 1777094065.85
 -0.908512838327 -0.0019246350451   0.439751959461 1.00934685192 -0.208903318115    4.5320888268   8.02578814233 0.303439132494  1.13909667582 0.505106304292 1777094065.87
-0.899642333965 0.0222314955603  0.448979143179 1.00570017374 -0.2035089306 4.29053776809 8.04298640963 0.565725119546    1.203237143 0.362919765325 1777094065.89
-0.886702303199 0.0444640527974  0.453743691518 0.997046319928 -0.216156507192   4.05527989541   8.07253389489  0.747307454374    1.0398340964 0.0905236972224 1777094065.91
-0.871061766424 0.0619996638675  0.452441197019 0.983511868767 -0.245080545871   3.82805097991   8.11452107373  0.774627530115  0.672834416833 -0.228808911412 1777094065.93
-0.854242701753 0.0726581669496  0.444155798262 0.965548639817 -0.28618474117   3.6096407738  8.16761115438  0.867832831631  0.343720553294 -0.612716288436 1777094065.95
-0.837745939321 0.0751949868699  0.428919213078 0.944163246609 -0.333525091314   3.40005641327   8.22932488211   0.835861025274 -0.0846518982946  -0.968671350039 1777094065.97
-0.822884242368 0.0694823362382  0.407814779517 0.921020719517 -0.380116908462   3.19878967187   8.29645443431  0.738474618041 -0.509279154078  -1.25413821213 1777094065.99
-0.810649195215 0.0565080793182  0.382901298071 0.89830879145 -0.418937177547   3.00510497996    8.3655386115  0.523922515706 -0.770871957541  -1.25320496576 1777094066.01
-0.801627196119 0.0382058395001  0.356968642698 0.878346434842 -0.443957670213   2.81826630878   8.43332975333 0.358153427839 -0.95994432184 -1.21314786672 1777094066.03
-0.795967420617  0.017157105506  0.333170757615 0.863053448335 -0.451038828783    2.6376450438   8.49718933163 0.213291899901 -1.08786822806 -1.09774394676 1777094066.05
  -0.793395610347 -0.00377831757211    0.314603351482 0.853502278243 -0.438539621774   2.46269040359   8.55536293206 0.0697368820321  -1.00622039198  -0.75522945848 1777094066.07
 -0.793264456031 -0.0218434635763   0.303898464086 0.84976462069 -0.407548220529   2.29278794725   8.60710491961 -0.031505060328 -0.787451764541 -0.297912026938 1777094066.08
 -0.794633667976 -0.0347228913652   0.302896271612 0.851113680316 -0.361702275866   2.12706843594   8.65264605732 -0.0706251393916  -0.430013631379   0.193583207583 1777094066.1
 -0.796377428295 -0.0407973448609   0.312431107862 0.856443009666 -0.306634042825    1.9642484037   8.69302024433 -0.0622036050087  -0.105745189535   0.679617829581 1777094066.13
 -0.797319604117 -0.0392889422598   0.332241999889 0.864665784326 -0.249133626797   1.80257887216   8.72978578872 -0.000435724596776     0.266531567795      1.23176678221 1777094066.15
-0.796394607835 -0.030288666449  0.360996615879 0.874917328312 -0.196164631237   1.63994964676    8.7646897355 0.106741528552 0.584359206522  1.52328518881 1777094066.17
-0.792823347694 -0.014674072386  0.396407099515 0.886522857909 -0.153885158597   1.47415083921   8.79932969361 0.253805475767 0.912283563136  1.86773757095 1777094066.19
 -0.786281610224 0.00606169780825   0.435417490906 0.898812497768 -0.126821629469    1.3032438835   8.83486625295 0.412989258942   1.1690380297  2.04044924727 1777094066.21
-0.777027210393  0.030039645531  0.474450815586 0.910921095598 -0.117314870366    1.1259565062    8.8718305884 0.508193854916  1.22933606808  1.85682026481 1777094066.23
-0.765947938433 0.0552494553673  0.509711922988 0.92170222477 -0.125312280191  0.942001760884   8.91005646255 0.564481111891  1.24671518647   1.5808705143 1777094066.25
-0.754498994326 0.0797955514475  0.537542727379 0.929832375339 -0.14852428002 0.752234767084  8.94874453473 0.534348664124  1.16830608295  1.12462378066 1777094066.27
-0.744517192455  0.102105885579  0.554816417831 0.934105304141 -0.182906952565  0.558597875721    8.9866422705 0.416387696205  1.03732947255 0.547627166301 1777094066.29
-0.737926495896  0.121081932413  0.559338641226 0.933839420496 -0.223384910868  0.363854647529   9.02229955693  0.203909577008  0.853647757406 -0.115577820187 1777094066.31
-0.736378659163  0.136177069458  0.550203422447 0.929258591561 -0.264696120648  0.171161884549   9.05434446455 -0.0745231625315   0.660523784114  -0.785584036296 1777094066.33
-0.740895746172  0.147399393471  0.528038364416 0.921671092194  -0.302227522092 -0.0164346817345    9.08172067921 -0.379627429732  0.475800241978  -1.37575175546 1777094066.35
-0.751590985451  0.155243206312  0.495074675271 0.913284400727 -0.33271727776 -0.19647909039  9.10383959268 -0.657994144929  0.325062131011  -1.80403067143 1777094066.37
-0.76753692995 0.160560665555 0.454995901911 0.906594692747 -0.354723841958 -0.367462649384   9.12062254973 -0.880076500163  0.228506195402   -2.0612022054 1777094066.39
-0.786825485873  0.164391617429  0.412552951349 0.903503672802 -0.368799300413 -0.528991942111   9.13243513999 -0.988675088251  0.181543932239  -2.06388928584 1777094066.41
-0.806827434026   0.16777532353   0.37297578088 0.904560667179 -0.377348842718 -0.681741617739   9.13993785695 -0.947897695209  0.180091794861  -1.78830738502 1777094066.43
-0.82461705949 0.171571666877 0.341255225305 0.908782295424 -0.384203584442 -0.827215256877   9.14389062047 -0.764227294966  0.212960943477  -1.28542609972 1777094066.45
-0.837489421725  0.176319647806    0.3214024865 0.914208241065 -0.393974312542 -0.967382210405    9.1449513283 -0.470139466734  0.263909477342 -0.634435839852 1777094066.47
-0.843472276088  0.182155909872   0.31581080716 0.9188921166 -0.411284221028  -1.10428739084   9.14350306286 -0.105547062271  0.310911945602 0.0855599719605 1777094066.49
-0.841728109996  0.188805630729  0.324838508704 0.921777540456 -0.439996023956  -1.23973576076   9.13953492243  0.26702553163 0.336135353683 0.769836601976 1777094066.51
-0.832756822867  0.195644667431  0.346703538824 0.923019017009 -0.482551167422  -1.37513022946   9.13259164721 0.587164001811 0.326770569551    1.328105526 1777094066.53
-0.818344325574  0.201819256446  0.377730261627 0.92363336775 -0.539525564686  -1.51149500262   9.12179966697  0.78972058315 0.269623372626  1.65993095814 1777094066.55
-0.801250498085     0.206401436  0.412927371658 0.924723162751 -0.609477847667  -1.64965815969   9.10597195185 0.843257675707 0.168763115617  1.73056466497 1777094066.57
-0.784682206086   0.20855613454  0.446812911228 0.926748943049 -0.689124746154  -1.79051440258   9.08378891952  0.745644960572 0.0326601575619   1.54691480524 1777094066.59
-0.771643036558   0.20769827888  0.474351002211 0.929290279846 -0.773828394155  -1.93525828348   9.05404438299  0.508173879461 -0.122900047078   1.12152240002 1777094066.61
-0.76428172733  0.20362235124 0.491836071255 0.931392152448 -0.85832903181 -2.08548060453  9.01593184106  0.204412163541 -0.274452455631  0.573441666479 1777094066.63
-0.763369476384  0.196589845472  0.497560991537 0.932173516635 -0.937612174917   -2.2430572761   8.96932828705 -0.0933466595736  -0.406051782465 0.00751541143304 1777094066.65
-0.768019974501  0.187361223804  0.492137040412 0.931213066899 -1.00777041634 -2.40982161305  8.91501557992 -0.311227180811 -0.489350554275 -0.482792463628 1777094066.67
-0.775726986054  0.177159813074  0.478391353068 0.928437527758 -1.06671363612 -2.58708079038  8.85477209815 -0.370510589771 -0.498494715663 -0.787794046665 1777094066.69
-0.782738443512  0.167558607558  0.460842058345 0.923650778518 -1.11460129767 -2.77509463114  8.79127842094 -0.224234266625 -0.420533480133 -0.836622151058 1777094066.71
-0.78472233051 0.160289762095 0.444829558336 0.916163347773 -1.15391536523 -2.97266231683  8.72781365594  0.126598615097 -0.261337451484 -0.627937858726 1777094066.73
-0.777619207635  0.156990971754   0.43545029547 0.904961190947 -1.18915456796 -3.17695039163  8.66776884737   0.654897667132 -0.0342487928828  -0.208679105453 1777094066.75
-0.75853082072 0.158920040322 0.436483795161 0.889462022032 -1.22619715422 -3.38364546904   8.6140574402  1.34723530778 0.255311285386 0.370486879032 1777094066.77
-0.726474230164     0.166683332  0.449515056817 0.870409057032 -1.27143487555 -3.58744037032    8.568542701  2.02367275814 0.564412915905 0.987781030072 1777094066.79
-0.682843032492    0.1800297603  0.473427990372 0.850187851998 -1.33081379556 -3.78278292172  8.53161355613  2.39336026031 0.782726745045  1.38214757411 1777094066.81
-0.631462317936   0.19775611533  0.504383722506 0.832018677466 -1.40892282714 -3.96475262977  8.50201749649   2.5511213849 0.919614562733  1.53294779046 1777094066.83
-0.57819563798 0.217752492161 0.536309746272 0.818140872691 -1.50825170713 -4.12989699525   8.4770070532  2.25272932418 0.876869367947  1.27727440822 1777094066.85
-0.530147332471  0.237192725097  0.561828279521 0.808064105523 -1.62870483442 -4.27686318693  8.45278846085  1.86062039992 0.781039191912 0.826828849182 1777094066.87
-0.494584690138  0.252850154822  0.573465064888 0.798379231418 -1.76741601071 -4.40670051833  8.42519437162   1.58797536593  0.736833217366 0.0938060611815 1777094066.89
-0.477763844858  0.261499080562  0.564922715839 0.784715066415 -1.91887014465 -4.52277531385  8.39045221011 0.309035078355 0.216252100109 -1.19019550427 1777094066.9
-0.483867314034  0.260349805355  0.532188932339 0.764940950952  -2.0753069011 -4.63031696126   8.3458969418 -0.819388336747 -0.315323343121  -2.03591415225 1777094066.93
-0.514243518789   0.24746069092  0.474282562576 0.742042545499 -2.22736021189 -4.73568413586  8.29048677155  -1.97668129955 -0.909219147699   -3.2941159231 1777094066.95
-0.567082675578  0.222073022894  0.393511520066 0.725086549912 -2.36487554019 -4.84548750089  8.22502069947 -3.28583324881 -1.66874601112 -4.77068646002 1777094066.97
-0.637581029619  0.184822399919   0.29520938741 0.726510475669 -2.47784054353 -4.96572075742  8.15201884397 -4.23153354428 -2.35446194992  -5.7688027987 1777094066.99
-0.718554341629  0.137792874697  0.187011875931 0.755169292233 -2.55736010413 -5.10103576157  8.07529568963  -4.2163728775 -2.58505315925 -5.59602644261 1777094067
-0.801381375464 0.0843966041423 0.0778113789109 0.809561304917 -2.59660038117 -5.25425690842  7.99931750909  -3.7387120472  -2.5634646326 -4.96221712981 1777094067.02
 -0.877105602878  0.0290814934696 -0.0234257760162 0.87790018729 -2.59161841459 -5.42617641468  7.92847580066 -3.01303901014 -2.37953607119 -4.13012983642 1777094067.05
 -0.937508570886 -0.0231093294633  -0.108785272997 0.944081880566 -2.54198765618 -5.61561777623  7.86642164078 -2.40776565076 -2.34145089215 -3.62503566725 1777094067.07
  -0.97599250068 -0.0670818582289   -0.17230593445 0.993353246401  -2.4511320263 -5.81971073907  7.81558971711 -1.55408206343   -2.306124377 -3.12180828044 1777094067.09
 -0.988164491225 -0.0982783668535  -0.210541850265 1.01511357484 -2.32629746458 -6.03429593294  7.77699859423 0.105219380674 -1.24273443128 -1.35796582138 1777094067.1
-0.972084689271 -0.113236585219 -0.222740315417 1.00368541658 -2.17812230911 -6.25437439825  7.75035308696     1.32717326002   -0.260556766647 -0.00260800838201 1777094067.12
-0.928207440424 -0.110049411196 -0.210659670971 0.958153130944 -2.01981280153 -6.47453422639  7.73440725672  2.60171067915 0.565816997834  1.02770162477 1777094067.15
 -0.859091540154 -0.0886629672061  -0.178106896388 0.881828476893 -1.86598015558 -6.68931599964  7.72748696201 4.17998207293 1.55089737695  2.1093024435 1777094067.17
 -0.768974023955 -0.0509690889326  -0.130307308548 0.781600212516 -1.73124232772 -6.89351060552  7.72803334061 5.20493105241 2.33903239366 2.78808072989 1777094067.19
   -0.663291609746 -0.000672871796772   -0.0732244287068 0.667321533652 -1.62872986735 -7.08240751643  7.73502358437 5.48473910724  2.6837647119 2.91608491907 1777094067.21
  -0.54820377602  0.0570570886596 -0.0129298402679 0.551316671413 -1.56865704946 -7.25202155658  7.74815643407 5.67872094116 2.84465181411 2.87730392978 1777094067.23
-0.430135678618  0.116122344825 0.0449114127685 0.447792514435 -1.55712572235 -7.39931845803  7.76775154422 5.54581139477  2.6934580204 2.58019833502 1777094067.25
-0.315332279662  0.170156787683 0.0954140258329 0.370798618278 -1.59531985056 -7.52243619934  7.79438988053 5.64540352909 2.48404161145 2.29678491419 1777094067.27
-0.209407515961  0.213245241006  0.134712808101 0.3278301103 -1.67922263436 -7.62086778598  7.82839612515 5.27789815625 1.87392895897 1.72039636075 1777094067.29
-0.116886870618  0.240615251975  0.160099768039 0.311753389288 -1.79994259498 -7.69554393141  7.86931257963  4.15244250276 0.885703473989 0.871149943581 1777094067.31
-0.040772554426  0.249214570182  0.170091103437 0.304468859908 -1.94466701141 -7.74874482497  7.91552229886    3.17644094275 -0.0595168695878   0.102479058217 1777094067.33
0.0178052144076  0.238091530803  0.164445234639 0.28990832671 -2.09817124313 -7.78378916072   7.9641436972  2.41520628804 -0.97777978901 -0.62360883871 1777094067.35
0.0597656450638  0.208512365998  0.144132033133 0.260429226622 -2.24471050977  -7.8044970663  8.01124927998  1.85762465668 -1.96648015829 -1.40812702345 1777094067.37
0.0880027472602  0.163780471774  0.111233708493 0.216659789451 -2.37002802964 -7.81449039834  8.05237706157  1.25378349642 -2.64686742888 -2.00035124683 1777094067.39
 0.107013774776  0.108766647564 0.0687499153669 0.167357947158 -2.46315890159 -7.81645769416  8.08322767776 0.845585487112 -2.82903635779 -2.24562855413 1777094067.41
 0.122247283762 0.0492101056849 0.0202902022914 0.133333136158 -2.51771785253 -7.81154785588  8.10039280411 0.763356849227 -2.79048701897 -2.34576002704 1777094067.43
   0.139257895113 -0.00910325735708  -0.0303347639293 0.142813964823 -2.53243980627 -7.79904944221  8.10195261836 0.974183577762 -2.65026579126  -2.3982524839 1777094067.45
  0.162813026872  -0.061148972128 -0.0795748502472 0.19125751045 -2.51088162407 -7.77645840506  8.08781266226  1.49625217366 -2.47901784089 -2.47967969075 1777094067.47
 0.196123485684 -0.103319203065 -0.124575863474 0.254280209846 -2.46035916105 -7.73994879718  8.05971421819  2.05669281231 -1.92732138143 -2.22598709129 1777094067.49
 0.240354631196 -0.133813003951 -0.163499201628 0.320012902391 -2.39034575285 -7.68516226055  8.02092979995  2.46794453329 -1.23859274132 -1.78274477635 1777094067.51
 0.294519904381 -0.152701629746 -0.195653514967 0.385149399224 -2.31065995302 -7.60815076869  7.97572564926    2.7013248672 -0.652039957729  -1.35528009697 1777094067.53
 0.355777341632 -0.161673488319 -0.221407861224 0.449151727878 -2.22979841585 -7.50626644355  7.92871797468  2.96945968247 -0.25601042902 -1.09408959441 1777094067.55
 0.420062873396 -0.163525251817  -0.24190949105 0.511579443926 -2.15371944769 -7.37880399154  7.88425908941    3.38720759179 0.00431948756067  -0.992893097791 1777094067.57
 0.482923284718 -0.161511347291 -0.258678186671 0.571152535218 -2.08526857418 -7.22726191055  7.84596453841   3.32703914665  0.133861111135 -0.864697911618 1777094067.59
 0.540373342416  -0.15868464359 -0.273178197765 0.62594767596 -2.02428930815 -7.05518079177  7.81644333142   2.67678869222  0.104317427809 -0.697351944434 1777094067.6
 0.589603516051 -0.157353900212 -0.286470319449 0.674134852961 -1.96831641825 -6.86761528052  7.79723658018     2.03717172249 -0.00153393650963   -0.591330763505 1777094067.63
 0.629404505295 -0.158751681705 -0.299021313954 0.714678860698 -1.91363800304 -6.67037459388  7.78892167883   1.67350758497 -0.132767616535 -0.574130225212 1777094067.65
 0.660241245061 -0.162957939896 -0.310704004213 0.747670228168 -1.85645775748 -6.46920576777  7.79131198531   1.43666682611 -0.271596532743 -0.577766608038 1777094067.67
  0.68398566713 -0.169070047827 -0.320971547761 0.774237565857 -1.79389643056 -6.26908681724  7.80368037536   1.13955177009 -0.332867588633 -0.487102312312 1777094067.69
 0.703386753659 -0.175560913964 -0.329146586249 0.796185929903 -1.72463411634 -6.07375004383   7.8249546192  0.937936717429 -0.292330340318 -0.345127198567 1777094067.71
 0.721404035706 -0.180732374524   -0.3347401704 0.815560516217 -1.64909457258 -5.88548589312  7.85386189673  0.882555736792 -0.180408707828  -0.20341015087 1777094067.73
 0.740548620962 -0.183157402413 -0.337711598882 0.834270950044 -1.56918501991 -5.70520668877  7.88902583609   0.970851909828 -0.0303660002564 -0.0914419228392 1777094067.75
 0.762363424641 -0.182013489391  -0.33859802477 0.853800634767 -1.48770466178 -5.53269622209  7.92903318696    1.21943556416    0.15493168995 -0.0200225570282 1777094067.77
 0.787137335691 -0.177238214456 -0.338476563612 0.874965687337 -1.40760148433 -5.36694654126  7.97248678204     1.37882702273    0.335340778461 -0.00442514418003 1777094067.79
 0.813896390321 -0.169480296653 -0.338763412305 0.897725768065   -1.331277264 -5.20648854254  8.01805155302    1.35220252428   0.438877840679 -0.0610989785549 1777094067.81
 0.840659590271 -0.159866754859 -0.340894955108 0.921127187983 -1.26011358658  -5.0496510327  8.06448922152   1.19452694002  0.464466496793 -0.168706852957 1777094067.83
 0.864897626734  -0.14964954624 -0.345966479732 0.943470029476 -1.19432620162 -4.89472198351  8.11067259283   1.02886590348  0.474733135601 -0.320316566269 1777094067.85
 0.884096955912 -0.139824146076 -0.354418299367 0.96269961577 -1.13316814711 -4.74002311129  8.15557610114 0.816691205081 0.489453642726 -0.51696211312 1777094067.87
 0.896314204042 -0.130821183563 -0.365853041619 0.976904182864  -1.0754141308 -4.58393457763  8.19825356457  0.435197845918  0.460357961102 -0.648991612403 1777094067.89
 0.900608892005 -0.122357604582 -0.379041831239 0.984754014761 -1.01998895683 -4.42491511784  8.23782954574 0.0241996897934  0.440628220469 -0.668515715034 1777094067.91
  0.89726561449 -0.113497891563 -0.392135727111 0.985767610957 -0.966566107201   -4.2615543601   8.27353723714 -0.305078293581  0.461286828148 -0.569930303549 1777094067.93
 0.887757182016 -0.102925463188 -0.403050681194 0.980385799981 -0.915966754616  -4.09267330935   8.30482598406 -0.536208316579  0.567092016891 -0.418712487689 1777094067.95
  0.874451949455 -0.0893702402057  -0.409950382619 0.969903380729 -0.870233934244  -3.91746344714   8.33153523392  -0.69625801657  0.776820081299 -0.218485922386 1777094067.97
  0.860122523014 -0.0720932752028  -0.411722443412 0.95630725467 -0.832332262258  -3.73563260044   8.35409699545 -0.714140718224   1.00331299233 0.0425137832131 1777094067.99
   0.84735794331 -0.0513052374887  -0.408337439015 0.942012301186 -0.80551443398 -3.54751333652  8.37369918356 -0.576845958863   1.13962723143  0.279667309627 1777094068.01
  0.838006333582 -0.0284001343481  -0.401000039792 0.929441883427 -0.792481850954  -3.35409127583   8.39233083119 -0.350457537291   1.09052563596  0.391522115476 1777094068.03
   0.832772646966 -0.00591988297869   -0.392043122381 0.920458112223 -0.794528119428  -3.15692679932   8.41264529861 -0.165542758686  0.982110351724  0.391870108463 1777094068.05
 0.831065566443 0.0127771379748 -0.384569969441 0.915820556866 -0.810874858648    -2.957970181   8.43761920739 -0.0408205558453   0.748196708055   0.252683278975 1777094068.07
 0.831134707058  0.024101786784 -0.381904112313 0.91499538163 -0.838381391007  -2.75929946089   8.47004352378  -0.014834488214   0.306481434423 -0.0598117407448 1777094068.09
 0.830475505016  0.024967843186 -0.386949060693 0.916538342458 -0.871736787399  -2.56283320525   8.51194223182 -0.116984014718 -0.262440658199 -0.488149531769 1777094068.11
 0.826418897183 0.0135223905248 -0.401582188743 0.91892290372 -0.904139306573  -2.37007920906   8.56405374799 -0.341451010102 -0.879078006953  -0.97868696713 1777094068.13
  0.816779948427 -0.0102918638699  -0.426204070473 0.921349725296 -0.928357678437   -2.1819720332   8.62551468276  -0.6573134086 -1.46674622707 -1.46546519624 1777094068.15
  0.800423989082 -0.0444833231582  -0.459537241237 0.924030196704 -0.937976529941  -1.99882921251   8.69384878433 -0.981365612583  -1.87618908183  -1.81753425434 1777094068.17
  0.777624333121 -0.0851501399166  -0.498722071059 0.927725096109 -0.928576311312  -1.82042474095   8.76529337441 -1.25986336356  -2.0673120791 -2.00806480217 1777094068.19
  0.75012892667 -0.127012582324 -0.539701287177 0.932793161465 -0.89859939369 -1.64614822778  8.83541063878   -1.428527614 -1.99266851312 -1.99274615308 1777094068.21
 0.720914807448 -0.164254866416 -0.577829879701 0.938395007774 -0.849709987846  -1.47519795322   8.89985646085 -1.41651109644 -1.61862581837 -1.72890301446 1777094068.23
 0.693675560779 -0.191520990197 -0.608604661609 0.942478491765 -0.786555494878  -1.30675223968    8.9551364868 -1.23770247975 -1.03071373705 -1.28299865649 1777094068.25
 0.672143598365 -0.204869760542 -0.628385967899 0.942665136865 -0.715960272823  -1.14007760467   8.99917916836 -0.854609291043 -0.273523671484 -0.657484789768 1777094068.27
 0.659383842993 -0.202496293939 -0.634986638841 0.937549909587 -0.645703409968 -0.974559717427   9.03159775503  -0.363617816898   0.481796687451 0.00868544115055 1777094068.29
 0.657200977574  -0.18507066142 -0.628029045747 0.927677075789 -0.583123380875  -0.80967464083   9.05358632987 0.159964338719  1.17272051278 0.649775863482 1777094068.31
 0.665778024516 -0.155619671974 -0.609013444732 0.91562832858 -0.533832938698 -0.644941218049    9.0674812443 0.661570261534  1.65555928427  1.17558296926 1777094068.33
 0.683615497222 -0.118969136328 -0.581091537753 0.905069709298 -0.500806086988 -0.479901007698   9.07609851252  1.0452289499 1.86065273528 1.50373984424 1777094068.35
  0.707778778978 -0.0808524942359  -0.548588206817 0.899131217596  -0.48401846819 -0.314156881593   9.08201098923 1.27615828315 1.81202496262 1.62678018109 1777094068.37
  0.734400420659 -0.0468593124847  -0.516353559685 0.898977625767 -0.480700752465 -0.147470975977   9.08694269247 1.29082648239  1.4877328691  1.4906021326 1777094068.39
  0.759336696321 -0.0214297837947  -0.489050892862 0.903450181151 -0.486130251524 0.0201104735973   9.09142654477 1.15422879957 1.03257829319 1.19082096876 1777094068.41
   0.778853171137 -0.00709168129016   -0.470491537001 0.909958702647 -0.494771120527  0.188159840639    9.0948025832 0.810667493322 0.455341015519 0.680880984746 1777094068.43
   0.790215593369 -0.00408552310133   -0.463115655539 0.915933123054 -0.501505162442  0.355853816692     9.095543752   0.306842737074 -0.0776810534729  0.0649050604511 1777094068.45
  0.792087566762 -0.0104421330689  -0.467692124976 0.919917211126 -0.502688299234  0.522076040813   9.09180993917 -0.133496979757 -0.443498738064 -0.486004131533 1777094068.47
 0.784678130052 -0.022481879314  -0.48327513821 0.921835159826 -0.496821314793   0.68563353166   9.08207211235 -0.612114797422 -0.686242830043  -1.08277057697 1777094068.49
  0.769631120006 -0.0356180896693  -0.507415359756 0.922535124811 -0.484721516272  0.845544344949   9.06563404054 -0.912842992149 -0.595104510996  -1.39102849389 1777094068.51
  0.749694227816 -0.0452887346138  -0.536585077879 0.923047155082 -0.469198406608   1.00132604155    9.0429130614 -0.989263010907 -0.291724097301  -1.41803447891 1777094068.53
  0.728240515863 -0.0478237786492  -0.566745692672 0.924024914659 -0.454342709715   1.15320795918    9.0154129841 -0.973224791158 0.0999317175601  -1.36337641207 1777094068.55
  0.708733111887 -0.0410828053104  -0.593966907623 0.925627953407 -0.444610586411   1.30220678488   8.98540940542 -0.882862673329  0.598604930805  -1.25241945184 1777094068.57
  0.694222876822 -0.0247588931588  -0.615002747962 0.92778595888 -0.443910317835   1.45003861232   8.95544422768 -0.563142849357   1.05381562556 -0.873154330709 1777094068.59
    0.686951240393 -0.000322141189168    -0.627739751313 0.930569344987 -0.454876024595    1.5988807437   8.92777037313 -0.155249122708   1.37240041531 -0.417278555832 1777094068.61
 0.688101900153 0.0293504684607 -0.631454707625 0.93438788668 -0.478452229069   1.75103136463   8.90388933527  0.260125344755    1.4714997478 0.0215249159157 1777094068.63
 0.697713534078 0.0605589408056 -0.626849190392 0.939899711906 -0.513832185256   1.90853603627   8.88428675524 0.630934322499  1.42360743789 0.369348017675 1777094068.65
 0.714738816813 0.0894526238297 -0.615861496074 0.947701815191 -0.558712886223   2.07285269615   8.86840931482  1.02687715513  1.35450992306 0.664398104124 1777094068.67
 0.737218263348  0.112667946773 -0.601289300292 0.957984163068 -0.609769423762   2.24461283138   8.85485992972  1.25290213779  1.00610154606 0.775360643648 1777094068.69
 0.762532344258  0.127831632377 -0.586284389384 0.970322568794 -0.663223282396   2.42351140212   8.84173632631  1.29053183555 0.541888649967 0.702737612037 1777094068.71
  0.78769950807  0.133864799728 -0.573800579447 0.983685622846 -0.715386172033   2.60833005855   8.82701300955   1.13341723171 0.0776402362025  0.485440073809 1777094068.73
 0.809695999945  0.131062390888 -0.566084300787 0.996612461406 -0.763096268716   2.79707497921   8.80887178472  0.897861333851 -0.304299800456   0.22418791595 1777094068.75
 0.825779855293  0.120958751071 -0.564292258551 1.00745676926 -0.804012785754   2.98719720042   8.78591604647   0.635756223732  -0.660451352484 -0.0584798019948 1777094068.77
 0.833802055872  0.106019966377 -0.568301687459 1.01460973266 -0.836780149979   3.17586044263   8.75724750966  0.184333565716 -0.872835366666 -0.342582102966 1777094068.79
 0.832481832888 0.0892243078657 -0.576747817417 1.0166735091 -0.861099893431   3.36022619185   8.72242711935 -0.322410871624 -0.857515304642 -0.502136822089 1777094068.8
 0.821613594419 0.0736023491196 -0.587284531522 1.0126052169 -0.87774967998  3.53773294366  8.68137226582 -0.750190381498 -0.678451615218 -0.501754672115 1777094068.82
  0.80216589277 0.0618074027075 -0.597024223205 1.00186236462 -0.888568019817   3.70635088535   8.63425247351  -1.02192589986 -0.401455603189 -0.355690092311 1777094068.84
  0.77623474803 0.0557756239613 -0.603079029013 0.984558591203 -0.896392449186   3.86479213118   8.58143414029  -1.34969825562 -0.129061405563 -0.148311609565 1777094068.87
 0.746828735395 0.0565159301276  -0.60310494743 0.961604278268 -0.904914335941   4.01265121432   8.52349683618 -1.63491640568 0.230192804737 0.204040092646 1777094068.89
 0.717491165781  0.064046597273 -0.595747739215 0.934778534401 -0.918408345879    4.1504460343   8.46130895676 -1.50708010655 0.573932593977  0.60795344169 1777094068.9
 0.691799864994 0.0774722563345 -0.580906398722 0.9066649038 -0.941314476201   4.27953264819   8.39612056798 -1.11994320287 0.780400124701 0.902108720483 1777094068.92
 0.672818176518  0.095175681589 -0.559763866926 0.880385310949 -0.97769123791  4.40188309218  8.32961574591 -0.639217233384  0.823171019909   1.01386718854 1777094068.94
 0.662591857846  0.115085736976 -0.534579362241 0.85909707919 -1.03060761621  4.51974384396   8.2638709712 -0.261813729595  0.944741536699   1.22195363879 1777094068.97
 0.661788090651  0.134977185844 -0.508283550814 0.845301417042 -1.10158209841  4.63522762297   8.2011898386 0.200892977107  1.08732153398  1.46103345834 1777094068.99
 0.669552433879  0.152759449212 -0.483957211979 0.840149090378 -1.1901934978  4.7499223295 8.14382132854 0.628435531144 0.913653747249  1.26611491289 1777094069
 0.683620522202  0.166718362002 -0.464297547792 0.843032765372 -1.29397096321  4.86461591916  8.09360855982 0.760055725003 0.559941565667 0.800589797875 1777094069.02
  0.70067186863  0.175685485348 -0.451178165446 0.851685501947 -1.40862014133  4.97922551629   8.0516450614 0.727669432148 0.271493416278 0.413915473365 1777094069.04
 0.716864312173  0.179121617808 -0.445387698822 0.862756743407 -1.52857083576   5.0929805089  8.01802595075  0.652182596965 0.0335229104544  0.107676584273 1777094069.07
  0.72845059448  0.177113342736 -0.446591845098 0.872613133572 -1.64775853791  5.20484916538  7.99176729092  0.433575059476 -0.247007341665 -0.227321097845 1777094069.09
 0.732361791455  0.170292717076 -0.453512944791 0.87808165575 -1.76049882304  5.31413086462  7.97093119268 -0.0524885953175  -0.507563942402   -0.51532593971 1777094069.1
 0.726649780482  0.159699497942 -0.464271993712 0.876967683135 -1.86229405721  5.42107947321  7.95294681423 -0.537205251494 -0.587589139068 -0.577861333798 1777094069.12
 0.710710940652  0.146611256876 -0.476802347654 0.868300282468 -1.95042898425  5.52739408036  7.93507175359  -0.87037738081 -0.574734865705 -0.524858178081 1777094069.14
 0.685259010434  0.132367998767 -0.489231608513 0.852319637957 -2.02425761129  5.63642127055   7.9149065401  -1.34124974937 -0.649465072566 -0.533790301841 1777094069.17
 0.652066056057  0.118214007037 -0.500141826871 0.830244867438 -2.0851445101 5.75295993185  7.8908637394  -2.07013829866 -0.784958687646 -0.560607668195 1777094069.19
 0.613535447377  0.105171731751 -0.508654841959 0.803875977123 -2.13608506928  5.88263813344  7.86250276788  -2.26017152961 -0.686565586469 -0.401791507949 1777094069.2
 0.572200056221 0.0939533496938 -0.514339634465 0.775103474279 -2.18108063796   6.0309271965  7.83066732155  -2.08057281269 -0.506185246602 -0.208177483625 1777094069.22
 0.530247136005  0.084908410913 -0.516988484969 0.745418377205 -2.22437953124  6.20195079985  7.79739813103    -1.7816821542   -0.34221802419 -0.0430209002358 1777094069.24
 0.489158191348 0.0780030171077 -0.516344782115 0.715522285368 -2.2697107773   6.397315161 7.76563353615  -1.81069481714 -0.270981108746  0.114645280312 1777094069.27
 0.449522075244 0.0728274316882 -0.511877327014 0.685122126959 -2.31963392879  6.61521130036  7.73874812932  -2.18188874331 -0.261714199093  0.381661021227 1777094069.29
 0.411040375184 0.0686329052013 -0.502680233185 0.652956417032 -2.37510646306  6.85001130372  7.72000872783 -2.09406113872 -0.22969069725 0.663493918846 1777094069.3
 0.372704958301 0.0644016141105 -0.487538166608 0.617049445135 -2.43533304857   7.0924983424  7.71204066981  -1.85725852278 -0.230653049665  0.894395337846 1777094069.32
 0.333096521578 0.0589530532495 -0.465145006708 0.575142271477 -2.49791316842   7.3307492784  7.71639232913  -1.85691666814 -0.301677859225   1.20342751538 1777094069.35
  0.29073560003 0.0510847319103 -0.434415599045 0.525217813533 -2.5592526234 7.55155436453 7.73326360429  -2.19283512134 -0.475193086524   1.73942929485 1777094069.37
 0.244415474189 0.0397356391289 -0.394800268873 0.466031219279 -2.61515934992  7.74214154663  7.76143172513  -2.58764501258 -0.716460398028   2.33834843888 1777094069.39
 0.193457934261 0.0241507456804 -0.346509770856 0.397590558419 -2.66151367266   7.8919012859   7.7983737502 -2.80383121097 -0.93979792669  2.74209260259 1777094069.41
   0.13785354504 0.00401783996656  -0.290584766708 0.321650819307 -2.69489388213  7.99379958636  7.84055675093 -2.86898233684 -1.11095120508  2.93211926103 1777094069.42
 0.0782726065847 -0.0204522750304  -0.228789590592 0.24267173972 -2.71305167505  8.04522495413  7.88384761818 -2.77959519817 -1.19808534281  2.90109123735 1777094069.45
 0.0159565195596 -0.0485232781275  -0.163359625179 0.171159242155 -2.71516507173  8.04812647203  7.92398517695 -2.96780322045 -1.38207144755  3.11803512552 1777094069.47
-0.0474819470565  -0.079014708277 -0.0966692691553 0.133576970393 -2.70184114921  8.00843981436  7.95705649497 -3.33797470989 -1.63724403128  3.50165073549 1777094069.49
 -0.110309099604  -0.110455332531 -0.0309026305515 0.159133436195 -2.67488747396  7.93493463211  7.97992499868 -3.38898132332 -1.70940486201  3.53791338714 1777094069.51
-0.170926785007 -0.141280382251 0.0322004716582 0.224082535279 -2.63691032005  7.83772055788   7.9905682282 -2.95001393519 -1.49222979112  3.06516964897 1777094069.52
-0.228092916334 -0.170034888458 0.0914789541154 0.298842167072 -2.59082318342  7.72669862303  7.98829543539 -2.53847476112 -1.25061203466  2.63091814556 1777094069.55
-0.281072505775 -0.195545079332  0.146357358251 0.372370927796 -2.53935787608  7.61023178211  7.97382730273 -2.38174338214 -1.10159325274  2.46767082604 1777094069.57
-0.32969808411 -0.21702885435 0.196749786471 0.441036085556 -2.48466301175   7.4942392242   7.9492303726  -2.4577373358 -1.01689409136  2.54438632798 1777094069.59
-0.374333185835  -0.23413188563  0.242905999078 0.503930945938 -2.42805375637  7.38181424847  7.91770810853  -2.41458296959 -0.838004919733   2.48332865112 1777094069.61
-0.415748067463 -0.246893352817  0.285249702101 0.56140019221 -2.36994644392  7.27335239053  7.88326164595  -2.01949953693 -0.539417740374   2.03819044252 1777094069.62
-0.454931088487 -0.255659961142  0.324249852775 0.6143795879 -2.30997690698  7.16708246489  7.85024871097  -1.75702172385 -0.320819572545   1.71090646073 1777094069.65
 -0.49287003345 -0.260975271001  0.360347504296 0.663987413886 -2.24726758775  7.05983728474  7.82288815315  -1.77146538398 -0.183511811444   1.63705404848 1777094069.67
 -0.53034299442 -0.263472123653  0.393939820769 0.711245269975 -2.18078153599    6.947889284  7.80477492861   -1.98308128795 -0.0745327169442      1.722801252 1777094069.69
-0.567756894802 -0.263789841071    0.4254054418 0.75690340319 -2.10968663285    6.827702584  7.79847839348  -2.13025803401 0.0269387981528   1.74495929326 1777094069.71
-0.605063210563 -0.262527227407  0.455145427541 0.801360963685 -2.03365404634  6.69650212418  7.80528871991 -1.94086356677  0.09334744134  1.52646688374 1777094069.72
-0.641766274461 -0.260230298636  0.483612968115 0.844668729321 -1.95303076838  6.55261504708  7.82515038941 -1.69580898193  0.12075347284  1.32363109567 1777094069.74
-0.677022321489 -0.257403234882  0.511311728023 0.886597615797 -1.86885329001  6.39558607741  7.85678340305 -1.54353536686   0.1294248144  1.25083833137 1777094069.77
 -0.70981049486 -0.254524818357  0.538754120647 0.926752299316 -1.78270204752  6.22610047577  7.89795349025 -1.59715266818 0.137579515365  1.41589718965 1777094069.79
  -0.7391437824 -0.252052061725  0.566383233504 0.964703964994 -1.69642788606  6.04576491245  7.94582531236 -1.57797544397  0.11955269925  1.61411882171 1777094069.81
-0.764280937794 -0.250397955352  0.594472203906 1.00011083843 -1.61180699202  5.85680147248  7.99732636686  -1.16500746576 0.0553038609754   1.44202024937 1777094069.82
-0.784901036735 -0.249879927291  0.623020542059 1.03279437032 -1.53019531149  5.66170684978  8.04946448424   -0.813298110181 -0.00548800635549     1.25964258859 1777094069.84
-0.801209829569 -0.250647145643  0.651667965517 1.06274753347 -1.45225448403    5.462920697  8.09957043374  -0.638715111849 -0.0598973797276    1.24460861923 1777094069.87
-0.813959401995 -0.252604960574  0.679644052592 1.09007119604 -1.37780771151  5.26253621843  8.14546666327 -0.607979909193 -0.123693986312   1.41976144959 1777094069.89
-0.824377055642 -0.255360535841  0.705768329649 1.11486118789 -1.3058575617 5.06207420438 8.18558222047 -0.605044948706 -0.169204316208   1.47438608539 1777094069.91
 -0.83401315433 -0.258213108297  0.728511452387 1.13709317435 -1.23476385898  4.86233071769  8.21903667009 -0.533953608074 -0.128362039543   1.06926312353 1777094069.92
-0.844529097137 -0.260205071224   0.74612358619 1.15656235494 -1.1625467672 4.66330057747 8.24570370455   -0.52302915322 -0.0451716044264   0.631833812553 1777094069.94
 -0.85745460953 -0.260237638163  0.756829384417 1.17292060807 -1.08725647123   4.4641750782  8.26624532822 -0.663186768039 0.0668440915799  0.292045275179 1777094069.97
-0.873947852594 -0.257239888445  0.759078622308 1.18581514753 -1.00734207399  4.26341298388  8.28208992832  -0.96514106654  0.256550871956 -0.129986001325 1777094069.99
-0.894592359238 -0.250365794139  0.751827641408 1.19508297723 -0.92195887588  4.05888676104   8.2953212721   -1.2575190965  0.501089231757 -0.673441679369 1777094070.01
-0.919261430534 -0.239183585347  0.734811752635 1.20091576598 -0.831170791783   3.84810774679   8.30845535959 -1.38267687855 0.699434273249 -1.13474728621 1777094070.02
-0.947073241975 -0.223818067301  0.708757174122 1.20390156773 -0.736026759807    3.6285305772   8.32410688845 -1.30617264887 0.780520829916  -1.3551971612 1777094070.04
-0.976448587342  -0.20501063958  0.675478193147 1.20488671479 -0.63851063586  3.39792593269  8.34457983609 -1.33215347265 0.909789790623 -1.62393957375 1777094070.07
 -1.00526862997 -0.184073720314  0.637815052579 1.20468095121 -0.541379416698   3.15479136545   8.37144707194 -1.44273215458  1.11575376094 -2.00808276924 1777094070.09
 -1.03111399123 -0.162734511061  0.599391543744 1.20372289449 -0.447913279205   2.89874636669   8.40520206463  -1.2567784164  1.11845064041 -1.99880358963 1777094070.11
 -1.05155181891 -0.142884707483  0.564205414635 1.20187562476 -0.361603621216   2.63083759041   8.44506510124 -0.880619240258  0.963809382516  -1.67299579871 1777094070.12
 -1.06442749789 -0.126273951475  0.536102719094 1.1984811782 -0.28580455455     2.35367332  8.48900534111 -0.360215656637  0.623803303637   -1.0000705554 1777094070.14
 -1.06811529934 -0.114200907609  0.518220047927 1.19267101836 -0.223372615326   2.07132163146   8.53400181782 0.0653529186502  0.453707561044  -0.56334396748 1777094070.17
  -1.0616890133 -0.107262234946  0.512496906149 1.18378284614 -0.176321827128   1.78894707723   8.57651858889  0.68190557458 0.265013729664 0.033533760257 1777094070.19
 -1.04498893027 -0.105213145157  0.519357322858 1.17166705984 -0.145527456558   1.51221945852   8.61312163974    1.10203030115 0.00738615626286   0.642608190053 1777094070.2
 -1.01858262539 -0.106973322276  0.537632801133 1.15672074645 -0.130519293609   1.24658971519   8.64112868258   1.55066181196 -0.140764434602   1.14738376842 1777094070.22
    -0.98363908 -0.110782300804  0.564752019404 1.13963301167 -0.129408799486  0.996572424428   8.65916701003   1.70891668825 -0.166883334778   1.32420739938 1777094070.24
-0.941752953033  -0.11447608237   0.59716666918 1.12098681025 -0.138988393344  0.765185457488   8.66752441551   2.05485255761 -0.116715407388   1.53010314039 1777094070.27
-0.894763105028 -0.115830446758  0.630931662272 1.10095071142 -0.155022550586  0.553668235443   8.66821311618  2.69630954327 0.043652719679  1.80844124476 1777094070.29
-0.844604131488 -0.112903262111  0.662325336218 1.07924887608 -0.172720750517  0.361536444652   8.66471952447  2.57942168511 0.292590064703  1.45946531246 1777094070.31
-0.793212963551 -0.104311367642  0.688389855253 1.05543747317 -0.187347265142  0.186949710289    8.6614723827  2.52121214147 0.580403951939  1.11029475389 1777094070.33
 -0.742489817369 -0.0893956998199   0.707294573594 1.02934364227 -0.194890256816 0.0272921339352   8.66311616262  2.38739976343 0.870178825885 0.725933888507 1777094070.35
 -0.694291615722 -0.0682557126034   0.718468755228 1.00144747351 -0.192690695268 -0.120184893222   8.67371547097  2.21134912502  1.14649416465 0.365282717815 1777094070.37
 -0.650423906491 -0.0416632868825    0.72250252324 0.973034934469 -0.179926385022 -0.257818970412   8.69603225035   2.04740179577     1.437710495 0.0599954518047 1777094070.39
 -0.612598687662 -0.0108899428354   0.720862620535 0.946064828997 -0.157860522006 -0.387222248933   8.73100728132   1.69187148807   1.59459565418 -0.173977182262 1777094070.41
-0.582340090681 0.0225059822232  0.715501382482 0.92280481619 -0.129795784682 -0.509262446222   8.77754185763     1.294754673   1.69549861763 -0.310581037752 1777094070.43
-0.560842506426 0.0568854709709  0.708447536185 0.90536080396 -0.100718219727 -0.624326015807   8.83262059444  0.841184260459   1.71055420951 -0.352326545367 1777094070.45
-0.548808471984 0.0906927686503  0.701456802797 0.895241622914 -0.0766625511828  -0.732775917214    8.89175269526  0.364210602283   1.64574144744 -0.317565959423 1777094070.47
-0.54630848272 0.122559685455 0.695774892517 0.893071405794 -0.0638751177046  -0.835465873434    8.94964962619 -0.0973912788794     1.5154776318  -0.235413094491 1777094070.49
-0.552706696832  0.151351922412  0.692034057916 0.898500547833 -0.0678872277552  -0.934158067238     9.0010145118 -0.505500818454     1.330088725 -0.136440529523 1777094070.51
-0.566684570593   0.17617385135  0.690275150247 0.910301275126 -0.0926360705271   -1.03171488985     9.0413017228 -0.841009251501   1.12423041587 -0.049170438436 1777094070.53
-0.586372499864  0.196355136913  0.690065753415 0.926595268941 -0.139777761343  -1.13199154018   9.06731730183   -1.07528291219   0.884181047995 0.00999579971146 1777094070.55
-0.609574071536  0.211440927076  0.690673849841 0.945155109591 -0.208322448868  -1.23943151393   9.07756838534  -1.19472010863  0.622598259256 0.0298085718706 1777094070.57
-0.634045612185  0.221198777302  0.691255209744 0.963730513375 -0.294681054444  -1.35844336342   9.07232292359   -1.21683294136   0.358499361954 0.00871314832578 1777094070.59
-0.657780836917  0.225643447441  0.691019035021 0.980356007555 -0.393148448602  -1.49269588239   9.05339694795   -1.13810005826  0.0974467381424 -0.0480386692559 1777094070.61
-0.679249113601  0.225069204804  0.689347191167 0.993597028603 -0.496767414383  -1.64449492322   9.02373322687  -1.01505878456 -0.142228560898 -0.131833051166 1777094070.63
-0.697545556868  0.220071672703  0.685854502247 1.00269523949 -0.598437587989  -1.81439068243   8.98686403173 -0.819430220308  -0.33413804399  -0.22124586614 1777094070.65
-0.712428747976  0.211539586472  0.680388701764 1.00758746671 -0.692073516137  -2.00111185133   8.94635874823 -0.648342090647 -0.472831588575 -0.312714197562 1777094070.67
-0.724242979731  0.200601419198  0.672977560756 1.008795133 -0.773593747871  -2.20184522376   8.90534596148 -0.537570138443 -0.580560292747 -0.419978662443 1777094070.69
-0.733742230778  0.188521637873  0.663737464355 1.00720677657 -0.841547800373  -2.41279645646   8.86617475138 -0.452177253737 -0.617598714401 -0.519167389605 1777094070.71
-0.741849231367  0.176554215837  0.652762939992 1.00379835078 -0.897256739885   -2.6299018969   8.83024843699 -0.403010745561 -0.585755129016 -0.610710759281 1777094070.73
-0.749392980528  0.165774088235  0.640020773501 0.999348526845 -0.944440522736  -2.84952996042   8.79803288244 -0.365599430418 -0.477922944981 -0.669002695973 1777094070.75
-0.756871106043  0.156917154106  0.625274727975 0.994205889069 -0.98840790536 -3.06902036693  8.76921557412 -0.360508930945  -0.37563497412 -0.773861360474 1777094070.77
-0.764279527809  0.150262939073  0.608065604732 0.988152785324 -1.03496875428 -3.28695579789  8.74297286692 -0.358300031824 -0.286435154177  -0.94846112846 1777094070.79
-0.77104146882 0.145588966312 0.587764158405 0.980391656257 -1.08927622889 -3.50312915783  8.71829088799 -0.305520218379 -0.208931807528  -1.15138736751 1777094070.81
-0.776051911407  0.142212324953  0.563700050688 0.969659044052 -1.15481008737 -3.71824196591  8.69428041639 -0.176731186701 -0.168450349439  -1.36375175279 1777094070.83
-0.777833918173  0.139114780922  0.535350009644 0.954451758528 -1.23267543328 -3.93342703486  8.67042886573 0.0304628340191 -0.170043279591  -1.46787790314 1777094070.85
-0.774782805807  0.135128188326  0.502547103968 0.933328246204 -1.32132476552 -4.14971784226  8.64674513252 0.292496737084  -0.2356637037 -1.64699906966 1777094070.87
-0.765456916913  0.129142669825  0.465657233707 0.905228578937 -1.41673053001 -4.36758283636  8.62377547597  0.652190524215 -0.373230181376  -1.93452945542 1777094070.89
-0.748863610086  0.120295366074  0.425665509216 0.869746404043 -1.51295628444 -4.58661088141  8.60249672612   1.06404072296 -0.549107423386  -2.12787467517 1777094070.91
-0.724688642534   0.10810384902  0.384128607283 0.827293694962 -1.60301069183 -4.80538827345  8.58411933567   1.45733938324 -0.730074407029  -2.17367694471 1777094070.93
-0.693426532579 0.0925233920552  0.342979006234 0.779124850637 -1.67982955773  -5.0215648587   8.5698489364   1.64631400693 -0.823795254637  -1.92638705111 1777094070.95
-0.656386478626 0.0739262873442  0.304206791906 0.727220790081 -1.73722169021 -5.23207825455  8.56065648703   1.82202363357 -0.924496618925   -1.7199502091 1777094070.97
-0.615569121243 0.0530184634624    0.2694833235 0.674060503323 -1.77063372867 -5.43349279232  8.55709512681  2.04078438907 -1.06291971865  -1.5840533404 1777094070.99
-0.573429788983 0.0307192235858  0.239815951775 0.622315903956 -1.77763173902 -5.62240698934  8.55918305259  2.19923192538 -1.19186651248  -1.4348802667 1777094071.01
 -0.532560687582 0.00803231571138   0.215324795672 0.57449993184  -1.758054558 -5.7958813067 8.56635443082  2.10618269891 -1.20790229012 -1.20305520399 1777094071.03
 -0.495335945291 -0.0140678372364   0.195208613057 0.532599291545 -1.71385499852 -5.95183220317  8.57747038574   1.64846305238  -1.02147959629 -0.893679873691 1777094071.05
 -0.463568823216 -0.0347188892116   0.177922294874 0.497752747997 -1.64869852529 -6.08933182221  8.59088044604   1.30156098896 -0.892237665212 -0.767482289564 1777094071.07
 -0.438229673892 -0.0532149588037   0.161535160723 0.470075192996 -1.56742362563 -6.20875291011  8.60452827298   1.10556750949 -0.855807895934 -0.841751557208 1777094071.09
 -0.419266561484 -0.0690127926342   0.144191656554 0.448707531635 -1.47547583012 -6.31171342152  8.61609946902   0.84048170327 -0.732946208226 -0.951004771658 1777094071.11
 -0.405558265748 -0.0817062211638   0.124567473121 0.432053780047 -1.37840717281 -6.40080697153  8.62321051818  0.643104600883 -0.582500824599  -1.11310020225 1777094071.13
 -0.39501266499 -0.090981092485  0.102212455883 0.418043001173 -1.28149269925 -6.47914839923  8.62363527452 0.525784461927 -0.37649697898 -1.18740297023 1777094071.15
 -0.384804071178 -0.0965676180336   0.077697331339 0.404272622552 -1.18947006561 -6.54980687455  8.61555902634  0.530188602546 -0.164562355635  -1.13111467909 1777094071.17
 -0.371723600119 -0.0982096586166  0.0525271118161 0.38804982851 -1.10637306417 -6.61522960099  8.59784063302  0.798533690845 0.0222796228924  -1.21152287341 1777094071.19
 -0.352600022336 -0.0956691035789  0.0288378502228 0.366484617326 -1.03541567013 -6.67676808631  8.57025191541  1.26586459295 0.254134547931 -1.17424149515 1777094071.21
 -0.324737291237 -0.0887767031226 0.00894166523656 0.336772274266 -0.978891691814  -6.73440304512   8.53365332069   1.76191738677  0.482164513478 -0.904257583704 1777094071.23
  -0.286310690113  -0.0775284325916 -0.00518339948604 0.296667046979 -0.938079378496  -6.78672629206    8.4900603796  2.14303333722  0.64643459686 -0.51816527581 1777094071.25
 -0.236666742145 -0.0622106908687 -0.0123529640014 0.245018188336 -0.913168096095  -6.83118645379   8.44256107534   2.52286176587  0.781147953192 -0.167904767929 1777094071.27
 -0.176482128437 -0.0435224647196 -0.0124928523501 0.182198292947 -0.903242703748  -6.86455120126   8.39506201712  3.22324062206 0.989052122324 0.140075175685 1777094071.29
  -0.107752609829  -0.0226533598731 -0.00675063024794 0.110314870472 -0.906362271922  -6.88349430594   8.35186949973  3.91675623086  1.15805265687 0.414281084969 1777094071.31
  -0.033602792474 -0.00127786616137  0.00261970580603 0.0337289706705 -0.919752519058  -6.88519168205   8.31714488258   4.1400525318  1.13883819313 0.534168015007 1777094071.33
0.0420701053564 0.0185596027501 0.0125801636873 0.0476719323852 -0.940102539257  -6.86781233783   8.29430519045  3.52329518996 0.851826626934 0.406693792282 1777094071.34
 0.115082256395 0.0346696990653 0.0197824137598 0.121808282413 -0.963927009695  -6.83081665347   8.28546240798  3.18467053389  0.60439822983 0.194819758499 1777094071.37
 0.181521078611 0.0450251100879 0.0211109691954 0.188209552198 -0.987935557944   -6.7750180435   8.29100276326   3.10576203102  0.338436265386 -0.140659334116 1777094071.39
 0.238299654326 0.0480967535433 0.0142019227334 0.243519439804 -1.00934751467 -6.70241347069  8.30939640003     2.6844147274 -0.0492119429028  -0.611667610957 1777094071.41
   0.283623207087   0.0431533262441 -0.00215390279374 0.286895403347 -1.02610333046 -6.61583184208  8.33729727578   2.08510079591 -0.465560462993  -1.10868674633 1777094071.43
  0.317286138152  0.0304606833579 -0.0277966549515 0.319954685418 -1.03694880676 -6.51847815463  8.36994643806   1.36574131783 -0.760881174104  -1.41230634856 1777094071.45
  0.340736296983  0.0113345078998 -0.0612142668567 0.346376791396 -1.04139694392    -6.41346096  8.40183737937    0.9012581496 -0.965996214852  -1.63896015367 1777094071.47
  0.356876523181 -0.0119735094421 -0.0997927457052 0.370759773737 -1.03959593081 -6.30338187653  8.42755119571 0.713581835856 -1.18298756695 -1.95299024033 1777094071.49
  0.369617934089 -0.0365459395719  -0.140259938365 0.397021250324 -1.03214432763  -6.1900434525  8.44263254379 0.678433032745 -1.21473503247 -2.04410291586 1777094071.51
  0.383246795181 -0.0591895081737  -0.179245760645 0.427212530953 -1.01989438422 -6.07430324153  8.44436234359 0.851985428456 -1.07111806361 -1.95408936015 1777094071.53
  0.401706653005 -0.0768879516781  -0.213857704383 0.461535599825 -1.00377515054 -5.95607503401  8.43229270361   1.12993330183 -0.709745418639  -1.59143196984 1777094071.55
  0.427919837409 -0.0872500025469  -0.242164613887 0.499371255091 -0.984654522888  -5.83445784072   8.40844217866  1.40657164575 -0.27404675578 -1.13410508661 1777094071.57
 0.463271057802 -0.088882737338 -0.263496487338 0.540324543985 -0.963248703083  -5.70796079269    8.3771001727   1.9651339233 0.139085649343 -0.89899737104 1777094071.59
  0.507349722387 -0.0816282192178  -0.278501708744 0.584491324788 -0.940080751179   -5.5747859325   8.34425065058   2.48671062779  0.584433636262 -0.668161170905 1777094071.61
  0.558001699839 -0.0666188788205  -0.288949926109 0.631898751254 -0.915485940385  -5.43312822966   8.31668872315  2.76171480569 0.939534495566 -0.49810599601 1777094071.63
  0.611684802287 -0.0461334583316  -0.297319701386 0.681678515254 -0.88965797926 -5.28145144628  8.30095999734    2.6433809531   1.08041656548 -0.431267268363 1777094071.65
  0.664066448007 -0.0232675371229  -0.306254376365 0.731653858526 -0.862724977844  -5.11870036326   8.30229219638   2.27039936583   1.02364049792 -0.473863799503 1777094071.67
   0.710757221437 -0.00146530787525   -0.317997487714 0.7786529247 -0.834837540215  -4.94441686956   8.32370188335   2.08205172449  0.973861676251 -0.685976603557 1777094071.69
   0.7480483613 0.0160142760484 -0.333924019229 0.819352218829 -0.806246046165  -4.75874201301   8.36543919669   1.65848296966  0.741879336523 -0.958348812968 1777094071.71
 0.773519174161 0.0266096236723  -0.35426427127 0.851201009613 -0.77734340904 -4.56230835635  8.42487982648  1.00157154132 0.335469998701 -1.15299031241 1777094071.73
 0.786402857737 0.0288608699651 -0.378076993835 0.873043308055 -0.748655628752   -4.3560530861   8.49689450309   0.350928973376 -0.0987044147478   -1.22272981156 1777094071.75
  0.78764316708 0.0226370236286 -0.403476016411 0.885261028909 -0.720775111679   -4.1410052991    8.5746383527 -0.155594666157 -0.453126142083  -1.14876102861 1777094071.77
  0.779632754526 0.00914482940059  -0.428060909869 0.889464446953 -0.694248292727  -3.91811290307   8.65062506666 -0.540235999516 -0.785461711514  -1.13137501432 1777094071.79
   0.765686367907 -0.00928647845899   -0.449458464826 0.887904704506 -0.669445136578  -3.68816973064   8.71790054029 -0.792621261625  -1.01465176369 -0.989467806616 1777094071.81
  0.749355834195 -0.0296133166403  -0.465857067254 0.882855549836 -0.646448565346   -3.4518800633   8.77111657825  -0.80890382234 -0.995375204812 -0.682290049308 1777094071.83
  0.733726761301 -0.0486135271041  -0.476415589967 0.876179233737 -0.625002423907  -3.21005939367     8.807327526 -0.718291277609 -0.852549601448 -0.392848159624 1777094071.85
 0.720840675529 -0.063458342904 -0.481452589506 0.869157544248 -0.604545194694  -2.96392571286   8.82638398644 -0.540284821118 -0.570103642829 -0.143728806251 1777094071.87
  0.711358864801 -0.0722159286132  -0.482365990454 0.862510013636 -0.584334792908   -2.7153972254   8.83086688777   -0.40732468741  -0.267929660007 0.00407000718124 1777094071.89
   0.70453119423 -0.0741863785831  -0.481289624412 0.856450538547 -0.563642648454  -2.46729289129   8.82558020666 -0.335713550436 0.0578929881471 0.0472898536703 1777094071.91
   0.69846684604 -0.0699927312227  -0.480549972959 0.850695711728 -0.541970792987  -2.22334077613   8.81669096391  -0.345944436906    0.31853127699 -0.0185041060531 1777094071.93
  0.690639900702 -0.0613958521449  -0.482032651156 0.844457458895 -0.519232172714  -1.98793801895   8.81066160226 -0.497536031677  0.477216157481 -0.150714242666 1777094071.95
  0.678515602583 -0.0508563167045  -0.486593628808 0.836506513719 -0.495838009288  -1.76566846977   8.81315467187 -0.765620769239  0.514313680875 -0.291813332399 1777094071.97
  0.660162955094 -0.0409226482983  -0.493648818607 0.82533565689 -0.472658053688  -1.56065430205   8.82809652792  -1.09406374895  0.431931000588 -0.361129072332 1777094071.99
 0.634728835763 -0.033569515983 -0.501046785215 0.809354982889 -0.450855194673  -1.37587556407   8.85706211683 -1.44487796855 0.283856727053  -0.2923312022 1777094072.01
  0.602683784904 -0.0296304495945  -0.505278143221 0.787027134313 -0.43163485641 -1.21261702525   8.8990886709   -1.77751450242   0.131744191739 -0.0248816633732 1777094072.03
  0.565800259944 -0.0284607309369  -0.502011648015 0.756938334411 -0.41597926901 -1.07018343552  8.95095040269  -1.89110415024 0.0424897464759  0.458896311619 1777094072.05
  0.526878278012 -0.0279272346928  -0.486883139694 0.717938606008 -0.404446191303 -0.945964944967   9.00784254666  -1.86018595851 0.0899781722962   1.10854150884 1777094072.07
  0.489279601278 -0.0247593864675  -0.456410655261 0.669565711249 -0.397096085714  -0.83585074116   9.06434693457 -1.77048709417 0.319035483775  1.95857146213 1777094072.09
  0.456361941802 -0.0152204414545  -0.408875633077 0.612925090927 -0.393574312556 -0.734906264164   9.11549702551 -1.50388205392 0.741428248489  2.87071858048 1777094072.11
  0.430915709388 0.00401457092235  -0.345001447045 0.55202397035 -0.393326386833 -0.638171681262   9.15773876338 -1.0431638036 1.25600196613 3.52024468747 1777094072.13
 0.414698601698 0.0349435279102 -0.268279159966 0.495146127992 -0.395879664123 -0.541420608996   9.18960074059 -0.55232179026  1.78169322584  3.88437937346 1777094072.15
 0.408141790355 0.0774792394944 -0.184836588617 0.454694752641 -0.401098256491 -0.441738732589   9.21194226241 -0.110501519245   2.34803783878   4.12926357312 1777094072.17
 0.410270746842  0.129030657381 -0.102817364586 0.442201771501 -0.409318580683  -0.33783121708   9.22773212829 0.269830663076  2.69834542518  3.86865960975 1777094072.19
  0.418848993841   0.184552813761 -0.0313235475623 0.458775964214  -0.42130182616 -0.230029410511    9.2414073565 0.510160849143  2.69647809709  3.08750760581 1777094072.21
 0.430718881062  0.237110189836 0.0209353107448 0.492116128433 -0.437989735535 -0.120025379273   9.25794820874 0.574430922997  2.31248402177  1.92155610749 1777094072.23
 0.442284049428  0.278895213211 0.0470701676603 0.524988877039  -0.460108277346 -0.0104057551471     9.2818634708 0.482197214004   1.6315320942 0.556711879924 1777094072.25
 0.450057335729  0.302542565894 0.0432621661052 0.544017669416 -0.487714493719  0.095920847793    9.3162946292  0.225463211128  0.597766478187 -0.949044074923 1777094072.27
  0.451188501972   0.302503424994 0.00958858525449 0.543296721334 -0.519811027048  0.196304666938   9.36241632954 -0.154509854938 -0.659665436938  -2.33039415275 1777094072.29
  0.443889951247   0.276211492183 -0.0497573810375 0.525173184959 -0.554151503151   0.28885522767   9.41924131501 -0.588188177614  -1.94549966438  -3.41788628255 1777094072.31
 0.427695074408  0.224796226547 -0.126928717981 0.499567132216 -0.587326157413  0.372789772809   9.48384796798 -1.00514580317 -3.06263349865 -4.02654651451 1777094072.33
 0.403510414523  0.153176882241 -0.211515090554 0.480647943316 -0.615156940302  0.448579256417   9.55195950528 -1.35004672576 -3.86563974216 -4.11077862265 1777094072.35
 0.373455068473 0.0694887704753 -0.292084969712 0.479177427392 -0.633358077961  0.517866895397   9.61873683429 -1.57965079182 -4.24399886044 -3.67092716295 1777094072.37
  0.340513505394 -0.0160749624961  -0.357912677984 0.494276579292 -0.638349091907  0.583165465221   9.67961635314 -1.69372592767 -4.20319025183 -2.81002728733 1777094072.39
   0.30805630352 -0.0928063487302  -0.400586771021 0.513791266586 -0.628059602642  0.647375824319   9.73103308244 -1.54226612587 -3.40300552932 -1.44391363617 1777094072.41
  0.27930314179  -0.15113544415 -0.415219570226 0.522742249096 -0.602551048663  0.713205165626   9.77091074155   -1.23809587664   -2.20565318319 -0.0113156464946 1777094072.43
 0.256810996416 -0.184099258165 -0.401055130371 0.510577753465 -0.564304436999  0.782589844389   9.79885851364 -0.921879310127 -0.921893576253    1.3327524659 1777094072.45
 0.242066664604 -0.188372497572 -0.361387136581 0.474005411826 -0.518081894317  0.856234802568    9.8160728563 -0.536086740323  0.482454742805   2.44200696635 1777094072.47
 0.235246891744 -0.164692502149 -0.302825329352 0.417334279009 -0.470352071921  0.933364566255   9.82499007814 -0.171689709493   1.76473635434   3.17594183883 1777094072.49
  0.23518365065 -0.117624489501 -0.234064118446 0.35204102262 -0.428358603307   1.01174162667   9.82876707284 0.0983072973564   2.51785924094   3.16985423445 1777094072.51
  0.239540246686 -0.0547305389296  -0.164388919138 0.2956326748 -0.398987508302    1.0879553722   9.83068468263 0.248808678095  3.29645779115  3.28534642173 1777094072.53
 0.245170809481  0.014695041287 -0.102190597066 0.266021781418 -0.387636315965   1.15793071118   9.83357294288 0.252131676249  3.77724329903    3.077016145 1777094072.55
  0.248606711096  0.0810962736554 -0.0537417454821 0.266964562461 -0.397293940547   1.21756187946   9.83935007304 0.0342744801185   2.92469693464    1.9218531585 1777094072.57
  0.246593342462   0.136082085974 -0.0224257255442 0.282541189627 -0.428004660917   1.26335234492   9.84874595411 -0.30126795391  2.31921374471  1.13415257202 1777094072.59
   0.236592923961    0.173580521939 -0.00851467303062 0.293562444672 -0.476819917654    1.2929406499   9.86124631276 -0.771988158975    1.4293700273  0.339557128746 1777094072.61
   0.217175068676    0.190551313663 -0.00948616881232 0.28907577033 -0.538252590838   1.30541463613   9.87525145728   -1.2029845857   0.33811953885 -0.304920465441 1777094072.63
   0.18823581772   0.187172119584 -0.0207717472422 0.266266015304 -0.605157377473   1.30135895086   9.88840358357  -1.65077331189 -0.599914018706 -0.680570864367 1777094072.65
  0.151014712989   0.166507718717 -0.0367623612082 0.227775624536 -0.669884930624   1.28263549484   9.89801047257  -1.93593756258  -1.28739631409 -0.749470076595 1777094072.67
  0.107913155736   0.133757639192 -0.0518674978457 0.179517666417 -0.725510456898   1.25195283189   9.90148728457  -2.20797863969  -1.77072321712 -0.613093447929 1777094072.69
 0.0621497508434  0.0952410638534 -0.0614376570026 0.129259574004 -0.766927476337   1.21232605165     9.896750878  -2.36300492662  -1.99393536633 -0.274897444372 1777094072.71
 0.0173136399961  0.0573085482185 -0.0624072876944 0.0864794853488 -0.791624564166     1.166551517   9.88252457121 -2.13953087127 -1.75349432104 0.197092366156 1777094072.73
-0.0231095268235  0.0253651573113 -0.0535836208689 0.0636289702954 -0.800019692405    1.1168141157   9.85853475857 -1.83285929601     -1.3508685 0.669184097184 1777094072.75
-0.0561645323172 0.00315308269427 -0.0355801196138 0.066560810787 -0.795301212218   1.06450853296   9.82559605406  -1.39837330423 -0.814343191073   1.06482729246 1777094072.77
 -0.0797455420136 -0.00761684627826  -0.0104566714856 0.0807880547904 -0.782803956223   1.01029982071   9.78558670475 -0.910432911103 -0.259075286882   1.35322100082 1777094072.79
  -0.092770008624 -0.00726347206773   0.0188283916333 0.09493966957 -0.769022942473  0.954387533472   9.74131546163 -0.391237375875   0.24835301525   1.50601210895 1777094072.81
-0.0951996041709 0.00219321577438  0.0490315220678 0.107106792436 -0.760427300871  0.896888407014   9.69628259035 0.121256172635 0.622560429259  1.46158358235 1777094072.83
-0.0879285549003  0.0175937986421  0.0771857446932 0.118315728884 -0.762275086901  0.838227184652   9.65434685153   0.5661625536 0.828990445242  1.30131506711 1777094072.85
-0.072581200228  0.035311691442  0.101019541512 0.129305428913 -0.777637018134  0.779428369057   9.61932678357 0.916330331691 0.857744980195  1.04968757449 1777094072.87
-0.051270570244 0.0519080641809  0.119178713461 0.139737912688 -0.806807614224  0.722230009205   9.59458223073  1.15356431788 0.732523714952 0.754318437682 1777094072.89
-0.0263663383211  0.0646585443267   0.131239549092 0.148659780697 -0.847216397914  0.668984821248   9.58263234138  1.28327582135 0.502767077562 0.462389166446 1777094072.91
-0.000305204716576    0.0718754846347     0.137542523089 0.155190605705 -0.893860206104  0.622362259396    9.5848636828  1.26998023729  0.20795222679 0.191303486931 1777094072.93
0.0245454594453 0.0729950691045  0.138908648306 0.158828121776 -0.940179183653  0.584907047357   9.60136715146    1.15096388461 -0.0852675784299 -0.0304099260978 1777094072.95
0.0459819232855 0.0684463663366  0.136319558441 0.159318123098 -0.979215680082  0.558538247276   9.63092079013  0.931541071803 -0.338729920152 -0.205340791493 1777094072.97
0.0620422671859 0.0593603609028  0.130643178953 0.156334690875 -1.00484540299 0.544085448267  9.67111489262  0.622818874327 -0.526821870583 -0.343484201491 1777094072.99
0.0710967515554 0.0472025644001  0.122468747091 0.149269635833 -1.01286330106  0.54095532893  9.71860088953  0.250050291097 -0.653550043083 -0.467595681251 1777094073.01
0.0719680196148 0.0334176759369  0.112081956934 0.137326261081 -1.00174130581 0.547004154932  9.76943703437  -0.17655363063 -0.705487592782 -0.576019105188 1777094073.03
0.0640785588522 0.0191586898099 0.0995713811941 0.119948226551 -0.972940339694  0.558661543835   9.81949889593 -0.610305748068 -0.708195462262   -0.6777456644 1777094073.05
 0.0476001929833 0.00514138278345  0.0850214402951 0.0975748814954 -0.930738822993  0.571310737939   9.86491745345  -1.01362136106 -0.688769081406 -0.771737676375 1777094073.07
  0.0235634680146 -0.00837184868435   0.0687245351604 0.0731326644413 -0.881618326373  0.579885415213    9.9025007121  -1.33875778056 -0.663589467611 -0.839342179309 1777094073.09
-0.00611987344451  -0.0214863394219   0.0513413240836 0.055991492134 -0.833312107045  0.579600198001   9.93008825035  -1.54597567334 -0.648969734642 -0.862535139509 1777094073.11
-0.0387579833689 -0.0345331502264  0.0339539739604 0.0620289616799 -0.79366730719 0.566700579891  9.94678670064  -1.62748904036 -0.661826075405 -0.835150848279 1777094073.13
 -0.071117322762 -0.0479178579921  0.0179876893818 0.0876204980623 -0.769493740791  0.539105941034   9.95304275797  -1.54129203348 -0.693628350493 -0.730980827606 1777094073.15
-0.0997823300875 -0.0619959645633 0.00501226369421 0.117580337672 -0.765570477288  0.496830508503   9.95053113413  -1.31389201016 -0.756870325795 -0.560185975259 1777094073.17
  -0.121591051902  -0.0769933585076 -0.00353209684487 0.143961233897 -0.783955859475  0.442099889919   9.94186558486 -0.862804744125 -0.779301725907 -0.292632070374 1777094073.19
  -0.134079932785   -0.092974214461 -0.00662023897166 0.16329562301 -0.823699134817  0.379128930167   9.93017488698   -0.348056579605   -0.801302934952 -0.00827068764325 1777094073.21
  -0.135862245977   -0.109848791696 -0.00387121581403 0.174757813075 -0.880988290526  0.313581625614   9.91861329932  0.179995775365 -0.859811239757  0.273473539097 1777094073.23
 -0.126870924968  -0.127410500177 0.00433264521098 0.179856717895 -0.949699208537  0.251786997147   9.90988863068  0.678263306468 -0.878402126561  0.512437331206 1777094073.25
-0.108416889105 -0.145392598372 0.0168641317943 0.18214727131 -1.02224886025 0.199828032524  9.90588670846   1.13229458385 -0.933336815854  0.714881056442 1777094073.27
-0.083044528045 -0.163536072389 0.0320027068534 0.186184354489 -1.09061190003 0.162646424253  9.90745018802    1.3534725027 -0.905375649878  0.769453811467 1777094073.29
-0.0542009170025  -0.181659179982  0.0476860999488 0.195478288319 -1.14734288762 0.143307497665  9.91433800873    1.3914702676 -0.878956231808  0.724120500669 1777094073.31
-0.0257678141418  -0.199716309793  0.0618094829764 0.210644242335 -1.18645603461 0.142544711515  9.92535728036   1.31803211582 -0.905176548376  0.621282009866 1777094073.33
-0.00152933309699   -0.217832109264   0.0725139528659 0.229589721125 -1.20404556382 0.158654899825  9.93862950667   1.01901794103 -0.906834744646   0.41159986823 1777094073.35
0.0153410160031 -0.236299488544 0.0784140866732 0.249442506496  -1.1985742811 0.187754135513  9.95193308033  0.606522715313 -0.944106259762  0.155719000963 1777094073.37
0.0226942439573 -0.255538249782 0.0787331283781 0.268353742874 -1.17080786854 0.224343595982  9.96305617019  0.108020617459 -0.993765607285  -0.12698832018 1777094073.39
0.0196588491026 -0.276022590793 0.0733380707697 0.286275066327 -1.12342181909 0.262087772906  9.97009817665 -0.410039933929   -1.0935254689   -0.4113009445 1777094073.41
0.00669885977203  -0.298195948567   0.062688553012 0.304787718163 -1.06035248034 0.294681181424  9.97167210879 -0.857416903442  -1.16318507309 -0.642401061653 1777094073.43
-0.0145241345166  -0.322395756682  0.0477272099629 0.326232832469 -0.985998938087  0.316675347847   9.96698217852  -1.17358960182  -1.23348392234 -0.802975990195 1777094073.45
-0.0414539991853  -0.348806295869  0.0297421213617 0.352517885886 -0.904403250482   0.32415167082   9.95577758964  -1.45898236836  -1.42087409275 -0.967925885357 1777094073.47
-0.0710512555289  -0.377446402616  0.0102256850377 0.384211702574 -0.818538094234  0.315152661517   9.93821048305 -1.51908784013 -1.53441014543 -1.00776813147 1777094073.49
  -0.100239958788   -0.408185201053 -0.00925668772661 0.420415144784 -0.729811343542   0.28981975102   9.91464712932  -1.40510755379  -1.61001750099 -0.951172954383 1777094073.51
  -0.12631481356  -0.440769167736 -0.0271844061829 0.459316757032 -0.637859272229  0.250227108339   9.88549021247  -1.18808305022  -1.68484785582 -0.832360314152 1777094073.53
 -0.147243451407   -0.47484193329 -0.0421869124908 0.498934095025 -0.540651195042  0.199944540975    9.8510624397 -0.845282877598  -1.64684024727 -0.617814494642 1777094073.55
 -0.161820973328  -0.509944794597 -0.0531357423986 0.537636613397 -0.434878059452  0.143404028132   9.81157908327 -0.554578599087  -1.74767519453 -0.421274645162 1777094073.57
-0.169664176864 -0.545497645194 -0.059218372372 0.574334771235 -0.316555037722 0.0851775019983   9.76720659571 -0.240587838587  -1.84322245669 -0.178258223299 1777094073.59
-0.171065668221 -0.580771438755 -0.059985394053 0.608405435887 -0.181740283774 0.0292910315702   9.71817656371 0.0734768415258  -1.75296546108 0.0974046483009 1777094073.61
 -0.166756411109  -0.614869338819 -0.0553636897958 0.639481932984 -0.0272616692342 -0.0213034515699    9.66490827965 0.334474513203 -1.64359190687 0.357589314855 1777094073.63
-0.157642521757 -0.646732144349 -0.045634603311 0.667230206315   0.148650534556 -0.0650058949986    9.60809361856  0.53053325605 -1.44297229316 0.573739906967 1777094073.65
 -0.144583650959   -0.67517597972 -0.0313851791175 0.691196111956  0.345908594049 -0.101551792179   9.54871320916 0.729069832173 -1.29618220788 0.798783272056 1777094073.67
 -0.128265083897   -0.69896104011 -0.0134481036056 0.710759677267   0.56234819499 -0.131720058929   9.48797678145 0.893112545632 -1.05236611253 0.972356006254 1777094073.69
 -0.109187102525  -0.716884192482 0.00715200932467 0.725186817327  0.793776239981 -0.156843925857   9.42720451095   1.02901680886 -0.734880565924   1.08432925824 1777094073.71
  -0.0877604812 -0.727887725365 0.0292337315395 0.733741816893   1.03428915988 -0.178247773438   9.36768218423   1.14654022509 -0.366498519189   1.13631547136 1777094073.73
-0.0644657071834  -0.731179657054  0.0514745828505 0.735818694361   1.27683732821 -0.196748548811   9.31052618321   1.14076689448 0.0364383459051    1.0318338224 1777094073.75
-0.0400146603059   -0.72636262962  0.0724202520418 0.731059871456   1.51398103415 -0.212342792799   9.25658454172  1.22153864898 0.439046009337 0.972877943034 1777094073.77
-0.0154527643174  -0.713563401531  0.0905102785914 0.719446750261   1.73875180292 -0.224153407778   9.20638263065  1.20194273373 0.824291633357 0.796778581405 1777094073.79
0.00784263433954  -0.693542124562   0.104145280421 0.701361835923   1.94550454926 -0.230646006353   9.16010454642   1.0652579576  1.11603364094 0.518877138319 1777094073.81
0.0282811088751  -0.66774494659   0.11181263715 0.677632054025   2.13062995888 -0.230059165819   9.11759190063 0.910623347203  1.38192773659  0.20309453678 1777094073.83
0.0442742638854  -0.63825485402  0.112270555211 0.649564582386   2.29300211718 -0.220942004494   9.07834454322  0.653711594202   1.49957540511 -0.175619130224 1777094073.85
0.0544984364954 -0.607603960816  0.104769371718 0.618974372676   2.43406913624 -0.202667704782   9.04152130762  0.362577635614   1.56378512164 -0.601312474579 1777094073.87
0.0581429338279 -0.578439748005 0.0892702280453 0.588168612255   2.55755188871 -0.175797806182   9.00595667584 0.0147002723061   1.36513492373 -0.955433315559 1777094073.89
0.0550855425839 -0.553082588113 0.0666108461507 0.559796187108   2.66878687756 -0.142206965495   8.97022251207 -0.292528471328    1.0892780077  -1.21694304966 1777094073.91
0.0459555494148 -0.533058012161 0.0385696836236 0.536423692007   2.77381715301 -0.104932797509    8.9327650525 -0.574322894018   0.85760582031  -1.46780304699 1777094073.93
 0.0320714330281  -0.518716842798 0.00779344485667 0.519765791104    2.87838361826 -0.0677773849629    8.89213280106 -0.762658002559   0.59651627027  -1.51584124533 1777094073.95
 0.0152679720637  -0.509055590206 -0.0224242288665 0.509777942766    2.98698754482 -0.0347416425024    8.84728345113 -0.906069722959  0.444911194301  -1.48170695657 1777094073.97
-0.00235110431651   -0.501814200747  -0.0484981536307 0.50415780334     3.10218187243 -0.00940848909429      8.7979254306 -0.878531355764  0.393000164011  -1.15331884924 1777094073.99
-0.0186879247137  -0.493865838679 -0.0670008686635 0.498740234537    3.22420948137 0.00560152932643    8.74482270507 -0.734205666017  0.496184760346 -0.661979863317 1777094074.01
-0.0319064295519  -0.481840366918 -0.0751460413619 0.48870756795    3.35104989462 0.00899817764765    8.68997931582 -0.553093205762  0.781457318218 -0.106726753971 1777094074.03
-0.0406333467201  -0.462859472212 -0.0712355322444 0.470068570462     3.47887007549 0.000949728337184     8.63662793701 -0.289718399592   1.10909462589  0.479343327654 1777094074.05
-0.0440835289381  -0.435224219973 -0.0549988524046 0.440894945469    3.60280717725 -0.0170405273192    8.58897502689 -0.0369006875625    1.60407260831    1.09019329999 1777094074.07
-0.042104797954 -0.398895498241 -0.027763001448 0.402071158847    3.71794925943 -0.0424705740257    8.55170051589 0.223696377133  1.99255368072  1.56716644623 1777094074.09
-0.0351495490629  -0.355645664826 0.00759059884645 0.357459014294     3.8203351996 -0.0723092799949    8.52926538018 0.413396461795  2.07799578374  1.72255907174 1777094074.11
-0.0241868287815  -0.308828291976  0.0468984027914 0.313303968688  3.90778032988 -0.10349665608  8.52513487169 0.615706854494  2.32579465717  1.94406625281 1777094074.13
-0.0105698878311  -0.262797510951  0.0851997557975 0.276465644663   3.98035950703 -0.133370922108   8.54106423394 0.737527427236  2.25936386736   1.8359904182 1777094074.15
0.00412731854508  -0.222089875149   0.117383243451 0.251236488682  4.04044456524 -0.15994043936  8.57660299114 0.761398540851  1.90617112374  1.41692733924 1777094074.17
0.0182925407397 -0.190540046626   0.13891139553 0.23650898973   4.09228573627 -0.181959870769   8.62894450147  0.64698474159   1.2668639147 0.715752340643 1777094074.19
0.0304632729492 -0.170521316961  0.146518429795 0.22687701692   4.14122378643 -0.198821396483   8.69318148149    0.520037057409    0.688062252645 -0.00351213357379 1777094074.21
 0.039503158636 -0.162476228247  0.138768147039 0.217291562009   4.19269601313 -0.210320001974   8.76294036483   0.37413115326  0.148928721588 -0.789804049137 1777094074.23
0.0447446098034 -0.164836408816  0.116370024413 0.206676327526   4.25123620905 -0.216382911475    8.8312813662  0.159181405891 -0.287456313882  -1.37099625527 1777094074.25
0.0460731852914 -0.174340651946 0.0821818774867 0.198169781528   4.31966013141 -0.216857733836   8.89169153727 -0.020751901947 -0.558241154672  -1.93028512686 1777094074.27
0.0439329793152 -0.186669855313 0.0408743776143 0.196077679249   4.39858063836 -0.211430438126   8.93898120702 -0.156930692953 -0.526406486716  -1.92763350054 1777094074.29
  0.0392434159919   -0.197250350452 -0.00171052020048 0.201123525058   4.48632548976 -0.199700179859   8.96992235629 -0.243820613063 -0.350518239987  -1.82994127159 1777094074.31
  0.033234773719  -0.202049671439 -0.0394186202028 0.208524453078   4.57925287393 -0.181386695468   8.98352962701  -0.325890149806 -0.0258945865584   -1.76342141555 1777094074.33
0.0272280783683 -0.198205065408 -0.066726611338 0.210900585267   4.67238934008 -0.156602605236    8.9809620765 -0.282341334658  0.460505466572  -1.04734926774 1777094074.35
 0.0223992125351   -0.18437661211 -0.0796132912568 0.202076064788   4.76026204393 -0.126099768446   8.96509726782 -0.202722200586  0.990878471066 -0.251096722017 1777094074.37
 0.0195727041683  -0.160786640289 -0.0762087468016 0.179006166187    4.83776854405 -0.0914019346482    8.93988431219 -0.0785686086761    1.31367335825   0.533702009827 1777094074.39
 0.0190857832326   -0.12897581181 -0.0571057795681 0.142337968279   4.90092657897 -0.054764073777   8.90961099102 0.0271465397997   1.60214651268   1.17536462631 1777094074.41
 0.0207490919379 -0.0913580657268  -0.025274646862 0.0970341628685    4.94737378212 -0.0189441133887     8.8782200693 0.12842067019 2.08392797947 1.90353899618 1777094074.43
 0.0239105171546 -0.0506831351047  0.0144097260985 0.0578630557512    4.9765388181 0.0131767103422   8.84878446183 0.178605448128  2.13122938267  2.11521599844 1777094074.45
  0.0276077849925 -0.00951594770727   0.0559525353405 0.0631144140747   4.98947110812 0.0390462559853    8.8232075047 0.180392733349  2.12392873289  2.06974041769 1777094074.47
0.0307783199747 0.0301777924422 0.0932076289491 0.102692094299    4.9883824328 0.0568647265716      8.80216403 0.117598566263   1.8518575698   1.5653842587 1777094074.49
0.0324847436992 0.0672828873948  0.120870966172 0.142098683923   4.97600643468 0.0658790858664   8.78525218672 0.0316172349478   1.69230328444  0.998175049363 1777094074.51
0.0321127359266    0.1016020173  0.135335940008 0.172249860337   4.95491154054 0.0664767045394   8.77129473354 -0.0775596274505    1.72975618258   0.374697843791 1777094074.53
0.0295043879989  0.133751601445  0.135269344444 0.192504013845   4.92690539849 0.0600530279346    8.7587163127 -0.178274203607   1.58773255575 -0.339125452471 1777094074.55
0.0250027715008  0.164924257762  0.121810876627 0.206550330539   4.89264655849 0.0486821135074    8.7459281624 -0.265075234782   1.64794348346 -0.968258801727 1777094074.57
0.0193995853394  0.196572044509 0.0983588268585 0.220661214116  4.85153727331 0.034666409342  8.73166742823 -0.264538816318   1.53761797177  -1.22353967316 1777094074.59
0.0137946819364  0.230070689516 0.0699714436346 0.240870957877   4.80191690314 0.0200708214875   8.71525706091 -0.228388631099   1.59400090924  -1.27523413403 1777094074.61
0.00939150847101   0.266421771929  0.0424775810312 0.269950191479   4.74151630326 0.0063485157932   8.69676834142 -0.171602734612   1.99612771361  -1.27516293203 1777094074.63
0.00726385867818   0.306038927015  0.0214415425622 0.306875102018     4.66807893538 -0.00585868376692     8.67707853805 -0.0328991844219    2.15296155203  -0.820098455651 1777094074.65
0.00813502170864   0.348647752225  0.0111563531201 0.348921048268    4.58001476637 -0.0167078439059    8.65782132923  0.131460663783   2.31985124864 -0.202054573444 1777094074.67
0.0122092923653  0.393309675419 0.0138404285453 0.393742460323    4.47693834689 -0.0269474454773    8.64123019257 0.274043265103  2.24965079473  0.45102446721 1777094074.69
 0.019087790689  0.438560217076 0.0291825826354 0.439944349758    4.35995905564 -0.0375808180807    8.62987927825 0.382739373264  2.19470227582 0.994654404501 1777094074.71
0.0277868603409  0.482634490884 0.0543230589741 0.486476264719    4.23163869037 -0.0494962695297    8.62633633257 0.468936456703  2.24750336525  1.45385298926 1777094074.73
0.0368603569997  0.523739993613 0.0842832221532 0.531757396154    4.09560080456 -0.0631625688932    8.63275915412 0.40762409126  1.8825901254 1.41635819318 1777094074.75
0.0446099025118  0.560330813916  0.112777537313 0.5733057102   3.95585279899 -0.078464654148   8.65048744807 0.308866341467  1.67136613289  1.21127298679 1777094074.77
0.0493526310534  0.591339343147  0.133273843899 0.608177456351   3.81594893989 -0.094711973742   8.67969848796 0.134573821383  1.47868059491 0.722104581814 1777094074.79
0.0497064283377  0.616330812747  0.140124792614 0.634010534033   3.67816531014 -0.110803286895    8.7191994775  -0.114521569492    1.12459620485 -0.0938829747624 1777094074.81
0.0448494527212  0.635560333871  0.129582209392 0.650184558714   3.54286644322 -0.125490341893    8.7664165674 -0.378942989828  0.849194398708  -1.00084116964 1777094074.83
0.034713877606 0.649928452617 0.100527379776 0.658572547944   3.40821506479 -0.137659487962   8.81761022683 -0.61538393899 0.628278523078 -1.85815590388 1777094074.85
0.0200822645086  0.660846486865 0.0547975195689 0.66341852906   3.27031512043 -0.146550934774   8.86830496978 -0.764226951032  0.477991016616  -2.45993159291 1777094074.87
 0.00256710779684    0.670034871478 -0.00294823640902 0.67004627537   3.12379468314 -0.151859383893   8.91387811162 -0.872152720937  0.451548704087  -2.95360645151 1777094074.89
  -0.01553179994   0.679285327062 -0.0658120113021 0.682642668753   2.96274486982 -0.153699413046   8.95021796059 -0.874115243723  0.518201425469  -3.14903485769 1777094074.91
-0.0314827776824   0.690220652837  -0.125614300231 0.702263958435   2.78185162659 -0.152461539243   8.97434492221 -0.686200428048  0.631791753901  -2.75869007767 1777094074.93
-0.0424665684908   0.704084444008  -0.174096232221 0.726531356382   2.57750698654 -0.148616771304   8.98489284108 -0.349452709008  0.756487974088  -1.89528568736 1777094074.95
-0.0459722664328   0.721587197459  -0.204199241592 0.75133139365   2.34867910021 -0.142539141822   8.98237030512 0.0544352494618  0.928852232058 -0.890404315905 1777094074.97
-0.0401961575549   0.742825448897  -0.211233633376 0.773320778514   2.09736169817 -0.134404667164   8.96915613158 0.566492281463  1.19911958916 0.274265205353 1777094074.99
-0.0243868821976   0.767277947224  -0.193748755268 0.791737802866   1.82850745368 -0.124196045566    8.9492222516 1.07202545861 1.33083082558 1.49363652871 1777094075.01
0.000921754648938    0.793869931661   -0.153944680806 0.808658940949   1.54945738362 -0.111804811352   8.92761499335 1.43856064321 1.32935445785 2.37731570493 1777094075.03
0.0338424767619  0.821086911257 -0.097520924905 0.827550215918    1.26898345506 -0.0971883644745    8.90975935633 1.67047648401 1.26445788261 2.87354171157 1777094075.05
 0.0712654630589   0.847116210458 -0.0329399362335 0.850746542541   0.996137584122 -0.0805191815748    8.90067835884 1.82620157595 1.18541212098 3.08610308172 1777094075.07
 0.109194608973  0.869998998532 0.0298168512159 0.877331616147   0.739129061027 -0.0622645907788     8.9042377706 1.86865943235 1.05561253149 2.95280585543 1777094075.09
 0.143258436146  0.887785303635 0.0808214420048 0.902894141284   0.50442907288 -0.043158122173    8.9225306719  1.54578015348 0.737660685475  2.10855012666 1777094075.11
0.169326774262 0.898694627834 0.111841248056 0.921320821075    0.29623422195 -0.0240603324765     8.9555019403  1.02407146646 0.338329813255 0.925322965874 1777094075.13
0.184134091453  0.90128968617 0.117755566077 0.927412979947    0.116330332046 -0.00574533818446     9.00087918109    0.39913351489 -0.0976009866603  -0.348142773862 1777094075.15
 0.185797403722  0.894667028982 0.0974748007064 0.918940207386 -0.0356920609445  0.0113242468938    9.05442839973 -0.247928096421 -0.560762383808  -1.57525538203 1777094075.17
 0.174127187955  0.878656127726 0.0541749198292 0.897380515899 -0.161986004957 0.0271651224066   9.11049907129 -0.917070873378  -1.06146273096  -2.68034004918 1777094075.19
   0.150663934531    0.854001831518 -0.00521044126516 0.867205799163 -0.265905794323 0.0423298169836   9.16277507223 -1.42186581178 -1.43369423821 -3.19907707503 1777094075.21
   0.11842453005   0.822490082358 -0.0711513201343 0.834012479074 -0.351510954064 0.0578273372812   9.20511441508 -1.72624676749 -1.67062578634 -3.18782980902 1777094075.23
0.0814001136457  0.786969743516 -0.133118731704 0.802289195017 -0.423214534552 0.0749178092958   9.23234743845 -1.77891122665 -1.70095174608 -2.62962609128 1777094075.25
 0.043897199473  0.751228857416 -0.181319275714 0.774046794503 -0.485618292176  0.094821038006   9.24091178533 -1.71649538267 -1.61363820355 -1.80231738732 1777094075.27
0.0098453690021  0.719702758258 -0.208251098338 0.749291339529 -0.543519475073  0.118398129125   9.22923155945  -1.43573798822  -1.26146413372 -0.663062461202 1777094075.29
-0.0177991171944   0.697021410585  -0.209812295967 0.728132443259 -0.602024638682  0.145870863368   9.19779273867  -1.17957517206 -0.804786511805  0.560245577289 1777094075.31
-0.0374450237504   0.687438031832  -0.185790271749 0.713085690846 -0.666673034388  0.176635964556   9.14891941783 -0.846342750627 -0.076215176013   1.90302612187 1777094075.33
 -0.04898723046  0.694212846868 -0.139684922403 0.709819063601 -0.743461524191  0.209213774336   9.08630577402 -0.406035210985  0.792141268864   2.70267561006 1777094075.35
-0.0536474037465   0.719047541307 -0.0779430307818 0.725246528179 -0.838678892916  0.241347296985   9.01439675206 -0.11461020678  1.68269813427  3.26523143945 1777094075.37
 -0.0535819632858    0.761672356545 -0.00878151946828 0.763605212527 -0.958500786148  0.270242339866   8.93772883266 0.0597413141931   2.61826305605   3.56740446784 1777094075.39
-0.051351347097  0.819676065824 0.0591641430473 0.823411324647  -1.1083620531 0.292916413257  8.86033803246 0.104267388797  3.14231569273  3.14072355395 1777094075.41
-0.0493689860716   0.888639230523   0.118121023328 0.897813764075 -1.29219749187 0.306606519454  8.78531827543 0.0461101794241   3.45662956632   2.49174691951 1777094075.43
-0.0494449821808   0.962585883481   0.162182152667 0.977404440333 -1.51170419077 0.309176334878  8.71457696729 -0.0790433695534    3.67700676723    1.75646434093 1777094075.45
-0.0525091021556    1.03471382421    0.18789919649 1.05294634804 -1.76580668828 0.299462342275  8.64879559086 -0.233694023434   3.48407097866  0.827643413672 1777094075.47
-0.0585485266055    1.09830777515   0.194422979683 1.1169190633 -2.05048526591 0.277505397847   8.5875698918 -0.370403230957   2.94033238281 -0.121279165089 1777094075.49
-0.0667415697857    1.14769390095   0.183239135111 1.16414445326 -2.35905810144 0.244627639269   8.5296817842 -0.416441604062    1.9581214911 -0.892470263699 1777094075.51
-0.0757246537659    1.17907046408   0.157613058228 1.19196613148 -2.68290690706 0.203333670155  8.47344448731 -0.412570732059      1.04216623  -1.47439208632 1777094075.53
-0.0839081471628    1.19105719805   0.121891434299 1.2002147091 -3.01253167959 0.157039168829  8.41706149919 -0.352101959401  0.144946343782  -1.92665612679 1777094075.55
-0.0897617080269    1.18484895988  0.0808041229971 1.19098846688 -3.33874309345 0.109658195973  8.35894548352 -0.203434180405 -0.680512753683  -2.08267819746 1777094075.57
-0.092016938653   1.16393227727 0.0388768533138 1.16821097102 -3.65377144298 0.065108876721   8.2979526702 -0.000278770900143     -1.29008275961     -2.02625437166 1777094075.59
-0.0897728228952    1.13341209933 1.5380734378e-05 1.13696180537  -3.95209409598 0.0268193471133   8.23350205424 0.238326008823 -1.62807876265 -1.79760767921 1777094075.61
  -0.08252345505    1.09907935118 -0.0327290914654 1.10265893831    -4.23084915169 -0.00267603937906     8.16556818184 0.502613011516 -1.71598697989 -1.46633983095 1777094075.63
-0.0701466920696    1.06640590531 -0.0572425427526 1.07024241273  -4.48979157466 -0.021972612091   8.09456166764  0.737085936472   -1.4778945606 -0.985036526574 1777094075.65
-0.0528919011192    1.03966658774 -0.0723284943528 1.04352076067   -4.73083723493 -0.0308197647191    8.02113810868  0.944274563461  -1.09759816188 -0.496864886296 1777094075.67
-0.0313878637049    1.02135373467 -0.0776369297176 1.02478102157   -4.95731150481 -0.0299394278792    7.94599463384    1.18731853306  -0.711201157546 -0.0321300925183 1777094075.69
-0.00666683194491     1.01197787423  -0.0735793935074 1.01467117419   -5.17306100887 -0.0206953165058    7.86971487759   1.27995929928 -0.277328974707  0.409640883515 1777094075.71
 0.0198214454187    1.01025820593 -0.0612477940276 1.01230717898    -5.38159636757 -0.00470646385103     7.79270441272   1.29277560917 0.0401932208619  0.763427218585 1777094075.73
0.0462422009471   1.01362284992 -0.042334840677 1.01555987601   -5.5854135039 0.0164912695445   7.71522494004  1.26667492135 0.215611313259  1.05525094654 1777094075.75
 0.0704853739645    1.01888213617 -0.0190403123351 1.02149475224  -5.78559870206 0.0416519778016   7.63749875077  1.13745225129 0.239675892258  1.24757012736 1777094075.77
 0.0903634172498    1.02291976051 0.00605779416083 1.02692116566  -5.98176723691 0.0698544331574    7.5598285341 0.871522066514 0.114398649338  1.28462271675 1777094075.79
 0.103880701296   1.02326570888 0.0301843691408 1.02896793303 -6.17232607927 0.100377458533  7.48267112612  0.455688804565 -0.106004144994   1.05901892304 1777094075.81
 0.109532358178   1.01846060511 0.0506063346875 1.02558292827 -6.35499610394 0.132475851854  7.40662003342 0.0642146447139 -0.359661287063  0.827996370602 1777094075.83
 0.106574550763   1.00817766516 0.0649193986935 1.0158714819 -6.52748563272 0.165145415596  7.33228569409 -0.363992048309 -0.643861114228  0.527177944308 1777094075.85
0.0952069160093  0.993120504415 0.0713541976943 1.00022203269 -6.68818142281 0.196968607349  7.26010345258 -0.789490381378 -0.881017747274  0.109077001506 1777094075.87
0.0766216421548  0.974752249617 0.0690577308816 0.980194773693 -6.83672033436 0.226109121727    7.190133093  -1.00974172263 -0.911471050053  -0.31165840616 1777094075.89
 0.052898578364  0.954929723471 0.0582956612564 0.958168784965 -6.97432684433 0.250480639509  7.12192792379   -1.1481952612 -0.903408580814 -0.657095958231 1777094075.91
0.0267556924311   0.93551734908 0.0405201509733 0.936776633004 -7.10384531598 0.268063895627  7.05453923238  -1.34350251414 -0.958423618821   -1.0402598842 1777094075.93
0.00119221508159   0.918043599856   0.018259967304 0.918225952051 -7.22945290307 0.277301492362  6.98668556336  -1.23656535104 -0.831922851975  -1.18547444019 1777094075.95
-0.0209179057451   0.903444029441 -0.0051837271615 0.90370102586 -7.35609693761  0.27747404304  6.91706621359  -1.00190237241 -0.681603234597  -1.16012808651 1777094075.97
-0.0372157974413   0.891914281979 -0.0262136414048 0.893075168714 -7.48874762904 0.268960944242  6.84474993905 -0.660162619199 -0.537703557911 -0.949986091965 1777094075.99
-0.0461680040177    0.88287778215 -0.0415190807276 0.885058470878 -7.63158489708 0.253313279619  6.76953816136 -0.241497797672 -0.405700965732 -0.540336580767 1777094076.01
-0.0472494936669   0.875058309429 -0.0486634242319 0.877683136679 -7.78724497754 0.233107382907  6.69219698573  0.124622135469 -0.389629986642 -0.120896002102 1777094076.03
-0.0409738303874   0.866638244971 -0.0465579514206 0.868854616875 -7.95624100964 0.211594554441  6.61447656956  0.465656923673 -0.493392031348  0.326306764858 1777094076.05
-0.0287704486769   0.855478629451 -0.0357143256964 0.856707031151 -8.13664767175  0.19220497473  6.53888454898 0.732921555059 -0.70752315398 0.735792399376 1777094076.07
-0.0127330580926   0.839376118285 -0.0182065603835 0.839670100431 -8.32410820357 0.177994311786  6.46824093511 0.877634067727 -1.02590673912  1.00590561711 1777094076.09
0.00471763161042   0.816332875531 0.00266824091751 0.816350867722 -8.51218560485 0.171135164907  6.40510026367 0.789855097831  -1.2698984092 0.958558025511 1777094076.11
0.0212018851875  0.784816831897 0.0229764519383 0.785439301861 -8.69303914367  0.17255016551  6.35116783959 0.637445051475 -1.53694388289 0.769176662519 1777094076.13
0.0347215790955  0.743990352136 0.0388726731828 0.745813862063 -8.85836340157 0.181759675815  6.30684916902 0.587762166876 -2.35244299461 0.629797196997 1777094076.15
0.0439214364149  0.693884730211 0.0473208389819 0.696881893293 -9.00048341479 0.196978037323  6.27105030522 0.411499155478 -3.30425814591 0.237388107604 1777094076.17
0.0482329604103  0.635496589323 0.0466672000943 0.639030641735 -9.11346292362 0.215444876845  6.24129553792 0.107642678249 -3.34454353822 -0.28179731018 1777094076.19
0.0478834469578  0.570781914719 0.0369487084102 0.573977373871 -9.19406205745 0.233931241088  6.21415931966 -0.102144062436   -3.0471114115 -0.614010135613 1777094076.21
0.0437755987379   0.50252676912 0.0198730313522 0.504821150609 -9.24238373234 0.249324339551  6.18593811347  -0.24374155788  -3.13791780842 -0.883216788872 1777094076.23
   0.037265244278    0.434083652953 -0.00152718776453 0.435682967873 -9.26207885778 0.259178013127  6.15343160755 -0.363041309748  -3.48941934128  -1.13320973973 1777094076.25
  0.029881403142   0.368980879046 -0.0234967928311 0.370933803567 -9.26003829139 0.262123326024  6.11467377175 -0.381430823996  -3.31565566297  -1.09323876593 1777094076.27
 0.0230411974249    0.31043858147 -0.0422954698486 0.314152696015 -9.24557775201 0.258063734467  6.06945818092 -0.320144157333  -2.86767666256 -0.833393258087 1777094076.29
  0.017810309094   0.260854605615 -0.0549200381625 0.267167630847 -9.22920846652 0.248125045143  6.01953793394 -0.190540777575  -2.04699163853 -0.399083608834 1777094076.31
 0.0147483680725   0.221348190636 -0.0596646246695 0.229722448392 -9.22116501388 0.234380803468  5.96844189987 -0.0899162477333   -1.57974863399  -0.033820782119 1777094076.33
0.0138604335655  0.191458799764 -0.056405730493 0.20007546091 -9.22991560892 0.219417150004  5.92092503101 -0.00242524320623    -1.35229821694    0.339124789325 1777094076.35
 0.0146546352267   0.169083428125 -0.0465578436699 0.175987490485 -9.26089546976 0.205828457791  5.88214663138 0.066405855174 -1.11574451592 0.648430172254 1777094076.37
 0.0162864939588   0.150696376451 -0.0327160911595 0.155064471694 -9.31567522214 0.195741788928  5.85673044328 0.0815803203418 -0.979682666511  0.749332664416 1777094076.39
 0.0177561548832   0.131837864065 -0.0180697232726 0.134249835518 -9.39170758369 0.190455165848   5.8478895969 0.0421422695272 -0.987127536076  0.621216855908 1777094076.41
  0.0181179623101    0.107796626122 -0.00571851785253 0.109458095215  -9.4826994909 0.190246994229  5.85678972489 -0.025016374865  -1.31525937171  0.458321064965 1777094076.43
 0.0166629994511  0.0743641919358 0.00195780527753 0.0762333365036 -9.5795509438 0.19437926304 5.88227675879 -0.132136036341  -2.06432759903  0.246380037581 1777094076.45
  0.013043443075  0.0285187061934 0.00374339938415 0.0315826067503 -9.67170465917 0.201282782321   5.9210236615   -0.25861009022   -2.91920535781 -0.0609544225119 1777094076.47
  0.00732084756132   -0.0310905481594 -0.000244140798804 0.0319417688708 -9.74867894451 0.208883873839  5.96806946582 -0.358446969651  -3.62248053792 -0.339779767641 1777094076.49
-6.38774902534e-05    -0.103944440861  -0.00868131811425 0.104306357191 -9.80152353863 0.215011165833  6.01765099125 -0.356137062334  -3.55250064917 -0.434770983187 1777094076.5
-0.00838600206183   -0.187767848514  -0.0194190124302 0.188955518601 -9.82395282279 0.217809691086  6.06417509847 -0.377017969159  -3.94790156576 -0.481387930553 1777094076.53
-0.0167738034786  -0.278920564997 -0.0300170563264 0.281032143592 -9.81297315456 0.216088649435   6.1031553144 -0.419401988728  -4.86368093296 -0.495968930485 1777094076.55
-0.0243570201477  -0.372979025933 -0.0383057344098 0.375731217102 -9.76892120769 0.209540258833  6.13194487486 -0.364233617289  -4.98491546562 -0.343021303387 1777094076.57
-0.0303988354471  -0.465393282932 -0.0428485908215 0.468349227319 -9.69494807107 0.198789819896  6.15013775836 -0.273925264578  -4.88992263503 -0.133922779476 1777094076.59
-0.0343910752972  -0.552099975116 -0.0432114102593 0.554855255504 -9.59609305061 0.185268245339  6.15957340737 -0.130540181845  -3.76640955912  0.065347368432 1777094076.6
-0.0361036877401  -0.629992488373 -0.0399927875019 0.632292206758 -9.47816563227  0.17093186851  6.16395690129 -0.0267840790341   -3.23873693786   0.191574657602 1777094076.63
-0.0355909393343  -0.697187807791 -0.0346293140903 0.698954035463 -9.34667604933 0.157883314155  6.16817788824 0.0772674467578  -3.23595086007   0.28798423277 1777094076.65
 -0.033164716367  -0.753076236335 -0.0290389194563 0.754365279547 -9.20602047905 0.147965633629  6.17746268971  0.16921793422 -2.73752207291 0.255655971224 1777094076.67
-0.0293479198542  -0.798184216398  -0.025197304322 0.799120921921 -9.05904765292 0.142406221755  6.19651436987 0.219474532572 -2.12564480349 0.112838776816 1777094076.69
-0.0248183814701  -0.833911781096 -0.0247478055415 0.834647988429 -8.90703284165 0.141576399082  6.22878389061    0.20804029714   -1.48020960885 -0.0815381310224 1777094076.71
 -0.020348125916  -0.862217875494 -0.0287246323801 0.862936159605 -8.74998991025 0.144908718279  6.27597910307  0.190731807189  -1.21328883722 -0.299343161043 1777094076.73
-0.0167372412562   -0.88531777026 -0.0374307140303 0.886266747619 -8.58718506912 0.150981424897  6.33786935924  0.146206478133  -1.12638560583 -0.566716211619 1777094076.75
 -0.014738826294  -0.905432337901 -0.0504670412816 0.906957481789 -8.41768962362 0.157745028532  6.41239359741 0.0460912432333   -1.0261421583 -0.769140561338 1777094076.77
 -0.014972835027  -0.924599236524 -0.0668739727137 0.927135406614  -8.2408246099 0.162838151155  6.49603651853 -0.0802987699575   -1.01510574731  -0.905009433664 1777094076.79
-0.0178317896028  -0.944532374336 -0.0853263669467 0.948546239139 -8.05639935814 0.163926371321  6.58440420432 -0.195714807871 -0.974595883261 -0.870994727292 1777094076.81
-0.0233885217437  -0.966506610413  -0.104326523374 0.972402218426 -7.86471403452 0.159002263911   6.6729079565  -0.31284390812  -1.08337555405 -0.858716148904 1777094076.83
-0.0313227833499  -0.991251560633  -0.122357403495 0.999265784166 -7.66636536318 0.146604669547  6.75745359749 -0.455122333452  -1.36158722752 -0.875406416465 1777094076.85
-0.0408871086033   -1.01885704593   -0.13798423272 1.02897088596 -7.46194796107 0.125942368937   6.8350340239 -0.529132000612  -1.55066012069 -0.743665445209 1777094076.87
-0.0509306609522   -1.04871388348  -0.149915179267 1.06059855865  -7.25176853364 0.0969317382798   6.90413686671 -0.504106516077  -1.60084253836 -0.502912999356 1777094076.89
-0.0599921300059   -1.07952702336  -0.157044021296 1.09253854598  -7.03568174574 0.0601719392289   6.96490694155 -0.370839060354  -1.45004081573 -0.204938360779 1777094076.91
 -0.06645994624  -1.10943590528 -0.158497193977 1.12266928028  -6.81311861124 0.0168823281158    7.0190421917 -0.206123278588  -1.33020584108 0.0784807726696 1777094076.93
-0.0687828423213   -1.13625742737  -0.153696985971 1.14866652434   -6.58332131332 -0.0311819166173    7.06944606682 0.0192820675004  -1.22808632649  0.407499472413 1777094076.95
-0.0657000423533   -1.15783463497  -0.142437690352 1.16841175667   -6.34573688744 -0.0818321326788    7.11970050796  0.314393010573 -0.922509024031   0.73274040128 1777094076.97
-0.0564521687654   -1.17243875852  -0.124958488658 1.180429631  -6.10047141651 -0.132571869475   7.17345362836  0.644429661745 -0.554517400429   1.05247505095 1777094076.99
-0.0409341653028   -1.17914512171  -0.101990347131 1.18425540102  -5.84867952257 -0.180753491959    7.2338286753  0.904409781213 -0.139411591447   1.23744366452 1777094077.01
-0.0197606764985   -1.17809462319 -0.0747559636629 1.18062944214   -5.5927689512 -0.223767688927   7.30295357338  1.00013922919 0.183691683524   1.2223319502 1777094077.03
0.00576971449385    -1.1705672017 -0.0449106498167 1.1714426276  -5.33633669408 -0.259256874205   7.38168523926  1.35321858573 0.486649689716  1.52409920793 1777094077.05
 0.0338063122097   -1.15883065601 -0.0144246868664 1.15941339807 -5.08381227131 -0.28533098794  7.46956548287  1.61443917277 0.709762807922  1.70342887355 1777094077.07
0.0621524370875  -1.14577942388 0.0145799517837 1.1475565296  -4.83985029871 -0.300754692712   7.56500312942  1.37112210083 0.611546904037   1.3644795748 1777094077.09
0.0885131917238  -1.13443033252 0.0400171601819 1.13858163412  -4.60857210095 -0.305072215699     7.665637534   1.1952850229 0.452526757648  1.11776310196 1777094077.11
 0.110748907229  -1.12738113172 0.0600246282991 1.13439697312  -4.39279248159 -0.298642265084   7.76880835303 0.923306785325 0.193315904414 0.792315847117 1777094077.13
 0.127102152575   -1.1263508296 0.0731314464539 1.13585622197   -4.1933766718 -0.282570239077   7.87204007727  0.652974012499 -0.115233325853  0.468009653105 1777094077.15
 0.136374800661  -1.13190345094 0.0783916157539 1.14278114875  -4.00885401994 -0.258545271138   7.97345010988  0.288995063661 -0.450733376459 0.0619661757931 1777094077.17
 0.138041759063   -1.1434128711 0.0754771113596 1.15418599688 -3.83537388585 -0.22861015046  8.07200614172 -0.107114169309 -0.718739845485 -0.358854976383 1777094077.19
 0.132296661694  -1.15926790693 0.0647289932249 1.16858646633  -3.66703307518 -0.194906609101   8.16758930528 -0.467006333139 -0.877606849249 -0.734073676201 1777094077.21
 0.120030472215  -1.17726001102 0.0471656932657 1.18430276975  -3.49654220751 -0.159442043358   8.26085822586 -0.731514184859 -0.885929360623 -0.997244777125 1777094077.23
 0.102746607294  -1.19505567611 0.0244445557884 1.19971349522  -3.31614056387 -0.123915218442   8.35294757892 -0.843126802259 -0.748265033367   -1.0848528309 1777094077.25
  0.0824171586341    -1.21064138055 -0.00123142755661 1.21344413005   -3.11862467921 -0.0896211973591    8.44506468775  -1.04288299793 -0.693903041281   -1.3008357625 1777094077.27
  0.061285937267   -1.22264236137 -0.0272712382325 1.22448112699   -2.89833287104 -0.0574360972382     8.5380630828  -1.14482371007 -0.556022482696  -1.39465208831 1777094077.29
0.0416271039066  -1.23045245478 -0.050922864332 1.2322090721   -2.65193066354 -0.0278667813108     8.6320715301 -0.894852463366 -0.287818173398  -1.05677119952 1777094077.31
 0.0254741648637   -1.23416077288 -0.0695629580735 1.23638212197    -2.37887160755 -0.00114270576183     8.72624406668  -0.659585203134 -0.0932622882581  -0.727707702731 1777094077.33
  0.014343108002   -1.23431028524 -0.0810247736634 1.23704996623  -2.08146095996 0.0226737026809   8.81867607567 -0.394629483908 0.0621841297517 -0.343613828749 1777094077.35
0.00898391257714   -1.23156230513 -0.0839214359781 1.23445098304  -1.76451782795 0.0435787251707   8.90650717733 -0.128296617723  0.198426878542 0.0777916216296 1777094077.37
0.00920335640654   -1.22636101204  -0.077908326648 1.22886766618  -1.43470178871 0.0615379002638   8.98620539985 0.121368240431 0.324103429032 0.505932575641 1777094077.39
0.0138045214978  -1.21868928435 -0.063826367625 1.22043760259  -1.09962741467 0.0764288982731   9.05399981476 0.300774682877 0.481645343523 0.896996735677 1777094077.41
  0.020680442103   -1.20798218829 -0.0436803513864 1.20894856012 -0.766921492923 0.0880262005128   9.10640302131 0.344114139504  0.66015823656  1.12492002364 1777094077.43
  0.027078865806   -1.19322340915 -0.0204321155476 1.19370550827 -0.443376774764 0.0960307792521   9.14074496927 0.222461137522 0.828096620238  1.09663576538 1777094077.45
 0.0300237161063   -1.17320247931 0.00237788850128 1.17358899762 -0.134325334654  0.100138897771    9.1556309018 -0.00597208120142     1.16986817863     1.04897910347 1777094077.47
0.0268422267814  -1.14686830189 0.0211328571107 1.14737701069 0.156696561291 0.100133933974  9.15124274789 -0.375316252337   1.56090482616  0.795025960283 1777094077.49
0.0157135169156  -1.11368771318 0.0326909372503 1.11427821234  0.427979466194 0.0959770281916   9.12942605643 -0.765643732656   1.81896577729  0.343169755708 1777094077.51
-0.0038660030661   -1.07391371898  0.0348966160047 1.0744875037  0.679410362723 0.0878698324405   9.09354046928  -1.14442451215   2.09111235519 -0.140878672582 1777094077.53
-0.0308050318297   -1.02868821257  0.0269645032846 1.02950253671  0.912064544228 0.0762680228974    9.0480939805  -1.45868607557   2.34141892883 -0.628707230517 1777094077.55
-0.0624084938246  -0.979943879754 0.00966425940047 0.981976692941   1.12772230545 0.0618377406416   8.99822073039 -1.62110419607  2.50188261344 -1.05843033348 1777094077.57
-0.0946728353993  -0.930119750589 -0.0147352349522 0.935041615838    1.3284069306 0.0453660990059   8.94908968987 -1.52348372884  2.47455366719 -1.32130235941 1777094077.59
 -0.122861424142  -0.881751810107 -0.0427659687338 0.891296870998  1.51601375354 0.027655555781  8.90534066082 -1.17978183635  2.30712584296 -1.37631822118 1777094077.61
 -0.142274454154  -0.837032264911 -0.0702666673158 0.851940395417    1.69206362344 0.00944245034524    8.87063254857 -0.651405203102   2.09485123306  -1.24857826058 1777094077.63
 -0.149078505576  -0.797440408989 -0.0930174524155 0.816570788828    1.85758124604 -0.0086245405186    8.84736027142 0.0284201393887   1.68799171849 -0.852779384219 1777094077.65
-0.141036959948  -0.76353227456 -0.107399122307 0.783841520869    2.01307918232 -0.0259317244895    8.83655880582 0.758518250705  1.52504448303 -0.43789511807 1777094077.67
-0.117992000348 -0.734939205821  -0.11096379565 0.75257605087    2.15862373401 -0.0417915895013    8.83797567417  1.62688618621  1.45913148556 0.126271464633 1777094077.69
-0.0819923311346  -0.710575972094   -0.10281634828 0.722642481422    2.29396444112 -0.0553265360535    8.85026596346  2.08675856708  1.18383103097 0.701691657638 1777094077.71
-0.0370297457332  -0.689008818443 -0.0837394969017 0.695065937377    2.41871633628 -0.0654082336694    8.87125280319  2.3370890678 1.04111381122 1.16830044322 1777094077.73
 0.0115730516263  -0.668894970892 -0.0560434290721 0.671338426988    2.53258665109 -0.0707053772875    8.89820206161   2.2576518474 0.941212857592  1.43874058264 1777094077.75
 0.0580097545244  -0.649386943296 -0.0231733887432 0.65238450295    2.63563236459 -0.0698595908933     8.9280780552  2.15044771517 0.969977861958   1.6855351535 1777094077.77
 0.096912567251 -0.630401851379 0.0108462481581 0.637899820514    2.72852303089 -0.0617655067623    8.95776845053  1.75011570186 0.970737503556  1.72451099969 1777094077.79
 0.124176774708 -0.612686050937 0.0420255886736 0.626554242259    2.81276923782 -0.0458929222115    8.98428211533  1.07560284066 0.867062186461  1.48591316234 1777094077.81
 0.137539660574 -0.597651643743 0.0669713627763 0.616919613022    2.89086707446 -0.0225696297331    9.00492817172 0.268583957257 0.545406346731 0.877047156268 1777094077.82
 0.136819220772 -0.587013369694 0.0833088487842 0.608477246623    2.96630906818 0.00685174170918    9.01747864429 -0.310699680024  0.346820671929   0.51831690085 1777094077.85
 0.123787862731 -0.582301104059 0.0899124525076 0.602064996378   3.04342570594 0.0399943312329   9.02030645548  -1.05100647711 0.0796162852396  0.108673808956 1777094077.87
  0.10172656819 -0.584355016298 0.0869374203539 0.599480771006   3.12704835264 0.0736405160429   9.01248211025  -1.28220696207 -0.277736286838 -0.372162288809 1777094077.89
0.0747615219775 -0.592920601722  0.075682491412 0.602388549544  3.22201914021 0.104077822051  8.99381121822  -1.38806780371 -0.561522152747 -0.727029431639 1777094077.91
0.0471179684583 -0.606446111847 0.0583350285114 0.611064616123  3.33260798756 0.127559191648  8.96480211228  -1.25454145345 -0.700646980076 -0.911688764333 1777094077.93
 0.022430835153 -0.622146688743 0.0376532185836 0.623688551722  3.46192242009 0.140812892663  8.92656558382  -1.08602651331 -0.739838309576  -1.03205178309 1777094077.95
0.00323003807639  -0.636344067216  0.0166282964457 0.636569481887  3.61140564888 0.141530511363  8.88066246037 -0.881266113812 -0.635049095332  -1.09625499059 1777094077.97
-0.00932333169964   -0.645029056074 -0.00184752170209 0.64509907846  3.78051001883 0.128762141884   8.8289248672  -0.46532132989 -0.204424732601 -0.796219423216 1777094077.98
-0.0154261753975  -0.644540105536 -0.0152946750094 0.644906071932  3.96660847952 0.103155241427  8.77328082709 -0.168652330661    0.3062983995 -0.480206734536 1777094078.01
-0.0163768227884  -0.632218838611 -0.0219310504001 0.63281105489   4.16517146879 0.0669886340917   8.71560885261 0.0306918301762  0.901608192353 -0.134491631205 1777094078.03
-0.0141449319251   -0.60690208902 -0.0209090852149 0.607426880044   4.37019710501 0.0239770018202   8.65764047001 0.130937669809  1.49890196633 0.224748182171 1777094078.05
-0.0108666944311  -0.569141939186 -0.0124731813725 0.569382307629    4.57484474725 -0.0211467495332    8.60091613608 0.150745988604  2.23978578704 0.598131862907 1777094078.07
-0.00837038452872   -0.521103791467  0.00200323785022 0.521174862959    4.77219000293 -0.0632272996068    8.54678633375 0.0801140417703   2.71055110546  0.858367219153 1777094078.09
-0.00782302081039   -0.466163326261   0.0201377018646 0.466663662011    4.95599630172 -0.0973824003586    8.49643801145 -0.030451804746    2.8930362776  0.944441024642 1777094078.11
-0.00955786801405   -0.408288382635   0.0388321919626 0.410242239863   5.12138791484 -0.119694920595   8.45092051439 -0.124227162331   2.70242664828  0.813950617874 1777094078.13
-0.0131015224744  -0.351335270204  0.0547230502721 0.35581277972   5.26531652654 -0.127790676644   8.41114731902 -0.182044712332   2.55832225245   0.60296816146 1777094078.15
-0.0173771937567  -0.298401340104  0.0647313483099 0.305835697872   5.38674187968 -0.121204352332   8.37786028891 -0.210783447548   2.65920092177   0.31655611478 1777094078.17
-0.0210264358238  -0.251356182051  0.0666247427866 0.260884835914   5.48649558493 -0.101468408641   8.35155877289 -0.144118553968    2.3448133488 -0.140152957685 1777094078.19
-0.0227718673927   -0.21062983251  0.0594851156424 0.220049910863    5.56685760434 -0.0719057660602    8.33241151252 -0.0190308119778    2.02493356856  -0.602670454438 1777094078.21
-0.0217414188867   -0.17527991128  0.0439825576851 0.182017037593    5.63093273542 -0.0371566625331    8.32017992311 0.120467329101  1.59568050958  -0.8792733011 1777094078.22
-0.0176890258142  -0.143303767423  0.0223862032072 0.14611643811     5.68195369723 -0.00251337791971     8.31418384869 0.240435220246  1.42343746709 -1.02973203462 1777094078.25
 -0.0110725783399   -0.112117670119 -0.00170977837144 0.112676072376   5.72264673139 0.0268343954789   8.31333502993 0.385897650377  1.68449061223 -1.21470918363 1777094078.27
-0.00298071140025  -0.0791001695831  -0.0239118879496 0.0826891761589     5.754772508 0.0465298024475   8.31625070917 0.427015269738  1.85223430198 -1.00548565861 1777094078.29
0.00507076827047 -0.0420938033873   -0.03972224455 0.0580986891982   5.77890706081 0.0536478674686    8.3214421258  0.358940978439   1.97587788517 -0.532441020038 1777094078.31
   0.011429287902 0.000223175080606  -0.0452871980649 0.0467076946298  5.79446924407 0.047077883693  8.32755276006   0.22704813397   2.14439861279 0.0391869016965 1777094078.33
 0.0146258029612  0.0481505107923 -0.0380731131584 0.0631026762301   5.79994963933 0.0276348836747    8.3336029216 0.0529797726733   2.38778478984  0.661959014827 1777094078.35
 0.0136648621585   0.100979934441 -0.0173546785818 0.103367598822     5.79326405125 -0.00211734938714     8.33918593204 -0.160022134648   2.72840640506   1.34228916304 1777094078.37
0.00823091358283   0.157184533978  0.0155681579711 0.158167927226    5.77214794697 -0.0383100502511    8.34456208561 -0.407053184676   3.10903458398   2.04502443236 1777094078.39
-0.00122770151862    0.214727958679    0.057465167391 0.22228776159    5.73452279452 -0.0764189414814    8.35061266957 -0.575329679252   3.01691934301   2.32416631882 1777094078.41
-0.013554312204  0.271422111907  0.103574200155 0.290828638805   5.67879123943 -0.112021956125   8.35864574271 -0.578837305298   2.47571877264   2.03327886705 1777094078.43
-0.0270714521895   0.325263091964   0.148246379319 0.358477239862   5.60404372141 -0.141540199488   8.37008133371 -0.623019535506   2.44504901491   1.94543396245 1777094078.45
-0.0398680726551   0.374690838492   0.185741259683 0.420098206632   5.51017594785 -0.162826826642   8.38607672019 -0.61606360506   2.4971057818   1.6776446986 1777094078.47
-0.0501338269923   0.418742383694   0.211049100511 0.471593370752   5.39792230561 -0.175484000845   8.40717345948 -0.437166031094   2.16906507958  0.917868265999 1777094078.49
-0.0564761551624   0.457094340235   0.220611379519 0.510680108043   5.26880868952 -0.180833343736   8.43305078954 -0.216616378349   1.92435037619 0.0480141704449 1777094078.51
-0.0581562120524   0.490010677561   0.212827304757 0.537390054591   5.12502633613 -0.181535328811   8.46245283767 0.0320670408782   1.52815994753 -0.808472731245 1777094078.52
-0.0551934212328   0.518223230234   0.188271151826 0.554118811006   4.96923169091 -0.180932895687   8.49332201133 0.222739852894  1.19414517777 -1.43105368539 1777094078.55
-0.048314309449  0.542774744616  0.149595284043 0.565081803723   4.80428715825 -0.182262587865   8.52312469944 0.390285785242   1.1070309816 -2.06853926246 1777094078.57
-0.0387548709736   0.564850561071   0.101145799289 0.575142216396    4.6329702856 -0.187911666145   8.54930858506 0.490138783835   1.0316999125  -2.4377371455 1777094078.59
-0.0279598326378   0.585619164682    0.04836096871 0.588277435891   4.45768927618 -0.198889346423   8.56979571756 0.556015213649  1.06634291133 -2.69123165431 1777094078.61
 -0.0172482924837    0.606096532326 -0.00295060560593 0.606349087709  4.28024684942 -0.21462604521  8.58340213131 0.525628121308  1.06559894849 -2.46191421209 1777094078.63
-0.00752573464489    0.627044941675  -0.0473473737865 0.628875002975   4.10169100141 -0.233132192349   8.59008771525 0.438289697658  1.03479027754 -1.87210398548 1777094078.65
0.000886640956912     0.64891262613  -0.0804118860148 0.65387648214   3.92228034681 -0.251462384217   8.59097668639 0.397841193843  1.12820098253 -1.30797901733 1777094078.67
0.00826183865136   0.671815458103 -0.0992520405874 0.679157739619   3.74157419601 -0.266365241362   8.58814073289 0.362594602931  1.17239508265 -0.56266097529 1777094078.69
0.0153124339827  0.695556256979 -0.102797301318 0.703278225466   3.55863512009 -0.274968918758   8.58419116674 0.366726547755  1.19818589827 0.184870241005 1777094078.71
  0.022909552573     0.7196731449 -0.0918679926655 0.725874652516   3.37230863573 -0.275358802119   8.58176992506 0.408783265579  1.19268432779 0.840113169817 1777094078.73
 0.0317472735392   0.743507279487 -0.0690211506826 0.747378674615   3.18152739519 -0.266939341628   8.58305126018 0.47820209353  1.1650382089 1.34152062209 1777094078.75
 0.0420408104156   0.766282406283 -0.0381982633406 0.768384840585   2.98558253941 -0.250523477486   8.58936146003 0.560223369331  1.13332529252  1.68119546875 1777094078.77
  0.0533415577851    0.787192262745 -0.00421804746954 0.789008727605   2.78431571538 -0.228148471362   8.60099505867 0.561965539643 0.980022996248  1.65022038374 1777094078.79
0.0645257077663  0.805494270565 0.0278289808885 0.808553671102   2.57820873836 -0.202666886558   8.61726084171 0.497728185287 0.806175050255  1.38572454481 1777094078.81
0.0739716908312  0.820607084402 0.0532182853921 0.825651248358    2.3683756243 -0.177199508251   8.63674057241 0.369789461067 0.642665735262 0.971128257987 1777094078.83
0.0798951034014   0.83220510196 0.0681915546795 0.838807872761   2.15648316419 -0.154558564221   8.65769840812 0.170556077261 0.494031353036 0.432387046606 1777094078.85
0.0807692445268  0.840296823422 0.0704511756752 0.847104356304   1.94463301112 -0.136751654463   8.67854755187 -0.108736349271  0.341438275404 -0.227458888766 1777094078.87
0.0757345673475  0.845269420052 0.0594883849132 0.850737906235   1.73522812712 -0.124658667953   8.69826783469 -0.396544078412  0.189523481304 -0.843277466081 1777094078.89
0.0648972858219  0.847882635524 0.0366983954748 0.851154153817   1.53082488109 -0.117938525888   8.71667591348 -0.653145645343 0.0977000742546  -1.34697917415 1777094078.91
 0.0494373164649   0.849203065453 0.00525568883844 0.850657108886   1.33395069242 -0.115176517152   8.73447814689 -0.832897660051 0.0648373575844  -1.66892588716 1777094078.93
 0.0314849021499   0.850483640151 -0.0302519571751 0.851603723654   1.14685859279 -0.114235591207   8.75308130297 -0.894768704044 0.0954758557209  -1.74775315316 1777094078.95
 0.0137754534436   0.853008347056 -0.0644026857353 0.855547023368  0.971202139559 -0.112735930116   8.77419057263 -0.844956870373  0.194618447453   -1.6046686004 1777094078.97
-0.000857638045312     0.857933079501   -0.0916740966098 0.862817503551  0.807645482605 -0.108564109412   8.79927695267 -0.620551686377  0.342376412726  -1.11566345237 1777094078.99
-0.0100533949317   0.866155415713   -0.10724355754 0.872827277044  0.655464126759 -0.100310244705   8.82903445083 -0.287578260443  0.504198064659 -0.399093679456 1777094079.01
-0.0124387833251   0.878237782046  -0.107746110798 0.884909910406   0.512227498337 -0.0875487332061    8.86296110266 0.0527068777007  0.716478496912  0.390050081855 1777094079.03
-0.00797618572518    0.894392256805  -0.0918714532458 0.899133745609  0.373670974917 -0.070911962123   8.89918093334  0.34331206434 0.866091688733  1.12339407112 1777094079.05
0.00194179008686   0.914516422982 -0.0606896493791 0.916530027874   0.233853643294 -0.0519502182303     8.9345780839 0.567882689131   1.0990623691  1.86042352041 1777094079.07
 0.0146872443579   0.938254349515 -0.0176244666997 0.938534794964  0.0856567950696 -0.0328163556371    8.96524743371 0.660392419934  1.33923580887  2.45529685202 1777094079.09
0.0268605862306  0.965050231521 0.0319568436468 0.965952731922 -0.0783875529812 -0.0158506938055    8.98719163846 0.495723751416  1.36830979535  2.42587652837 1777094079.11
0.0349439042182  0.994167317229  0.081503637528 0.998114509472   -0.265027000112 -0.00316089357726     8.99712919609 0.220655791086  1.43609646218  2.22440271983 1777094079.13
0.0360197682746   1.02466103469  0.124289382711 1.03279984042  -0.479140292149 0.00371259368591    8.99323849144 -0.157573215758   1.47449642813   1.76024277248 1777094079.15
0.028408921702  1.05531862605 0.154505611164 1.06694725886  -0.722721659482 0.00398223004583    8.97566092351 -0.621009714355   1.55541478308   1.14068993493 1777094079.17
0.0120883452875   1.08460098125   0.16824736388 1.09763955472   -0.994217902106 -0.00236969309755     8.94662607538 -1.03290323666  1.44222098148 0.252663285971 1777094079.19
-0.0112096752834    1.11063723654   0.164196901253 1.12276504684   -1.28839669575 -0.0147160322077    8.91013737836  -1.27586270441   1.18410375841 -0.618203769589 1777094079.21
-0.0382528666374    1.13132169661   0.143855141371 1.14107246252    -1.5968360343 -0.0319888690686    8.87125299084 -1.41818974815 0.895936184063 -1.39910262296 1777094079.23
-0.0648782142771    1.14454213967   0.111250676127 1.15176499561   -1.90900363779 -0.0528868445811    8.83509308498 -1.12832252471 0.400261954777 -1.66752709589 1777094079.24
-0.0867642595178    1.14853066347  0.0721610465392 1.15406149676   -2.21376590576 -0.0760244225024    8.80577884096 -0.872971151205 -0.055797021409  -1.93161690598 1777094079.27
-0.100248050241   1.14228143324 0.0329880977864 1.14714635461   -2.50105909889 -0.0999982303653    8.78553984698 -0.440034567223 -0.611707658668    -1.966992237 1777094079.29
   -0.103016451747      1.12593791463 -0.000487645929813 1.13064088673  -2.76340151286 -0.123388964088   8.77420235211 0.139486268484 -1.00608183709 -1.39512045488 1777094079.31
-0.0945290288961    1.10103146962 -0.0242126843947 1.10534713483 -2.99694574052 -0.14474896553  8.76919093105 0.657135853638 -1.35377348246 -0.88104894304 1777094079.33
-0.0760899351312    1.07046627362 -0.0365891291668 1.07379070845  -3.20186621914 -0.162632070804   8.76605679965    1.0397157208  -1.48598426185 -0.341886939121 1777094079.35
-0.0505639418338    1.03819561349 -0.0386696063621 1.04014526992   -3.3820261091 -0.175701687734   8.75941735273   1.32483963859  -1.50965003442 0.0685307400834 1777094079.37
-0.0218076652787    1.00861182108 -0.0337812390508 1.00941297396  -3.54402769624 -0.182914893993   8.74408888292  1.41368700765 -1.30932667283 0.299593960513 1777094079.39
0.00605662423117   0.985754856108 -0.0266703593279 0.986134183113  -3.69587722537 -0.183740555922   8.71614696065  1.27178441465 -0.89718306123 0.283661997016 1777094079.41
 0.0293723377322   0.972506777452 -0.0223659223555 0.973207275403 -3.84555648594 -0.17834334043  8.67366975631   1.03546998637 -0.414201465228 0.0433461856659 1777094079.43
 0.0455425975965   0.969959953079 -0.0250174226371 0.971350765794   -3.9997799963 -0.167662635836   8.61700201936  0.578082910622  0.111006285855 -0.351356237118 1777094079.45
 0.0533836431297   0.977117544838 -0.0369598876116 0.979272455998  -4.16314110735 -0.153337549912   8.54849786476  0.186628537825  0.513711062473 -0.809638547893 1777094079.47
 0.0531909653273   0.991012741463 -0.0581978430352 0.994144115039  -4.33774077561 -0.137470289474   8.47182621836 -0.186910255713  0.821618536239  -1.34860256847 1777094079.49
 0.0465315213834    1.00723804421 -0.0863995984042 1.0120071891  -4.52328141992 -0.122268329381   8.39102186621 -0.430015504368  0.737206852829  -1.46551909872 1777094079.51
0.0358260160885   1.02078273684  -0.11737865047 1.02813357442  -4.71752144734 -0.109645980462    8.3095152275 -0.562082863538  0.489243366658  -1.47336121925 1777094079.53
0.0238179973896   1.02700815582  -0.14593748432 1.03759857288  -4.91693803962 -0.100884683814   8.22936718489 -0.562711862912 0.0439103196053   -1.2223985873 1777094079.55
0.0130378374303   1.02256097589 -0.166882205015 1.03617112726   -5.11743877386 -0.0964406907521    8.15087758723 -0.465749792733 -0.529133732224 -0.758476960936 1777094079.57
0.00536036280994    1.00603861976  -0.175995877905 1.02133098797   -5.31499005431 -0.0959499091316    8.07264377154 -0.300497109593  -1.17680942251 -0.103680460657 1777094079.59
0.00172896049746    0.97827305262  -0.170784104675 0.993070171336   -5.50608062732 -0.0984236961703    7.99204053839 -0.0853493174522   -1.66278708075   0.654273408594 1777094079.61
0.00208244586565   0.942177793343  -0.150867921921 0.954182613923  -5.68799733319 -0.102574374602   7.90599837605 0.101308718014 -2.05432275075  1.42580156006 1777094079.62
0.00548090354037   0.902191723158  -0.117979900371 0.909889665031  -5.85894237604 -0.107174070149   7.81189220265 0.188093008826 -1.78278606857  1.70407382624 1777094079.64
 0.0103903164037   0.863434006175 -0.0756007717809 0.866799699117   -6.0180533291 -0.111347121757   7.70833160735 0.223765617122 -1.66918766691  2.09410489998 1777094079.67
 0.0150594477826   0.830740227966 -0.0283393349866 0.831359868671  -6.16539107191 -0.114724784922   7.59566948376 0.20839125675 -1.5425317796 2.61605564599 1777094079.69
0.0179104895314  0.807768973877 0.0188042991251 0.808186304301  -6.30193743658 -0.117439211321   7.47611309184 0.0722705237459 -0.884768795884   2.30209934266 1777094079.71
0.0178687650692  0.796347281241  0.061148427709 0.798891366405 -6.42960279572 -0.11998320784  7.35341487148 -0.084927652375 -0.295288678511   1.93701344442 1777094079.72
0.0145742531568  0.796169067336 0.0948965321113 0.801936995309  -6.55120025172 -0.122996118401   7.23221799446 -0.216564634468  0.196226092443   1.29475222084 1777094079.74
0.00844413602611   0.804886801715   0.117494466914 0.813461134144  -6.67031624171 -0.127045563712   7.11720980799 -0.327137672409  0.523627766379  0.768667989364 1777094079.77
0.000584944579373    0.818560833927    0.127766894053 0.828472425742  -6.79101221563 -0.132461221509   7.01227549002 -0.41557202294 0.719884577597 0.219328224317 1777094079.79
-0.00742056818065    0.832368815075    0.125867449721 0.841864314507  -6.91733274588 -0.139249553576   6.91983560225 -0.368782422979  0.586249941638 -0.375783116474 1777094079.81
-0.0138072542819   0.841439976794   0.113101484304 0.849119438342  -7.05266155021 -0.147089228004   6.84049973646 -0.240081922622  0.234364222402 -0.861522019253 1777094079.83
-0.0169475922593   0.841668947153  0.0916801984189 0.846817038248  -7.19903594538 -0.155385633921   6.77309060284 -0.0435702331958  -0.262476642244   -1.15450782257 1777094079.85
-0.0156434496459   0.830378333138  0.0644466629721 0.833022368265  -7.35657618596 -0.163354303946   6.71501025445  0.186481429438 -0.856846261486  -1.40016161894 1777094079.87
-0.00934397850575    0.806731806023   0.0345898587799 0.80752707392  -7.52318993029 -0.170107220395   6.66285190504 0.431372086046  -1.4525019478 -1.46651907017 1777094079.89
0.00174090186422    0.77184231459  0.0053457525587 0.77186278988  -7.69466877723 -0.174728901663   6.61311916036  0.68368194697 -2.05632404364 -1.44445512052 1777094079.91
0.0166441586281  0.728566759432 -0.020316809331 0.729040001446  -7.86521347908 -0.176344446385   6.56290383478 0.886986071669 -2.51598416138 -1.25658005763 1777094079.92
 0.0337580592402   0.681023908954 -0.0400124810659 0.683033066382  -8.02832744603 -0.174192482636   6.51039230308  0.793601585967  -2.18360334914 -0.736017539011 1777094079.94
 0.0510450696615   0.633912280568 -0.0522215765672 0.638104593033  -8.17792831512 -0.167717123682   6.45511309456  0.77415074272 -2.12314237237 -0.39162966044 1777094079.97
 0.0663150693687   0.591734880465 -0.0564825173495 0.598112139946  -8.30946576966 -0.156683175741   6.39789670561   0.701928251567   -2.01016063172 -0.0322160743626 1777094079.99
 0.0775341628323   0.558053626719 -0.0534373341514 0.565942528338  -8.42081503815 -0.141301134549   6.34058093105 0.447673519771 -1.51365746473 0.313900817581 1777094080.01
 0.0831260516098   0.534894197166 -0.0446949515526 0.543156866211  -8.51274583338 -0.122329928814   6.28554775734  0.123442498131 -0.938316620653  0.550520861724 1777094080.02
 0.0822246083436   0.522400403169 -0.0325191889111 0.529830694747  -8.58884311585 -0.101114442881   6.23520806563 -0.188435576079 -0.365929480214  0.575104104949 1777094080.04
0.0748372842615  0.518797956793 -0.019397689612 0.524526652755  -8.65486648432 -0.079518388829   6.19155023985  -0.473630123894 -0.0401483260863   0.580615062187 1777094080.07
 0.0618857354018   0.520676332714 -0.0075861126938 0.524396068636    -8.7176570405 -0.0597331670446    6.15583930635 -0.811608635388  0.129517298365  0.564079234239 1777094080.09
 0.0451046456948   0.523542720281 0.00126690569085 0.525483600194   -8.78380539833 -0.0439758127262    6.12850478673 -0.978337239492 0.0523443479939  0.388075170824 1777094080.1
 0.026802035176   0.52255342922 0.0063304719037 0.523278616373   -8.85835409767 -0.0341244744506    6.10920398384 -0.951963349614 -0.274081486108  0.169451060941 1777094080.12
0.00951096904672   0.513294880598 0.00760263938612 0.513439278889   -8.94380454678 -0.0313662682274    6.09700841004  -0.693806991635  -0.668528720797 -0.0130252790543 1777094080.14
-0.00441271572177    0.492475961366  0.00574445757125 0.492529230987    -9.0396324391 -0.0359398876354    6.09064387382 -0.516816352421  -1.25027640434 -0.132056448179 1777094080.17
-0.0131764129973   0.458409816855 0.00180557999126 0.458602701875   -9.14240326075 -0.0470400077755    6.08872000925 -0.312745499359  -2.22251204133 -0.241041550854 1777094080.19
 -0.0158490209977    0.411204364377 -0.00306981718379 0.411521134969  -9.24644926715 -0.062915892045   6.08990587977 0.0180191616014  -2.88012906049 -0.263695659848 1777094080.2
 -0.0125146713785     0.35263900969 -0.00787846617547 0.352948945861  -9.34495233648 -0.081152369141   6.09303437261 0.303788407733 -3.28597324075 -0.23105119251 1777094080.22
-0.00425237331783    0.285767471498  -0.0118898353522 0.286046322525   -9.43119949473 -0.0990794215762    6.09714037487  0.432037440428  -3.05327102674 -0.149955983728 1777094080.24
0.00705477353596   0.214338914431 -0.0146708297267 0.214956212551  -9.49975477632 -0.114227398002    6.1014515421   0.510459242795   -3.14641588068 -0.0907867266939 1777094080.27
 0.0190458342381   0.142159825481 -0.0160334923272 0.144323361445  -9.54732386778 -0.124734971618   6.10535585074   0.588398707841   -3.75356473189 -0.0338869189685 1777094080.29
 0.0292857666236  0.0725210101825 -0.0159511518133 0.0798210015522  -9.57316527642 -0.129628515507   6.10836965826  0.461634762273  -3.72968908635 0.0430212784689 1777094080.31
 0.0356773490083 0.00778870745136 -0.0144835461646 0.0392849882974 -9.57900324451 -0.12892175909  6.11012613848 0.204843128293 -3.35564076842 0.114800862292 1777094080.32
 0.0368129861929 -0.0507862497189  -0.011732649077 0.0638129623769  -9.56849965016 -0.123525817173   6.11039748422 -0.0810810318429   -2.59136558667   0.155592914038 1777094080.34
  0.0322096366498   -0.103040055652 -0.00782907398237 0.108240510722  -9.54642340059 -0.115000960438   6.10915459219 -0.318899074556  -2.18685615314  0.194534746535 1777094080.37
  0.0223896653651   -0.149694432331 -0.00293413793259 0.151388009273  -9.51770171783 -0.105211751823   6.10665486224 -0.597826134017  -2.27284734855  0.270362180066 1777094080.39
0.00879505149683  -0.192058876935 0.00275998850101 0.192279959114   -9.48654248539 -0.0959592994031    6.10353420664 -0.793489956772  -2.25679881821  0.329487541678 1777094080.41
-0.00645105538858   -0.231721563182  0.00904163832046 0.231987607822   -9.45578345324 -0.0886578920535    6.10086792757 -0.815820204686  -2.14977343532  0.355545521331 1777094080.42
-0.0208963953428  -0.270299012819  0.0156999241449 0.271559760067   -9.42656250777 -0.0841039082873    6.10016246529 -0.548145639716  -1.65328012291  0.287782568811 1777094080.44
-0.0321665537232  -0.309282924921  0.0225425614927 0.311767191835   -9.39832780874 -0.0823611699695    6.10325020451 -0.391673327688  -1.78742557271  0.307291923502 1777094080.47
-0.0383575590665  -0.349984118653  0.0293992858526 0.353305114109   -9.36913386838 -0.0827660198574    6.11208242285 -0.17615588349 -2.40176530279  0.38663728818 1777094080.49
-0.0383463463678  -0.393540181949  0.0361063336602 0.397049095728   -9.33611564649 -0.0840406305661    6.12844572167 0.168793647059 -2.40175786302 0.345377505278 1777094080.51
-0.0319655968841  -0.440935085703  0.0424782138269 0.4441283011   -9.29600979959 -0.0844940314316    6.15365546556 0.484051902764 -2.62573281283 0.321466468227 1777094080.52
-0.0200145267156  -0.492980882636  0.0482807829003 0.495743649401   -9.24560514989 -0.0822848410821    6.18829552808 0.642287770442 -2.51998761296   0.2476676088 1777094080.54
-0.00410819264071   -0.550232377124    0.053220091555 0.552815452233   -9.18204767422 -0.0757154305134    6.23206994143 0.762769697497 -2.71960915735 0.196811343331 1777094080.57
0.0136018291357 -0.612837963364 0.0569545414079 0.615629108216   -9.10298352334 -0.0635230822761    6.28380853039 0.918492568596 -3.42593207303 0.155530418297 1777094080.59
0.0307797320444  -0.68036261903 0.0591277425315 0.683620344354   -9.00657671198 -0.0451304237667    6.34163228365  0.862543696069  -3.78119388532 0.0669437989379 1777094080.61
0.0452648005838 -0.751641173655 0.0594119700623 0.755343060001   -8.89146912098 -0.0208175524062    6.40324661664   0.651443047396   -3.82348643237 -0.0417517803366 1777094080.62
0.0553759043466 -0.824723866666 0.0575513438161 0.828581983998   -8.75675181735 0.00821536611507    6.46630301442  0.371644006135  -3.63659871052 -0.150461120082 1777094080.64
0.0601157493105  -0.89696018889  0.053399521744 0.900557045773 -8.60199252377 0.039912954279  6.52875848847 0.0844377946245  -3.06004158344 -0.230781868741 1777094080.66
0.0592531381036 -0.965235548404 0.0469542497547 0.968191768116  -8.42732700673 0.0715571965818   6.58916847451 -0.166092099825  -3.14623602042 -0.364898380084 1777094080.69
0.0532858354756  -1.02633732932 0.0383944462642 1.02843659373 -8.23358721979 0.100070423971  6.64686798175 -0.441439651385  -3.10466386225 -0.521333663426 1777094080.71
0.0433059446199  -1.07739283912 0.0281208514088 1.07862946228 -8.02241757872  0.12239738328   6.7020212408 -0.566767210045  -2.26764984746 -0.544573623761 1777094080.73
0.0308008343367  -1.11630038382 0.0167899173968 1.11685144027 -7.79632725425 0.135925026095   6.7555449296 -0.612181977517  -1.52992592182  -0.53936684155 1777094080.75
 0.0174255430783   -1.14207147822 0.00531875832179 1.14221679207 -7.55863883858 0.138890657223  6.80892909899 -0.607389757478 -0.903731358608 -0.512476456993 1777094080.77
 0.00477938583861     -1.1550175316 -0.00516530915735 1.15503896958 -7.31331614662 0.130721660775  6.86399073127 -0.582740021113 -0.368358345446 -0.471139014132 1777094080.79
-0.00578691923902    -1.15674440937  -0.0134482667933 1.15683705548 -7.06467896346 0.112244921781  6.92259789106 -0.473548762074  0.132467673449 -0.346948017597 1777094080.81
-0.0133146463792    -1.1499560162 -0.0184219980374 1.15018063321  -6.81703388966 0.0857068363384   6.98640012676 -0.302255383664  0.488529879206  -0.15375397622 1777094080.83
-0.0173192810571   -1.13810486272 -0.0193146519118 1.13840049711  -6.57426413648 0.0545624239728   7.05659606724 -0.107923044541  0.600615602798 0.0604684410914 1777094080.85
-0.0178069970401   -1.12495509159 -0.0159049689593 1.12520843193  -6.33942633358 0.0230284166599   7.13376385014 0.0498594024277  0.571512730275  0.254059763076 1777094080.87
 -0.0152281552492    -1.11413536125 -0.00865927095175 1.11427307374    -6.11440090792 -0.00455321386762     7.21777404754 0.182806205522 0.398695157936   0.4223311316 1777094080.89
-0.0103780367809   -1.10875273963 0.00125791226753 1.10880202183   -5.89963725719 -0.0244403062125    7.30779662015  0.276679782888 0.0761658775893  0.524232478393 1777094080.91
-0.00426170396049    -1.11111645839   0.0121191533996 1.11119072175   -5.69402780827 -0.0341635470966    7.40240171339  0.330024367843 -0.367240501534  0.547824958905 1777094080.93
0.00205575692013   -1.12258866533   0.021897426155 1.12280409464   -5.49493600091 -0.0329987658682    7.49973921539  0.294096507734 -0.804645758302  0.409051747046 1777094080.95
0.00759189626149   -1.14354781643  0.0286060403638 1.14393074567   -5.29839032828 -0.0221209827093    7.59776699672 0.228529752199 -1.22181860282 0.210235405423 1777094080.97
0.0115649349703  -1.17342883178  0.030645372028 1.17388590152    -5.09943810556 -0.00438839006535     7.69448747099   0.147494469071   -1.68527118361 -0.0380303349906 1777094080.99
0.0134777087254   -1.2107990849 0.0270884280689 1.21117705376 -4.89262978849 0.016212121626  7.78815077373 0.0401016951422  -2.00210203472  -0.31997897666 1777094081.01
0.0131675670978  -1.25344123604 0.0178576685077 1.25363759251  -4.6725825729 0.035347911251  7.87739179309 -0.0666087128757   -2.20444303877  -0.586402499169 1777094081.03
0.0108296722864  -1.29843695152  0.003775934572 1.29848760354  -4.43455804161 0.0491899022437   7.96128534164 -0.153729195898  -2.22240663603 -0.784462263628 1777094081.05
0.00702309656894   -1.34226959424 -0.0134968522241 1.34235582187  -4.17498834407 0.0551532376476    8.0393244096 -0.202189237945  -2.04383872531 -0.876259619991 1777094081.07
0.00266411370611   -1.38097885637 -0.0316124438169 1.38134320349  -3.89189884409 0.0523819401603   8.11134537809 -0.200985187151  -1.70684528501 -0.857853177169 1777094081.09
-0.000999387983338     -1.41039968943   -0.0477387481545 1.41120773481  -3.58519615774 0.0418891715522   8.17743615711 -0.126322349586  -1.12447505298 -0.671640606645 1777094081.11
-0.00244982382376    -1.42650124566  -0.0588026292131 1.4277148016  -3.25680957944 0.0263387066816   8.23786418504 0.0246648258114 -0.388831554054 -0.353955198072 1777094081.13
-2.1628481963e-05    -1.42581369435  -0.0617701895529 1.42715109493   -2.91068350679 0.00952488528178    8.29304916506 0.263704908288 0.524976058994 0.123064271605 1777094081.15
0.00789874337342   -1.40589961918 -0.0539732201112 1.40695743995    -2.55261738473 -0.00433664887578     8.34358280192 0.561085134793  1.48888299317 0.701753155944 1777094081.17
 0.0225943228316   -1.36580051061 -0.0334842589074 1.36639772168  -2.18994399133 -0.011365470871   8.39027240601 0.945151056599  2.55682035049  1.39894097204 1777094081.19
  0.0446891351179    -1.30637434048 0.000481129835652 1.30713858016     -1.8310367719 -0.00867730245286     8.43416798267 1.28140787198 3.38538515691 2.01772072584 1777094081.21
0.0738292030279  -1.23044173319 0.0471908188085 1.23355769357  -1.48465094881 0.0051671397141   8.47653241633 1.59270316289 4.08873775462 2.58911372166 1777094081.23
 0.10845454011 -1.14267778678  0.10413879115 1.15252756995  -1.15913324757 0.0299940521534   8.51873350412 1.78864601041 4.50709474597 2.97987919278 1777094081.25
0.145745983616 -1.04922323492 0.167003971796 1.07238128249 -0.861574908298 0.0641385284509     8.562067481 1.78122093558 4.50787276941 3.05400617753 1777094081.27
 0.181807579981 -0.957037609094  0.229906814886 1.00091564324 -0.597019281884  0.104807669019   8.60755260802 1.71048627258  4.5410278468 3.06740940642 1777094081.29
  0.21209857954 -0.873069242558  0.285993863817 0.9428829195 -0.367853630397  0.148591419239   8.65574524671 1.25512941745 3.83761465691 2.45720982149 1777094081.31
 0.232069266326 -0.803360242029  0.328305838616 0.898347675745 -0.17350318838 0.192006709345  8.70662387881 0.629418384262  2.94812709255  1.58120626003 1777094081.33
 0.237898060803 -0.752227284987  0.350806558041 0.863427250426 -0.0105016176961   0.231966838145    8.75956320208 -0.121924292194   2.04195985112  0.526969494429 1777094081.35
 0.227190642355 -0.721654175933  0.349391759732 0.833351630096 0.127054945087 0.266099159657  8.81339274027 -0.96070766282  1.03143042082 -0.70371501442 1777094081.37
 0.199497277005 -0.710999616962  0.322678117757 0.805878890734  0.24673441951 0.292881111774    8.866515433 -1.83028224548 0.118725736409 -1.99435909117 1777094081.39
 0.156534824356 -0.717070913409  0.272401954842 0.782877174974 0.356795714751 0.311614086544  8.91705885756  -2.42929047158 -0.587224961029  -2.97552559799 1777094081.41
 0.102057586776 -0.734553415475  0.203328745614 0.768977925559 0.465162712166 0.322292057666  8.96304328652  -2.78806804893 -0.960289372726  -3.62557233394 1777094081.43
0.0413914395732 -0.756729546845  0.122670792267 0.767724548007 0.578488197144 0.325436297581  9.00256690042 -3.02633505739 -1.04316131448 -4.09562608616 1777094081.45
-0.0192886430833   -0.77638080413  0.0391074102225 0.777604394476 0.701423831943 0.321955962525  9.03401678165  -2.98636722794 -0.778118861095  -4.17600583353 1777094081.47
-0.0738110391886   -0.78674635815 -0.0384233353554 0.791134788938 0.836173115249 0.313063434186  9.05630696661   -2.5390087185 -0.156974637561  -3.67132964432 1777094081.49
-0.116844525549 -0.782412212837 -0.101955438701 0.797631760544 0.982361719764 0.300236709498  9.06912347401 -1.67576110379 0.632804221826  -2.5364674042 1777094081.51
-0.144585039701 -0.760020540121 -0.145548357508 0.787223208172  1.13721950716 0.285193625434  9.07313160716 -0.915652357895   1.52096180053  -1.52938674313 1777094081.53
-0.155192166035 -0.718714133738 -0.166006355498 0.753785595842  1.29603497171 0.269834246815   9.0700868489 -0.110110404287   2.53083378812 -0.447174207578 1777094081.55
 -0.14892529089 -0.660261989352 -0.163174742575 0.696240356102  1.45281894676 0.256120074682  9.06279650153  0.68986050386  3.29263671997 0.664443378757 1777094081.57
-0.127982973961 -0.588847320893 -0.139799655137 0.618599024023  1.60110121471 0.245885652865  9.05490459903 1.32608027562 3.75821578263 1.56048351541 1777094081.59
-0.096095539919 -0.510538320627 -0.101006594063 0.529231576595  1.73477900546 0.240608598927  9.05050892731 1.81860247182 4.06005955978 2.24099814583 1777094081.61
 -0.057952342029  -0.432502797525 -0.0535034366167 0.439635942052  1.8489356391 0.24118652009 9.05365465403 2.04128194241 3.90875216103 2.53697408581 1777094081.63
 -0.0185582422451   -0.362065895752 -0.00464062383857 0.362570898738  1.94054715084 0.247775883513  9.06777517264 1.90174364174 3.19970127963  2.3231877819 1777094081.65
0.0173900598236 -0.305738509044 0.0385355446641 0.308647757639  2.00899541953 0.259737205996  9.09516353434 1.62948699065 2.36408115772 1.88595988816 1777094081.67
0.0460333747616 -0.268355528263 0.0701173825068 0.281158689125  2.05631342317 0.275707622461  9.13655745182 1.22913545805 1.38343143735 1.23149930692 1777094081.69
0.0647329612093   -0.2524525529 0.0859694949764 0.274432873029  2.08710792601 0.293794147128  9.19090860381 0.684582143075 0.270740743669 0.364986318339 1777094081.7
0.0722783583017 -0.257976077918 0.0841099471889 0.280802957735 2.10813964859 0.31185660027 9.25538359313  0.105107888412 -0.752338687964 -0.531783126257 1777094081.72
 0.068912588958 -0.282369390771 0.0648230753848 0.297797664302  2.12758769347 0.327833124827  9.32561047804 -0.34525410769 -1.35236228422 -1.14973779613 1777094081.74
0.0561851184969 -0.321013388867 0.0305175187321 0.327318930589  2.15407628808 0.340055007853  9.39614506772 -0.75631127672 -2.00649806028 -1.86318521051 1777094081.77
 0.0366580886587  -0.367940761023 -0.0146364140872 0.370051947304  2.19558832305 0.347500589247  9.46109286847 -1.18680288341 -2.66063701828 -2.66279091484 1777094081.79
 0.0135046229181  -0.416696764837 -0.0652433169185 0.421989643318  2.25842176383 0.349948940558  9.51479552351 -1.13579863027 -2.27263734754 -2.45399665331 1777094081.81
-0.00995041965326   -0.461200458543   -0.115338352234 0.475507948732  2.34635257421 0.348010613256  9.55248232111 -1.06348208252 -1.91971939532 -2.25861106696 1777094081.83
-0.0306882982654  -0.496470565755  -0.159099736793 0.522242779327  2.46014507094 0.343031970258  9.57079900107 -0.907613424631  -1.44248727663  -1.89810860484 1777094081.85
-0.0463910325228  -0.519116217599  -0.191547274421 0.555269424344   2.5974974474 0.336887680939  9.56815194315 -0.620222546901 -0.770028684259  -1.24024158455 1777094081.87
-0.0557167672607  -0.527544313631  -0.209148462368 0.570219642164  2.75343451536 0.331689951879  9.54483687532  -0.299567085566 -0.0690790720146  -0.465983420726 1777094081.89
-0.0584157722873  -0.521889078518  -0.210252030847 0.56567351821  2.92107697547 0.329452248448  9.50295029657 0.0117460661432   0.62949696519  0.366357821918 1777094081.91
-0.0552721041823  -0.503713862231  -0.195279495951 0.543062373989    3.092646091 0.331750883964   9.4461061727 0.264881893387  1.16535985853  1.09727970854 1777094081.93
-0.0478860592259  -0.475563130124  -0.166632437484 0.506181523392 3.26052221133 0.33943122633 9.37900061619 0.403603765252  1.50804985204  1.59631056485 1777094081.95
-0.0383412199907  -0.440452268563   -0.12831542962 0.460361922308  3.41817551281 0.352405735922  9.30688342422 0.435131035992  1.69311239789   1.8556592037 1777094081.97
-0.0288202150088  -0.401377161875 -0.0853242650677 0.411356853689  3.56082673953 0.369585692012  9.23500543096 0.425156482949  1.97752628902  2.12366635431 1777094081.99
-0.0212399976945  -0.360909516609 -0.0428944332001 0.364069703601  3.68576251059 0.388974058333  9.16811116588 0.324297670741  2.20152191658  2.17787758356 1777094082.01
-0.0169687442358  -0.320922459284  -0.005733645531 0.32142190007  3.79230469557 0.407922671769  9.11003518767 0.119654041978  2.05153076849  1.71377850672 1777094082.03
-0.0166649173774  -0.282467385582  0.0226334351799 0.283862318346  3.88149686674 0.423525956541  9.06343917334 -0.0823499345116    1.88490729952    1.15506621458 1777094082.05
-0.0202508011522  -0.245799472534  0.0403015223287 0.249903358015  3.95560930457 0.433092180492  9.02970078017 -0.227539557934   1.58298581836   0.53918946651 1777094082.07
-0.0270056074553  -0.210527517657  0.0471372674677 0.217423688933  4.01757319089 0.434609748168  9.00894181104 -0.366508047309   1.65484032788  0.102538288365 1777094082.09
-0.0357437752656  -0.175846306294  0.0446360057294 0.184910556527  4.07043911047 0.427117239516   9.0001682365 -0.480423020076   1.85792943099 -0.309460500567 1777094082.11
-0.045035857155 -0.140799527604 0.0355232317861 0.152034980843  4.11692493273 0.410896414498  9.00148989868 -0.465452483076   1.87687572235 -0.564494910259 1777094082.13
-0.0534320180909  -0.104520801034  0.0231839275703 0.119653971533   4.1590848119 0.387437815436  9.01039046041 -0.381105797591   1.93883913675 -0.638420068573 1777094082.15
-0.0596581193203 -0.0664101734326  0.0110283390994 0.0899501339603  4.19810343924 0.359174427732  9.02402326892 -0.224439447484   1.88258524159 -0.511554360624 1777094082.17
-0.0627667702441 -0.0262214341692 0.00190766253378 0.0680504976698  4.23420299765 0.329030513959   9.0395119016 -0.063602020344   2.03151363161 -0.329341826364 1777094082.19
 -0.0622363923098   0.0159425049242 -0.00232238672092 0.0642878329941  4.26664552487 0.299877400081   9.0542336221   0.123383526089    2.23264370803 -0.0761763206595 1777094082.21
 -0.0580179960454    0.059708358661 -0.00102420493316 0.0832599841152   4.2938175529 0.274013199202  9.06606121845 0.297629286999  2.25327516289 0.192218151769 1777094082.23
-0.0505320499788   0.104553085349  0.0052366377058 0.116242238904  4.31339076897 0.252781060908  9.07353709493 0.440205027576  2.28253335355 0.403464519322 1777094082.25
-0.0406182485065    0.14992882779   0.014923320282 0.156048713556  4.32255498486 0.236409557764  9.07595660284 0.481117545533  2.07146787468   0.4717693296 1777094082.27
-0.029441495648  0.195359180785 0.0259173980936 0.199257930098  4.31831334969 0.224106235019  9.07334747948 0.531332059133  2.16169823527 0.502654951235 1777094082.29
-0.0183597850966   0.240486286626  0.0359804476425 0.243855138098 4.29781515244 0.21437450465 9.06634843534 0.564577401421  2.44935545799 0.471687313856 1777094082.31
-0.00876430382683    0.285064848273   0.0431925654023 0.288451691706  4.25868489011 0.205471061456  9.05600919682 0.42853510829 2.30338032842 0.26833354324 1777094082.33
-0.00190794737992    0.328915072576   0.0462820071225 0.332160788495  4.19929647253 0.195889878112  9.04355142854   0.25170159573   2.18003214526 0.0400571178248 1777094082.35
 0.001256582276  0.371857519431 0.0447873420034 0.374547059473  4.11894566913 0.184757195165   9.0301391365 0.0509121582641    2.0408483432 -0.174577805764 1777094082.37
0.0002060528592  0.413656203823 0.0390330996765 0.415493778882  4.01789343687 0.172048746473  9.01670424683 -0.157677041569    2.0447662001  -0.36954770718 1777094082.39
-0.00507699653289    0.453991784161   0.0299433323506 0.455006504493  3.89728166445 0.158587015673  9.00385758681 -0.354245808612   1.95256835772 -0.502357959611 1777094082.41
-0.0140939169555   0.492476243179  0.0187542326188 0.493034694349 3.75895051813 0.14582946245 8.99189133965 -0.514222055255   1.84617369008 -0.574143992893 1777094082.43
-0.0258878717082   0.528707541339 0.00670738039821 0.5293834481  3.60520273799 0.135505049539  8.98085341932 -0.628858102456   1.75297049285 -0.600850632204 1777094082.45
 -0.0391606570948    0.562350918633 -0.00519610943956 0.563736740248  3.43855979779 0.129186108429  8.97065546147 -0.644345318412   1.56630918599 -0.559103223765 1777094082.47
-0.0524291648456   0.593225541333 -0.0163226970028 0.595761521629  3.26153993016 0.127891061391  8.96117093691 -0.648440440279   1.52868343783 -0.549033915909 1777094082.49
 -0.064196466721   0.621372264544 -0.0263939060963 0.625237007673  3.07646677622 0.131801686181  8.95229055969 -0.539583363057   1.40497496403 -0.496499030965 1777094082.51
-0.0731122091867     0.6470803513 -0.0353542538962 0.65215665253  2.88530031015 0.140151442688  8.94392500426 -0.347479959051   1.23656156572 -0.419291914719 1777094082.53
-0.078102030945  0.670857381084 -0.043173264148 0.676766934572  2.68947699868 0.151305910544  8.93597111398 -0.134037049878   1.16058516538 -0.358749084183 1777094082.55
-0.0784543840873   0.693336583783 -0.0496525419804 0.69952561334  2.48975646057 0.163019827098  8.92827659097  0.107067526854    1.1181262747 -0.281168226884 1777094082.57
-0.0738627807178   0.715128666723 -0.0543058876866 0.720981171586  2.28609288989 0.172823611423  8.92064157875  0.345747893387   1.06751039368 -0.165320107493 1777094082.59
-0.0644293632893   0.736639394182 -0.0563586361903 0.741596275468  2.07757156014 0.178469857276  8.91288178694   0.586610468647    1.08007752941 -0.0144579664823 1777094082.61
-0.0506399205564   0.757887005978 -0.0548782527428 0.761556785807  1.86246255284 0.178359564449  8.90495218319 0.792603193007  1.06300572416 0.187206170672 1777094082.63
-0.0333205254847   0.778361245608 -0.0490109918068 0.78061422188  1.63843706622 0.171869919813  8.89710289228 0.920783993797 0.970986844283 0.412707594377 1777094082.65
-0.0135826974898   0.796964657551 -0.0382687140354 0.797998527273  1.40296434579 0.159520014315  8.89002018538  1.00367408292  0.83398637781 0.648749119653 1777094082.67
0.00724085770324   0.812065056058 -0.0227931566718 0.81241714241  1.15386491597 0.142936299834  8.88490174775  1.03523796158 0.619870009724  0.87183128467 1777094082.69
  0.0276722721848    0.821666918676 -0.00352561675216 0.822140322492 0.889949104725 0.124612569262  8.88342741556 0.972608274267 0.290194346362  1.01321496813 1777094082.71
0.0461808623058  0.823683473752 0.0177726050701 0.825168469142 0.611631138638 0.107495184418  8.88761004965 0.832952282918 -0.13377075081  1.04541491896 1777094082.73
0.0612953679633  0.816267105434 0.0386737825044 0.819478352979   0.32138914042 0.0944578037792   8.89953947355  0.644099214245 -0.643822228354  0.973603012231 1777094082.75
0.0717353433459   0.79813998206 0.0564000698556 0.803339503776 0.0239477430629 0.0877553297195     8.921058596  0.38430834699 -1.19390226554 0.745054370121 1777094082.77
 0.076554162259  0.768863739825 0.0682558393652 0.775674448325 -0.273904178728 0.0885587738939   8.95342957042 0.0920067297833  -1.79548168055  0.407719710732 1777094082.79
 0.075278464444  0.728997115677 0.0721010986025 0.736411712491 -0.563885869066 0.0966668394332   8.99705593982  -0.223067571233   -2.32050615032 -0.0387088147474 1777094082.81
0.0680224194848  0.680110536161 0.0667753299003 0.686757843518 -0.837133503335  0.110464286135   9.05132298939 -0.474983015291  -2.51245347377  -0.47480852821 1777094082.83
0.0555517907579  0.624651595451 0.0523816715959 0.629300768056 -1.08531269283 0.127153757365   9.1146029018 -0.688088066842  -2.73886031462 -0.871592989314 1777094082.85
 0.039273775411  0.565679660017 0.0303597635877 0.567853521991 -1.30174212859  0.14323403641  9.18444442351 -0.855749431305   -2.9375491669  -1.22010740478 1777094082.87
 0.0211347537912   0.506507504938 0.00331067006493 0.506959062364 -1.48231336738 0.155145253031  9.25793090725 -0.91994028274  -2.9603797331 -1.43107123466 1777094082.89
0.00341976053282   0.450300976219 -0.0254152147472 0.451030594402 -1.62601744936 0.159962993245  9.33215133109  -0.8491723213 -2.77631895852 -1.44555243038 1777094082.91
-0.0115355627008   0.399693826746 -0.0523042554592 0.403266610922 -1.73496159737  0.15600796161  9.40469531569 -0.629009345446  -2.35047806133  -1.22539703737 1777094082.93
-0.0216891504328    0.35647415982 -0.0743308395016 0.364786676795 -1.81386378744 0.143249038431  9.47406592157 -0.341665085706  -1.89668385767 -0.901888377554 1777094082.95
-0.0256408929083   0.321390970437 -0.0895378912854 0.334614173704 -1.86912437334 0.123412299011  9.53991144685 -0.0296130041228   -1.50198016221  -0.555938133206 1777094082.97
 -0.022918650578    0.29411355568 -0.0974127940597 0.310672336434  -1.90766447815 0.0997598914549   9.60301163244  0.287121751978   -1.1985560191 -0.235104927983 1777094082.99
-0.0141332382137   0.273353617973 -0.0989607452127 0.291058719117  -1.93576863893 0.0765621738185   9.66500828451  0.558466170835 -0.940045731597 0.0246573632905 1777094083.01
-0.000948846977631     0.257132586774   -0.0964427846714 0.274625705656  -1.95816357499 0.0583453295596   9.72793158884  0.712680923416 -0.761008611593  0.154567769073 1777094083.03
 0.0141520607531    0.24315026134 -0.0928261688333 0.260651161581  -1.97750789756 0.0490454019465   9.79362430667  0.724015864571 -0.691976322713  0.133075367372 1777094083.05
0.0282860513129  0.229191407024 -0.091069359833 0.248238655436  -1.99437213979 0.0512285395753   9.86319212608   0.587619458426  -0.709788352752 -0.0139900432381 1777094083.07
 0.0386995764811   0.213499199751 -0.0934105960531 0.236231041502  -2.00767609053 0.0655376998255   9.93660266274  0.372947864438 -0.847441260173 -0.242329547143 1777094083.09
 0.043311097492  0.195050323826 -0.100832152393 0.223802598169  -2.01544702453 0.0904935945515   10.0125203264 0.0620857221933  -1.00851303725 -0.491873364007 1777094083.11
0.0411506153719  0.173684817494 -0.112828921264 0.21116380951 -2.01569314948 0.122714448219  10.0884097508 -0.267593255156  -1.12349385074 -0.666890949383 1777094083.13
0.0325978714123  0.150070701245 -0.127531455809 0.199619910865  -2.0071692233 0.157535377946  10.1608810206 -0.558352196651  -1.23428100325 -0.751114520211 1777094083.15
0.0193595515562  0.125513974306   -0.1421430075 0.190612655833 -1.98985058633 0.189921241914  10.2261995283 -0.746388692079  -1.27165529387 -0.683985852237 1777094083.17
0.00417967802867   0.101653373328  -0.153573707556 0.184216616161 -1.96501705081 0.215497474874   10.280852431 -0.721613562377  -1.12899168884 -0.421901852194 1777094083.19
-0.00966668672691   0.0801013275814    -0.15911361938 0.178400704552 -1.93495538942 0.231490183244  10.3220576533   -0.55254764639  -0.942737835721 -0.0813984064773 1777094083.21
-0.0190008744203  0.0621035100909  -0.156988544345 0.169891972294 -1.90238869753 0.237379559789  10.3481200241 -0.290559038121  -0.78999668833    0.3086578306 1777094083.23
-0.0213682181191  0.0482862062622  -0.146683204833 0.155897790365 -1.86980578119 0.235127377776  10.3585772278 0.0872241041305 -0.594510793025  0.706719409295 1777094083.25
-0.0155441055535  0.0385425183126   -0.12898062525 0.135510688233 -1.83887786396 0.228926346844  10.3541265634   0.50727140644 -0.420608544905   1.06259782679 1777094083.27
-0.00182009173284   0.0320777054665   -0.105735112052 0.110508849612 -1.81011232174  0.22451569551  10.3363704433  0.838828944481 -0.273819005694   1.23906040717 1777094083.29
 0.0179860211004  0.0275972761371 -0.0794522289573 0.0860102510837 -1.78281771061  0.22819157935  10.3074528396   1.05088488538 -0.209322653428   1.30569009578 1777094083.31
 0.0407995473164  0.0235884255672 -0.0527816046163 0.0707595553112  -1.7553651606 0.245695435251  10.2696727839   1.11904843561 -0.224083795848   1.28430325687 1777094083.33
 0.0627884697312  0.0186258121388 -0.0280336050078 0.0712404086088 -1.72565478497 0.281179275223  10.2251530595  0.973603414497 -0.296933411789   1.14168818804 1777094083.35
  0.0800015377897   0.0116324477976 -0.00681170680715 0.0811292748649 -1.69165248057 0.336424814599  10.1756176608   0.68634997642 -0.433687585597  0.999604978652 1777094083.37
 0.0890292261282 0.00204492676393  0.0101836189146 0.0896330905673 -1.65186063038  0.41044189121  10.1223001793  0.188482119917 -0.542138688193  0.746533691238 1777094083.39
0.0875703394254 -0.010138000199 0.0231665501531 0.0911484088786 -1.60562083696 0.499503845687  10.0659768991 -0.342391780816 -0.637008179122  0.552190339502 1777094083.41
  0.074807527728 -0.0244140559264  0.0331195797288 0.0853763368443 -1.55320348341  0.59760678997   10.007099084 -0.902580882646 -0.745701805473   0.46025543318 1777094083.43
 0.0515325569339 -0.0399119960655  0.0415433909553 0.0772944059175 -1.49569964164 0.697276842351  9.94598928751  -1.36294186545 -0.774704453529  0.424028705243 1777094083.45
 0.0200088227785 -0.0555619734187  0.0501681600811 0.0774876129784 -1.43477930186 0.790601486842  9.88306321057  -1.69997408882 -0.759612787091  0.479054571492 1777094083.47
-0.0163950080185 -0.0702646039512  0.0606854536107 0.0942795584221 -1.37240470339 0.870331776756  9.81903797033  -1.83688418213 -0.684309383888  0.607150094707 1777094083.49
-0.0537288048779 -0.0830320507604  0.0745408494703 0.123844435349 -1.31058404688  0.93089259184  9.75508845411  -1.78150327102 -0.567436664037  0.798525971863 1777094083.51
-0.0880483833616  -0.093087325039  0.0928027570778 0.158209100929 -1.25122194175 0.969149316307  9.69291757318   -1.5521218531 -0.421144873309    1.0364221738 1777094083.53
-0.115968302652  -0.09991980049  0.116100985648 0.192125096274 -1.19607848363 0.984811552621   9.6347165178  -1.18286078147 -0.256864615303   1.30270725261 1777094083.55
 -0.13509485431 -0.103303720621  0.144615937356 0.223239888221 -1.14680339279 0.980406749297   9.5830083908  -0.717933536092 -0.0854919030487    1.57210611134 1777094083.57
 -0.14428063158 -0.103291247509  0.178098347654 0.251406053822 -1.10498037291 0.960824163958  9.54039012857 -0.214834046491 0.0779069425526   1.78479078272 1777094083.59
-0.143676222395 -0.100191792315  0.215907927197 0.278024252818 -1.07211102262  0.93250247271  9.50920798825 0.249670998729 0.225324141241  2.03455558952 1777094083.61
-0.134589467814 -0.094545124954  0.257071121862 0.305186282776 -1.04949054275 0.902398290253  9.49121562637 0.612225715789 0.327646173291  2.11189603995 1777094083.63
 -0.119192179961 -0.0870886138576   0.300366568714 0.334680859967 -1.03797257518 0.876912910375  9.48726791587 0.831079029548  0.38189960207  2.10752759182 1777094083.65
  -0.10013389103 -0.0787120084933   0.344446781917 0.367241013487 -1.03767283723 0.860960104478  9.49709850458 0.981486184387 0.419571092859  2.20179738628 1777094083.67
-0.0801302698593 -0.0703902144596   0.387995322876 0.402387888751 -1.04770221907 0.857326628266  9.51921752894 0.959432466429 0.388916317913  2.12723203331 1777094083.69
-0.0615907877414 -0.0630881450778    0.42990368154 0.438851586058  -1.0660339003 0.866416566685  9.55095127864 0.830912699718  0.31347023473  2.00257669461 1777094083.71
-0.0463381089717 -0.0576417793844   0.469437565698 0.475227759251 -1.08958838075   0.8863955436  9.58863027839 0.656226891995 0.212291516978  1.91943401064 1777094083.73
-0.0354532907097 -0.0546325804513   0.506354679461 0.510525921067 -1.11456879912 0.913678570562  9.62791673519  0.431523870888 0.0848657207936   1.80658782777 1777094083.75
-0.0292590682863 -0.0542829267322   0.540939489679 0.544443073889  -1.1370104401 0.943650776337   9.6642458941   0.209485537071 -0.0462286421972     1.7647364035 1777094083.77
-0.0274310356586 -0.0564029077186   0.573935314023 0.577352140724 -1.15344283709 0.971481928658  9.69333804311 0.00132452453013  -0.153251237048    1.63645453837 1777094083.79
-0.0292061040926 -0.0604110338571   0.606376930246 0.610078249951 -1.16152020939  0.99289450621  9.71171991825 -0.150138066958 -0.218319001957   1.58133045363 1777094083.81
-0.0336419483626 -0.0654343298639   0.639351804342 0.643571411678 -1.16046977712  1.00476617428  9.71717995612 -0.265400291443  -0.25032389702   1.67602085293 1777094083.83
-0.0398728532671 -0.0704718450469   0.673738175226 0.678586217167  -1.151241039 1.00548325893 9.70907740351 -0.337814081621 -0.226231797456   1.74574877514 1777094083.85
-0.0473085739672 -0.0745867762653   0.709977915589 0.715450857145 -1.13630440369 0.995005067263  9.68843708011 -0.396918423823 -0.165427755328    1.8567723355 1777094083.87
-0.0557344338425 -0.0770826383813   0.747938167572 0.75396257385 -1.11912810671 0.974644594034  9.65779269601  -0.448374346094 -0.0756727682936     1.9178470291 1777094083.89
-0.0652918498569 -0.0776218390012   0.786898400758 0.793408639141 -1.10343804345 0.946615777746  9.62078880761 -0.517132151316 0.0206411129368   1.95036359028 1777094083.91
-0.0763453539388 -0.0762599621498   0.825672240024 0.832693726914 -1.09241771465 0.913437130633  9.58160436257 -0.604891178862  0.106724834229   1.91586357619 1777094083.93
 -0.089269417386 -0.0733913228205   0.862842223184 0.870546964416 -1.08802257486 0.877310280314  9.54430426559 -0.696171531173  0.165799066896   1.78353702633 1777094083.95
 -0.104209450572 -0.0696238947226   0.897057876791 0.905770352031 -1.09056073855 0.839601952916  9.51224502151 -0.81698177514 0.200905220947  1.66667439775 1777094083.97
 -0.120880463777 -0.0656178027091   0.927329979594 0.937474625582 -1.09863521799 0.800542492295  9.48764843119 -0.887440217312  0.199419693853   1.45595177401 1777094083.99
 -0.138460806044 -0.0619271567465   0.953251320347 0.965243206293 -1.10946421377 0.759211537874    9.471416051 -0.870818932322   0.16891087869   1.19723553978 1777094084.01
 -0.155617682922 -0.0588798988911   0.975088051644 0.989181689171 -1.11951270631 0.713818255454  9.46319893479 -0.814122456068  0.136728210513   1.02271896951 1777094084.03
 -0.170670272616 -0.0565177214788   0.993713577856 1.00984616136 -1.12529899503 0.662213497408  9.46167931659 -0.630621015977  0.102773212665  0.848319647487 1777094084.05
-0.181862636241 -0.054602721156   1.01039310648 1.02808059277 -1.12419952824  0.60251268256  9.46497924232 -0.408123892942 0.0919402450523  0.785295608184 1777094084.07
 -0.187690646731 -0.0526834510673    1.02646349834 1.04481129316 -1.11507398463 0.533677978445  9.47109515611 -0.134804392775  0.110881457484  0.821239474197 1777094084.09
-0.187211867941 -0.050202785849   1.04298106699 1.06083839924  -1.0985712685 0.455916501483   9.4782680863 0.181907919821 0.148505640075 0.832273351556 1777094084.11
 -0.180268439431 -0.0466241236509    1.06042191726 1.07664532775 -1.07704778392 0.370796935657  9.48522990372 0.488584809677  0.21522077984 0.883802194138 1777094084.13
 -0.167570178576 -0.0415506550036    1.07851096439 1.09224178732 -1.05411619937 0.281058382738  9.49130603834 0.751638684547  0.29933655095 0.907554810986 1777094084.15
 -0.150614195341 -0.0348144612036    1.09622748773 1.10707334328 -1.03392582143 0.190162931347  9.49639178667 0.924185204145 0.384650715409 0.856724627557 1777094084.17
 -0.131451786948 -0.0265179915107    1.11199290662 1.12004955271 -1.02033516587 0.101706125333   9.5008430954 0.959391443937 0.446116022026 0.696280236054 1777094084.19
 -0.112345851715 -0.0170197212818    1.12400081373 1.12972965375  -1.01615926123 0.0188305296408   9.50532894184 0.884687803932 0.482020753048 0.456730273772 1777094084.21
-0.0953857595675 -0.0068674734407    1.13061240887 1.13464973644   -1.0226535553 -0.056220413022   9.51068309111 0.762265940679 0.512851295161 0.169615364834 1777094084.23
-0.0821365741508 0.00330503192806    1.13072282158 1.13370694594  -1.03933828439 -0.122314219354   9.51777520086  0.547916539266  0.492317734908 -0.164476540284 1777094084.25
-0.0733934821117  0.0128931788605    1.12401064847 1.12647804025  -1.06418620121 -0.179377832405   9.52740385493  0.33378379885 0.463461879758 -0.50431690161 1777094084.27
-0.0690912210257  0.0214186249254    1.11101248186 1.11336476016   -1.0941126084 -0.228121975989   9.54020393264  0.128979163674  0.404154695449 -0.798605714618 1777094084.29
-0.068386353572 0.0285829573674   1.09300780002 1.09551801889  -1.12564021017 -0.269634669572   9.55656008228 -0.0201165089938   0.321895054663  -0.983995619988 1777094084.31
-0.0698939909352  0.0342641770025    1.07174512811 1.07456820324  -1.15557803758 -0.304964659581   9.57652494078 -0.0925290341106   0.250988297076   -1.11633598939 1777094084.33
-0.0720277050094  0.0384602526954    1.04907594988 1.0522487966  -1.18156030806 -0.334811914271   9.59975068981 -0.0837401605678   0.167195548828   -1.08836128078 1777094084.35
-0.0733690355785  0.0412024488234    1.02658037069 1.03002325928   -1.2023337269 -0.359410390133   9.62545082314 -0.0229210356571  0.0959659552526   -1.04761718123 1777094084.37
-0.072986241991 0.0424734621536   1.00526554682 1.00880612911    -1.217747837 -0.378636295596   9.65241190096 0.0685382373957 0.0241383542657  -1.03147679178 1777094084.39
-0.0706325580011  0.0421662037683   0.985397328641 0.988824980613  -1.22847546107 -0.392314798979   9.67907060153  0.155072916916 -0.059138564315 -0.968805246124 1777094084.41
-0.0667802255598  0.0401067374594   0.966493971509 0.96962814825  -1.23555235365 -0.400642839925    9.7036598934  0.204085697667 -0.150834566095 -0.949601095646 1777094084.43
-0.0624826160963  0.0361427882867   0.947476034545 0.950221665979  -1.23986428164 -0.404608188591   9.72441259273  0.192445788823 -0.246206769559 -0.990582793021 1777094084.45
-0.0590950649599  0.0302746773431   0.926935881418 0.929310987265  -1.24171901814 -0.406274985455   9.73979579389  0.114559952567 -0.335136845261  -1.10428649111 1777094084.47
-0.0579172385005  0.0227871067365   0.903468641971 0.905609875042  -1.24061922234 -0.408828046323    9.7487406017 -0.0184024246991  -0.394471581341   -1.26059381934 1777094084.49
-0.059838685774 0.0143345344954   0.87599673522 0.878155127133  -1.23530455643 -0.416319390532   9.75083106221 -0.178036554122  -0.41926699119  -1.47959989333 1777094084.51
  -0.06507023216 0.00594217202977    0.84402259895 0.846548044744  -1.22406738442 -0.433130583828    9.7464235855 -0.333217868161 -0.389837230447  -1.72420780452 1777094084.53
 -0.0730263723272 -0.00109396347294    0.807758161447 0.811053201212  -1.20527942389 -0.463237840219   9.73667996286 -0.433382795488  -0.28373412951  -1.89956973241 1777094084.55
 -0.0823911650623 -0.00539777932621    0.768102834204 0.772527930896  -1.17801138756 -0.509425372399   9.72350887141  -0.47105819365 -0.119906330456  -2.08865791446 1777094084.57
 -0.0913591360565 -0.00576050882873    0.726471236449 0.732215905721  -1.14259655201 -0.572620208257   9.70941941125 -0.390258950077  0.100038696278  -2.08989192591 1777094084.59
 -0.0980023455831 -0.00139602063149    0.684502752469 0.691484220175  -1.10099001959 -0.651509128248   9.69729510781 -0.227100894619  0.331394453871  -2.01548408195 1777094084.61
 -0.100684379476 0.00784724888432   0.643711194025 0.651585009725  -1.05680923444 -0.742546006578   9.69009967441 -0.0107158225478   0.571509159679   -1.99291320821 1777094084.63
-0.0984290338344  0.0213606313106   0.605147887439 0.61347250708  -1.01500219796 -0.840376837007   9.69052974773 0.237607371816 0.746286879139 -1.85998529194 1777094084.65
-0.0911595297135  0.0377632836839   0.569150879116 0.577640760898 -0.981166187367 -0.938619236794   9.70063773887 0.476602356375 0.858744772702 -1.78400863144 1777094084.67
-0.0797518708271  0.0550132473476    0.53523589567 0.543934079 -0.960616552886  -1.03085496932   9.72146104903 0.655379102036 0.852397869304 -1.73738667155 1777094084.69
-0.0658872306133   0.070632891272   0.502154913759 0.511360626074 -0.95736672277 -1.11164627868  9.75271005675 0.705525662471 0.680146628871 -1.69020746416 1777094084.71
-0.0517333965948  0.0820238464071   0.468112845722 0.47805218547 -0.973213583036  -1.17737982962   9.79258051175 0.667609798451 0.410223502501 -1.79932938285 1777094084.73
-0.0395236483533  0.0868324154226   0.431100282284 0.441530792282 -1.00711854977 -1.22677606578  9.83775766682  0.464823733572 0.0291303581887  -1.77804390976 1777094084.75
-0.0311239366976  0.0833154348213   0.389277532447 0.399308350004 -1.05503243034 -1.26096803731  9.88366182933  0.295934742206 -0.404350700205  -2.24302827451 1777094084.77
-0.0276806254469  0.0706506904616   0.341336454499 0.349668860864 -1.11023776801 -1.28313743512  9.92494541909 0.0481974860751 -0.967457536909  -2.90159293442 1777094084.79
-0.0294212546544  0.0491378726759   0.286772389789 0.292435538712 -1.16418876514 -1.29778001884  9.95619584653 -0.191390713194  -1.21124319093  -2.77127112396 1777094084.81
-0.0356448954469  0.0202476816257   0.226016588106 0.229704212591 -1.20773344349 -1.30974271135  9.97274047982 -0.382016553934  -1.54638348292  -3.11960118307 1777094084.83
 -0.044895720147 -0.0135019726354   0.160405717034 0.167116495325 -1.23252396904 -1.32321863506  9.97140779579 -0.486665889868  -1.71278700963  -3.32282809159 1777094084.85
-0.0552739547427 -0.0488354377652  0.0919944776658 0.117911381875 -1.23237545086 -1.34089646759   9.9510886666 -0.499034621299  -1.71979682933  -3.43684393968 1777094084.87
-0.0648116359364 -0.0821371481643  0.0232451041973 0.107179261662 -1.20433205425 -1.36343329299  9.91297151573 -0.411643801499  -1.51897370199  -3.36476371697 1777094084.89
-0.0718320441617  -0.109935112511  -0.043350833733 0.138292683525  -1.1492447499 -1.38935817625  9.86039041582 -0.251266299912  -1.14010273692  -3.11110690458 1777094084.91
-0.0752218374862   -0.12937268784  -0.105651010924 0.183187754239 -1.07175034263   -1.415427293   9.7983096915 -0.0604539952836  -0.632823642543   -2.62401272823 1777094084.93
-0.0745695872149  -0.138591315602  -0.162174209789 0.225983739279 -0.979650114543  -1.43735835307   9.73254873575  0.126879362987 -0.190103617702  -2.67110101074 1777094084.95
-0.0701563479339  -0.136962321542  -0.212291160624 0.262198641409 -0.88279596772 -1.45079352238   9.6689040964 0.342482499305 0.392107541007 -2.74140413496 1777094084.97
-0.0628150581708  -0.125133578379  -0.256263439432 0.292018996575 -0.791679310601  -1.45229434573   9.61233893505 0.410878035068 0.800730278566 -2.06820045769 1777094084.99
-0.0536993969115  -0.104890568243   -0.29512906076 0.317784233466 -0.715965419507  -1.44016876266    9.5663822488 0.466687663992  1.14862625688 -1.84196035254 1777094085.01
-0.0440154954733 -0.0788635074124  -0.330463063304 0.342582330034 -0.663215522732  -1.41496751145   9.53282317804 0.476605140805  1.37868919232 -1.73575942559 1777094085.03
-0.0347709991273 -0.0501358557594  -0.364064836001 0.3691420204 -0.63799308392 -1.37955405175  9.51171727909 0.436114010555  1.42740163423 -1.68089162166 1777094085.05
-0.0265871722061 -0.0218205862691  -0.397636146146 0.399120934596 -0.641471565818  -1.33873285033   9.50165984905 0.389558225102  1.37329917541  -1.7580603414 1777094085.07
-0.0196041279132 0.00333150903929  -0.432512305638 0.432969185176 -0.67156604174 -1.29849973948  9.50023913049 0.327607383824  1.12714203166 -1.79746278345 1777094085.09
-0.0134902314729  0.0232397912297  -0.469494305355 0.470262668094 -0.723519908478  -1.26504249995   9.50456483611 0.288286735483 0.797509712219 -1.82424350943 1777094085.11
-0.00754741256351   0.0366849256393    -0.50880573858 0.510182346635 -0.790807832367   -1.2436612987   9.51177325545 0.323450804232   0.5166375332 -2.07053384446 1777094085.13
-0.000887283621874    0.0433700731879    -0.550170654661 0.551878156635 -0.866178243264  -1.23779222895   9.51943298589 0.378815900638 0.182261648123 -2.13920151379 1777094085.15
0.00735900555418  0.0438569274723  -0.592983388328 0.594648538115 -0.942656645079  -1.24830143839    9.5258070011  0.474064505453 -0.100609948818   -2.1860315249 1777094085.17
0.0178393936972 0.0393957405286  -0.63652410763 0.637991542212   -1.014360649 -1.27317445864  9.52995953873  0.590027513695 -0.306166547498  -2.19192271994 1777094085.19
0.0308274284635 0.0316791122847  -0.68016740633 0.681602227942 -1.07702947598 -1.30766182723  9.53172387235   0.70095247999 -0.416988694511  -2.15470755018 1777094085.21
0.0461455267888 0.0225567424204 -0.723536338031 0.725357186993 -1.12823260633 -1.34486805342  9.53156535631 0.849823738264 -0.47092391816 -2.26975055631 1777094085.23
0.0631773505298 0.0137526278083 -0.766569150952 0.769291086379 -1.16728186936 -1.37669856135  9.53038171908  0.847198376359 -0.387628849943   -2.0914168086 1777094085.25
 0.0809627755452 0.00662638836136  -0.809487139295 0.813552892399 -1.19491773458 -1.39502040731   9.5292805845  0.834463726703 -0.278460610511  -2.04272421766 1777094085.27
 0.0983520033163 0.00201484343737  -0.852674889039 0.858330730283 -1.21286645745 -1.39285702725  9.52936589665   0.83255361303 -0.161615032282  -2.18068684727 1777094085.29
   0.114184497326 0.000177398705898   -0.896503963914 0.903746362767 -1.22336761771 -1.36543088924  9.53155462192    0.72536775072 -0.0290347540118   -2.20492865147 1777094085.31
   0.127456096248 0.000849875490863   -0.941143735796 0.949735389562 -1.22875454473 -1.31089171056  9.53643662409  0.581561883984 0.0803111364562  -2.24785313907 1777094085.33
  0.137443900087 0.00338941985185   -0.98640621327 0.995941530119  -1.2311405411 -1.23061778305  9.54418584467 0.408404205202 0.153290089199 -2.26597693535 1777094085.35
