-0.100667083453767  0.150871155452448 -0.188843203130063 0.261835296717358 0.0960300315550488 -0.127460777865954   9.85460981964433 1777094055.3878
-0.0378053431488152     0.1567520621471  -0.146309900099603 0.217731577464372 -0.0110480117720063  -0.160848421152824    9.86646121682946 1777094055.40684
-0.0138812127691273   0.121745853914662 -0.0791661484726833 0.145883583988573 -0.021591470535392 -0.122468795935109   9.73136646792396 1777094055.42824
-0.000117483796902871     0.057938965041019   -0.0445442773005476 0.0730830357380907 -0.140973354274048 -0.155866064411822   9.75484293228084 1777094055.4467
-0.00298144654795433  -0.0344701713118232    0.019685191801886 0.0398068902334984 -0.279143070071838 -0.131735838331709   9.94941538662445 1777094055.46815
 0.0406077237685859 -0.0764331097456835  0.0572526752303518 0.103773196520554  -0.284533999058512 -0.0809188103493853    9.87816017701445 1777094055.48692
 0.0670633231751181 -0.0767524236003487  0.0468384139679626 0.112170677393211   -0.29515657021156 -0.0252358432538105    9.90481936227501 1777094055.50658
 0.0186261737759429 -0.0839198709532248 0.00565525386860996 0.0861479018122668 -0.328923410750206 -0.132773747329471   9.96634321083694 1777094055.52809
0.00761773741467097 -0.0896076420378039 -0.0594275259620822 0.107792347951364 -0.186865600772108 -0.231716710995912   9.77841851274855 1777094055.54688
-0.0233639483724958  -0.116283238237372  -0.145210485178554 0.187493334773034 0.000925412241660733  -0.0512712990861135     9.95481168688237 1777094055.56808
-0.0217768441008312  -0.110289956915975  -0.175059630774833 0.208048022971958   0.15012815914702 0.0283802562755326   9.94993619911743 1777094055.5869
-0.0216945815208265 -0.0823430105473462   -0.16084912274865 0.181998534451172  0.187339010686455 0.0356121807646168   9.90565483763113 1777094055.60617
 0.0353804454576151 -0.0934887013689264 -0.0128408968285376 0.100780959688766  0.149256836790193 -0.027810265818337    10.071285717166 1777094055.62951
0.0882098454887204 -0.134643206696749  0.155320336848793 0.223683206766959   0.107427746450219 -0.0932946238266009    10.0012135784705 1777094055.64802
 0.114280974348508 -0.146752056194103  0.304114823866754 0.356485810644335  0.0231665973042287 -0.0753504161017553    9.80738411183844 1777094055.66814
 0.130919345992306 -0.144747080438957  0.342969099920451 0.394612969820937 -0.0515159659563454 0.00490261591008096    9.72914315877638 1777094055.68787
0.136884089365867 -0.10695890723106 0.313164602078714 0.358119435039072 -0.145058275540811  0.112774084137127   9.82850157365782 1777094055.70625
 0.126135618642497 -0.072212752006918  0.228269400883791 0.270613738052196 -0.0802625564851304   0.335061788329358    9.97395055007049 1777094055.72829
  0.114308900773628 -0.0984522865430729   0.164903723165811 0.223500817527769 0.00296536894885875   0.294408994715842    9.84557733661029 1777094055.74793
0.0714834497381611 -0.115301479938888  0.173551215753567 0.220282408176657 0.0182968916792675  0.175873822474344   9.70940460302027 1777094055.76808
-0.00617411606022868   -0.125967532102833    0.198429813590498 0.235117693453222 0.0355110173678004  0.184652067152079   9.97283359714424 1777094055.78688
-0.0423890751835023  -0.117709351467275   0.173619691735116 0.214000286158584 0.135382857006708 0.113986914094683  9.68939270003743 1777094055.80611
-0.0836433238933812 -0.0849723732583671   0.162940673218273 0.201906346700435  0.144716244675984 0.0756320315331627   9.69123271949363 1777094055.8278
-0.0763346979845833 -0.0273005838831122   0.120721732758877 0.14541679668134 0.190435986261483 0.153746385726385  9.69821885519049 1777094055.84616
-0.0137838564627766  0.0817145883467678  0.0876825738420187 0.120646186857394 0.202150515869036 0.239412255443497  9.58563372044109 1777094055.86867
0.0441495076720012  0.170529461680225 0.0597563457647244 0.186011551221371 0.209311958100471 0.120673173846082  9.53234095729106 1777094055.88856
 0.0058798263842466   0.229996582960476 0.00985447002005246 0.230282676532952  0.207776513863346 0.0538772881898092   9.48901275551313 1777094055.90847
 -0.0555611354605525    0.272301166926467 -0.00614907172490207 0.277979812875431    0.3812405554987 0.0656098680395805    9.3545588218914 1777094055.93158
-0.0342008329940949    0.29725872110247 -0.0102872955199626 0.29939651417156 0.413539148828807 0.160254853516613  9.28593269110337 1777094055.94766
-0.00339665702101878     0.38955853506976   0.0478857488393152 0.3925053304944 0.410438968800569 0.121934827209629  9.11225734210773 1777094055.96698
0.0405381964784813  0.492092087210433  0.139189205287046 0.513002536579779   0.323455127554785 -0.0788200370926545    9.09211356998603 1777094055.98805
0.0494681097588389   0.50640711148542  0.182766458649966 0.540646682088746  0.347401740646758 -0.268474073311711   9.24891607240069 1777094056.00791
0.0472810416075071  0.432554691227558  0.191761822347131 0.47551199176083  0.177927016472787 -0.512614982772683   9.33846058595472 1777094056.03038
0.0809443790937433  0.383969118069538  0.177381801795758 0.43063741099245 -0.0572390966581765  -0.377772775018152    9.52700582454933 1777094056.04869
0.169556661138359 0.363692183881671 0.092596957919283 0.411819939498943 -0.0282093857990459 -0.0813519484095812     9.8352406789901 1777094056.06809
 0.234388170955018  0.341795578274914 0.0412018925295513 0.416484847215284   -0.137648027244804 -0.00764077279577885     10.0703599191784 1777094056.08801
 0.226165281968609  0.274590266816817 0.0521510133673058 0.359541760569907  -0.264593769675118 -0.0294459210931329    10.0563223810522 1777094056.10655
 0.165324999055889  0.171200182865263 0.0987211523434041 0.257658153074842   -0.53439840666537 -0.0514723822504249    9.99950862924537 1777094056.12895
0.101582890919831 0.113719731946808 0.095520000788208 0.179931463930752 -0.667419479079564 -0.054034540079274   9.86778397998428 1777094056.14789
0.0501135643588273 0.0739328654736488 0.0385325155756465 0.0972738026730652 -0.81604790455823 0.154505011661752  10.0745861370587 1777094056.1681
 0.0607563689431482  0.0619404995096026 -0.0413375832966659 0.0961080518971424 -0.805081787851765  0.349952608107601   10.2266490914364 1777094056.18795
 0.0465949292554193 0.00955669687419401 -0.0806115437114771 0.0935982845302741 -0.755333695930131  0.289728049725908   9.97123644560908 1777094056.20678
 0.0130403339099677 -0.0381548136272322 -0.0793907765008876 0.0890434472874123 -0.81746297052778  0.23137814868409  9.93803005816604 1777094056.22823
 -0.058806874820114 -0.0501687840504118 -0.0639034473705198 0.100293599023279 -0.851206227977829  0.180437133667717   9.78681055054982 1777094056.24803
-0.0936820802119843 -0.0487003298952949 -0.0636250871640649 0.123272892402953 -0.828767671171111  0.270808769162146   9.85548520046463 1777094056.26819
 -0.104887588428638 -0.0885222986226665 -0.0428692749187745 0.143789353889213 -0.872487289575289  0.252600705788751   9.99619021770394 1777094056.288
 -0.103436806557393  -0.113443140417413 -0.0308355227461769 0.156586552812131 -0.813327453765802  0.454490988032499   10.2046737849486 1777094056.30674
-0.0597234032750538  -0.142592807923547  -0.012539984778961 0.15510269175141 -0.773737639693683  0.408637975670674    9.7995203491431 1777094056.32847
-0.0486941330616497  -0.149796756688985  0.0238337281621969 0.159305472307997 -0.816786876268471  0.283901823311999   9.61774627031957 1777094056.34803
-0.0454637448882329  -0.125116857060612  0.0226845434076357 0.135039877553266   -0.934419832327 0.356030118056542  9.96547243225131 1777094056.36816
-0.0915741068167988 -0.0755373261623018 -0.0204436208310373 0.120455993274422 -0.890692730479255  0.250082298436558    10.006582482401 1777094056.39221
  -0.122457116654817  -0.0589033593633272 -0.00613602134911334 0.136025739923345 -0.78602543197915 0.171391022314136  9.90328482095638 1777094056.40685
  -0.140161326891205  -0.0755036671991437 0.000990984856580439 0.159207359652147 -0.502292442754781  0.188135458238507   9.76273976061374 1777094056.42843
 -0.159199095857561 -0.0804731560945441  0.0187003072498332 0.179359924355804 -0.337805144487398  0.112947308221681   9.61543329662893 1777094056.44814
 -0.132731586036849 -0.0692794578274697 -0.0132920974241153 0.15031299698515 -0.440244565540159 0.0833702682717738   9.63775371040857 1777094056.46814
 -0.0769943870142441 -0.00168576099473298  -0.0792293796844281 0.11049104953348 -0.415193145684338 0.0254965344889027   9.72912552175104 1777094056.48815
 -0.05949180242698 0.0585968074404007 -0.109624863226827 0.137805917999622 -0.310306859218199 -0.139159529354943   9.66050080893845 1777094056.50795
0.0231777148885388 0.0865207425202009 -0.108073434170122 0.14036706354065 -0.353791282753524 -0.331213582792288   9.61916337847063 1777094056.52824
 0.114227802782298  0.101129411120952 -0.093967326748914 0.179178701910911 -0.267531815093646 -0.337275826359859    9.4705455983676 1777094056.54813
  0.173232352344645  0.0973562672094512 -0.0841081940614699 0.215782017258388 -0.352586095823477 -0.317581467770684   9.76425002280701 1777094056.56818
  0.163316366249628  0.0901766377702666 -0.0734147155113714 0.200483869521087 -0.293409594966178 -0.389187925466964   9.64087357754367 1777094056.58811
 0.131039089675563  0.127328984515277 -0.148366470090293 0.235364659130774 -0.301580301386912  -0.46538421093029   9.88202573029969 1777094056.60687
 0.112387731672044  0.160584188644174 -0.233561035570978 0.304908250478538 -0.275204935431442 -0.594351627316992    9.6701660987096 1777094056.62836
0.0990742120539417  0.136787146833297 -0.279997326692559 0.326993770564338  -0.31631142247587 -0.390589338178675    9.6401176299028 1777094056.64801
0.0751197917304677 0.0900578512922393 -0.300226699093832 0.322318895719414  -0.567029848334413 -0.0721239568132928    9.71056092475687 1777094056.66815
0.0665252389237821 0.0495775240535958 -0.243841459644021 0.257569788108928  -0.795797922118922 -0.0107843451870232    9.79482108248365 1777094056.68701
 0.116845770618875  0.046636703496107 -0.101471484781811 0.161630376007506 -0.945779957704006 0.0645925189886636   9.91849267718442 1777094056.70633
   0.122215362522827   0.0768349889148087 -0.00379863030945906 0.144411356722222 -0.869347156779979  0.167668077827947   9.90037592912093 1777094056.72797
  0.107832951917065   0.122073107196724 0.00217017438635726 0.162894133340271 -0.737508343358262  0.289877513487452   9.82233018804769 1777094056.7467
 0.0815775147139048   0.147959164192488 -0.0349752168442435 0.172540056128247 -0.650516388492532  0.316107118184927   9.74990512309507 1777094056.76598
0.0967109500887288  0.144179246797683 -0.080817139547342 0.191499538168703 -0.703199851432643  0.362973186930744   9.95650505884151 1777094056.78672
 0.127585065400907  0.102523776847004 -0.110079437392112 0.197247449334311 -0.609122907157019  0.263263665278643   9.81771509936365 1777094056.80624
 0.129634224648509 0.0692917590992608  -0.14750083079643 0.20823754504154 -0.79670941302987 0.264991051000679  10.0447129374567 1777094056.82819
0.0847646656661231 0.0298968542441436 -0.143643155068661 0.169446824807267 -0.732855467172901  0.355525113162963    10.173109139651 1777094056.84807
 0.0626351982445011 0.00689608770481164  -0.109727228978154 0.12653374594939 -0.610610592516174  0.290820646814677    9.9316103313093 1777094056.86817
0.0701422048580811  0.011794142541505 -0.080560248304057 0.107466200767747 -0.567591044184569  0.276591533539452   9.81231761597601 1777094056.8882
 0.0888475529570688  0.0205324730686444 -0.0710715328769689 0.115614155284964 -0.600454817431916  0.524482216943511    10.030687322647 1777094056.90978
 0.0688855785960689    0.02432733431512 -0.0638290133422971 0.0970112626329847 -0.646627002701133  0.491046324846367   9.85917254898791 1777094056.92812
  0.070769946273277   0.025491958765788 -0.0753292935381619 0.106455285083446 -0.681244162066065  0.564933069509997   9.94032749299718 1777094056.94796
 0.0406422717488175  0.0341034511834136 -0.0593062343658562 0.0795742990555498 -0.663347284623975  0.622926102495214   9.92951970167227 1777094056.96852
 0.0200926552800896  0.0248528613993424 -0.0547095294082243 0.0633601777460322 -0.671449527324139  0.699807898816621   9.95056108627065 1777094056.98806
 0.0204355586767351  0.0102248803567332 -0.0420381340568423 0.0478473087197267 -0.676226545246044  0.834677337315065    9.9864073301942 1777094057.00772
0.00845479437308369 0.00804587102692085 -0.0307212591684032 0.0328635870434919 -0.710953943926191  0.858973536868849    9.9664028037116 1777094057.02716
-0.0360961410652359 0.00591350245312103 -0.0494506888363415 0.0615083046218407 -0.744961511041487   0.87596042358952   9.86540127821219 1777094057.04835
-0.0809929589440263  0.0219603685184301  -0.063810550065094 0.105422499892499 -0.776845134080446  0.942754370606096    9.9372396189801 1777094057.06808
 -0.145662975022193  0.0358113762365946 -0.0403714573139287 0.155338377505127 -0.689854602721003  0.883596123747759   9.74432907063172 1777094057.08806
 -0.202019468828998   0.046208479065611 -0.0122716857005173 0.207599815976411 -0.661135052914745  0.739897898428091   9.64785345608977 1777094057.10682
-0.187169701936889 0.0421952708379149 0.0180105864728309 0.192710454904046 -0.685490400953076  0.804071860365367   9.85649002721292 1777094057.12693
-0.153129295290231  0.016406092893694 0.0403303884168342 0.159198873080094 -0.621349093782652  0.787555342560387   9.83826513404829 1777094057.14829
 -0.125737821339052 0.00328447597085613  0.0484440197610151 0.134787278880835 -0.648964517148296  0.671258854110139   9.64646250549686 1777094057.16818
 -0.105705254196743 0.00868600989089085  0.0548033332865914 0.119383637371057 -0.656977806194299    0.6031508934925   9.69129686051539 1777094057.18817
-0.0608324347397081  0.0205443342315513   0.038666378039441 0.0749516082286932 -0.67044264782146 0.429944534759325  9.56143638110279 1777094057.20807
-0.0240043795436806  0.0474265900898708  0.0471033901419438 0.0710226798121126 -0.675762045530475  0.420796727816092   9.65701349723994 1777094057.22673
0.0129646018389773 0.0750680934489043 0.0668842265308571 0.101374549634155 -0.627833933842561  0.529537056153753   9.71289263251924 1777094057.24818
0.0131144334264453  0.075537676563674  0.089446620339039 0.117807583944375 -0.655849193117028  0.563275695215127   9.75235289246318 1777094057.26814
0.00918667177573275  0.0692235914093191  0.0901454577174148 0.1140285231554 -0.678188903828333  0.637484707211967   9.66537157127962 1777094057.28809
-0.0514790248018278   0.051025845459257  0.0797171741692027 0.107743003285142 -0.769121640924953  0.722619858469248   9.87160492436529 1777094057.30794
-0.123785387535236 0.0103916518645842  0.051177536289715 0.134350097939705 -0.720635140478822  0.742978298610635   9.73926153082768 1777094057.32672
 -0.228600434893445 -0.0047425443436767  0.0154621962592555 0.229171835253558 -0.806181716893336  0.835699031166273   9.87188768748255 1777094057.34825
 -0.306211101889112 -0.0273906578133532 -0.0149216335915279 0.307795617585163 -0.83947385324877 0.823726170484389  9.79878760570071 1777094057.36812
 -0.352775904670879 -0.0327673679580131 -0.0410234599335983 0.356661553274496 -0.832735789714158  0.805231878080597   9.79914582963002 1777094057.38951
 -0.379101222799601 -0.0503371410170406  -0.063650112667022 0.387689181866668 -0.774991987477084  0.778185638676753   9.78696223776141 1777094057.40822
 -0.381129875444224 -0.0953740389516903 -0.0545488483601923 0.396650685262879 -0.880709118014627  0.820915968761151   9.97730795474291 1777094057.42808
 -0.367772866431421  -0.124310181964867 -0.0120878245903963 0.388401877089505  -0.8853608245463 0.767948388807561  9.79224251679046 1777094057.44836
   -0.349961495583687    -0.116724560601992 -0.000360932299356357 0.3689143555231 -0.942274427122428  0.543928252247287   9.63927704589268 1777094057.46824
-0.361964905080978 -0.116705560918016 0.0336515764693487 0.381799959479231 -0.960908658113394  0.448879687382299   9.56319954221828 1777094057.48827
-0.387189565702926 -0.121085867978806  0.037821303585241 0.407440791058392 -0.918169631410784  0.339912092483694   9.48295046489108 1777094057.50828
-0.428894589840647 -0.116422479344173 0.0338223837217198 0.44570025413033 -0.908997655474177  0.268484820775319   9.60703414223585 1777094057.52785
-0.471139068888157 -0.110932415902187 0.0454117803491513 0.486148385706643 -0.822335046197187  0.101043774953616   9.54363873815912 1777094057.54813
-0.491940570452953 -0.104326207071928 0.0690330394540321 0.50759732355072  -0.800515637612502 -0.0426249702362517    9.68466177339777 1777094057.56812
 -0.514202469022915 -0.0936388703505761  0.0895249012956538 0.530270803591703  -0.76020416191135 -0.156855502359587   9.70950247141439 1777094057.58824
 -0.522754508918637 -0.0939797111163969   0.101341188778676 0.540716653377128 -0.731394864549098 -0.245233482066443   9.69962517778353 1777094057.60823
-0.53718622742303 -0.10616401097356 0.120727190630921 0.560727112521427 -0.728103445769361 -0.474502570535959    9.5657974712313 1777094057.62814
-0.52985257320969 -0.11205610736996 0.165152301449099 0.566193962533841 -0.761978600996115 -0.592659021268427   9.49365057907951 1777094057.64826
 -0.496768664845271 -0.0959389744566768   0.194011138122887 0.541870570254273 -0.750022179040952 -0.738634582417367   9.31071196117539 1777094057.66824
 -0.483664273500574 -0.0658720732173981   0.202727325637064 0.528553335105126 -0.735986033399091 -0.862751182038876   9.23108393596008 1777094057.68826
  -0.44372855550887 -0.0186216556411419   0.198594787040256 0.486499420834568 -0.848205808397383 -0.941180110062485   9.50010149481872 1777094057.70814
  -0.433794792766127 -0.00624249695295338    0.253913884415109 0.502681958795006 -0.794101369157384   -1.2115426995349   9.33213761335869 1777094057.72795
  -0.420257375188647 -0.00318762600167707    0.283249442586061 0.506810289048369 -0.906276645624231  -1.24178692654272   9.49135452583224 1777094057.7483
 -0.449576687051931 0.00543535789322464   0.315878233230962 0.549479570944299 -0.814379280387141  -1.37738038690767   9.29063664092541 1777094057.76821
 -0.490409927138746 -0.0178405622126781    0.32398480953087 0.588036001536512 -0.836414415078748  -1.45123463597678   9.38055659780502 1777094057.78809
 -0.490050748842889 -0.0411829792660733   0.338933371227386 0.597261755308564 -0.876764401344593  -1.52899981277427   9.39717542954748 1777094057.80811
 -0.49932700747036 -0.037699494904353   0.33841450275691 0.604378265642929 -0.847490864518571  -1.66566369123012   9.33040072272265 1777094057.82703
 -0.517767519154221 -0.0216321743539432   0.334687399993616 0.616900973068516 -0.961686781787154  -1.86224588980372   9.34529368593563 1777094057.84806
  -0.525148482743151 -0.00707601006525948    0.324767910554473 0.617499145401672 -0.925564046506293  -1.93529923836655   9.34891130127066 1777094057.86807
   -0.5270266658124 -0.0035001940006009   0.319282360232044 0.616206607714265 -0.96315396370558 -2.02710272171049  9.41314391330434 1777094057.88787
 -0.521961158485316 -0.0474108736875924   0.338027172432591 0.623661455610275 -0.85579985396563 -2.16458237747843  9.21843183082204 1777094057.90776
 -0.524083765665766 -0.0966647058449031   0.348091758894697 0.636534155722138 -0.95882446902952 -2.21769763348874  9.30595777864367 1777094057.92673
-0.506936816222274 -0.132586513950396    0.3539670154686 0.632342286552815 -1.07033261055527 -2.35845045962534  9.30434015039469 1777094057.9481
 -0.53885920288593 -0.158077381604301  0.361817274976653 0.668034010796803 -1.01335005990541 -2.42712574410161  9.11152321278232 1777094057.96814
-0.581402678251733 -0.200497994408389  0.339553620410997 0.702513474016185 -1.09603311878621 -2.54487863907882  9.18893840965644 1777094057.98765
-0.651856865090768  -0.22385046464451  0.299052153269445 0.751304594330834 -0.993411306442706  -2.71529016072137   8.95507445236243 1777094058.00672
-0.711828023513353 -0.225384282656905  0.274415179302537 0.795487838096433 -0.96726171555224 -2.70373214035411  9.02396694785377 1777094058.02698
-0.747277173417408 -0.243109591628267  0.268844972793287 0.830543838005314 -0.811787833232139  -2.98869694820281   8.67307196451981 1777094058.04806
-0.750520633978093 -0.250542301221262  0.265581050067402 0.834617254124925 -0.785013881635073  -3.00086203993905   8.89208039773548 1777094058.06822
-0.741153322895043 -0.226762927584659  0.286254167716303 0.82623914328727 -0.726696815270978   -3.1239645542045   8.81976502539333 1777094058.08771
-0.712601273479581 -0.222909811741012  0.309376603237106 0.808209899571679 -0.650105956806947  -3.26496623079248   8.61986721902977 1777094058.10624
-0.662589368934056 -0.208305622772975  0.339920098747356 0.773279753928473 -0.60122818893308 -3.40926311668022  8.55601489723991 1777094058.12622
-0.612746090039953 -0.172569300778521  0.370139815118715 0.73637043474501  -0.6468168528712 -3.63002812781138  8.56428561300732 1777094058.14809
-0.547007124484145 -0.133350155662246  0.402223288798238 0.691941205813926 -0.694802654569144  -3.80271737924694    8.5282567085316 1777094058.16821
 -0.505242949485878 -0.0880119230981019   0.451894573959849 0.68353876450935 -0.742530634426293  -3.94775461598192   8.36671185321694 1777094058.18651
 -0.465817937032983 -0.0590230958131044   0.484566465673155 0.674740495269107 -0.771225095455848  -4.08330708254453   8.35777916348665 1777094058.20601
 -0.430253116342501 -0.0534421493388056    0.49195137261194 0.65573619731044 -0.776307850319795  -4.17976857093082   8.25257327389151 1777094058.22594
 -0.434227161924531 -0.0685632651391699   0.503177835884146 0.668163216590549 -0.86732666429163  -4.1620106918682  8.49467026527775 1777094058.24791
 -0.439122752111201 -0.0776429543240455   0.458459076678569 0.639563870748534 -0.765151590764118  -4.39678303875894    8.3361229572975 1777094058.26814
 -0.466061794234741 -0.0898665607906574   0.430875250406789 0.641048419549382 -0.764122706853184  -4.48514656883751    8.2980155497904 1777094058.28626
-0.502795178761052 -0.099764563889484  0.402201654693057 0.651553628668623 -0.822914814169027  -4.54127997211861   8.49999208168742 1777094058.30497
 -0.529593332011559 -0.0924103424415578   0.391078113311575 0.664793847303518 -0.71999154343922 -4.73453346318482  8.37402427713126 1777094058.3257
 -0.522495624325963 -0.0837376845148993   0.419784453824001 0.675449972181515 -0.690984244080637   -4.9028886949432   8.24646757946612 1777094058.34777
 -0.481749201416357 -0.0835204209807911    0.44156269519653 0.658813757882552 -0.827407566334968  -5.08662746775298   8.17768801571728 1777094058.36824
-0.436221828802094 -0.034770759599449  0.457060192304987 0.632773663355577 -0.893933074176696  -5.24104569351715   8.18471132889371 1777094058.38597
 -0.387055857281533 0.00957851835052154   0.447375746179219 0.591649425706766 -1.04602628794195 -5.44246475147375  8.21795410948571 1777094058.40423
-0.358914697749333 0.0685809948900264  0.430044242224991 0.564323633557436 -0.962815896143373  -5.50915931571141   8.10872880217251 1777094058.42303
-0.335666664911294 0.0906642017971449  0.376543591225231 0.512520422532584 -1.00489535218202 -5.67583658119816  8.02118271782428 1777094058.44458
-0.325326616940469 0.0838646258346192  0.382395458920609 0.509015687537638 -1.02805088758858 -5.74448855964959  8.24918584185387 1777094058.46932
-0.316538497073257  0.061739961786771  0.375540063378728 0.495013921231845 -1.11367379270699 -5.87500551151178  8.26754793354789 1777094058.48482
-0.308532150669304 0.0614795611040721  0.397497258580878 0.506927899221861 -1.14514344314223 -5.85739548335122  8.34578048572726 1777094058.50381
-0.306500875517386 0.0611871586999164  0.379217897826498 0.491419239666744 -1.23031282868126 -5.89243237417177  8.33841011877659 1777094058.52247
-0.317316783965202 0.0648689264860125  0.354952094949233 0.480509010028237 -1.18521816596412 -5.96840111837992   8.2241166290762 1777094058.54591
-0.321388134659285 0.0570721400630063  0.326272318997108 0.461520517869896 -1.21737116260235 -6.13307836947349  8.17272825235108 1777094058.56812
 -0.33526278529281 0.0407835596171134  0.315360548263079 0.462078683059633 -1.15305096793929 -6.20216185061472  8.19631497244927 1777094058.58594
-0.337401224463622 0.0199547660310682  0.317213850094297 0.463532529223735 -1.18176083469436 -6.28787067274773  8.15124483594879 1777094058.60419
   -0.32251184616914 -0.00438459132816553    0.308040628375792 0.446006888165077 -1.26390875762192  -6.2611403775572  8.39914526037268 1777094058.62401
 -0.285113588991366 -0.0150782753919622    0.31537876764388 0.425418476440441 -1.23243647408761 -6.40561173417541  8.20467745230247 1777094058.64607
 -0.266306337242099 0.00457236516567986   0.322833301861399 0.418522774253975 -1.18679164363039 -6.35840073077271  8.30088728353364 1777094058.66829
-0.243351340030826 0.0206498646421436  0.326595166766795 0.407812082410476  -1.2957261038549 -6.47632960376412  8.35022555091325 1777094058.68634
-0.199851602703306 0.0337403879440017  0.324910858832362 0.382944046916615 -1.35922998058577 -6.50675202762757   8.4557601786649 1777094058.70434
-0.157525694483625 0.0196367921009096  0.329076718288186 0.365364796533389 -1.29373341586749 -6.61616861908965  8.18006954983889 1777094058.72432
 -0.115093413529853 -0.0262171471640791   0.257988779029832 0.283711196022786 -1.41013744458291 -6.66181137352389   8.1586859042487 1777094058.74616
-0.0809706653975914 -0.0284063018427938   0.177302600334918 0.196975579006221 -1.39752962681451  -6.5869961012577  8.25933881870901 1777094058.76808
-0.0787563329753528 -0.0263006424035908   0.137609420866853 0.160719122962629 -1.45642875539128 -6.58627732108718  8.35128491103957 1777094058.78635
-0.0444155839034585 -0.0291873496735411  0.0983310648333598 0.111774969406004 -1.40303536563422   -6.583898395786  8.23103933705425 1777094058.80445
-0.0507248580408695 -0.0220734651777324  0.0464170568578839 0.072213518509812 -1.46942967005391 -6.49732816346136  8.23708100674634 1777094058.82417
-0.0423014886988704 -0.0211692181579614  0.0266273696562485 0.0542823042839057 -1.50788879902105 -6.45041572438731   8.2599761092981 1777094058.84592
-0.0417838818971386 -0.0647808445033099  0.0334128832755156 0.084017089748094 -1.40656148651922 -6.43584066209534  8.15468718148211 1777094058.86809
-0.0293090383543887 -0.0857804414295396  0.0511225754663564 0.104071233217537 -1.40882106181719 -6.41991343278552  8.11870864404803 1777094058.88698
-0.00997007038395663  -0.0874948835130318   0.0574405897592405 0.105138852458591 -1.44415651644741  -6.3903878324203   8.2005837248275 1777094058.90463
 0.0193934068207822 -0.0653779706297956  0.0597479017393219 0.0906652912312007 -1.45713071943231 -6.45195797515352  8.24516614005946 1777094058.92415
 0.0699646784466307 -0.0558184088807187  0.0502740057695831 0.102655865181857  -1.3975255319503 -6.61564443239747   8.1028547217983 1777094058.94594
  0.103480065662229 -0.0347890375270891  0.0182676595804324 0.110689242964559 -1.35106059424595 -6.54448593529119  8.17803673321933 1777094058.96823
   0.123382402550753  -0.0209151766511312 -0.00695218151422041 0.125335528487938 -1.36668097347915 -6.51577505437048  8.25830967672409 1777094058.98785
  0.150015967169637 -0.0255074406403941 -0.0270747859325245 0.154558933637486 -1.34540959297336 -6.49570673127574  8.31464586407469 1777094059.00566
  0.169521510986005 -0.0357947751583431 -0.0557850056463335 0.182018612978387 -1.30549420978945 -6.42772721791286  8.29496811219584 1777094059.02451
  0.221485068637548 -0.0549598493428092 -0.0643417998822521 0.237099320710228 -1.35648743692664 -6.50472904633181   8.0507210146647 1777094059.04604
   0.26480344610185 -0.0660033295176982 -0.0712587439995092 0.28205515980252  -1.4158551365678 -6.41678679364655  8.25052286911682 1777094059.06811
  0.291604426869474 -0.0453170383596117  -0.104547949018252 0.313076746788202 -1.45009388458215 -6.38255372817736  8.36113059694147 1777094059.08703
  0.264759654724005 -0.0269775316731589  -0.119045780606844 0.291543066913009 -1.36696829098818 -6.30748139183495  8.44617821547067 1777094059.10577
  0.279439917938003 -0.0279158505403339  -0.118530801132077 0.304820460706954  -1.3890077940113 -6.34518789465266  8.32721173900279 1777094059.12416
  0.319935934900255 -0.0670383179007657   -0.11668253116474 0.347084934254535 -1.41390229503261 -6.30586618949699  8.30557931659648 1777094059.14604
 0.376466377272292 -0.101121517470665 -0.129592292018383 0.410787848728114 -1.38648118072702 -6.27939917208493  8.17577643183124 1777094059.16812
 0.384850140274769 -0.119203350862805 -0.175238651266957 0.439349125666926 -1.42643824095174 -6.14752449710359  8.28201178605571 1777094059.18773
 0.388105040157549 -0.123080327317559 -0.196547101381234 0.452111769620804  -1.3074417830893 -6.05079599420824  8.14454321779152 1777094059.20599
 0.394797306403767 -0.122838875579077 -0.224827470729187 0.470639664809167 -1.32167679863489 -5.94212570969292  8.35513494056611 1777094059.2248
 0.416817209900851 -0.121610113597439 -0.243111428289367 0.497623123220382 -1.28987143438699  -5.8697600546451  8.30990027578435 1777094059.24583
 0.437555725166105 -0.121437417346404 -0.270687418737515 0.528652757129081 -1.23582199709801 -5.78784854421762  8.36744027276903 1777094059.26806
  0.47124265046294 -0.115682933243455  -0.30372927440362 0.572454058234279  -1.1614300501693 -5.75956095020773  8.39708878540058 1777094059.28654
  0.502658788989049 -0.0987638300278821   -0.33648791676713 0.612898254525167 -1.06580832393442 -5.72122503597396  8.40422927257196 1777094059.30579
   0.52099476056622 -0.0782736506069179  -0.341032606559747 0.627587080534424 -1.04356495399343 -5.70158229698111  8.38271352998799 1777094059.3232
  0.600606256887222 -0.0360616517448148  -0.324714065606196 0.683715981194786 -0.996618442691203  -5.48097086722965   8.64763886551863 1777094059.3442
  0.622753569466356 0.00389570563799395   -0.30764595930191 0.694610121636805 -0.960954272413388  -5.45956800730142   8.52867943581388 1777094059.36619
   0.6455429623892 0.0178615943075131  -0.29979579328058 0.711984740363276 -1.01007434161701 -5.33417764690951   8.6672782163084 1777094059.38596
 0.688087270336744 0.0260645877320638 -0.307225257267214 0.754009822904197 -1.01575986225806 -5.22329172923396   8.6691599071546 1777094059.40491
 0.746126916922655 0.0433883893526448 -0.322518444157605 0.814006188741195  -1.1597475958474 -5.10381460822469  8.70326335829693 1777094059.42404
 0.822686715371245 0.0703676280008488 -0.326410320281344 0.887867519343377  -1.1408887756503 -4.92587823049902  8.78510087262813 1777094059.4451
 0.853736819042332 0.0299391553995832 -0.305824726025282 0.907354215432429 -1.02519765239218 -4.81609284223662  8.70463798385558 1777094059.46816
  0.864374126316106 -0.0112889064206705  -0.318659821420206 0.921311104589793 -0.991346518901653  -4.78712670781545   8.52519161840882 1777094059.48684
  0.895944598925843 -0.0182363577963256  -0.326599064555685 0.953790458150381 -1.08923969491457 -4.62420596131363   8.6980427631612 1777094059.50618
 0.947862868124802 0.0162025162659095 -0.293119173333718 0.992282917357225 -0.993943196513898  -4.42119213945293   8.53984612728644 1777094059.52581
  0.948249871622293 -0.0134948547443149  -0.311616522653244 0.998230828679803 -0.87749990763542 -4.08845141578642  8.61141851290473 1777094059.54628
  0.959892981787142 -0.0337070190116025  -0.381092655852749 1.0333258498459 -0.800153209739378  -3.72174456025769   8.70396291500864 1777094059.56809
  0.985015547546328 0.00162193312174251  -0.433721487844295 1.07627718947905 -0.916064847093663  -3.50810895564374   8.59184441915131 1777094059.58692
  1.05341391808888 0.0995591019373203 -0.402553279399872 1.13209630348196 -0.993881174737847  -3.31639858891104   8.58686884347174 1777094059.60686
  1.12885310107876   0.10341091504668 -0.320167992376637 1.17792643425148 -0.811893139452331  -2.94031696543639   8.78909971576791 1777094059.62987
  1.15321234744585 0.0775708884117184  -0.30421838825728 1.19518399787832 -0.710310000492831  -2.85227556798129   8.56005666685714 1777094059.6468
  1.16264595274464 0.0611399134906346 -0.310778204232826 1.20501734123677 -0.756361166129613  -2.51869806955957   8.70617702101341 1777094059.66821
   1.1364649881491 0.0999937273121743 -0.314298748814455 1.18335756147364 -0.850785956260283  -2.22027505914891   8.79578177687402 1777094059.688
  1.07358517398368   0.15257778948254 -0.295021968309919 1.12378960193909 -0.923402919673949  -1.89037926958587   8.89858338120323 1777094059.70777
 0.986140173058991  0.138561275784187 -0.297132073228562 1.03921082413958 -0.949445707200254  -1.73234011147256    8.8254726749079 1777094059.72684
 0.902084876646757  0.127653021769334 -0.359010823571784 0.979255426374206 -1.09101550450043 -1.42641398302429  8.91185508458227 1777094059.74809
 0.900478933993553 0.0932119123461256 -0.377736969496342 0.980936281974354 -1.02768626685097 -1.21242754960215  8.71363679940528 1777094059.76812
 0.905893138207999 0.0599077050918204  -0.41506264379274 0.998252627972461  -1.04554803474631 -0.980641989584025   8.90092151880972 1777094059.78779
 0.889169193794492 0.0517586734144991 -0.418239083631013 0.983984119050346  -1.02338070274393 -0.800899080548267    8.8925710339364 1777094059.80688
 0.892120972396573 0.0390007479199545 -0.408064533472251 0.981793028701085 -1.00901816390583 -0.58601662102293  8.92208846356453 1777094059.82807
   0.921732143775991 0.000826147692094954   -0.357780711238813 0.988735487744039 -0.981989319117893 -0.479029153039372   8.77973659698747 1777094059.848
   0.969810805099296 -0.00745673577139939   -0.340486199772676 1.0278713211445  -1.01060998884809 -0.278877152536785   8.69659358138672 1777094059.86827
 0.998199589850331 0.0139613493477772 -0.335162241836073 1.05305796080062   -1.04169891002293 -0.0707392878211788    8.70016341810171 1777094059.88702
  1.00108616425439  0.048374061562226 -0.304341025396203 1.04744308572486  -1.0355437370459 0.230968326407148  8.83768005002834 1777094059.90794
 0.971101813592725 0.0604302133848585 -0.302871418473655 1.01902975382521 -1.02842999769073 0.362876240761254  8.80357145402796 1777094059.92782
 0.930224130531591 0.0272223067414849 -0.341883641791038 0.99143452205977 -1.07254308235852 0.533398516881627  9.08108248588929 1777094059.94663
    0.86697575423466 -0.00540345682913114   -0.352713347837186 0.935992981554337 -0.967258976116714  0.708275189226101     8.895769534094 1777094059.96821
  0.841808317755965 0.00225705080706407   -0.37167880804907 0.92021273327109 -1.01447512318994 0.818148378100893  8.82312008149922 1777094059.98653
 0.827530841362348 0.0129770771351251 -0.357323413593148 0.901474192552791 -1.21018386681236  1.06911221635812  8.86442092723837 1777094060.0068
  0.847311148422553 -0.0104283778002983  -0.359898625083046 0.92063671100025 -1.14605223518826   1.2724660035923  8.81848228821494 1777094060.02668
  0.821631810063908 -0.0316741810143457   -0.37073845504384 0.901958473046358 -1.24568958925235  1.43622648986422  8.75338977033653 1777094060.04609
  0.817851098856489 -0.0310343894217319  -0.384140951711577 0.904106091125053 -1.2792221214223 1.70329391507109 8.68176348903622 1777094060.0681
  0.854133890588828 -0.0202428895464437  -0.421219528253082 0.952565151898465 -1.27356309658369  1.80677590244267  8.62555024763389 1777094060.08624
   0.872171267563428 0.000211200742309837   -0.440164170431382 0.976947931826715 -1.23976285988022  1.95723462177943  8.49924413439809 1777094060.10609
 0.875219854077888  0.010564803422693 -0.478623083059776 0.997597846670252 -1.25105297063915  2.20010418627827  8.56710735902394 1777094060.12589
 0.859147047471655 0.0468622244422664 -0.523284801348271 1.00705347453898 -1.28485006721366  2.27048508597054  8.61441908437444 1777094060.1447
 0.865332115274725 0.0913833461617652 -0.518096121753775 1.01270636270236 -1.28164723238125  2.45789650126694  8.50808443908059 1777094060.16808
 0.873972675996703  0.101954308243668 -0.522710425089117 1.02344961178122 -1.34928480546171  2.56110766065391  8.47588914271669 1777094060.18621
 0.887579876320519  0.093673725081545 -0.507094982007304 1.02650773226352 -1.28481479879149  2.79037005784746  8.34546877522235 1777094060.2057
 0.903643934506249 0.0976316485573302 -0.518111976362302 1.04620472146708 -1.38232190064551  2.89508194400401  8.31443140585367 1777094060.22465
 0.905189281621856 0.0999492062494768 -0.531530594754089 1.05445827444837 -1.56969250582569  3.20392030225782  8.56560295428265 1777094060.24425
 0.890880979270192 0.0919443042659556  -0.53265885693268 1.04204036974639 -1.59142133669379  3.33473301287857   8.4061285909589 1777094060.26818
 0.891722997843784 0.0650868076408692 -0.553922700578704 1.05177780715738 -1.78816689801605  3.59331993281837  8.50808818707588 1777094060.28688
 0.876936412368958 0.0503241114844372 -0.608164971326482 1.06837007627684 -1.79665856306173  3.98101964310121  8.48464080455369 1777094060.30585
 0.856717546582569 0.0257808720277411  -0.66464224072291 1.08461002952127 -1.80624374370616  4.10073735264623   8.3277493294348 1777094060.32438
    0.881556200947952 -0.000949461889166711    -0.697282474695047 1.12398624832536 -1.98552217405834  4.31905389715917  8.33830495667287 1777094060.34408
   0.90898938783601 -0.0593525140290524  -0.677313630454549 1.13513795730721 -1.96804234341602  4.57167237617571  8.17434749513836 1777094060.36829
  0.88732503100269 -0.118248452644924 -0.665603667380383 1.11550735059302 -1.92336562068612  4.84928813487317  8.26656137232643 1777094060.3897
 0.879713937892622 -0.165102883523734 -0.636346705403329 1.09822252032458 -2.0287035872944 4.93520472628997 8.28073134710058 1777094060.40619
  0.86072700710485 -0.203545309503343 -0.586531546801913 1.06127325848451 -2.08677479039074  5.09127443348192  8.17241626183125 1777094060.42387
 0.881297705500724 -0.209626319422051 -0.562032759706783 1.06607207190644 -2.16928055769102  5.40075572669839   8.2823803178817 1777094060.44414
 0.864326614296573 -0.204197180560674  -0.55613904075335 1.04787767290861 -2.05396083781362  5.77235978324186  8.25256701890419 1777094060.46817
 0.835450075140764  -0.19948761449774 -0.566509505128544 1.02893399000699 -1.97119538524586  6.08868121846489  8.21944411037591 1777094060.4899
 0.784136402391081 -0.188778251259808 -0.568668334820256 0.986859058189558 -2.01152952355726  6.23308949311661  8.13333257875353 1777094060.50791
 0.739947648600239 -0.178258608243712 -0.553213687618576 0.940927222611054 -1.95961839847351  6.30195575724832  7.97399511188304 1777094060.52392
 0.696638149889441 -0.165405706991724  -0.49596477173469 0.871002189772597 -1.89601407784338  6.43222819766244  7.80672453690056 1777094060.54428
 0.680102812824271 -0.124501268418256 -0.439666193257746 0.819357530839254 -1.94441568385167  6.50483033745533  7.75464566579171 1777094060.56818
  0.639421068174102 -0.0695795095193195  -0.355896558529001 0.735093851792168 -1.93580065108184  6.68718672268223  7.80275818984639 1777094060.59002
  0.608401523462959 -0.0470100117612137  -0.321688868221145 0.689815977558682 -2.02675967948593  6.61908120863614  7.57768816212061 1777094060.60843
  0.61344298979812 -0.043223619060919 -0.306603366000418 0.687158065527842 -1.98445870732338  6.48754614169905  7.34794035513075 1777094060.62486
  0.617311251915258 -0.0393307694466618  -0.267824788489756 0.67405504856505 -1.97063499791412  6.63336061130654  7.57216566428729 1777094060.64458
   0.63783938807764 -0.0541680700260099  -0.228541305433593 0.679709050317039 -1.99025776504811  6.73269275358239  7.50122849157779 1777094060.66802
  0.662129176608481 -0.0546399073085869  -0.185242971848584 0.689721338372397 -1.95163669260723  6.66605116326713  7.22002970166229 1777094060.68877
  0.623144344311522 -0.0756663026765414  -0.146212965385371 0.644525014607624 -1.8994296343792 6.64691304244825 7.22891311040274 1777094060.70834
  0.594841431119764 -0.0989934606494086   -0.11927775755089 0.614705797007255 -1.8424160205438 6.78608873696969 7.34386812144811 1777094060.72589
 0.558945516450214 -0.111429947875653 -0.105116607558264 0.579556921128482 -1.85777467033132  7.01317399509901  7.37630950926116 1777094060.74444
 0.512380209565163 -0.156284256279469 -0.126107309758663 0.550328357882305 -1.78311484187674  7.15741026741215  7.28598367084598 1777094060.76643
  0.47670718191867 -0.160228881894088 -0.148181111263855 0.524290638502406 -1.72850049507117  7.22840602970332  7.18600283064961 1777094060.78822
 0.449502515083142 -0.160375295075701 -0.192012184911901 0.514433110803854 -1.74620194783561  7.36775372328486  7.09946611413338 1777094060.80837
 0.429775073960165 -0.152957218184391 -0.242490005019414 0.516627455064565 -1.83680058989128  7.54879176728729  7.11527149871905 1777094060.82603
 0.390074063432277 -0.149621362357426 -0.253524741686478 0.488691233483327 -1.78378950494858   7.7343226967098  7.07290375452777 1777094060.84425
 0.316696313991013 -0.125424175453837 -0.236930718589839 0.414926432630251 -1.71576553563578  7.76917734883185  7.22469739053577 1777094060.86629
  0.251161152276499 -0.0636717478616367  -0.211612120269841 0.334538047662313 -1.60565879527113  7.60919619416936  7.10380058217683 1777094060.88805
  0.172354174539693 -0.0320443337869478  -0.177862917814904 0.249735897184886 -1.70020484758826  7.65755225884865  7.15267451899246 1777094060.90826
 0.0874619851351689 -0.0171669635848679  -0.145134391825129 0.170318217384279 -1.72090604119207  7.89023544137019  7.44848980071244 1777094060.92581
0.0578378856509271  -0.02964531283939 -0.102494135876635 0.121363559106567 -1.72528278431926  7.74760405861568  7.33077534616226 1777094060.94614
 0.0241574522103092 -0.0375897355874321 -0.0729391333563185 0.0855376402152715 -1.78166859410145  7.69462610682696  7.32592314402722 1777094060.96596
-0.0256061264609169 -0.0459981633742573 -0.0475383852562367 0.0709323820191294 -1.8236771498843 7.56841151380956 7.15554149725097 1777094060.98772
-0.0712420778698432 -0.0187613013424882 -0.0357795315329507 0.0818999082050393 -1.89780960926982   7.5436204412061  7.19846604276739 1777094061.00795
 -0.102454175368296 -0.0184585206803213 -0.0360146491900495 0.110157296591673 -1.86818190816429  7.58917347150002  7.33378530657896 1777094061.02571
-0.0813753441046742 -0.0424594203978393 -0.0278705166768707 0.0959245261052162 -1.83113235097456  7.49581636887759  7.25063359497864 1777094061.04603
 -0.0865968440432302  -0.0455385877238928 -0.00873105822479513 0.0982293629616877 -1.82636805388048  7.37403184073631  7.23035734300699 1777094061.0648
-0.0917083666184103 -0.0469361230455984  0.0195644517593158 0.104862728969882 -1.86428431240518  7.33582128079732  7.23610885847722 1777094061.0886
-0.0795466457010461 -0.0502647958523003  0.0383078703624308 0.101595824107421 -1.90669751878468  7.34841666122502  7.29188889933825 1777094061.10789
 -0.106299501093075 -0.0436820978269574  0.0525294218657244 0.126360792039097 -1.80320134062886  7.36458791302472  7.20266592950511 1777094061.12483
-0.126013253205942 -0.019031741524586   0.06367355197368 0.142463568641068 -1.81123472979391  7.34605207016938  7.39750349985959 1777094061.14573
  -0.155316670805085 -0.00918079865900944   0.0898566873170626 0.179671309756424 -1.74914548057672  7.32591762781363   7.4038823358284 1777094061.16433
 -0.233363315779853 -0.0184645607628885   0.141267963259413 0.273415461522198 -1.78413114338067  7.43510551143221  7.49132080229604 1777094061.18842
 -0.290191253761695 -0.0208566945103696   0.159093409400001 0.33159716280481 -1.76331900561727   7.4877678288567  7.41666609149411 1777094061.20787
 -0.325115841796046 -0.0144020084838712   0.142457310794304 0.355248946281148 -1.75086755854759  7.50504205984456  7.38876383849777 1777094061.22467
  -0.362984810908237 0.000599832551839592    0.117932844603878 0.381662794342783 -1.68643750296127  7.39941344145211  7.26936096220288 1777094061.24472
  -0.420574788192912 -0.00680381284875824    0.134397015502712 0.441578987395041 -1.71454122989163  7.38022854804593  7.53390775453739 1777094061.26422
 -0.481503054414332 0.00678115248422669   0.215445628867915 0.527549044580347 -1.73579805651087  7.34983844043094  7.61462366597912 1777094061.28975
  -0.545967581271839 -0.00651655627214015    0.240174785930097 0.596495593531116 -1.73824801049944  7.29214093250108  7.81979014361795 1777094061.31008
 -0.603978434155482 -0.0272883102816387   0.234648512466584 0.648532593788251 -1.73882635545766  7.18477695329926  7.89954708558002 1777094061.32693
 -0.694519891677862 -0.0506458686022758   0.227813322716231 0.732681236247877 -1.56037507213361  7.02617390855069  7.61414662282937 1777094061.34605
-0.779771981400724 -0.108148911032053   0.16773641681997 0.804907470124754 -1.56060323413111  6.97424452057164  7.81333073794774 1777094061.36819
-0.891402049042354 -0.145643504144989 0.0928778766949123 0.907984550152641 -1.51314180840994  6.65343737873453  7.74212769295828 1777094061.39231
-0.946632022616655 -0.169071208019898 0.0552609741535674 0.963198336215863 -1.53515197942483  6.50031535759789  7.84533925010919 1777094061.41198
-0.985090120014213 -0.178132388776985 0.0392016185912152 1.0018335487401 -1.49977638785019  6.37228748609365    7.755531997041 1777094061.43008
-1.00025133808575 -0.19049853234657 0.041970673887893 1.01909468040763 -1.55510426309067  6.30027832991877  7.89363274168758 1777094061.44592
 -0.98659383553725 -0.235550706606825 0.0781874127144368 1.01733219904319 -1.52178944281404  5.97959401171185  7.77178122196122 1777094061.46815
-0.941180860280633  -0.22610771552832  0.175284915965956 0.983702654538057 -1.60269786496579  5.73979383963425  7.95783397519819 1777094061.49288
-0.921535895564625 -0.197693742556895  0.244863980240125 0.97379134904726 -1.45178788782682  5.55532459906247  7.78962065982796 1777094061.51194
-0.903733727764292 -0.175284995869065  0.294861972668755 0.966645262442056 -1.4162332968199 5.45675262618103 7.94701560401415 1777094061.52848
-0.887411923605645   -0.1496273224602  0.359404497384297 0.96905100512003 -1.34984958406971  5.21327031178313  7.94411127872885 1777094061.54595
 -0.89266264869352 -0.112524548034809  0.407640571305018 0.987764756233411 -1.26262170102742   5.0745719285681  8.12432834965995 1777094061.56829
-0.937182246803605 -0.097401684294576  0.391747661792677 1.02042338386931 -1.26451948096191  4.72885356226513  8.09313916629053 1777094061.59279
 -0.980014114938641 -0.0766964042310201   0.347539327793186 1.04263780300921 -1.29243010348034  4.48773452250455  8.15288804910495 1777094061.61197
  -1.00486160585743 -0.0875883512878816   0.306610118041755 1.05424301311096 -1.26613674065845  4.23781612827502  8.18833556993646 1777094061.63001
  -1.03448235316583 -0.0949902360026784   0.303736040023011 1.08232733771083 -1.25819148358858  4.17711430286695  8.35510672146084 1777094061.64811
 -1.05502515917581 -0.127754267045794  0.334133525505654 1.11402174669491 -1.15558049716021   3.8854456632466  8.32857029247737 1777094061.66813
 -1.05727993433232 -0.155276354181261  0.386249419943549 1.13628351220825 -1.03283613164465  3.56520005958735  8.17379742663909 1777094061.69186
 -1.06135357047444 -0.145772496317265   0.38606877087136 1.13875814731818 -1.15613125706032  3.31998083305823  8.38389396661007 1777094061.71024
 -1.07333252791435 -0.133209428218548  0.415101532451597 1.15848899411647 -1.02355325480524  3.14238667490349  8.26537529252907 1777094061.73006
 -1.06554087036387 -0.146180674989226  0.421991197126421 1.15534527592763 -1.03127232741629  2.92899416778942  8.38639641850748 1777094061.74838
 -1.09040026825789 -0.163394746725392  0.437643144677862 1.18625549961122 -0.96271650307524  2.60906666832884  8.37413581868808 1777094061.76826
 -1.09638509584419 -0.120929570427699  0.457647276254872 1.19420486887996 -0.921586692719876   2.37810997576438   8.42885508215202 1777094061.78992
  -1.10939417152327 -0.0722956716354799     0.4832513263967 1.21223509947996 -0.822752358714251   2.03243967052828   8.39955369466872 1777094061.80868
  -1.09793033079059 -0.0567117261146017   0.529061504380259 1.22007102521367 -0.761315826259077   1.69304032228057   8.60333431327427 1777094061.82858
  -1.05360462095637 -0.0635511223394687   0.590645105242246 1.20953837590952 -0.692832089879875   1.33912799354392    8.6149026197336 1777094061.84835
  -1.01261203993313 -0.0292270776477159   0.598610951900564 1.17667856155394 -0.749855217993818   1.05545189627632   8.58517336700983 1777094061.86807
-0.949022644372385  0.029598921495638    0.5718134397036 1.10837299024783 -0.842543205119149   0.88637569116973   8.68895844115422 1777094061.88991
-0.909104182540988 0.0518601381263898  0.545964263924632 1.06171411694616 -0.778285787228756  0.705067553931879   8.89654710500033 1777094061.90862
-0.892527156443884 0.0707734048762774  0.548535159318895 1.05000210515817 -0.723952737952754  0.434674935869328    8.8562977785448 1777094061.92976
-0.913752526495278 0.0881029036748058   0.55143205732584 1.07087959881541 -0.800204783036852  0.209056762905553   8.93199391933683 1777094061.94842
 -0.90262429989918 0.0969189547633178   0.53414957504826 1.05329942518029  -0.908417808470138 -0.0133728148986764    8.96622690324007 1777094061.96812
-0.873365833355902 0.0734588606585681  0.525969836481326 1.02215867259976  -0.821787075159296 -0.0763576726621362    8.90686447511858 1777094061.99066
-0.836572845631909 0.0657914514182306  0.521583645476836 0.988044604437114 -0.966923461144033 -0.194008309099538   8.95402216621243 1777094062.00834
-0.800159508619938 0.0652954990453679  0.549223648906927 0.972710315535475 -0.977271492104653 -0.358736639449886   8.86101799587846 1777094062.02839
-0.766609207418641 0.0737811240770333  0.570800651446384 0.958617084586293 -0.915617557557272 -0.448071220236648   8.87995275565921 1777094062.04839
-0.740096810297596 0.0807690719732697    0.6260109357661 0.972705825673337 -0.908118534626467  -0.65602484529698   8.95241665310851 1777094062.06823
-0.669988033969917  0.108819848809743  0.641859623844432 0.934189221667412 -0.938958913486404 -0.889151418334364    8.8625463467135 1777094062.08823
-0.641959168370372  0.150726349587026  0.635918251292856 0.916090622505205  -1.06289390620801 -0.845316563602627   8.98132892458781 1777094062.10805
-0.6717424623796 0.16588410450208 0.58131705191918 0.90370625025075  -1.00042830560825 -0.848212792447142   9.12733224232969 1777094062.129
-0.684217553664907  0.164083038773193  0.555337088135618 0.896368331555272 -0.981635351408937 -0.950634306938919   9.32383636260205 1777094062.14827
-0.716097909183432  0.117433729623631   0.53807558442898 0.90338930198934 -1.11619922297635 -1.25579637585357  9.03910900694769 1777094062.16831
-0.731978819591289 0.0573211169630819   0.58263185880123 0.937303891846358  -1.0895631825912 -1.33113032391558   9.2076090169638 1777094062.18828
-0.741126705348568 0.0243328150516176  0.579391847433675 0.941039739937569 -1.11040584255735 -1.63303240848293   8.9860780510144 1777094062.2083
-0.763124171099637 0.0214807180119098  0.531841322506916 0.930416634679712 -1.12606829466675 -1.58732931758858  9.24238876181617 1777094062.2283
 -0.77087338895845 0.0303846113815498  0.489631149782815 0.913732821589952  -1.0240816116328 -1.65040214676345  9.19646450731608 1777094062.24821
-0.798715831574728 0.0319668178800248  0.439765367318194 0.912338991464242 -1.14534984032391 -1.76864265282718   9.1836383109636 1777094062.26822
-0.825103039030226 0.0406964120988072  0.416948996294606 0.925363543957568 -1.20777720655684 -1.88653549949924  9.23979217612857 1777094062.28844
  -0.8535318724585 0.0344375450525898   0.39956832522033 0.943057500013198 -1.03969728914864 -2.06890178978561  9.00679683603567 1777094062.30824
-0.863360966434511 0.0231020511453871  0.391930252239415 0.948438287792257 -1.02476232604819 -2.30936959831514  8.89605721015136 1777094062.32813
 -0.877848576986479 0.00432184022624527   0.399233803448438 0.96437774354038 -1.11590251254357   -2.468284926354  9.16786555244067 1777094062.34821
 -0.872453772514331 0.00707894411769061   0.408317763998714 0.963301143475507  -1.1316301691593 -2.74111616115366  9.05099160862524 1777094062.36818
 -0.880689644587054 0.00365278624999145   0.384838429751241 0.961107803497433  -1.2727795494279 -2.76368822213557  9.13252133843751 1777094062.38848
 -0.892839633762189 0.00861030882708957   0.354058169472559 0.960517535709243 -1.31722465604403 -2.91401788945843  8.95711070054598 1777094062.40845
   -0.869223518408223 -0.000911165291648744     0.312011809107735 0.923526785858884 -1.25816255452313 -3.09795946325091  8.94667596524394 1777094062.42808
 -0.847537658784548 -0.0142499638469276   0.302977445650309 0.900176914334297 -1.29490533927277 -3.40141867548229  8.82594626071273 1777094062.44809
 -0.829053655565965 -0.0233434564226779    0.32806425550985 0.891908648073489 -1.32097409475473 -3.45422809710032  8.91478238712795 1777094062.46812
 -0.824909480748332 -0.0463803239481296   0.336079076453774 0.89195063288729 -1.32523525880134 -3.74145115638387  8.65802044504398 1777094062.48967
 -0.833550637578309 -0.0355765675655691   0.346093610577332 0.903245893901216 -1.47561274331036 -4.01253319242874  8.63403012277695 1777094062.50908
 -0.818274978550047 0.00381390016730887    0.39606873205268 0.90909786429481 -1.52268030143665 -4.19865941898263  8.52437809359933 1777094062.52841
-0.773659848230499 0.0461308722588129  0.363005977980651 0.85583348741977 -1.59607677457554 -4.38454011675016  8.45606866129918 1777094062.54812
-0.687513131977891 0.0702748951210677  0.327048045466057 0.764573928125655 -1.41099067839451 -4.44610848118368  8.52693672970567 1777094062.56827
-0.615302713277941 0.0476513886391188  0.317009785949443 0.693803493933365 -1.59258040175753    -4.63203877079  8.45431266099225 1777094062.58984
-0.579129440923069   0.02639719759416  0.378840260782961 0.692537121441727 -1.50676938932954 -4.74989121994079  8.47023871483911 1777094062.60999
 -0.571211124458704 -0.0281930321261322   0.391858222374223 0.693274737898424 -1.49766738320628 -4.94455451805793  8.40898557209578 1777094062.62845
 -0.556421945417663 -0.0617094524455479   0.361541678696612 0.666427657963165 -1.55542113632794 -5.08689666677471  8.23640544539056 1777094062.64819
-0.555433888021866 -0.019104666201532  0.335858156861158 0.649363144753329 -1.66344392634571  -5.1392228148789  8.20558099981379 1777094062.66821
-0.537095520494094  0.052002194115449   0.32404849750389 0.629430897765728 -1.70783423522326 -5.29125006632926  8.15387101067131 1777094062.68993
-0.550351089482935 0.0657099056499305  0.299579590703046 0.630041303853471  -1.5509888207371 -5.49762199216893  7.91823037263559 1777094062.71028
-0.569126712329229 0.0563122551275897  0.261395062403055 0.628811309864039 -1.51890147188769 -5.69406302970576  7.83261544949445 1777094062.72966
-0.591148514533359  0.115077219054157  0.217957700327021 0.640472397306925 -1.68143405794447 -5.80408892664356  7.82358912482972 1777094062.74813
-0.603133218030998  0.174615207831008  0.207738686818269 0.661373957379086 -1.74534109424108  -5.9884942903927  7.92130394628454 1777094062.76815
-0.597010244552867   0.16979328376862  0.195783951469251 0.650832042056105 -1.73534147473568 -6.03897301012161  8.01641823043485 1777094062.78996
-0.626459525313153  0.137069992287853  0.240240383013362 0.684803009099537  -1.8503328682961 -6.28463014654582  7.95191355069863 1777094062.81061
-0.629945933324173   0.12954031623498  0.304518678252628 0.711578665958058 -1.92421076105285 -6.44599788841113  7.96738940153048 1777094062.8299
-0.628479696260844  0.114469158902104   0.34530293332813 0.726170801338699 -2.04429500659688 -6.55742309219839  8.08652351783538 1777094062.84825
-0.623404273865354 0.0666807102141512  0.325088295463493 0.706230561244423  -1.9976684800956 -6.64193385633918  8.04876243695731 1777094062.86815
  -0.56927742365079 0.00570404718462858   0.232962844402362 0.615126822781128 -2.00486354117928 -6.72567525590964  8.10206882547764 1777094062.8892
 -0.498688590289527 -0.0209443276851017   0.213210127264604 0.542759185380888 -1.89664858418075  -6.9667971863529  7.94274545611576 1777094062.91059
 -0.426630493149391 -0.0209188865354765   0.180698626814031 0.463792163831229 -1.83652181540865 -7.01887868677768  8.03597912091482 1777094062.92999
 -0.345561087344709 0.00565377310611867   0.175641970974145 0.387678387590636 -1.87187535144063 -7.15217776056603  7.91738406490708 1777094062.94818
-0.233346344241772 0.0507029374154283  0.210790958865245 0.318518653414336 -1.87898561008147 -7.20774708724541  7.92613686652244 1777094062.96818
-0.108909879497478 0.0907335271655837  0.270947955312809 0.305788700399892 -1.82928178146708  -7.3051515202796  7.76461115132896 1777094062.98957
-0.00257539667586785    0.144599912984108    0.295310958131077 0.328822641397067 -1.97042688179909  -7.2281009861157  7.95028166040208 1777094063.01066
0.054054077228948 0.131428234282265 0.255206281427535 0.292105238076446 -1.94958824120809 -7.12170931666246  8.01285293207895 1777094063.03013
0.0661636587672816  0.105039542731718   0.23359753150279 0.264534954217696 -1.99486229411467 -7.04634110684555  8.03754562645677 1777094063.04853
0.0766193667102362 0.0551791299833996   0.19531249857008 0.216938322659898  -2.1473292378079 -6.83656725769517  8.25643171423353 1777094063.06793
0.0616416544364467 0.0234274025560039  0.135517593067419 0.150710168147242 -2.20262132947047 -6.71783239529496  8.08992327796836 1777094063.09056
  0.033861426397776 0.00257550444549476  0.0867973080048194 0.0932040884174308 -2.24141466494788 -6.61029775213317  8.21332788413164 1777094063.11043
0.00988717003826943 -0.0338186934089606  0.0289323241710768 0.0455910028097124 -2.27916361412191 -6.59308662659107  8.26178848320635 1777094063.13006
-0.0159414087178408 -0.0465048015654644 0.00978378949796981 0.0501253191260969 -2.29289115287503 -6.57383025626256  8.30435378646165 1777094063.14831
-0.0414814945634153 -0.0750399145753815 -0.0108965435409654 0.0864316946023585 -2.30226380586898 -6.49213755414741  8.27859878147508 1777094063.16684
 -0.039403377198481  -0.104666796886723 -0.0517728381616691 0.123240380056566 -2.36260973869372 -6.57974478656973  8.06002551393138 1777094063.18811
-0.0115737640868868  -0.143411223081409 -0.0340703150901226 0.147856407677127 -2.26525450860756 -6.68888845889781  7.91668518178577 1777094063.20981
 0.0372040811339942  -0.187277897169248 -0.0274169408882702 0.192895938445658 -2.27987100599993 -6.73765903155837  7.89764664437645 1777094063.22852
  0.085215013419332  -0.172771968791034 -0.0138401154458932 0.193140623659402 -2.17477512542678  -6.6961379133678  7.96906581465877 1777094063.24626
  0.131729204481775   -0.14747754332887 -0.0210531247078707 0.198860360956338 -2.18871205500373 -6.69279871270378  8.13228029007391 1777094063.26929
   0.14288092961773  -0.147328578732232 -0.0290016422143907 0.20727220124951 -2.06697927064512 -6.82331673554401  7.96740967649859 1777094063.28669
   0.19614764371065  -0.150347229428463 -0.0680934166610028 0.256349177729564 -2.13061071488012 -6.67307287450841  8.16924788027135 1777094063.3088
 0.253004917682038 -0.137200414849253  -0.11063964661338 0.308344893923729 -2.13530829485364 -6.59834405410151  8.03619920167021 1777094063.32973
 0.308531871588877 -0.129070563937125 -0.169967632433571 0.375153465046314 -1.97762088580363  -6.5121939810631  7.89382431028155 1777094063.3481
 0.360266030907631 -0.145958034863713 -0.211014742274897 0.442292417326542 -1.94583065880246 -6.40827005705145   8.0053499885244 1777094063.36816
 0.399467403210329 -0.152208728938458 -0.227890196622703 0.484433323698318 -1.86708386206766 -6.32907126407185  8.14349146788577 1777094063.38985
 0.409708173290128  -0.16232778247217 -0.219649046866142 0.492399025194273 -1.79548220411932 -6.31551038060825  8.29273467014679 1777094063.41158
 0.408313646302243 -0.179000354049309 -0.212185233058496 0.493744603651016 -1.64364961193549 -6.40347523188048  8.18419059847606 1777094063.43036
 0.425032631910972  -0.18201494717391 -0.232948169703504 0.51773258440251 -1.73687122850559 -6.46225693384014  8.20866246356569 1777094063.44859
 0.458355220844999 -0.163501144395799 -0.254803033878018 0.549314772027883 -1.70260097160242 -6.38760939932284   8.2215716105059 1777094063.46824
 0.489184210783584 -0.159989730547256 -0.289717967137861 0.590622050420602 -1.72245437536901 -6.33641564456105  8.16827311410758 1777094063.48983
 0.498842684142793 -0.126457676959679 -0.337734051349452 0.615548419724833  -1.6416880469008 -6.26908699901234  8.26818046131569 1777094063.51179
 0.510011340324065 -0.116400848042025 -0.364935494688836 0.637839039231559 -1.5918725781055  -6.294926330732 8.13596845471299 1777094063.53029
 0.525177661018126 -0.120719475545417 -0.393572631878948 0.667296174103039 -1.56402768738859 -6.17860505161077  8.20618048691878 1777094063.54877
 0.558872002065697  -0.14742374759261 -0.396043026754401 0.700658087149472 -1.45069372983067 -6.03639970713439  8.22540284862764 1777094063.56823
 0.607869209168992 -0.174726701247827 -0.431788683384923 0.765817120913322 -1.44060036204299 -5.86436779224936  8.21318613052254 1777094063.58976
 0.620193345240664 -0.228984971791399  -0.46944091025499 0.810832085581316 -1.36014273275792  -5.7159928988026  8.28964476166786 1777094063.61106
 0.628126068461326 -0.277032862747869 -0.489052657638827 0.842889118963201 -1.17072330050288 -5.57490692189971   8.3430717200911 1777094063.63024
 0.628852807296343 -0.293273072507327 -0.527755547849634 0.871774550321611 -1.14696865770058 -5.44379716733858  8.55990539470478 1777094063.64874
 0.670268718194079 -0.286054072234761 -0.578469800594968 0.930437744844869 -0.971364728308259  -5.43585618581323   8.43738463499426 1777094063.67315
 0.686722772010737 -0.298852107336973 -0.639899315970768 0.985074556689856 -0.930754431502318  -5.22285290850763   8.52700365500001 1777094063.69042
 0.717466705843139 -0.270972308732029 -0.680902992329387 1.02557951961615 -0.873022681014456  -4.96065324139264   8.61192478364749 1777094063.71048
 0.758356064091214 -0.243445851492818 -0.680416494805507 1.04753826133292 -0.793595447273799   -4.9026130931066   8.41489073432716 1777094063.73006
 0.782361869158717 -0.208611630253791  -0.70550100758813 1.0739369526646 -0.649893860198341  -4.71144864770027   8.49009493738816 1777094063.74851
  0.79779214878076 -0.186157861729484 -0.712773104389912 1.0858971224207 -0.564963124004236  -4.50772790838533   8.59355948748741 1777094063.76822
 0.825201974698001 -0.139850634426885 -0.687932266337888 1.08340541906706 -0.506815406197446  -4.34015361322722   8.66593984381378 1777094063.78789
  0.864095728826425 -0.0962353947228109  -0.626429764593459 1.07160483842793 -0.458800785646966   -4.1699371372017   8.73503223330337 1777094063.80836
  0.872444788094711 -0.0953907023784508  -0.588009455385097 1.05641583384393 -0.417156064749018  -3.99561317469251   8.70096103225455 1777094063.82704
 0.857638338140951 -0.131677481919183 -0.576913242288914 1.04197474413829 -0.432163027442386   -3.7796935881563   8.62329533465001 1777094063.84592
 0.835162188160233 -0.186143525815968 -0.613316057271076 1.05275917419053 -0.392693774500896  -3.42271035637536   8.76814361941017 1777094063.87154
  0.84979802782984 -0.185658821592123 -0.636447532736709 1.07781786404991 -0.312647347816084  -3.26937636202622   8.76261978738972 1777094063.88569
 0.866103099359002 -0.122553211754921 -0.645050154478636 1.08685029798203 -0.322594096374293  -3.16026144086076   8.68393515432887 1777094063.90674
  0.844637233557763 -0.0570327533895101  -0.625918619441338 1.05282425382143 -0.347726049367024  -2.94519352291115   8.77751104806985 1777094063.92703
  0.819874619645566 -0.0314276524176928  -0.610666587102449 1.02278823315425 -0.243836582029715  -2.76894679350074   8.75511161142988 1777094063.94692
  0.830100963753124 -0.0265040372529184  -0.567503682843051 1.00589785965325 -0.163233407648842  -2.59651418498502   8.66634501811937 1777094063.96813
   0.867413297869274 -0.00413832897540324   -0.526182484006485 1.01453977820606 -0.247330923358051  -2.43270869277384   8.64510187090094 1777094063.987
   0.872448600711633 -0.00567632630420956   -0.520647290764205 1.0160080624405 -0.210293594626993  -2.13544511856266   8.83405661685712 1777094064.00698
 0.896667850431187 0.0189306790219358 -0.458578568369689 1.00730626324525 -0.206336343412714   -1.8967777417707   8.73321334520967 1777094064.02769
 0.917070008071187  0.029899763522958 -0.402609184912945 1.0020007741208 -0.219328812486812  -1.67955923742787   8.65675176622492 1777094064.04662
 0.954285435988089   0.07990914407382 -0.350683548190817 1.0198162165887 -0.283667622680345  -1.36446305516968   8.77968017419222 1777094064.06659
 0.981231800559322  0.102348375908406 -0.339150702903867 1.04322300384921 -0.319487162933326  -1.08597130098085   8.92295110238836 1777094064.08655
 0.991404939209369 0.0974928470339227 -0.343730830766167 1.05382137610257 -0.198134952862332  -1.06106717019481   8.76816612191076 1777094064.10674
 0.969774820105472 0.0972221584888578 -0.318910976979982 1.02548503697039 -0.321687015700333 -0.771736349202585   8.85976334013481 1777094064.12656
 0.959551895503926  0.103263816182115 -0.317252980292806 1.0158999504884 -0.364896630923683 -0.517161143064422   8.78272379008371 1777094064.14785
 0.958088558633261  0.112977065619626 -0.340012452192757 1.02289098695126 -0.475356584723381 -0.336387151989907   8.87087244618065 1777094064.16815
 0.960949722300754  0.125331715854998 -0.328922152430773 1.02338760503963 -0.464109641886405 -0.120007525035681   8.93915547063621 1777094064.18645
 0.945632570725276  0.114354895776864 -0.301301186922345 0.999039742075082 -0.480645615338842  0.164450591307791   8.94993915515024 1777094064.20681
 0.924602197566068  0.112148781954857 -0.285992572342704 0.974298888674906 -0.58215344032532 0.329814235806203  8.93446319379841 1777094064.22601
 0.920971333926537  0.104462373332316 -0.262401893242326 0.963304385401521 -0.525607987208281  0.539439321874136   8.89725493796064 1777094064.24593
 0.878183696203868 0.0716754312610105 -0.267534654277183 0.920825044709336 -0.510382797805444  0.851300589361319   9.00608873262559 1777094064.27142
 0.861731461240334 0.0597030426470844 -0.283751340034108 0.909208660079672 -0.381896656956806   1.01180922694983   8.90155654930775 1777094064.28579
  0.83566960670551 0.0382690500253244 -0.341816574638932 0.903685112447403 -0.350341311929454   1.15272820588659   8.84018135962259 1777094064.30614
 0.820149779797781  0.040264524675708 -0.327338001226073 0.883977975006386 -0.41458389701149   1.3447126615974  8.90900655645226 1777094064.32585
 0.83298754191753 0.056231578120908 -0.26368486730985 0.875534091064414 -0.498390658653432    1.5462080749161   8.99507626548581 1777094064.3448
 0.862052941609059 0.0570812826251733 -0.234020148789519 0.895074844357965 -0.386679466696568   1.75515487773989   8.76768971209336 1777094064.36602
 0.878524817625844 0.0448314642163567 -0.212568350128157 0.904986750645838 -0.444230642819209   1.97484133382812    8.7998531619965 1777094064.38417
 0.901784473422421 0.0617954277500266 -0.233756187684454 0.933635831937341 -0.526328864011798   2.13738822466731    8.6859968674806 1777094064.40616
 0.907677422489039  0.088106937707359 -0.222041083440592 0.938585839709925 -0.443026492076183   2.26097424280497   8.61485633984294 1777094064.42604
 0.880312200960993 0.0841239509023713 -0.250567834753076 0.919135816998259 -0.562875882756603   2.43761038869857   8.78388969078937 1777094064.44579
 0.872798002216523  0.068491856795617 -0.238184710982862 0.907303391190871 -0.611043347596581   2.60073894936126   8.71248192537105 1777094064.46964
 0.876794399439239 0.0591955055034103 -0.233990912378792 0.909408749592657 -0.668019321193766   2.81124207669133   8.81406919882432 1777094064.48632
 0.851341099566314 0.0879952918441532  -0.23968023373523 0.888803383004865 -0.682474850911195   3.01370397253164   8.64347214705384 1777094064.50799
 0.862759207501202 0.0922407624689308 -0.249880752928958 0.902940861337715 -0.703751716476868   3.21846421958795    8.8324118221613 1777094064.5282
 0.825918650354219 0.0543813955151835 -0.251244935856546 0.864998827152195 -0.597333589666338   3.33620984934101   8.72585346655441 1777094064.54819
 0.783124180905488 0.0106480905326448 -0.267129340658113 0.82749921401251 -0.581392836804251   3.55986410678321    8.6186671976018 1777094064.56831
   0.748859381148396 -0.00609157875325327   -0.299278833091977 0.806470892222752 -0.605520278330023   3.76098066851535   8.59859692818619 1777094064.5867
 0.727767554205383 0.0134874916380538 -0.303133176541573 0.788490487009803 -0.629826135933932   4.07454829069615   8.59762217051035 1777094064.6098
 0.751481059333446 0.0273990606401507 -0.261173952622966 0.796044172511541 -0.575645173787246   4.17902051466042   8.39661402344279 1777094064.63045
 0.762622840445525   0.03532105981073 -0.208859751796183 0.791494516693399 -0.5410860601801 4.30599223058291  8.3973972392247 1777094064.64874
 0.766993555146104 0.0422178136955797 -0.155695652217348 0.783774580825558 -0.453969099607253   4.57230921026298   8.45515218166282 1777094064.66826
 0.775536575661681 0.0193598821920834 -0.135986599091896 0.787606589840459 -0.485385950895195   4.70797551825725   8.46221091721439 1777094064.68649
   0.767182539109427 -0.00737511840356706  -0.0951233740709021 0.773092424604256 -0.39891230728276   5.0086971483274  8.41513066695543 1777094064.70997
   0.77404028599557  0.0147681632747657 -0.0992195535231853 0.780513281624313 -0.504093612656499   5.06048934000533   8.30379502128524 1777094064.73199
 0.770971994111313 0.0796412802058112 -0.116160168388151 0.783730651395464 -0.631784809926448   5.19291320986713     8.349230030737 1777094064.74999
 0.778933848763647  0.122835926696142 -0.128783303556267 0.799006723946622 -0.591262521123214   5.27974216477717   8.10291880393416 1777094064.76823
0.781834789938291 0.135110071638663 -0.12579472811082 0.803333482332543 -0.627880291087092   5.48315918705991   8.12860960013323 1777094064.78646
 0.762833552998247   0.11413561822224 -0.157154965795753 0.787171933062382 -0.630989737252546   5.60104606015173   7.94290618644434 1777094064.81191
 0.740170267118261 0.0895522508100262 -0.209834536931648 0.77453351305181 -0.724128195016231    5.7345260503683   7.97232757831351 1777094064.83369
 0.723350633511714 0.0615468737137276 -0.257734125409595 0.770357732528453 -0.770308360974801   5.92113819907732   8.09641141609259 1777094064.85033
 0.713898509852301 0.0396446646054088 -0.279300628012427 0.767614240754526 -0.730305281365113   6.02613087837836   8.08562067922329 1777094064.86816
  0.698069792612039 0.00683747274543867  -0.271059498370628 0.748880122615026 -0.619012668868064   6.09405756757156   7.93936467614469 1777094064.88645
  0.644500660897439 -0.0355722310557157  -0.260621868192655 0.696110798436388 -0.7258795153318 6.28548746696906  7.7814050994724 1777094064.91154
  0.616170581885438 -0.0100544742466865  -0.241565842862152 0.661907346137749 -0.70054144527227  6.40328677592066  7.66979887254362 1777094064.93365
  0.592085414673657 0.00654689809056885  -0.207990044182803 0.627588924872842 -0.609169921800335   6.54637190800093   7.61837812461386 1777094064.9516
 0.585589482553471  0.015142425842211 -0.191907035126149 0.616419212280521 -0.588143805280374   6.67405853836055   7.66730459504831 1777094064.96832
 0.565309216375001 0.0239690039727885 -0.192888288516089 0.597791698768585 -0.59440961944328  6.90449798948639  7.65003324188456 1777094064.9861
 0.526912723494418 0.0533029916488846 -0.237347482816502 0.580355110857444 -0.60861931142601  7.22431241804869  7.66393543214475 1777094065.00811
 0.476684251653637   0.07885176827024 -0.275653116110379 0.556264431323174 -0.572850337425966   7.31553583442631   7.62609235508068 1777094065.02885
 0.453628047572419  0.103663990189959 -0.260650673921764 0.533351105953984 -0.691275891035623   7.47270166518542   7.87348903211281 1777094065.0488
 0.429638575569116  0.101156547501077 -0.195196516023388 0.482621624657522 -0.744946760284565   7.38787489697829   7.83009665881705 1777094065.07123
 0.403151237106262  0.115314889395101 -0.150599325680772 0.445543040111746 -0.843274634785037   7.37137329832952   7.80374312962476 1777094065.08462
 0.343201017853378  0.114560749047814 -0.096973596866508 0.374586415086318 -0.926759401561539   7.36894430147529   7.62112737628957 1777094065.10653
  0.261434230517873   0.110711805031016 -0.0881024158944808 0.297265868114962 -0.993420207032136   7.50653866510711   7.58471834795314 1777094065.12951
  0.223110165747929  0.0809460482527574 -0.0624848593116895 0.245427721398801 -1.0850727879743 7.59925555260301  7.6329851133191 1777094065.14998
  0.178646496785911  0.0720610080361508 -0.0726399849353799 0.205873570679864 -1.15202107257605  7.63986075842771  7.58011761758711 1777094065.16818
  0.136404511946681  0.0403665225956459 -0.0900933826611913 0.16838190112127 -1.16827526876189  7.66896025333579    7.391375027282 1777094065.18812
0.0740996930995629   0.01088687713014 -0.112053301694837 0.13477845165979 -1.12992744190939  7.72641726222633  7.42553395475326 1777094065.21
0.0280753903166302 -0.022699942689794 -0.107353303553221 0.113261850255684 -1.13739710342351   7.5831730607236  7.36778890919461 1777094065.23096
-0.0193337232748809 -0.0347824941749254 -0.0997611550001846 0.107405320183263 -1.10649466621959  7.60711403272622   7.3575746145542 1777094065.25031
-0.0352546249201017  -0.052204557458068 -0.0658523925708433 0.0911303572085298 -1.13320945903575  7.65335807074117  7.39270262152683 1777094065.2683
-0.0816951251300476 -0.0695836083950276 -0.0424772629495291 0.11541356027335 -1.05523033877369   7.6651247106182  7.38686467495487 1777094065.28819
-0.0852546307554688 -0.0657919772031481 -0.0319871613256305 0.112339284398748 -1.00094367178251  7.54726159047084  7.48434704904349 1777094065.31274
-0.0906278072009997 -0.0507306350337448 -0.0249944758488604 0.106825655120612 -0.968852043504081    7.4426245556477   7.51924564121045 1777094065.33165
  -0.122343084824401  -0.0389322258541916 -0.00648336223288383 0.128551867353824 -1.0217514967484  7.3421091535905 7.59174193005538 1777094065.35018
 -0.142774129299623 -0.0176046663612182  0.0281930630942783 0.146592036214773 -0.964135754093315   7.23794031660427   7.63216093022584 1777094065.36716
 -0.164203688400996 -0.0158326975613343  0.0753530085479973 0.181360418762735 -0.980480735198098   7.09490604064363   7.51191708073618 1777094065.38792
-0.198456816167814 -0.025875480881995  0.131652098716084 0.239555679312116 -1.0171274259734 7.15313900115397 7.61949874563637 1777094065.40906
 -0.222797122403586 -0.0441560837364606    0.16812680324269 0.282586162879335 -1.07580057295585  7.11489838065331  7.65031703367895 1777094065.4306
-0.246355813668184 -0.049566760205885  0.184352479896057 0.311663099338447 -1.06090087792793   7.2271752261024  7.78586002634065 1777094065.45049
 -0.263316115492731 -0.0519216637230345   0.186578526612434 0.326868142275775 -1.05083628070326  7.27556376698954  7.89099598373687 1777094065.46669
   -0.2900058204587 -0.0609867203107163   0.190324941410053 0.352202128438943 -0.955952062535517   7.08027182739835   7.66377225036427 1777094065.49114
 -0.319340116049237 -0.0609420213518249   0.212301135147113 0.388283159137168 -0.878455731039231   7.14475563976933   7.76248876763177 1777094065.50882
 -0.369502713760863 -0.0505974075116707   0.242984521571485 0.445122265054073 -0.860810259992739   7.08473920306843   7.65956853686819 1777094065.53093
 -0.429055421324175 -0.0413343671319069   0.269744122887812 0.508486948019687 -0.860493808765358   7.08162380888106    7.7272424545879 1777094065.55192
 -0.479333289172252 -0.0391335565995126   0.282710067638878 0.557868102426726 -0.814686978231726    7.1324962394802   7.75685831576781 1777094065.56824
-0.532327974717041 -0.043390597560626  0.293493015768639 0.609421009588598 -0.710236852949005   7.03314326065507   7.68576425291069 1777094065.58644
 -0.585942548710979 -0.0549158693702225   0.316743749985047 0.668334516730353 -0.700383350017499   6.92660346271845   7.70263941139848 1777094065.6086
 -0.642448535692867 -0.0579046111749133   0.331126727088722 0.725077909194396 -0.664462816981098   6.85771793567005   7.81694017206305 1777094065.63192
 -0.693941194668754 -0.0524383900562638   0.348103195568145 0.778125954569531 -0.613223294435299   6.73890078778509   7.93542103690084 1777094065.65202
 -0.716460175684165 -0.0460649136762495   0.369676000490152 0.807525544457746 -0.596310254915584   6.59196031335159   7.86717373122097 1777094065.66819
 -0.755510758679201 -0.0164458823676058   0.387101486369867 0.849066860898852 -0.71756580044946  6.53574272638848  8.08593309420685 1777094065.68795
 -0.781261890507054 -0.0121977929743164   0.387572825182355 0.872199302070308 -0.616031107244876    6.4181888465989   8.09058327553699 1777094065.70817
 -0.832739304188888 -0.0383912481894535   0.377154007403879 0.914972011582508 -0.451616315004046   6.14253074234036   8.07866255740912 1777094065.73084
  -0.85063181808381 -0.0713260200738388   0.388667853178992 0.937936347078473 -0.398866527481879   5.85253644298832   7.97916506974032 1777094065.75202
 -0.865570487819246 -0.0664792310586588   0.396426073696539 0.954350768560623 -0.417121054927879   5.80842278630785   8.12688627755193 1777094065.76812
-0.898865135235003 -0.067726911027121  0.406805431580548 0.988957089555331 -0.426221338791511   5.66871140550536   8.11123854325463 1777094065.78618
 -0.918620448219722 -0.0834583351833709   0.405547558251528 1.00761979119247 -0.415431082880202   5.43740227803985   8.19902536617413 1777094065.80794
 -0.924426708048456 -0.0927194063469093   0.414843075314316 1.01747550535768 -0.267072604437482     5.010135743375   7.96706491675807 1777094065.83029
 -0.955064257872448 -0.0609410898993013   0.414667528462469 1.04298164521948 -0.215453761559962   4.76837161255726   8.00571284427235 1777094065.85014
 -0.956451289874233 -0.0183154546017152   0.422638072142436 1.04582860249834 -0.219006037565252   4.58000582488274   8.14058786961177 1777094065.86832
-0.922745173452404 0.0529554295257704  0.439774988551112 1.02355506603265 -0.160116418818632   4.18491460528077   8.13131573252786 1777094065.89168
-0.907031826344048 0.0857285714495911  0.464871866647959 1.02282059735056 -0.163209558714103   4.06060156955456   8.14895688653904 1777094065.90688
-0.87283373622961 0.105110276881864 0.493017079979462 1.00794481126607 -0.212467108782845   3.90847808463155   8.18785511926063 1777094065.92992
-0.851012537312185 0.0951112671154724  0.486316632186219 0.984770205954557 -0.290159611668687   3.66192945567374   8.26818013892057 1777094065.94878
-0.824342015819069 0.0702722547708839  0.464368505997861 0.948744464119773 -0.354109646523261    3.4500271961601   8.27502598678401 1777094065.96831
 -0.81113600484664 0.0417595237626086  0.422901730762492 0.915713574249808 -0.409180227070091   3.24493016160657   8.36673446886706 1777094065.9863
 -0.84605683716019 0.0346225026020125  0.400709970265918 0.936792063193558 -0.427106258003789    3.0352062481091   8.35901534387737 1777094066.005
-0.835742097569462 0.0194946446387315  0.344511341398891 0.904175292281235 -0.499495689871879   2.84074270144966   8.57949095439653 1777094066.02687
-0.839164021008442 0.0268538203321618  0.305966111253448 0.89360653704919 -0.446122976527535   2.70716838796912   8.61499846906817 1777094066.046
-0.828240244534136 0.0222418341015648  0.284903557895939 0.876154460784131 -0.448538712464147   2.51680738534796   8.61433241642576 1777094066.06546
 -0.804448755851101 -0.0187988214283789   0.279921022102591 0.851966534021401 -0.418062118020849   2.32639190864507    8.6624286753245 1777094066.08476
 -0.804445489703632 -0.0566281401105058   0.291181058968943 0.857394717303044 -0.340447960628457   2.08845785123375   8.67731191218024 1777094066.10476
  -0.80329878198001 -0.0597086978685036   0.342263885696594 0.875213476349542 -0.309892069008217   1.87281934551352   8.77732677885008 1777094066.12883
 -0.785952334141593 -0.0258229413941917   0.402860616350163 0.883563564239099 -0.297928159015296   1.82120044061779   8.89604872440227 1777094066.14794
 -0.784239834668453 -0.0143994841385123    0.41265797124151 0.88629908307152 -0.136299132765567   1.58772394448003   8.71188347390716 1777094066.16826
 -0.785553761436045 -0.0127555552065132   0.421612834243114 0.891636023438633 -0.178588178757143   1.51753567889799   8.98206485342835 1777094066.19006
 -0.805525671814042 -0.0156042406631815   0.424846457694585 0.910829079956154 -0.0957543663479968    1.41396657625974    8.93697068214898 1777094066.20811
-0.828662124175333 0.0367978395790751  0.452104402051477 0.944686925597463 -0.055217472118167   1.20989235695855   8.85433106748578 1777094066.22831
-0.824292879925205 0.0664775086650126  0.472257051442371 0.952315459126196 -0.186528709473716   0.91923492411276   8.98203853438288 1777094066.24812
-0.776442437257993 0.0939286427409477  0.505749190319065 0.931379456403607 -0.157400581060798  0.743560262040998   8.96832862410032 1777094066.26822
-0.754500889032617  0.100785221401425   0.56900641335926 0.95036706111266 -0.161308004275086  0.548705294368003   9.02891664754242 1777094066.28822
-0.763037843299161  0.114190190925683   0.59448714074719 0.97400262346877 -0.258983298023729  0.400623344669907   9.24822318165389 1777094066.30802
-0.73366464647248 0.119634549841423 0.579068864537168 0.942282860332137 -0.281407686641263  0.125393032405766   9.16017907445695 1777094066.32814
-0.735296041173223  0.137598957396793  0.561042860085902 0.93507370409774 -0.243425639297009 0.0105915997496144   9.13565836807197 1777094066.34786
-0.754744096800003  0.165829947640122  0.512603854340876 0.927308435567099 -0.408105648531052 -0.201186147421116   9.20467936484523 1777094066.36821
-0.773142879071184  0.208863699848846  0.466435646528213 0.926788092783469 -0.362363456863849 -0.425010184280632    9.1038179390528 1777094066.38835
-0.779959812950864  0.192465947308407  0.428321469115209 0.910406355204466 -0.343944671120173 -0.515734019222391    9.2492885468241 1777094066.40824
-0.804488942082275  0.162273667414118  0.391977242425614 0.909495112492791 -0.396450932648488 -0.757451398909248   9.19020006958746 1777094066.42809
-0.847321986810953  0.128117743244572  0.360656734016922 0.929753722906822 -0.333590825785846 -0.851109097663276   9.22739051337379 1777094066.44811
-0.867259355356907   0.14269176264494  0.318379338511368 0.934807537288684 -0.437810825819715 -0.982762126895134   9.18505524788838 1777094066.46821
-0.882462793396268  0.174961069420654  0.299895253268495 0.94830855763013 -0.449832720639228  -1.01525649297902   9.27267729037782 1777094066.48822
-0.873495027660698  0.220638324074487  0.291188799301541 0.946818752579941 -0.428283171390017  -1.13292729225614   9.20714972470757 1777094066.50837
-0.864070191214144  0.235639274363433  0.330258521516907 0.954575221761966 -0.483364006114593  -1.39750954538127   9.23575464645859 1777094066.52835
-0.852204987848912  0.230398489497108  0.371764453925615 0.957886013302065 -0.517165105164454  -1.53853234608419   9.25146495652354 1777094066.5482
-0.808595939761568  0.211267570449236  0.427407573895538 0.938689839268374 -0.580308039431431  -1.66706782949788   9.19567020681829 1777094066.56824
-0.792343188601172  0.193372761338442  0.460465296452641 0.936605062226094 -0.736154011390513  -1.84406355480202   9.11026089887729 1777094066.58812
-0.774326979878679  0.195700487273298  0.496876220234506 0.940620503030617 -0.765986413455682  -2.00684096614246    9.0557069517833 1777094066.60795
-0.77739852676259 0.180092190503374 0.524767366166929 0.955071963302622 -0.805439635461836  -2.18779535128924   8.98388592942359 1777094066.62826
-0.77507989026881 0.176091981922401 0.523594052221336 0.951791969874735 -0.911696300865593  -2.27211963103752   9.13615339329024 1777094066.64842
-0.769368496890834  0.192639633666373  0.514341679614539 0.945296395770068 -1.06908166333013 -2.46745775549094  8.96856809509383 1777094066.66831
-0.763656561787451  0.214351586612387  0.509183548927904 0.942542218440688  -1.1510282112611 -2.58183648597259  8.98893354755779 1777094066.68813
-0.777712513708907    0.2160462341176  0.472224655213577 0.935151781395622 -1.24361623770093  -2.6655270374077  9.04871409830007 1777094066.70803
-0.773405983112353  0.193022381964714  0.459511022874599 0.920089579767414 -1.12835621082101 -2.89677309467699  8.84142800537257 1777094066.72825
-0.780580907629076  0.161425075245389  0.455835483192582 0.918232321371028 -1.14350509415588 -3.20255629247802  8.63467454945978 1777094066.74847
-0.805564911270888  0.121284127769932  0.450559399227358 0.930939545916868 -1.15526949577943 -3.50130666715872   8.6021325831363 1777094066.76824
-0.786828014032186  0.112621763222895  0.416297954829616 0.897265831519616 -1.25148713327344 -3.66428065194531   8.5311555109587 1777094066.78643
-0.736688430419855  0.167629758111735  0.382071909836063 0.846633641904717 -1.40436420059516 -3.70913466253453  8.66569417041847 1777094066.80564
-0.675364069639304  0.224559918083311   0.45231435350518 0.843286462452798 -1.40247752459605 -3.98102605652386  8.65729351843972 1777094066.82613
-0.614298204041979  0.242118810845066  0.549532040342346 0.859051375307119 -1.48541797359424 -4.29556706071025  8.47129431699177 1777094066.84666
-0.539723709311728   0.25494422351402  0.615195043501842 0.857183283228045 -1.68327370472301 -4.40270223981333  8.45215338721878 1777094066.87111
-0.465656886862378   0.26943659955648  0.642751000733194 0.838189278389102 -1.80489292717831 -4.47454412641557  8.51722557896974 1777094066.8916
-0.43971574802198 0.262740556469057 0.640724150482163 0.820310902087306 -1.89675024149498 -4.50996773721638  8.53487909877332 1777094066.90409
-0.447828931873173  0.243358568021564  0.574852738523936 0.768264157592063 -2.11369355419603 -4.55854011156089  8.52747631822753 1777094066.92628
-0.503678949337799  0.240330279656126  0.480957684017341 0.736730222768786 -2.36798886421706 -4.72606242559017   8.3895942120529 1777094066.94861
-0.554022855705895   0.23646846762915  0.385928597043035 0.715401665390149 -2.32793926851002 -4.99076961291431  8.18621752592356 1777094066.96838
-0.638352001323858  0.191699577732326  0.287008684835913 0.725683120148297 -2.44281412593675 -5.02077502437788  8.18828347601155 1777094066.98615
-0.729497199616443  0.147965892595443  0.197093365277421 0.770003807949141 -2.48715854452571 -5.03942237591568  8.19913402488455 1777094067.00417
-0.868323346353927  0.085292943876307 0.0599138173362556 0.874557022501203 -2.63574112130582 -5.24433878580062  8.12313098764144 1777094067.025
 -0.961305271627816  0.0415609100507352 -0.0386604701533536 0.962979629304874 -2.63901041569408 -5.54306315026992  7.93346000451713 1777094067.04658
  -1.01076792714728 -0.0238886996105862   -0.17736760525154 1.02649000965005 -2.61948950702503 -5.69494654979545  7.93160024415285 1777094067.07018
  -1.01437428729916 -0.0567966835721124  -0.202026885651607 1.03585516387406 -2.48748654689516 -5.90546426199545  7.80482121346922 1777094067.08765
 -1.00593167521165 -0.102207270852555 -0.195195629400921 1.02977968281884 -2.37577602221884 -6.08003955743663  7.84018805030312 1777094067.10277
-0.944342911243439 -0.142496750852931 -0.204382833555957 0.976658180056737 -2.19283536041983 -6.33429091195259  7.82943367970415 1777094067.12479
-0.883036201777082 -0.128039203806815 -0.195228376107575 0.913378941183768 -1.98008263894392 -6.50159452172788  7.72258903020899 1777094067.14795
 -0.825561350552107 -0.0949479706055259  -0.163931770972742 0.847018468619065 -1.89301804101784 -6.77016747008327   7.8454706300168 1777094067.16822
 -0.765700126157168 -0.0435930905438121  -0.108373515932013 0.774559138927255 -1.69582255232507 -6.98595951536709    7.802446866063 1777094067.18604
 -0.664843605977531  0.0201133462966967 -0.0582750794907269 0.667695703144859 -1.64381697216493 -7.09572104641656  7.96022748962111 1777094067.20584
    -0.5690658031878   0.0841017737935805 -0.00585871496695538 0.575276734497464 -1.61940972951701  -7.3170299836243  7.81702514463265 1777094067.2263
-0.459818633794159  0.121690603338739 0.0564869972266035 0.478991189669447 -1.61809083171486 -7.34222850692914  7.89066977829958 1777094067.2469
-0.372703804663999  0.147466729855283 0.0817782011367996 0.409074854527141 -1.72809854152001      -7.517844438  7.88032463729072 1777094067.26829
-0.288255306136405  0.176307887450111  0.101546070344752 0.352827432458667 -1.79781218884356 -7.66862814626904  7.71596733230023 1777094067.286
-0.201780397759236  0.219371546430088  0.152097816595535 0.334623594679354 -1.66609152663736 -7.80646062304131  7.83808775485537 1777094067.30589
-0.0313681721909637   0.244888110209494   0.114905526900027 0.272318616441755 -1.50035696289115 -8.10502660914703  7.97703227200908 1777094067.32661
 0.100514046404682  0.257857124494551 0.0873067626921286 0.290199657113892 -2.08108896703178 -7.91941956352546  8.10624454957528 1777094067.34829
0.161720938821608 0.274709338947848 0.181093140652259 0.36662461530809 -2.46077974070419 -7.79527820450899  8.01906761930401 1777094067.36823
0.169129925754009 0.246762799619861 0.214300116470699 0.367996400771995 -2.57544621551076 -7.78763667346461  8.11547357839203 1777094067.38608
0.134407603656761 0.154698731076467 0.182512797114391 0.274423071967247 -2.60195077381686 -7.87873183726803  8.18146952986116 1777094067.40592
  0.110317776678119 0.00698094699905514  0.0808832129683111 0.136970214325174 -2.4986606355233 -7.7979333773082 8.25802270192123 1777094067.42658
 0.0813173602138646 -0.0959658818115884  -0.072918773632479 0.145392954066185 -2.61660997175637 -7.77876761822699  8.24634330472304 1777094067.44816
0.0968440217641992 -0.114793067182911  -0.17201524693691 0.22835380006361 -2.60446309983663 -7.74553721290508  8.23181148918026 1777094067.46822
 0.140206449555726 -0.110296453908388 -0.206510157582756 0.272891189719717 -2.48158089729957 -7.85597222827556  8.05271675492549 1777094067.48616
 0.210486369981601  -0.12747324979967 -0.206934727578662 0.32152126343459 -2.25841531019926 -7.82538900005132  8.04103323116477 1777094067.50592
 0.294178908825958 -0.162915631369132 -0.213502702844212 0.3983291822905 -2.19708890814957 -7.81761339198683   7.9232783482594 1777094067.52603
  0.37768321022792 -0.159779756737057 -0.202325384823767 0.457285183769501  -2.1322850344814 -7.54508485659801  8.07223586379837 1777094067.54865
 0.471731988901071 -0.139269646524968 -0.199674210861366 0.530845452348289 -2.23215271107414 -7.50018544043162   7.9330796880035 1777094067.56831
 0.536525409399409 -0.139484134799117 -0.213025550024957 0.593881489655383 -2.13077278639701 -7.35596663469897  7.79722381647289 1777094067.58618
 0.578931277823222 -0.150619101675938 -0.257217433343318 0.651159232636242 -2.06279805861121 -7.11440186342797   7.8407764653991 1777094067.60447
 0.634448345888205 -0.151091460292411 -0.291195274881319 0.714246470825569 -2.03301638098832   -6.792742715144  8.05026005208326 1777094067.62604
 0.659028084289916 -0.141354357436849 -0.288317479451541 0.733093472352954 -1.92474452800745 -6.63233855341451  7.92606526011366 1777094067.64818
 0.666260689405372 -0.163557378888181 -0.318658156631848 0.756437269853688 -1.95603486275313 -6.48141886460168  7.90976445161994 1777094067.66825
  0.65142768074091 -0.192424012879205 -0.353412496183583 0.76569276895288  -1.8434252390065 -6.32413878217537  7.80865211025784 1777094067.68617
 0.672084450912222 -0.203816808107372 -0.375505599613672 0.796393907414091 -1.75475705486856 -6.14707386334903  7.80926818629404 1777094067.70611
  0.71924950097956 -0.179318932135588 -0.358277820275402 0.823309249664358 -1.70050523187828 -6.00409976384914  7.90049096256061 1777094067.72606
 0.765018389870205 -0.181171814907902 -0.312741534615287 0.846099066794278 -1.50587036222445 -5.77595354486497  7.98807133274643 1777094067.74822
 0.785633364255697 -0.204994334935539 -0.347478271079358 0.883166807154621 -1.48219372106024 -5.61148746299578  7.92443463451674 1777094067.76825
 0.783939418898505 -0.216091903970574 -0.374220248447049 0.895152231641259 -1.32991017174532 -5.40328516821533  8.04168359315089 1777094067.78642
 0.833782864473853 -0.196710769534995 -0.378588539629797 0.936599313623652 -1.33188928445196 -5.27275262604217  8.06480605913408 1777094067.80562
 0.880353806793978 -0.123216624808989 -0.323420625773295 0.94594189194768 -1.32239352394429 -5.12429052745327    8.201713835453 1777094067.826
 0.884768278818516 -0.144776909722017 -0.326879610823312 0.954267017539712  -1.1537665100376 -4.88523549064811  8.35276608122512 1777094067.84832
 0.851983894759024 -0.156672346812282  -0.34476295407705 0.93235415786511 -1.09616808927109 -4.69171372493371  8.24933476624014 1777094067.86822
 0.895202319071947  -0.13130152519857 -0.367014523485174 0.976384628637871 -1.10648651754203 -4.66752529399192  8.11058362066414 1777094067.88679
   0.95639496726142 -0.0610508341434383  -0.353922978916855 1.02160658413988  -1.1194207262477 -4.48993916381881  8.25210578998474 1777094067.90616
  0.990542330814913 -0.0463648771088244  -0.354913509175507 1.05322714072551 -0.965576623457333  -4.27605509398211   8.31835678992256 1777094067.9261
 0.940990594194795 -0.108351592495768  -0.41407676990199 1.0337615476172 -0.96406211718301 -4.06843598072386  8.38292718704369 1777094067.94829
 0.870602394041574 -0.155367119192139 -0.467491130990049 1.00031766344064 -0.848755630685191  -3.95090521712596   8.37111395818584 1777094067.96865
 0.842212928809936 -0.113256114062807 -0.485105133435449 0.978507309790091 -0.942101618879574  -3.81499664783864   8.40468223333569 1777094067.98798
  0.855534472041874 -0.0346780230901314   -0.42324883417427 0.955134217671677 -0.877221623689574  -3.62500351765942   8.48853670116438 1777094068.00659
  0.839089691559368 -0.0326385128701004  -0.406517909727841 0.932948869945754 -0.744855120848725  -3.40791037080245    8.5833684548816 1777094068.02632
 0.802328837555394 -0.062884845007703 -0.388540502891041 0.893672081745567 -0.654926934624298   -3.2035317990656   8.48367735504522 1777094068.04821
  0.797014669649202 -0.0509259719800536  -0.399666630376698 0.893061730058345 -0.755818026779414  -2.93989172872442   8.62025807160461 1777094068.06825
 0.859790571675238   0.04972026589188 -0.390913196871575 0.945793349241972 -0.897436618204952   -2.7804257282617   8.57070986918863 1777094068.08833
 0.867695350591103 0.0609783457957417 -0.380576516431358 0.949448295038982 -0.842692024432255  -2.56106070140481   8.46310674227026 1777094068.10802
 0.858603031034867 0.0385054392231631  -0.38179277781332 0.940450721166421 -0.821182791642748  -2.33827477955354   8.50550617077651 1777094068.12864
 0.844936042962383 0.0209498691556166 -0.419335269757919 0.943502984721042 -0.987517424072163  -2.23476720527374   8.57124685065834 1777094068.14813
 0.854432080687958 0.0365704772026119 -0.434718761369892 0.959360193982716 -1.04878530957543   -1.977181360811  8.79876161887268 1777094068.16819
  0.822419700094593 -0.0443826638156267  -0.496030103198495 0.961451947436876 -0.972811732683574  -1.81461604476925   8.95135084413676 1777094068.18803
 0.776988708240975 -0.161274848957886 -0.562298008578367 0.972573945821893 -0.879423074063274  -1.67172232936081   8.91705674498133 1777094068.20811
 0.735819480487484 -0.228901577939815 -0.623738593386309 0.991401065728568 -0.903903424998484  -1.57205348245249   9.00054156896305 1777094068.22773
 0.683303250420544 -0.228518336104006 -0.643122332836507 0.965779631678001 -0.885192875569822   -1.3455087871226   9.07016650463492 1777094068.24797
 0.674920925250471 -0.207693678364722 -0.639161180706387 0.952460988332647 -0.789275428357637  -1.26118274509801   9.04035672742941 1777094068.26713
 0.642372183662985 -0.229543003850216 -0.651936254040883 0.943585127210783 -0.559418693639259 -0.933222011658396   9.16641345553846 1777094068.28809
 0.626524837001489 -0.227493383622359 -0.665938067830288 0.942210231931934 -0.508573552833522 -0.700264575216325   9.21745724510335 1777094068.30823
 0.644091002688489 -0.180897718131293 -0.626420806012728 0.916504353713067  -0.42372133023914 -0.582702995625891   9.14884081772252 1777094068.32806
 0.699207521511114 -0.114768331977429 -0.571488876570524 0.910308993807287 -0.470501236967065  -0.45125249114274   9.11027514310135 1777094068.34816
  0.76047314672081 -0.074660532316463 -0.522174138403292 0.92550496097344 -0.463151392339792 -0.359201907080454   9.02135878690041 1777094068.36825
  0.782698636119526 -0.0273194251197682  -0.515010603064964 0.937336346911598 -0.454307029248089 -0.117706240068666   9.16031261993009 1777094068.38795
  0.777092528873197 0.00604553566043847  -0.534959859783877 0.943446553076509  -0.526016090370722 -0.0337333601975402    9.08893049410461 1777094068.40819
 0.787664554963874 0.0600080074380301 -0.502736832578074 0.936355026116566  -0.62197235898873 0.0803635331038551    9.1306518953989 1777094068.42646
 0.822752696532546 0.0845795252744309  -0.43560334927582 0.934786592569414 -0.634892887781904  0.278896500112599   9.16820186128427 1777094068.44628
 0.826875490099746 0.0119188899289315 -0.435893969560395 0.934809439813244 -0.487724660953254  0.606370951898028   9.29433024506832 1777094068.46959
 0.799648799759917 -0.073010802344234 -0.485775864210754 0.938481204109134 -0.48966640423876 0.731243960762214  9.29179410577382 1777094068.48776
 0.785724447629044 -0.136153914375048 -0.539449222177121 0.96275971005704 -0.518278096753129  0.862322717159188   9.17408415301291 1777094068.50628
 0.748323682757547 -0.141687261159586 -0.572474792222011 0.952780668296937 -0.438295858800058   1.09287338468619   9.17442775094393 1777094068.52608
  0.716192555764049 -0.0751608646487297   -0.58600810322618 0.928432242844533 -0.383778066779652   1.16879020015615   9.06790783955304 1777094068.54812
  0.703913980865063 -0.0160548100148074  -0.600420495329861 0.925341785825144 -0.411335315962011   1.25338353018377   8.91141068557319 1777094068.56817
 0.679928355265421 0.0195720902907365 -0.616237867715425 0.917842439974718 -0.43675752556687  1.49920951785025  8.99833741932316 1777094068.58665
 0.695847015737077 0.0376351071661461 -0.641480698667227 0.947162582329031 -0.407197456637282   1.62312520662327   8.98487424917714 1777094068.60685
 0.718153062937504 0.0569313425961493 -0.645868158459884 0.967538463157243 -0.453935288796288   1.70591986289748   8.93056534291779 1777094068.62608
 0.741495227867165 0.0724842577711441 -0.647710037815922 0.987217014471446 -0.565454737991332   1.86070286038448   8.95672445697624 1777094068.64823
 0.752630483232356 0.0977800474202563 -0.624041382888669 0.982568689467397 -0.614721782135884   2.12355196669062   9.01125987745896 1777094068.6683
 0.768667678169047 0.0829666978061957 -0.624184214421231 0.99364953879087 -0.640824563167299   2.25255383827733   8.95707370858481 1777094068.6867
0.776918850641492 0.102240359356791  -0.6024272538404 0.988420248544711 -0.732958606341821   2.47669655779436     8.950160240596 1777094068.70644
 0.802408381579071  0.148714792030569 -0.589070315869762 1.00646864692147 -0.799366050978591   2.64098840747265   8.93917638371694 1777094068.72581
  0.80225613299213  0.154443882468654 -0.565724656141475 0.993736485353068 -0.751301892390762   2.82812828572175   8.84686722430882 1777094068.74806
  0.80831834688862  0.147209777615088 -0.551968117369094 0.989807087837936 -0.737383753609371   3.06296592800585   8.94237511977134 1777094068.76822
 0.807054710599816 0.0935311829046433 -0.569354609645228 0.992093775608518 -0.737763133809875   3.21319252940483   8.78509079576199 1777094068.78597
 0.834140200665115 0.0636453164101371 -0.570912495620379 1.01280880640034 -0.783283749185943   3.37056957620362    8.7430929530698 1777094068.80458
 0.854185706737279 0.0606893015915156 -0.584658456833622 1.03689050727114 -0.937327138262654   3.49853279904708   8.71697246969555 1777094068.82378
 0.871982113678475 0.0710007172333571 -0.625362923039818 1.07539420397161 -0.913746985797361   3.67390150365714   8.69722502835173 1777094068.84499
 0.827547272838271 0.0650208016175548  -0.62134732360023 1.03688701890332 -0.916239022065992   3.91650859234696   8.67199432361646 1777094068.86818
 0.783049430096615 0.0465403978364486 -0.625365406271515 1.00320202849005 -0.96856471626641  4.06422011020876  8.56587077362882 1777094068.88599
 0.727359844345986  0.064821227503602 -0.624923662751207 0.961136680690356 -0.986583930772494   4.22710901691922    8.5309484044592 1777094068.90411
 0.695259920068044 0.0842722796131557 -0.610685492303883 0.929206620765616 -0.983613946636178   4.33145929432802    8.4973937392045 1777094068.92251
0.670851201502225 0.107366755241564 -0.58049020879546 0.893609443322684 -1.01068326287947  4.46794609062654  8.47580920375745 1777094068.944
 0.643456980464445   0.12873062693018 -0.543132449390328 0.851822350962333 -1.0510616065223  4.6495122905329 8.32067787327738 1777094068.9682
 0.643384484921231  0.142910166761995 -0.541635271027868 0.853074251177898 -1.03289439335116  4.68105959507567  8.30529900806475 1777094068.98613
 0.668097974167452  0.137837710196534 -0.481178263317981 0.834797375731732 -1.06770344075129  4.69528921473894  8.27368840128524 1777094069.00285
 0.696261941022042  0.146866909270742 -0.433517587358677 0.833239508247065 -1.15694844460667   4.8164085052623  8.10958003903557 1777094069.02087
  0.70111342812028  0.185013715844742 -0.419086086917405 0.837510156588559 -1.49506980377137  4.98174154075617  7.99346613924153 1777094069.04379
 0.751615896813124   0.20685065633183 -0.431267136940708 0.890901225598068 -1.6890217513655  5.1457617837677 8.06306353979516 1777094069.06656
 0.765887055546712  0.199871428019031 -0.441021909799671 0.906108103106758 -1.72048142714871  5.28165242352601  8.04127389573319 1777094069.08639
0.779337173208869 0.177401461421907   -0.460998988831 0.922690509197436 -1.79994193492493  5.36504480003697  8.07956394370385 1777094069.1023
 0.767203320338562  0.146275598843668 -0.500485055281462 0.927622108466414 -1.82036617843211  5.44189300114976  8.05949375871205 1777094069.12069
 0.731941731323031  0.119312233777454 -0.525376656463075 0.908842526699451 -1.96533250081926  5.60017576249529  8.13429181514922 1777094069.1426
 0.686586561016708  0.112289020430281 -0.543207182536989 0.882657336137709 -2.05707025099205  5.76379239054712  7.88963814185476 1777094069.16825
  0.64867294933648  0.126694174285732 -0.529095195180987 0.846622545507996 -2.05463366958495  5.82391515158449   7.8711415507535 1777094069.18633
 0.604019576228427  0.126178176533453 -0.529688330711875 0.813222176525462 -2.15877856206453   5.9623278357236  7.90327359926732 1777094069.2029
 0.566711656781683  0.112903941596647 -0.523280349035967 0.779571501305366 -2.21798365064984  6.13295799815269  8.00126938043764 1777094069.22166
  0.52539554220729  0.104602078657162 -0.516897468740879 0.744422637902301 -2.28961787245648   6.2785530294497  8.01337082667122 1777094069.24293
 0.480217472552594 0.0835668414575972 -0.477831712471633 0.68257994651145 -2.26505269859792  6.33130050812122  7.74626178860454 1777094069.26827
 0.454385334366316 0.0710030533979689 -0.456428833419107 0.647946560802162 -2.31043580129316  6.61164829159724  7.73405989678566 1777094069.28751
 0.439787840117377 0.0600033201010254 -0.452791992710627 0.634061772543586 -2.36346083213142   6.8265986516256  7.70680065983845 1777094069.30408
 0.406667593404472 0.0484892372932757 -0.471304668111635 0.624385960638519 -2.44721453735155  7.08438817696318  7.78850790069738 1777094069.32419
 0.355952050944036 0.0399882518313119  -0.52845966746459 0.638412517885242 -2.50266579782077  7.41184634395841  7.85188037434179 1777094069.34604
 0.286584230884199 0.0375319893964705  -0.52699428346132 0.601050868413361 -2.57748423818357  7.63211226522342  7.73863668422727 1777094069.36834
 0.248782003170331 0.0519976745592149 -0.476964880234873 0.540455123241954 -2.67128884007843  7.89398796229295  7.91300989711239 1777094069.38648
 0.198407749201431 0.0354980705678462 -0.390529383186434 0.439475763938348 -2.72303521836498  8.04693269201273   7.8572731997922 1777094069.40593
 0.142371402438213 0.0180085342971718 -0.275411148933723 0.310556314533692 -2.77826358323254  8.09702634019003  7.89160582758465 1777094069.42449
 0.0778225993029281 0.00468206337361757  -0.184428693488665 0.20023042141901 -2.66465494028702  8.13933323552015  7.86711870174392 1777094069.44608
0.00268839747083436 -0.0365766133405239  -0.105612087343838 0.111798877979816 -2.76903778359391  8.16091329473161  8.07541754479921 1777094069.46834
-0.0516353328492893 -0.0884448720735732 -0.0617944387553927 0.119612941004147 -2.71778077589973  8.07758786560717  8.04055188685373 1777094069.48845
 -0.116460038414207  -0.118531936188552 -0.0189716795837627 0.167250366427923 -2.67684910085985  7.96780940195249   8.1014529089997 1777094069.50617
-0.160371263068613 -0.169176466548889 0.0140454263867175 0.233531353044028 -2.63857335465173  7.79312557262943  8.03964028326578 1777094069.52488
-0.218180684553879 -0.190782808571766 0.0777855167819235 0.300085784035101 -2.61062571772881  7.66598784263615  7.89105700743844 1777094069.5461
-0.297523014689996  -0.21020878337705  0.126757692782524 0.385713870062553 -2.61482878502891  7.64454625263175  8.04597866635583 1777094069.56827
-0.356163669392571 -0.209583683002986  0.183043411520039 0.451976514961973 -2.49190711332407  7.58477120708594  8.08534839740714 1777094069.58876
-0.384643675079766 -0.229765684264512  0.235180632028802 0.506016754787699 -2.41875095441566  7.49867169172798  8.06284403833953 1777094069.60621
-0.418902318439227  -0.24264510622622  0.286042135523481 0.562295210066853 -2.32855097428825  7.36697678581064  7.91351771920581 1777094069.62439
-0.462444623326525  -0.25848097633566  0.329926982900884 0.624114780162374 -2.3527386393133  7.3590670486564 8.00848421217336 1777094069.64612
-0.496474190685579  -0.25985919301315  0.378663039933105 0.676312886186361 -2.27435521126843   7.1638438896906  7.88896749069079 1777094069.66829
-0.536714197655166 -0.268594689142656  0.415611583033697 0.73002618100452 -2.2736265474442  6.9454418409136 7.83051345413007 1777094069.68869
-0.577768553537342 -0.263435462986367  0.441040515424489 0.773130959709526 -2.12876091699505  6.82954948259456  7.78560682552587 1777094069.70605
-0.597909835389899 -0.262424915137764  0.467814967538709 0.803252047114903 -2.00074874550141  6.68317572294178  7.69113893589282 1777094069.72377
-0.645731107736761  -0.27339658014143  0.498450362564827 0.860329656278906 -1.99235547437039  6.65914660567129  8.00077034504344 1777094069.74418
-0.697618427863149 -0.261527862272348  0.532924157018407 0.916011163017556 -1.86474216868608  6.46446093664025  7.94403639440508 1777094069.7662
-0.733355317132084 -0.260567132418885  0.539403163126308 0.946921867977273 -1.8239262240214 6.25131682726971 8.10049837812628 1777094069.78827
-0.768271340129933  -0.27588830871935  0.547696648896984 0.983019242012105 -1.73324606542332  6.12042037641746  8.02806848135573 1777094069.8051
-0.783484128490339 -0.271957688475028  0.579824750614057 1.01193137383006 -1.66012373363532  5.93688363530172  8.08725097371313 1777094069.82279
-0.800310880774069 -0.246614553493363  0.637183176589413 1.05229209082301 -1.48517916695266  5.67883133310341  8.05438654102335 1777094069.84437
 -0.80366656157145 -0.238105352103296  0.703579090759606 1.09434804237154 -1.43204289908308  5.47671859088278  8.15224029081778 1777094069.86819
-0.828444467224898 -0.253380509278901  0.711880583968744 1.12129205989771 -1.30206209897446  5.31651025207688  8.19278299018936 1777094069.88987
-0.832243572533896  -0.26335294061108  0.724935765790408 1.13468762215625 -1.33672338004854  5.09052922592667  8.21088336101811 1777094069.9063
 -0.85818354494964 -0.259787679309037   0.73975100187922 1.16241136433038 -1.31537344222799  4.96406180064375  8.29575378933731 1777094069.92301
-0.858851230671145 -0.251602190274008   0.74438580202728 1.16406156230494 -1.26389227547466  4.66817243173539  8.23641986127516 1777094069.94404
-0.864825855672563  -0.26517331636912  0.750234454441397 1.17519887039809 -1.05086424084333  4.52688078689135  8.40819719753375 1777094069.96783
 -0.91327979594417 -0.262023634377624   0.74785517759034 1.20914173581965 -0.976176019228723   4.33331420287534   8.46104513776047 1777094069.9884
-0.921511385256466 -0.262307296789928  0.752280451478742 1.21816018190696 -0.945667419148474   4.07976162741268   8.33785092532921 1777094070.00631
-0.925447839807688 -0.246115300990416   0.75075756656534 1.21682511863514 -0.862619397177035   3.89432288724517   8.39824908127345 1777094070.02443
-0.939094094999382 -0.228690571170107  0.747740299776058 1.22201172355833 -0.722545458746724    3.6366306849651   8.37787608298789 1777094070.04427
-0.988097069156566 -0.198723510124492  0.708117654082572 1.23177005304375 -0.644154535503289   3.37715600001907   8.41128947201473 1777094070.06821
  -1.0263934328296 -0.195789689367145  0.665393538953125 1.23877586475471 -0.519424025617344   3.08609324926038   8.44681197147064 1777094070.08795
 -1.05451665858342 -0.193231597135931  0.614090345862436 1.23549617006412 -0.427049650757858   2.86915215964039   8.44021249852294 1777094070.10611
 -1.05713437355223 -0.173861318681749  0.611500995515165 1.23356974241242 -0.328574384944214   2.72227931227987   8.47803309933089 1777094070.12478
  -1.0955032430826 -0.137614525909237  0.586887419660983 1.25040071845071 -0.344450472090019   2.60851991414727   8.66307796799605 1777094070.14393
  -1.09428272864969 -0.0848510750364658   0.490938107364823 1.20236210037526 -0.296011687251896   2.06597349694926   8.46198941911673 1777094070.17076
  -1.10742396830906 -0.0656834711374703   0.463233766275045 1.20220118373898 -0.201155676287085   1.80659071826399   8.58988684198638 1777094070.18584
   -1.1008201099459 -0.0638200257063775   0.459077875580092 1.19441634532921 -0.142160066225825   1.53568250449913   8.77858943020456 1777094070.20467
  -1.0387483986121 -0.100096526388191  0.512529536271591 1.1626280900464 -0.0507409700552971    1.24204942216835    8.83276205513663 1777094070.22495
-0.982967942697223 -0.142539528601385  0.588539957761355 1.15452274792057 -0.100577970372535  0.883762850669584   8.71559358389474 1777094070.24424
-0.918839970570576  -0.15490993530001  0.658199470884274 1.14082887544326 -0.201336544246302  0.659370976723842   8.68749020459954 1777094070.26991
-0.881536669255031 -0.127149459454078  0.680870416430319 1.12109696648002 -0.143981182884684  0.561618485831492   8.76656017280091 1777094070.28749
-0.845648592432248 -0.120942892870852  0.698110724379621 1.10322586477677 -0.0770698141767901   0.402551536480843    8.72126000979983 1777094070.30594
-0.790982445307414 -0.116495806162829  0.731149051693099 1.0834220956902 -0.208627432427932  0.190184872046298   8.79072758829033 1777094070.32686
-0.786507030631291 -0.110299184731465  0.752601270357864 1.094151676656 -0.260346111321062 0.0874087089270784   8.77998503246886 1777094070.34644
 -0.747076911787429 -0.0586270304232287    0.71999922244037 1.03921120141039   -0.22025156241983 -0.0776502144897756    8.64122132053721 1777094070.36829
 -0.698454133711087 -0.0224270322270058   0.682141791175558 0.976554438800426 -0.231547804980736  -0.18504452645836   8.74823844453907 1777094070.38808
-0.646953746487732 0.0102933163208385  0.690293927062422 0.946129382375716 -0.118337380891721 -0.391332472829764   8.81432612567457 1777094070.40819
-0.577603412914699  0.043851587671358  0.704402312099012 0.911993027189595 -0.0648166041419721  -0.523803651310005     8.8588277742795 1777094070.42832
-0.553948589110287 0.0561525971459625  0.740321625459915 0.926330536400007 -0.0757825142002809  -0.675280277963128    8.81274729499031 1777094070.44817
-0.530023566101617 0.0904029022051377  0.734020291381749 0.909881010632893 -0.123417514719704 -0.715874047403316   8.98358215053705 1777094070.46818
-0.531495749314313  0.115112576691216  0.712411230794363 0.89625241902804 -0.135174512054339 -0.884546503719305   9.10705663487313 1777094070.48807
-0.552352625452127  0.142326406348976  0.706587246015203 0.90808356720041  -0.11289794102066 -0.990297462729931   9.09207234334378 1777094070.50821
-0.58407341261258 0.167929947340897 0.706376227539823 0.931831311648312 -0.0841160555624166   -1.06888835205754    9.15410672805096 1777094070.52838
-0.602013492643275  0.189229298385321  0.720574052315024 0.957838680343225 -0.110540060303881  -1.16728778898349   9.20948420872953 1777094070.54824
-0.631807093825179   0.21583378879602  0.704683804805957 0.970743886382842 -0.155499479648099  -1.28384213507162   9.06380971295076 1777094070.56827
-0.670802271034133   0.22855580165139  0.702750353624359 0.998033817469239 -0.227649229360802  -1.32685511669083   9.12130184683786 1777094070.58814
-0.679552579339415  0.244421775500461  0.699606601653067 1.00547655840512 -0.28314857557988 -1.47741379181408  9.20294487097917 1777094070.60789
-0.678766236757162  0.233069048140245  0.698345146100152 1.00136443338283 -0.531539617221276  -1.60764860466518   9.03231093503638 1777094070.62786
-0.714783190358967   0.21716418818367  0.687972823935147 1.01556974173245 -0.674270614145618  -1.64622492119764    9.0677805478515 1777094070.64706
-0.727844489113561  0.203605553234652  0.660300861330751 1.0035985497773 -0.768695634461219  -2.02295471004853   8.95612973969939 1777094070.66835
-0.716589551491117  0.213066424470111  0.698734504014383 1.02329262366292 -0.872231894065017  -2.35647346422973   8.99640151269688 1777094070.68824
-0.748598086868079  0.223683320341333  0.723271116614342 1.06468513260495 -0.906178337061881  -2.49391451263975   9.00446530859937 1777094070.708
-0.76090466044299 0.203557327955697 0.683184676701748 1.04266619324134 -0.868220689146974  -2.64343791619115   8.95747234030934 1777094070.72718
-0.785271229175665   0.15448145522707  0.642023748456846 1.02601652860113 -0.904285753407825  -2.84902688793658   8.91000456810086 1777094070.74683
-0.778029007438933  0.127336466228052  0.633814565552707 1.01156542821244 -0.95411212147961 -3.19030708686764  8.67204196221695 1777094070.76826
-0.755923971815544  0.136451289376961  0.613555185676781 0.983102218189386 -1.01607739260026 -3.35985128511704  8.83529089889758 1777094070.78813
-0.767237035708476   0.12934216411299  0.565366699052056 0.961780416091521 -1.06823904134601 -3.55324417356472   8.7737436523446 1777094070.80781
-0.77174305252581  0.13863447395159 0.534010945144758 0.948669882532426   -1.196314807684 -3.69829459879899   8.8127434652906 1777094070.82666
-0.78507200927441 0.147364527301636 0.524722257260103 0.955713247222791  -1.2202166167881 -3.79290511023841  8.81272915770724 1777094070.84625
-0.813316498205691  0.157602708030934  0.519199869727461 0.977696703767208 -1.33023243943873 -4.05516376497569  8.83009731935868 1777094070.86832
-0.802616040545135  0.158765757874422  0.506001421332676 0.961996108518364 -1.37301773534157 -4.45499446591614  8.59658582423219 1777094070.88856
-0.773031547500722  0.151524324360944  0.498082357046942 0.931999693511666 -1.58697874553102 -4.79172303199401  8.65559278929836 1777094070.90806
-0.742538927655456  0.121225956636419  0.455635083695948 0.879581219183733 -1.70986914662165 -4.96366853884561  8.62018725986313 1777094070.92688
-0.692950118375522 0.0753350333130041  0.359339974481689 0.784206893020855 -1.65403898393117 -5.09251613368526  8.52432392114204 1777094070.9461
-0.662627359098021 0.0199241222370674  0.264319552667207 0.713678368450612 -1.63394901188448 -5.18671565229503  8.67624689460194 1777094070.96836
-0.620251345956417  0.032080783147083  0.232751155431039 0.663260136871319 -1.85325123997355 -5.40072609655858  8.74514832169963 1777094070.98883
-0.578800868987327 0.0473155873075575  0.222317612562416 0.621831433427256 -1.90981779333551 -5.63507778636536  8.66808449695346 1777094071.00901
 -0.55597432605411 0.0376711423886924  0.182225840236875 0.586287321242943 -1.82999596005306 -5.77419722817819  8.61200628506155 1777094071.02658
 -0.519633348363561 0.00830192907950551   0.144424292715583 0.539394211207688 -1.71203606802056  -5.9985294541857  8.63880495789521 1777094071.04609
 -0.464492269855143 -0.0392404466923429   0.186467107368735 0.502058625602888 -1.53229688219808 -6.29706596362196  8.56822142015197 1777094071.06843
 -0.442731676814712 -0.0667214182631991    0.20959241531083 0.494360259189639 -1.49792274438539  -6.3182013058561  8.74490313950986 1777094071.08997
 -0.411017609145268 -0.0857084997626672   0.194475080011041 0.462711550217152 -1.42802839444008 -6.37537717936927  8.71458224708776 1777094071.1085
  -0.40861659024082 -0.0879704264750358   0.153596825272703 0.445306971075108 -1.44567603933594 -6.40163068092868  8.75036884115157 1777094071.12884
 -0.405517811639177 -0.0967509592050555   0.131915733154956 0.437272460049264  -1.3531405909276 -6.49720940671262  8.64143083167223 1777094071.14621
-0.393198771873331 -0.107051840518163 0.0976799425248666 0.4190545810902 -1.22347017297004 -6.63521990630656    8.613866297055 1777094071.16831
-0.383006973079824 -0.101583187742811 0.0387231624565127 0.39813687190512 -1.13257172733141 -6.68423696644458  8.65585992341041 1777094071.19014
 -0.358903234790051 -0.0792293457641819 -0.0214343753162118 0.368168784144147  -1.1449351625203 -6.67832230578959  8.69289886968776 1777094071.20864
 -0.344565943435386 -0.0634960696157178  -0.014769481436034 0.350678738753936 -0.984206025729498   -6.7701180356254   8.59660809295351 1777094071.22726
 -0.285879007923378  -0.037396475445291 -0.0164054316420619 0.288780958053587 -0.910033097991414  -6.79647505727853   8.60630231916063 1777094071.24626
 -0.236667196409897 -0.0552250559572849 0.00163207848231624 0.243030517306322 -0.804506763458861  -6.85512517715343   8.57325111595076 1777094071.26835
 -0.177229495736288 -0.0885383659277567 -0.0173067831331199 0.198868954697593 -0.846463380372477  -7.01109407852626   8.38172324272219 1777094071.2898
-0.0981103837782436 -0.0647942086836009 0.00386844885697878 0.117638861693776 -0.964235416358167  -7.01487185048067    8.3696685027832 1777094071.30835
-0.0302926047832836 -0.0283846945468657 0.00631091156897697 0.0419900034997204 -0.979444592902373  -6.92566102006147   8.51454979860923 1777094071.32628
 0.0234721005865759 0.00429600180473037 0.00794768761450325 0.0251507629281959 -0.925955197623668  -6.92843225093424   8.43081851323949 1777094071.34454
0.0958427646029849 0.0428879613900277 0.0112484660240355 0.105601802763161 -0.946040723244163  -6.90735740652824   8.27993291871052 1777094071.36848
   0.15432806250139  0.0756535342773061 0.00677087294223311 0.172007130214071 -1.05528048692522 -6.82474708381281  8.26118135867607 1777094071.38833
 0.238584871444111 0.0901101754638875 0.0117406915546812 0.255304579751946 -1.10535964617169 -6.75682521161826  8.36505461981182 1777094071.40815
 0.310309735672325 0.0741344566939926 0.0336230586672762 0.320809226482788 -1.02312753042662 -6.64821112812797   8.4181956044149 1777094071.42636
 0.365434895211132 0.0246570104675912   0.00923154539788 0.366382112327558  -1.0159239221522 -6.51958886074156  8.50916761536871 1777094071.44603
  0.377132928669294 -0.0296514049850164 -0.0698721721215842 0.384695427762343 -0.947362915618085  -6.44827120972166   8.41635675056061 1777094071.46818
  0.382197920694089 -0.0491595715912916  -0.118292641085138 0.403094359916908 -1.00620691388711 -6.35001199585603  8.52084229836866 1777094071.48996
  0.386516991275544 -0.0215099295082517  -0.126543352745901 0.407272981839358 -1.11646897631432 -6.34705098761237   8.4900135619181 1777094071.50865
  0.378934517782017 -0.0218666256213721  -0.171912408325317 0.416681406135389 -1.06181656767804 -6.10537371094259  8.63884286290129 1777094071.52883
  0.361336028337626 -0.0666571761537575  -0.220625891574255 0.428582184114713 -0.970190220987262  -5.99491405398471   8.45899142899153 1777094071.54632
 0.401502905856139 -0.095757007962868 -0.297407137991723 0.508748458192605 -1.06028607170107 -5.94256979986916  8.36227965065219 1777094071.56837
  0.464436971210954 -0.0861512222977775    -0.3023927102274 0.560861020690222 -0.973759053550194  -5.71751908981924   8.46372543884132 1777094071.59009
 0.527492303967231 -0.104856172238991  -0.29079682217927 0.611396548396237 -0.950480679417782  -5.56222973885801   8.59133832539122 1777094071.60879
 0.577196647090996 -0.101572452540782 -0.281529406332666 0.650178236453868 -0.838494096807775  -5.44006594883034   8.42196854302964 1777094071.62818
  0.609223206993244 -0.0908105245455649  -0.308155140682571 0.68873729246823 -0.868757701737432  -5.33932689331024   8.36383472210892 1777094071.64656
   0.673513610686178 0.000953983758932511   -0.303225389891969 0.738625162677038 -0.919782035754332  -5.23773306239708   8.24428921840575 1777094071.66831
 0.725882937050116 0.0472884528677123 -0.281560110279298 0.780011751049697 -0.872325066409264  -5.01518472834003   8.34882516565943 1777094071.6902
 0.761807614219274 0.0471098882355561 -0.320289186943826 0.827741110447684 -0.808189803807117  -4.77907285198026   8.41972945712813 1777094071.70864
 0.799269546015936 0.0141030545950857 -0.353046508217437 0.873883596540155 -0.735832905884205  -4.63464749392668   8.39303957993867 1777094071.72804
   0.843515723707864 -0.00188799114306193   -0.372336537635207 0.922039499105723 -0.804266337683628  -4.37168199190126   8.67529663590421 1777094071.74694
  0.853156282128224 0.00673878553241151  -0.421170658985725 0.951475578749017 -0.794959949681936  -4.21663764549428   8.71446356400782 1777094071.76829
 0.806263753059278 0.0254220276793077 -0.438574029406025 0.918180101209996 -0.656217374476549  -3.88670338094615   8.71772932275658 1777094071.79045
 0.772281309860281 0.0144002197489447 -0.469001092121883 0.903652484254787 -0.66225880835934 -3.68314231633433  8.82397711183214 1777094071.80893
   0.7217368923934 -0.010166956284902 -0.486754271265276 0.8705959047898 -0.642474653181884  -3.42664166215003   8.85501271939441 1777094071.82865
  0.695634042098271 -0.0224091540127441  -0.506594649351132 0.860840885100575 -0.611799547742436  -3.24978487564641   8.81390753822519 1777094071.84844
  0.696377827671798 -0.0594101204628491  -0.518327211841309 0.870134897485147 -0.585000618523119  -2.96636802038818   8.92238192175817 1777094071.86834
 0.697042202212748 -0.106364043549916 -0.493738687952766 0.860789773061463 -0.542701299610107  -2.76239501858872    8.8944905403452 1777094071.88984
 0.723262195231284 -0.125147842064371 -0.504666365386637 0.890762777498422 -0.564586239165045  -2.51595954083643   8.96730352922203 1777094071.90839
 0.741291076094182 -0.119221910471489  -0.50309388725486 0.903786359062001 -0.602102992106557  -2.33371113998555   8.91812620679245 1777094071.92825
  0.729693310507962 -0.0711581014846993  -0.458622527466842 0.864783455847214 -0.571213587876709  -2.14774134491968   8.89684002827811 1777094071.94854
  0.724417060630691 -0.0292246775951133  -0.428290879992533 0.842061302636647 -0.538213100145914  -1.77139563325391   8.87967273097344 1777094071.96835
  0.695669083203756 -0.0241777172664407  -0.468926376784494 0.839304463339736 -0.502340201347521  -1.54735574401628   8.68207006201443 1777094071.98835
  0.667788466820263 -0.0188652820838289  -0.534291143514975 0.855432265772574 -0.483025981462356  -1.22907181636985   9.00254964335269 1777094072.00837
  0.606959422141052 -0.0285877158784961  -0.552889577255545 0.821525338783147 -0.380306114200702  -1.01539249653151    9.1299998106369 1777094072.02813
    0.54560125624259 -0.00804074058557338   -0.535115651174015 0.764260521323748 -0.320910341706053  -1.06267512012222   8.90425028387486 1777094072.04715
 0.513249965326237 0.0108701757077378 -0.475815052853438 0.699959750377991 -0.402957436838813  -1.08851289734513   9.02713479059216 1777094072.06821
 0.482849453577686 0.0025343724191996  -0.41374868822803 0.635875770000906 -0.36069565221022 -0.96391579368242  9.12946793023552 1777094072.08828
  0.471756210891055 -0.0146555351697133  -0.386644268197115 0.610133180014887 -0.396026699789301 -0.747777011598178   9.18073084036006 1777094072.10804
  0.453931247856418 -0.0126206898478255  -0.371937997726033 0.586984440803307 -0.417115550041377 -0.594022191579796   9.41617577394512 1777094072.12709
 0.427794603195804 0.0269809260642566 -0.316046521747233 0.53256135496604 -0.455861534135908 -0.657864504748552   9.31368467610214 1777094072.14798
 0.407572311772057 0.0780261874461489 -0.214578151766852 0.467169196829456 -0.430608797839887 -0.427087773020561   9.26059198092077 1777094072.16832
 0.407555978480653 0.0982757470246111 -0.178874237395354 0.455802578812733 -0.462527968371267 -0.299094969670158   9.34204729937449 1777094072.18805
 0.419285905895542  0.116414892907278 -0.112594326992346 0.449478120317461 -0.412762466970922 -0.207894415410651   9.27931077492987 1777094072.20801
 0.426351592745802  0.158008253986511 0.0135534937006006 0.454891180565462  -0.432878420495461 -0.0533907128508725    9.33699996838633 1777094072.22813
 0.45854342748709 0.257726147408414 0.144672405141941 0.545540967076851   -0.5050069894895 0.0112534441849343   9.28692436924311 1777094072.2488
0.479943778405078 0.358032899161169 0.155315189549866 0.618592269121112 -0.486264454364647 0.0907038493974421   9.34742221617574 1777094072.26824
 0.469902276269466  0.390358730988011 0.0649014370330111 0.614329133796165 -0.458286100000688 0.0900620418469998   9.35989870124292 1777094072.2883
  0.452790873853278   0.367446878346286 -0.0170789566459938 0.583376786143707 -0.442144707750548  0.233704385902862   9.51055191837506 1777094072.30815
  0.43593889614577  0.293985951963543 -0.120946697122324 0.53953550825641 -0.575479241892988  0.359840749661044   9.54529451366888 1777094072.32824
 0.410262933391056  0.185922170992594 -0.243661645456155 0.512107142742254 -0.741910593931623  0.559140938105228   9.80706898034048 1777094072.34833
 0.380403951209325 0.0672041174249331 -0.347130029261777 0.519348454036221 -0.588290245120214  0.630763755127238   9.75610541798691 1777094072.36841
 0.349247315356855 -0.082047456164442 -0.430615415291021 0.56047757157025 -0.58870068438552 0.564875237387319  9.76810643008454 1777094072.38821
  0.32040849486081 -0.155681714443819 -0.449128272724337 0.57324916498106 -0.721596973803998  0.666581177191794   9.84666401935916 1777094072.40703
 0.277348032290132 -0.207658648434053 -0.442517679493103 0.562019520967578 -0.628849069880644  0.659308555086966   9.74095639269989 1777094072.4279
 0.257837530528087 -0.216118214835165 -0.401659693329696 0.523944447606868 -0.594789704226622  0.718985265545461   9.74030507129798 1777094072.44842
 0.233630142541763 -0.193126309522278 -0.384379355937968 0.489518441128694 -0.616074131131326  0.834436315186046   9.88489609199728 1777094072.46829
 0.232859819569148 -0.150252377421521 -0.315874811724147 0.420209910844997 -0.514813981045365  0.993832633118801   10.1387874330241 1777094072.48864
 0.227823347968067 -0.114399243036255 -0.223249021359066 0.33886692111274 -0.278700830915005  0.986437674541748   9.93129147388763 1777094072.50838
  0.253428291802028 -0.0523696216970896  -0.109143041480359 0.280857045248955 -0.347502086263639   1.14561000137343   9.91659825430678 1777094072.53232
  0.252108287899074  0.0107453004366251 -0.0623963909146255 0.259937223013647 -0.434600727837708   1.13723032983495   9.84834036151289 1777094072.54852
  0.243490798758322   0.104266621450942 -0.0037188206675563 0.264902108439924 -0.428018458548821   1.21885278955355   9.80104059997994 1777094072.56827
  0.252417488390358   0.184992417654043 0.00163523299660854 0.31295280318562 -0.356040090331254   1.28593683634888   9.83778501710968 1777094072.59002
  0.262551478166932    0.21526339336912 -0.0238775112785431 0.340355318391364 -0.442391509075426   1.33098620051851   10.0948626452465 1777094072.60815
  0.242178610455123   0.206463739821825 -0.0457983651482588 0.321520210054425 -0.514714382728358    1.3194848452178   9.95741633599219 1777094072.62813
  0.191989945208676   0.184460215527191 -0.0596134682297107 0.272835986937103 -0.654079530405662   1.36754550700671   9.97718083971241 1777094072.64835
  0.155582694569869   0.151774566900589 -0.0712638173692244 0.228735711408422 -0.780133086935081   1.38781077298642   10.1564227073146 1777094072.66821
  0.105431064091819    0.11076993454315 -0.0682644660315943 0.16746857913294 -0.762226021487277    1.2253219260254   9.94419286411231 1777094072.68984
 0.0626849053527799  0.0751358370750324 -0.0909347076952014 0.133581108079191 -0.80352499298841  1.08288371446949  9.91418917330998 1777094072.70845
0.00893342129554574  0.0413562437846425 -0.0722299011966818 0.0837096382915427 -0.683543615873139   1.11412710914796    9.8921281511441 1777094072.72818
 -0.032227970954238 0.00137601114498239 -0.0229593754409482 0.0395937929369837 -0.713205302761601   1.15302449631968   9.90525704089961 1777094072.7483
-0.0664536745649036 -0.0114218801623479  0.0128332192503457 0.0686384857492398 -0.847233577665198   1.03046189339975   9.80905690938385 1777094072.76827
-0.0898771497752863  0.0137592210304659 0.00992514613184794 0.0914643468288764 -0.974269627737903   1.07017356016632   10.0191323028501 1777094072.78881
 -0.115428073720973  0.0206390037598398 0.00884927899598722 0.117592169883381 -0.822194243084895   1.01491045665416   9.92535040681905 1777094072.80848
 -0.101698058316439 0.00937864829759761  0.0208398379779792 0.104234125679512 -0.726807586804175   0.90650295923169   9.80727162047815 1777094072.82831
-0.0745451285211853 0.00495599427345571   0.065384964645663 0.0992810740634547 -0.673815052511074  0.886797419724602   9.71357227505804 1777094072.8484
-0.0515219956600449  0.0206065391847934    0.11637034171373 0.128923240436077 -0.671721280846582  0.842854347542711   9.63709536800788 1777094072.86826
-0.0255368392859645  0.0684419619037956   0.168030781320357 0.183223294864729 -0.81996692455605 0.646006782019839  9.60374786439436 1777094072.88841
-0.00209626935018177    0.102120800714665    0.164871717036182 0.193947764519862 -0.809213474275848  0.610962905689562   9.57818707305134 1777094072.90832
0.00501402248850308  0.0995360326220727   0.130012413977485 0.163816330077042 -0.93318532640202  0.67904376801642  9.81335794235803 1777094072.92812
0.0128481150206339 0.0957535421956226  0.107880974867102 0.144817539134142 -0.951731867059269  0.576227537964196   9.66205721818038 1777094072.94841
0.0253238787391642  0.063658575096853  0.102826253939653 0.123559505975945 -1.10736288308929 0.561740078815728  9.72450261794173 1777094072.96834
0.0295899160837443 0.0181562141366992  0.101664208300623 0.107428220198481 -1.09411377129198 0.627201188835014  9.87880354966157 1777094072.98866
 0.0359889512429581 -0.0129423404671141   0.114250632459448 0.120482014449122 -0.963342070206393  0.532795766378319   9.67106637045797 1777094073.00867
 0.0615365576435005 -0.0126652323975088   0.109711160607126 0.126426638016113 -0.981852785718843  0.502284604787621    9.8875731778651 1777094073.02836
0.0884889363055408 0.0274379137328007  0.121077197115961 0.15245595632822 -0.964186222169751  0.478934947701594   9.82158240211016 1777094073.04842
0.0811280684561961  0.041844318565391  0.114818899620697 0.146683639843518 -0.890087254811928  0.571131161863483    9.9510841938046 1777094073.06828
0.0528088638192952 0.0386601434966191  0.102710003796592 0.121789686233933 -0.891934744286887  0.624885280211957   10.0037848182695 1777094073.08839
-0.00151756111432703  0.00844696919108374   0.0720986492709245 0.0726076408303053 -0.933433318407917   0.60288315768007   9.94418800249136 1777094073.10841
-0.0471654837915639 -0.0124230587102394  0.0363359965969463 0.0608212125635754 -0.84808644729808 0.640469369466812  10.1801864976175 1777094073.1287
-0.067923326613076 -0.053745409178121 0.0255937618758756 0.0903171520413995 -0.716345397456924  0.549395731545824   10.0771185371758 1777094073.14835
-0.0936880007538994  -0.102946352209127 -0.0135997365670339 0.139858305985455 -0.727077008054144  0.430827552371314   10.0114930311445 1777094073.16829
 -0.132416674582873   -0.12594137075996 -0.0349121394327379 0.18604908507234 -0.700557269526192  0.406714521916281   9.96905489999678 1777094073.18676
 -0.150531849496279  -0.118133546544399 -0.0336000665470406 0.194279018434553 -0.855740233864045  0.440646573480228   10.0735876988121 1777094073.20804
  -0.154627696995623   -0.105718695120226 -0.00500481932064888 0.187379869229663 -0.88401725525545 0.398567193334226  9.90840533930716 1777094073.22776
 -0.138127381299412 -0.0851097394810182 0.00790917810845707 0.162435822149892 -0.978692681154681  0.311237921985972   9.99386823474961 1777094073.24809
 -0.118746729781197  -0.105941725762548 0.00835884976289212 0.159355908144738 -1.11185243661689 0.133688904047605  9.98159197791406 1777094073.26823
-0.0862172946161808  -0.147678165326699  0.0344012784352356 0.174429671682233  -1.15551780421569 0.0468886440969497   10.0159895850923 1777094073.2868
-0.049387687467432 -0.196299487717626 0.0641461679633585 0.212337852056496  -1.09744161269433 0.0933005295326911   9.99768013770739 1777094073.30829
-0.0232664571364933  -0.241480819561478  0.0762952822704567 0.254313358556912 -1.14409180312515 0.151170955622689  10.0416720348482 1777094073.32796
0.0153159692481242    -0.267055325039  0.107260829444785 0.288197867929099 -1.18148262242419 0.198467271288075  10.0313988269323 1777094073.34825
0.0257659176239259 -0.263710564037521   0.10993517849172 0.286867369294587 -1.23422454668239 0.256760572983253  10.0249125506515 1777094073.3683
0.0287337218436975 -0.251894024928283 0.0746399447151319 0.264286488327798 -1.25682663909944 0.262829945575277   9.9689697065643 1777094073.38819
0.0198773809942385    -0.244951703008 0.0340281292844649 0.248101512821486 -1.16407773370992  0.24920866103135  10.0789495217359 1777094073.40828
 0.001475664777998 -0.259809152137026 0.0172035554349736 0.260382287109361 -1.07003003378246 0.238151666530208  10.1171800108908 1777094073.4272
-0.0105512654519246  -0.299861204367056  0.0200686577429034 0.300717179606853 -0.928383956941889  0.327590543424681   10.1052416730832 1777094073.44814
-0.0420760442917818   -0.35643961540715  0.0446069175043695 0.361675780256409 -0.867370160284356  0.296439975453872   10.0782349645352 1777094073.46823
-0.0617862928571527  -0.409180302630406  0.0348988132736139 0.415287843806735 -0.83927442922661 0.351721427293849  9.99013850717631 1777094073.48689
-0.102077063642354  -0.45986911212759 0.0289172576079081 0.471948657163494  -0.7352429408425 0.308923395655691  9.89830922107483 1777094073.50692
  -0.151791618409219    -0.47205166175482 -0.00162805208059769 0.495858969202287 -0.623241214299632  0.258686813546611   9.86360922008363 1777094073.52622
 -0.163646695913162  -0.495406523505524 -0.0349448157134867 0.522904393517949 -0.546309175883053  0.248566489919809   10.0275563285785 1777094073.54649
 -0.188800123506914  -0.524941515000347 -0.0806131249050893 0.563655530190248 -0.458810888245108  0.147892913277978   9.90045199247921 1777094073.56822
 -0.182489689544573   -0.51550316048649 -0.0941188756012426 0.554891302874785 -0.361523065003674 0.0845047447684901    9.8525843145018 1777094073.58692
 -0.171531297323141  -0.542686590141473 -0.0859455568615495 0.575602605818442  -0.178935221823484 0.00959910682460191    9.86350252764395 1777094073.60665
  -0.15254941046707  -0.593970013952622 -0.0617547910443957 0.616348403361009  -0.081176108327301 -0.0943985373939669    9.74240450018392 1777094073.62649
 -0.136028690498334  -0.656858286278798 -0.0353268928254032 0.671725094252484  0.191738648107032 -0.109433201302953   9.67459200182127 1777094073.64678
 -0.121288345083581  -0.735255926330408 -0.0202868464082196 0.745468776002249  0.394362462338589 -0.141472296226395     9.696589472702 1777094073.66828
 -0.0938467779090159   -0.785530713905815 -0.00128672206383331 0.791117801510592  0.610584895894056 -0.101647187903075   9.59355837318574 1777094073.68708
-0.0983020585700052  -0.783303370433702  0.0443926682135266 0.79069474125165  0.857114678519214 -0.120321962894803   9.37209253324662 1777094073.70792
-0.106730051119411 -0.737017987473329 0.0468654717435331 0.746179060355443  0.943552914927267 -0.121369801680749   9.40720833139066 1777094073.72644
-0.119338830780725  -0.67578909934857 0.0407080786315013 0.687451679026483   1.20830945301172 -0.141061342961244   9.41757224590158 1777094073.74692
-0.0788034725288708  -0.634515298038295  0.0536719160447629 0.641638781012456   1.50201278201376 -0.211823707429037   9.31490075886677 1777094073.76829
-0.0465706053003869  -0.653632022589241  0.0673439387907918 0.658740349700855   1.73713934038702 -0.262052690651383   9.29973896474462 1777094073.78704
0.0139222490855107 -0.717233217478776 0.0832424101280065 0.722181844218252   1.96655988587682 -0.210149399489287   9.34156992208676 1777094073.80811
0.0462211219583477 -0.761624352323504  0.102049487411858 0.769819552913738     2.233578440236 -0.239300423194487   9.19332361019641 1777094073.8281
0.0878151496376408 -0.757835439628185  0.118532618114023 0.772059606260611   2.41780156705001 -0.277356435523594   9.11651308932217 1777094073.84812
0.0767023210915646 -0.702383380704371  0.125836817868531 0.717677200614463   2.52316325010413 -0.189318303705247   9.22128301464925 1777094073.8682
0.0660869506097953  -0.61184268324176  0.107725974676744 0.624759025302902   2.50693392773555 -0.244683325855437   9.03738517229568 1777094073.88637
0.0556950838260105   -0.5076051967996 0.0886652606540453 0.51829191256202   2.62505547152635 -0.175875644987311   8.92790630365647 1777094073.90814
  0.04825966614822 -0.457776734548858 0.0474420588553243 0.462751859012349    2.70633955718494 -0.0963224924292592    8.96815058032396 1777094073.92803
  0.0253070658566039   -0.454470207203777 -0.00313536385038706 0.45518506931202    2.88696970680197 -0.0434723802967431    8.97125777936905 1777094073.94822
0.00776201027328164  -0.487229173541587 -0.0361337056827315 0.488628858173426   3.06363614042028 0.0369248932408277   9.04525713063054 1777094073.96827
-0.0280476238091552  -0.517978270297955 -0.0524735380524554 0.52138433990478   3.29511936505186 0.0406201318878157   8.88304743329903 1777094073.98621
 -0.041530213118567  -0.525325064202338 -0.0838914583218549 0.533599998557188    3.23595004325072 -0.0451608710825552    8.69367999781034 1777094074.00692
-0.0255546750080897  -0.495399272277762 -0.0499913731184482 0.498570574517163    3.25138059583952 -0.0182479309168983    8.79003106127365 1777094074.02646
-0.0319663171612405  -0.479371585699307 -0.0620558653323243 0.484427386747348   3.42173242980727 0.0104727700499177   8.69517548652209 1777094074.04659
-0.0363327673927399   -0.46271154252494 -0.0556455299813624 0.467459588177556      3.51763260734327 -0.000331538973067382        8.741587223537 1777094074.06849
-0.0230218192197671  -0.457339010799693 -0.0383150200097181 0.459518243073955   3.81215644358089 0.0251749011788235   8.77714260157071 1777094074.08647
 -0.031146094013138   -0.41517306766742 -0.0139746930114162 0.416574179868861    3.96129238403924 -0.0673082603438662    8.61334394347269 1777094074.10843
-0.00922460412195822   -0.360726240163042   0.0417848203515798 0.363255398962197  4.09028771709874 -0.18296986819282  8.53173720444063 1777094074.12981
-0.00766856772575046   -0.285693229124623   0.0822956133830182 0.297408802964381   4.11379263607784 -0.194428438483069   8.54564936206991 1777094074.14835
-0.0203534248305262  -0.186375758061467   0.113244736165471 0.219030946134343   4.01741133817608 -0.209323247491094   8.56146662300828 1777094074.1682
-0.0214814392075381  -0.103841676302177   0.134396584150019 0.171192838047818  4.06660551488681 -0.22500941652462  8.45484678823574 1777094074.18626
 0.0138374058445408 -0.0713001598912122   0.140747578132549 0.158382661144448   4.04300913460947 -0.108246936357726   8.90555288673421 1777094074.20891
0.0503613671756193 -0.103750938302107  0.153980714801968 0.192381353133016   4.21584038421374 -0.165242740288168   8.94227456325757 1777094074.22704
0.0628775346981327 -0.172718298631417  0.149999330846069 0.237244587517007   4.24799326602022 -0.196074311363103   9.01910050693119 1777094074.24708
0.0921324613931753 -0.231537651920894   0.12045409593107 0.276780172566565   4.44736898840609 -0.166675511549959   9.00869894575081 1777094074.26832
0.0603746405186838 -0.283246102031297 0.0766696217784421 0.299585851530631   4.48931079611777 -0.209118548431091    8.9838575762234 1777094074.28619
  0.0298210318951984   -0.275281220933208 -0.00714604019303275 0.276983953383969   4.48332116754828 -0.232087760410394   8.97908350506007 1777094074.31184
 0.0279471860943652  -0.231938569395193 -0.0607073065022117 0.241375065502705   4.55114952636301 -0.185558459020875   9.10473874888353 1777094074.33007
 0.0125994950458635  -0.185808563801486 -0.0950893188299505 0.209106547513285   4.71346478429069 -0.209240998469972   8.99652555383582 1777094074.34871
0.00837561422446814  -0.152953127695292   -0.12413958871574 0.197168576786268   4.76745730129772 -0.137723456509441   9.13012573539798 1777094074.36845
0.00265689415839312  -0.127547543924427  -0.106083880561456 0.165919332094545   4.96200591461356 -0.116469665477283   8.98090440619231 1777094074.38647
 0.0283108104677478  -0.105798839943949 -0.0511520697202328 0.1208777513006    5.03471172065474 -0.0874096452887991    8.92987350125258 1777094074.41062
 0.0199794128663361 -0.0836591818053079 -0.0120318565649623 0.0868493017313144     5.01039646434589 -0.00121864739468802      8.9017932270276 1777094074.42981
 0.0203909065304459 -0.0496298107116119  0.0211135341097479 0.0576601118886124   4.96803251155979 0.0236037664847828   8.90699473149871 1777094074.44819
 0.0376376022846155 -0.0129890079355184  0.0656099948218765 0.0767461715879725   5.01394232403062 0.0279289822829855    8.8620943347227 1777094074.46821
0.0533233056571446 0.0136924598379822 0.0932206631109737 0.108263338270486  4.94747693841223 0.124245057196811  9.07376409749021 1777094074.48626
0.0291286369736682 0.0659734337448512  0.134358997196643 0.152490365530802  5.05504377782461 0.126353126790727  8.81269781088753 1777094074.50968
0.0257632025742233  0.101967045151469   0.14128166299891 0.176129296834853   5.03322622528362 0.0861492185304747   8.85875708509751 1777094074.52847
0.0240055293641818  0.144390019521856  0.133371821591121 0.198022185555332    4.97789951728009 0.00630625102748116    8.82594795241947 1777094074.54811
0.0240951335157672  0.162473623324953  0.138643695714613 0.214942615823125   4.96778514421555 0.0228692047403019   8.74124297918951 1777094074.56835
0.0378304738241064  0.188789581506835  0.127319176561783 0.23083072489522  4.79856121968246 0.095007065956227  8.89602184396159 1777094074.58623
0.0221436500944763  0.238731614445461 0.0949509659977528 0.257873633625365      4.77134334740441 -1.97861355891938e-05      8.81712606587517 1777094074.61072
0.00562297062670375   0.279037357719863  0.0426605255843394 0.282335589759923   4.77929788752269 -0.127590616542359   8.64523375929438 1777094074.63005
-0.00995930618261672    0.314702927839832   0.0146551393698439 0.315201354185783    4.74886607124361 -0.0567632744996564    8.71391662773093 1777094074.64878
0.00581256840858893   0.341120279338843 -0.0139044452860511 0.341453019501113   4.66885950365621 0.0113121229906224    8.7648951535513 1777094074.66824
 0.0116494622164726   0.385001281402512 -0.0280089274395675 0.386194506263132   4.56727421374996 0.0668987933499976   8.73430024723072 1777094074.68639
 0.0149610532881384   0.444938798533011 -0.0124685595926319 0.445364830822782   4.41336522099161 0.0202699637676834   8.80091713424778 1777094074.70821
0.0289015442717658  0.498685789531967 0.0260878182186538 0.500203348851069    4.27528649431875 -0.0807744995823703    8.73070380506374 1777094074.72709
0.0263934917363954   0.55720452408316 0.0930622288165899 0.565538748890906    4.11749651796465 -0.0787200739238585    8.64317846692766 1777094074.74611
0.0534368290988999  0.583791909289372  0.156050481890577 0.606646718407144    3.96911651678788 -0.0156940774700706    8.78227622834584 1777094074.76837
0.0715008570074222  0.599259334873995  0.192883596719889 0.633583621055674    3.90925791282866 -0.0865594458658875    8.62150210644981 1777094074.78655
0.0534712094389399  0.613628155041383  0.168903272651839 0.638691630139973    3.61105387694885 -0.0790779437801328    8.84852005471788 1777094074.80624
0.0349658559647046  0.648028460750938  0.136244501762519 0.663118436847515   3.56392512964949 -0.216263576556036   8.77011846895897 1777094074.82587
 0.030803970031422  0.655761964520091 0.0680138853040794 0.659998884298377   3.45666691904841 -0.211833397967088   8.90039158604706 1777094074.8458
0.0228401940243558  0.661252928879887 0.0298721841917677 0.662321264798048   3.29170713771615 -0.220561849458172   8.90917370682553 1777094074.86612
0.00606138286928051    0.69664146644957 0.00737436506935515 0.696706864039297    3.03907674020877 -0.0953481830090581      9.067145428376 1777094074.88787
-0.0303092438881161   0.715376271464024 -0.0845492264085815 0.720992671062008   2.89932141457594 -0.104432861969793   9.08200658527869 1777094074.90695
-0.04065420056254 0.714965859744454 -0.12891865636287 0.727632437829646   2.85815173325301 -0.117700099407838   9.10392314714772 1777094074.92682
 -0.02992547131252  0.702133949798874 -0.144726755566672 0.717518955199303    2.7834624506373 -0.164616527418771   9.01815993360763 1777094074.94621
-0.0324601528516792   0.686142602253918  -0.139759416015052 0.700983613585797   2.49983162251709 -0.154246484628031   8.91819982090148 1777094074.96828
-0.0079410535503658   0.730120058288138  -0.189942709842556 0.754464441089504    2.07000982139589 -0.0832179176951616    9.01954763534652 1777094074.98791
-0.0171562946903723    0.78596324976522  -0.225892404162141 0.817960846671257    1.82579599787027 -0.0383027705539329    9.17068089631959 1777094075.00639
-0.0121702543010028   0.847655059311114  -0.206237064904537 0.872468304069504   1.59924319083604 -0.122382639651329   9.03184593717879 1777094075.02627
0.0112382883742049  0.885370467860932 -0.157685457076994 0.899373041545858   1.18547226957923 -0.226494801879926   8.97958646913222 1777094075.04686
0.0412569503039788  0.892321144251816 -0.128787473725313 0.902510594849614  0.947096225958296 -0.143789521393142   8.99705181715024 1777094075.06838
 0.0620673875772567   0.867588148812174 -0.0680677846311365 0.872464772850224  0.685897684434332 -0.116400174136544    8.9459316308423 1777094075.08813
 0.123373211088451  0.863078563035526 0.0974911771963883 0.877285634680565   0.407881761623427 -0.0321675732984229    8.89591437693489 1777094075.10691
0.198457044785905 0.901932506756596 0.257452035935372 0.958722585619354  0.321353115705368 0.0999102933906557   9.01325860348908 1777094075.12703
0.240870740163983 0.923961207144606 0.288533061161024 0.997484011479991  0.244796202838303 0.0374684598878443    9.1121637163762 1777094075.14682
0.239470676848669 0.886625946665609  0.18070490195603 0.936005361075451   0.0448148794260416 -0.00875276306222485     9.20667791878189 1777094075.16829
 0.200514212428375  0.871290613311204 0.0333299485964164 0.89468663100743 -0.129055497748255 0.0154488025775158   9.18574197753761 1777094075.18718
   0.13397404553141   0.870073174341873 -0.0529244275341487 0.881916871714796 -0.309093984885248 0.0385367755622478   9.10643838496222 1777094075.2066
  0.12022567737939  0.876443638756856 -0.109088141473619 0.891351719597186 -0.446906109192825 0.0849373725262947   9.35065669633074 1777094075.22636
0.0769304746705175  0.841855018495724 -0.191909693717957 0.866872251627878 -0.403885339046862 0.0525609317297081   9.37966107893808 1777094075.24673
0.038319833543981 0.767405546149958 -0.24598847832672 0.806777548878282 -0.467422199045118 0.0383325830184285   9.31355743405175 1777094075.26825
-0.00687801067830978    0.721260515431602     -0.2508551284359 0.763670304263655 -0.500124120668757    0.1202802262697    9.2911227137951 1777094075.28841
-0.0438447308956912   0.703892045907577  -0.221715899808523 0.739286353821829 -0.591924448617769  0.219206788362998    9.3533431788349 1777094075.31123
-0.0566405153635561   0.707169325847485  -0.178416689214454 0.731525200106245 -0.599108430777799  0.174311935669095   9.21084047981634 1777094075.3285
-0.0784094353489387   0.705241229352757  -0.145224716687306 0.724295139751494 -0.789990138634613   0.13784018962515   9.11981651176687 1777094075.34808
-0.0780402293721395    0.74055225502008 -0.0721965884082444 0.748144549665084 -0.972647605549448   0.22009600600108   9.05031173455322 1777094075.36841
-0.0466965842192186   0.782981513507116  0.0292403308558417 0.784917587024393 -1.16269114941963 0.336342344956844  8.94367106153267 1777094075.38817
-0.0102845452864264   0.833276975095173   0.109986924246973 0.840567315924679 -1.17932101229983 0.332846033285192   8.9795695418964 1777094075.40684
0.0156208359260953  0.872801266725987  0.162732607481843 0.887979708806095 -1.12366990368761  0.32016285429597  8.91964216308995 1777094075.42857
 0.01071397539112 0.935171351745497 0.206019578418762 0.957655633871605  -1.4035796234379 0.252507030974048  8.74102945104816 1777094075.44819
-0.0387124081922331    1.02322529929218   0.198637863497518 1.04304633860365 -1.70485424806427 0.254680422690891  8.69908020453996 1777094075.4683
-0.0688045871986207    1.08928956102492   0.175300850291455 1.10544841900939 -1.94207480935781 0.325556348054428  8.82432142593722 1777094075.48714
-0.137779591192516   1.16929828133444  0.111782655555657 1.18268214181323 -2.36815581116028 0.206365580222461  8.52776249911123 1777094075.50672
-0.159449074647227   1.27649950826203 0.0900470920545408 1.28956716800116 -2.88964146723871 0.257607301678196  8.58246621408641 1777094075.52839
-0.128292579863318   1.31755212957734  0.118154744526965 1.32904595249976 -3.10394411672275 0.198218931420202  8.28626781990756 1777094075.54833
-0.0830717119117667    1.27397666157571   0.084908559626902 1.27950260142661  -3.4211797275062 0.167491578675361  8.40879517050872 1777094075.56825
-0.0620364157383919    1.20122773519939  0.0496591522600238 1.20385323860225  -3.67322187468512 0.0682554810072393   8.45550656974298 1777094075.58819
-0.0518908638481067    1.11898411277136  0.0236470465561433 1.12043620487578  -3.98330744858784 0.0227458748577777   8.54262037198483 1777094075.60812
-0.0481870157371187    1.05374993846327   0.014573835939007 1.05495180837371  -4.28190912239577 -0.140910065706104   8.20184098730744 1777094075.62803
-0.0277535027385083   0.996913563446119 -0.0211369788293826 0.99752377504054  -4.48173418534921 -0.121645836904358    8.1206960071607 1777094075.64717
-0.0455371803821832   0.971563303838142  -0.100123738489809 0.977769733204716   -4.72001023491968 -0.0471138630476147    7.97264171582471 1777094075.66823
-0.0447937507291807    1.01113765063742  -0.111497633883123 1.01825220402535  -5.00746314033751 0.0409691856372146   7.93676566610498 1777094075.68822
-0.0471322085961469    1.06785314439733 -0.0648166768106326 1.07085619234292 -5.21583400250012 0.121601372978224  7.96660562730617 1777094075.70716
-0.0165132371256665    1.10996606253571 -0.0440127957266467 1.11096105834952     -5.45055600235997 -0.000264488923492837      7.88759928351684 1777094075.72823
 0.0191701344911997    1.11116633469108 -0.0542912219563683 1.11265702450878 -5.58073530520094 0.018800407472465  7.74213972644208 1777094075.74809
  0.067300039323428    1.07168146549368 -0.0511668727577317 1.07501093373204    -5.91192066647009 -0.00304245898618612     7.74033442696957 1777094075.76822
  0.102273980955934    1.03816442315089 0.00525125736362107 1.04320319803032 -6.0178391601087 0.07506106187773 7.62427045003946 1777094075.78687
 0.121201120219509   1.02483143790862 0.0636800200429394 1.03393632909429 -6.15244340241323 0.224849756884996  7.70595930362827 1777094075.80654
 0.142668953238772  0.996407846093217 0.0694643624000516 1.00896398529284   -6.35879316153097 -0.0010824253721354    7.40513859867513 1777094075.82894
 0.124368912151756   1.00667335562364 0.0393351350663263 1.01508921976497 -6.59836807772797 0.140819823631553  7.46307694644607 1777094075.84849
0.0918854805416756  0.998701906642102 0.0347663599001222 1.00352236629068 -6.86159620546516 0.155429530557933   7.2807151422439 1777094075.8683
0.0764131051805248   0.99888758163672 0.0238865499842348 1.00209077965099 -6.94892562357848 0.180724848780626  7.11266351538829 1777094075.88643
0.0665276100896078   0.97948648305753 0.0581794300675547 0.983465576153852 -7.02315656374938 0.277639070264929  7.19141573943619 1777094075.9102
0.0249030601271243  0.952393536409524   0.10204493331187 0.958168450228329 -7.11274872562533 0.304335518768972  7.04314719520485 1777094075.92986
-0.01430495832294 0.933054100396659 0.087600355459986 0.937266455377741 -7.33378575291835  0.38196555969679  7.11743293719254 1777094075.94868
-0.0420021305685009   0.918260163127628  0.0484190081342914 0.920494598847913 -7.34699075153867 0.316236293977198  6.98790365499716 1777094075.96842
-0.0460562207011472   0.918082235183962 -0.0241690578595098 0.919554408060485 -7.47203415657526 0.191632179397714  6.88446946629728 1777094075.98702
-0.035675615142342   0.90964129053905 -0.084758705552403 0.914277892730789 -7.75460238429415 0.202737328283215  6.88231074025206 1777094076.00666
-0.0470487494483623   0.886731112798624  -0.107262477397311 0.894433278834788 -7.85627872883999 0.301691590178539  6.76446452166848 1777094076.02857
-0.0370262908645839   0.878895507182275 -0.0925343467888446 0.884528611236525 -8.11712106061928 0.226154416744829  6.72815844651881 1777094076.04834
-0.0321315669262519   0.879534293928683  -0.062081452504204 0.882307836605113 -8.21332972747592 0.186215669705986  6.57106491895047 1777094076.06825
 -0.024243329700552   0.862636672138315 -0.0130635942264277 0.863076140700778 -8.37413890430762  0.18445786918053  6.58928071910552 1777094076.08687
 0.0112333954891742     0.8307109590908 0.00927120754335369 0.830838637773356 -8.48427924420229 0.131518900950874  6.40736142779215 1777094076.10641
 0.018820401140535    0.7958914812701 0.0284519582328542 0.796622226268317 -8.74518367880211 0.196215485585299  6.35729753775711 1777094076.12984
0.0449880210728012  0.742316705146585 0.0666862871394907 0.746662623727865 -8.99087606478382 0.136391790232581  6.23173673017288 1777094076.15348
0.0528282881921594  0.699400215338332 0.0754526346058373 0.705439288186858  -9.0783489899667 0.162300592012646  6.35016659580611 1777094076.16849
0.0596579375444546  0.630104273118453 0.0727143191746724 0.637085423414496 -9.10568422037788 0.214317386311838  6.33940118922076 1777094076.18631
0.0565683242302782  0.558629879700566 0.0339595409191819 0.562512727162623 -9.34133368790948  0.24118836442489   6.2878625788528 1777094076.2053
0.0366909506732907  0.504973432630294 0.0418901699838939 0.508034624671401 -9.32852737058798 0.319002486535981  6.24470871289725 1777094076.22995
0.0438747998456182  0.492340578456206 0.0160985461202996 0.494553744746991 -9.34442297688409 0.314266319275734  6.18863587040776 1777094076.24886
 0.0119384555225595   0.455037696947104 -0.0268087408910576 0.455983048973701 -9.45656181505169 0.270526951698946  6.17358283048371 1777094076.26822
0.00898450157729818   0.372664909479824 -0.0671277766588711 0.378769051567524 -9.34929826555284 0.210358938666544  6.06634499250931 1777094076.28615
0.00931424235362614   0.265967077950566 -0.0932303577610114 0.281987838873294 -9.29421063933052 0.298470063105755  6.21014922681001 1777094076.30593
0.0160507592586068  0.145334268831936 -0.100388768565457 0.177362852434719 -9.22796539994853 0.205405574901239  6.10488947644878 1777094076.32968
 0.0192645270434269  0.0848295290063742 -0.0869943751620368 0.123025169390184 -9.20460073606232 0.199103144082572  5.97293358773677 1777094076.34985
 0.0295735939042354   0.114340189261182 -0.0763722625787769 0.140644938864138 -9.35827222358288 0.167169137287888  5.90150034794563 1777094076.36833
 0.0138884417393865   0.160862988083716 -0.0259612317431344 0.163535241776171 -9.43561042272884 0.144277978382577  5.67110247501876 1777094076.38639
0.0164650543878663    0.1781579152615 0.0419636329931973 0.183772378991803 -9.51112690078209 0.239430348396282  5.87038238817667 1777094076.40634
0.0173671449859583  0.169300862540181 0.0377431505373646 0.174324253029516 -9.47623212778597  0.32457738664762  6.07681267166222 1777094076.42985
0.0187358224871619  0.114075352946903 0.0188539344596164 0.117131072046825 -9.57530420047631 0.139426186317942  5.92620061003694 1777094076.45004
0.0258382389399084  0.050066635739443 0.0285204066607717 0.06314820822381 -9.78549250386161 0.133620909310471   5.9390327497732 1777094076.46825
 0.0197999575334845 -0.0210961213437759  0.0239675421853856 0.0375703038647194 -9.84954488958432 0.177723210901874  5.96959711595191 1777094076.48617
0.00507564500917284  -0.111504026308564 -0.0172482716995265 0.112944291276278 -9.94867018641876 0.237619018285854  6.05101197591058 1777094076.50482
-0.022842433777779 -0.212708331852865 -0.058832304964749 0.221873502987594  -10.012900654642 0.252813166947364  6.13446145701881 1777094076.53027
-0.0322348710674881  -0.295991147664388 -0.0661179769576773 0.304994152870829 -9.97815012022174 0.262855203005352  6.20895114024736 1777094076.54914
-0.0388180227963452  -0.386486815332815  -0.055241282516373 0.392339771899272 -9.85980564661788  0.22177372331645  6.23459773601347 1777094076.56835
-0.0420726428559842   -0.48216145757426 -0.0569318894190082 0.487330502308075 -9.75226377534016 0.181223611271574  6.27795338817329 1777094076.58655
-0.0373010769301766  -0.573085164090703 -0.0757250702477395 0.579268730301441 -9.60792490667387 0.151757911278109  6.25026569899228 1777094076.60498
 -0.016722226058648  -0.690002590194614 -0.0660487222149092 0.693358234267002 -9.37796802450347 0.191257611667285    6.113835207767 1777094076.63025
-0.0203167941432469   -0.74416949610433 -0.0218355773457275 0.744766945758506 -9.34871987669311 0.189480972214351  6.12068790735793 1777094076.64978
-0.016197814487746 -0.759795306053317 0.0196818596889087 0.76022276465234 -9.37170265111715 0.140033694840387  6.16460415848346 1777094076.66828
-0.0311346187463079  -0.748495841881375  0.0539543540661147 0.75108352539573 -9.19379109325504 0.144643555909016  6.29116977542497 1777094076.68667
-0.0354507189073711  -0.780418167166438  0.0224547568314966 0.781545574626863  -8.99542071989753 0.0872418668730546   6.38995480340211 1777094076.70631
-0.0345462537789604  -0.851216306473823  -0.038099532557358 0.852768560887529  -8.80559569992296 0.0666981249163238   6.29519203988187 1777094076.72993
-0.0177284689880324  -0.902423179228471 -0.0872132014578569 0.906800990035857 -8.71292007256774 0.145308859500321  6.39400801462041 1777094076.74868
-0.0135495420270928  -0.953472334503433 -0.0936276967382076 0.958154073387507 -8.47821493528101 0.253865972513698  6.49260069855943 1777094076.7683
-0.0182088464538498  -0.978350721929081  -0.107660781009561 0.98442497985165 -8.40935238838702 0.231850178527732   6.5312544967736 1777094076.78696
 -0.03181275643362  -1.00718034378056 -0.118836721976754 1.01466569019555 -8.16468224655149 0.219494334617636  6.61036853540899 1777094076.80681
-0.0333239045817781   -1.01354544269929  -0.103332810448397 1.01934416010896  -7.87458280427379 0.0863082662223258   6.62858234145433 1777094076.82996
-0.0235666907556809   -1.02967210771963 -0.0876091254066281 1.03366116168862 -7.62200730424554 0.176915519019758  6.94998556497902 1777094076.84994
-0.0199512810440858   -1.01887154302844 -0.0930854396686428 1.02330942235805  -7.52332604652509 0.0511369997280055   6.87340932565144 1777094076.86841
-0.0518193884179354    -1.0191734074724   -0.14219666319149 1.03034924881697  -7.38510428446993 0.0641354086744931   7.01805194945982 1777094076.887
-0.0412806573351488    -1.0544042601559   -0.15877088536669 1.06708979497746  -7.08800241393989 0.0508222095981599    6.9770120907502 1777094076.90631
-0.0535325662171081   -1.11767236254004  -0.162922934011704 1.13075246100047 -6.72317035714434 0.066480837712558  7.11296138935651 1777094076.92887
-0.074521308323116  -1.14591711170664 -0.161224119513152 1.15960021947613   -6.61201906007527 -0.0249024848267763    7.17290596181718 1777094076.94896
-0.101443839992269  -1.17135606565619 -0.163513328947084 1.18705623033001   -6.45544508330385 -0.0771194676188183    7.12252836953528 1777094076.96828
-0.075792142468048  -1.19822299141566 -0.142601299399025 1.20905662258113  -6.25966806432457 -0.137193224920095   7.14787424531872 1777094076.98818
-0.0442884943015647   -1.22062191612634  -0.105296660191183 1.22595543128731  -5.99198415487389 -0.180746839723256   7.34874248835869 1777094077.00671
-0.0162406077392747   -1.26237837250912 -0.0915950422293523 1.26580115518967  -5.57299778896375 -0.188771293491446   7.39219095589891 1777094077.02875
0.00382581414273046   -1.24541602055823 -0.0366307637968761 1.24596047849573  -5.39363604689808 -0.276225355406014   7.42082312332301 1777094077.05341
 0.0363965444029656   -1.21342998621501 -0.0137841180778251 1.21405396988825  -5.13353115266125 -0.282384643661365   7.52090429932612 1777094077.06833
0.0880383062981292  -1.16417305257396 0.0309577011477143 1.16790753870997  -4.79398920357747 -0.325430626852938   7.57613936044942 1777094077.08833
 0.109015446435962  -1.10696006162411 0.0576410445414358 1.11380762953407  -4.66617692997157 -0.292212604774754   7.84033769762544 1777094077.10823
 0.111628409143936  -1.06223540561809 0.0803471562561833 1.07110252739646  -4.45401772527676 -0.355039228313147    7.7752333695285 1777094077.12899
 0.116213225370504  -1.09312325472392 0.0598375374802098 1.10091075690127  -4.26841026854423 -0.340875624434398   7.89449091622105 1777094077.15003
 0.129348159620917   -1.1445855726376 0.0744161431503105 1.15427242964945  -3.92499736031017 -0.237816391989843   8.10397104423707 1777094077.16823
 0.128794687916303   -1.1939418350852 0.0644026530774376 1.20259422870954  -3.89627779861506 -0.165865642938896   8.24769517147606 1777094077.18788
  0.14178000837027  -1.21677767950778 0.0442516818113146 1.22580899958555  -3.70415104448042 -0.122833680207235   8.23712146444555 1777094077.20631
0.121589723486491 -1.23020108831579 0.032970173945844 1.23663487372825  -3.55053065205857 -0.152940638472308   8.29747454136435 1777094077.22645
 0.110978987675937  -1.22153404312634 0.0214686165423709 1.22675289105769   -3.3323588440829 -0.176647979327685   8.20645535179498 1777094077.2467
 0.0570795923291029   -1.24713647142504 0.00768073818179444 1.24846563907781  -3.08792904634671 -0.139526822887391   8.60483774467879 1777094077.27106
  0.0542097689604664    -1.25555856324675 -0.00185406317628213 1.2567296615992   -2.91279764262836 -0.0827861510716726    8.70526924337202 1777094077.28646
 0.0665814284844037   -1.26773962695802 -0.0169626400567713 1.26960016522383   -2.74854188568809 -0.0288876717059407    8.72003724110691 1777094077.30669
 0.0576138298340879    -1.2675699447609 -0.0412059106136599 1.26954749628314  -2.49871653778809 0.0231248937334365   8.77260229852945 1777094077.32648
 0.0377155451454463   -1.24062181795218 -0.0999392240055034 1.24521195224725  -2.18142000960048 0.0832245578189989   8.91325230634837 1777094077.34805
0.00846030511789014   -1.22974998263122 -0.0995019941827762 1.23379789406147  -1.70036591158202 0.0660828862920577   8.92342217755494 1777094077.36827
0.00503599860808566   -1.22747676800481  -0.112616011192865 1.23264226085694   -1.32669326610575 0.00369691757274046    9.01970016772195 1777094077.38812
-0.0163876541500406   -1.22145425409181  -0.092862156469578 1.22508874378622 -1.03291194581417 0.083113722592288  9.19483055855581 1777094077.40798
 -0.013433229493953   -1.21300532683779 -0.0642801592101108 1.2147815908465 -0.865007053823927 0.0349832592165821   9.11017025949007 1777094077.42627
 0.00944741660782799    -1.19956963372374 -0.00244745917872621 1.1996093321949 -0.533956917951135  0.130577852381665   9.27913753632171 1777094077.44656
0.0254458958596339  -1.19527003198377 0.0363015400830244 1.19609186302181 -0.0574838908423748   0.132000781507874    9.25400302880009 1777094077.46827
0.0252086296505441  -1.18549479839592 0.0371493775879334 1.18634458244129  0.239363981267098 0.0424845197569812   9.22657274329809 1777094077.48618
0.0226135848803876  -1.18811166333354 0.0118786298104234 1.18838621694149 0.537169834934089 0.059364610767941  9.22089692807547 1777094077.5064
 0.00731944187605759    -1.14650994699586 -0.00709296560049248 1.1465552507188 0.533089993096545 0.147969174630243  9.27176117954495 1777094077.52629
-0.0010250828487938   -1.05001780495886  0.0502466364643984 1.05121984665504 0.832909195466275 0.138651937573311  9.03974166050421 1777094077.54705
-0.0227749573532492  -0.983712157293947  0.0454350258713616 0.98502418684329  0.99496967272436 0.118351741899135  9.04445896771176 1777094077.56643
 -0.060147634208849  -0.934276816313554 0.00435219785764355 0.936221047097374   1.42960246099848 0.0769526873799943   8.98003847463866 1777094077.58645
-0.103576655130245  -0.89538986443135 -0.032182852464294 0.901935069063788   1.61759214772132 -0.016363780438956   9.06259438142801 1777094077.60611
 -0.150521064724881  -0.828855390822872 -0.0561850939961935 0.844283491849396   1.84805864898776 -0.165714889007941   8.81518746789179 1777094077.6268
 -0.21264934502063 -0.785897606050328 -0.109802401777208 0.821529889029841   1.74572321186063 -0.100185032068367   8.97605988552179 1777094077.64635
-0.202607100321076 -0.740284210779335 -0.127824810860478 0.778080671975094     2.0609648308509 -0.0341657912205709    8.87033981224072 1777094077.67034
 -0.16182916142046 -0.733411594526162 -0.144846054303414 0.76489321079398   2.17944152662187 0.0979156810088138   8.93997351212813 1777094077.68734
-0.106899771741175 -0.732366272708062 -0.142818127105914 0.753780429587195 2.29744345140234 0.10328294618133 9.04736285079504 1777094077.70663
-0.0292243444635166  -0.736300845858467  -0.103951763779049 0.744176704226887    2.43062189350019 -0.0395839483147373    9.02628991799353 1777094077.72613
 0.0345386553866785  -0.719927898464046 -0.0620109595510988 0.723418590310772   2.51879039950335 -0.147354003048785    8.8757613710388 1777094077.74667
   0.105969750347982   -0.687270820601065 -0.00619162195989575 0.69542009247718    2.64165104248032 -0.0763930802936909    8.94271029791547 1777094077.76823
 0.132930436832349 -0.622226713691656 0.0396056283711002 0.637499168679165    2.74807680684505 -0.0870533945942276    8.97857088013986 1777094077.78635
 0.163459169603094 -0.618209437606956 0.0903003916005773 0.645798706716621    2.84481616848877 -0.0965738101886269    9.10877443490217 1777094077.80604
 0.145174375406348 -0.628773771873607  0.120749905791183 0.656515495033716   2.91073158897909 -0.163698567825347     9.036918431431 1777094077.82412
 0.124087310953662 -0.609065407611586  0.106848095246679 0.63069394078794  3.07747513476092 0.107964602833827  9.13742535038548 1777094077.85311
 0.113059005312918 -0.601160290032014 0.0656419456481431 0.615211262918841  3.12023243977923 0.128085322495375  9.11172258390594 1777094077.86838
0.0957943337587185 -0.596608935946722 0.0267480536692201 0.604842322598913  3.08422386428021 0.115898509436721  9.16135315290264 1777094077.8865
 0.0628270515819846  -0.563970137477586 0.00935183133022325 0.567535911750263   3.23442116832096 0.0719060341843513   9.02165871637408 1777094077.90662
0.0270305515213595 -0.565163348887109  0.026929570654145 0.566449877232274   3.37576202530848 0.0821400946492459   9.03216681560785 1777094077.92584
0.00309623032327844  -0.606401366263542  0.0479469586469717 0.60830182844703  3.48739051362967 0.121901791269616  8.98349295771686 1777094077.94833
0.000462814036638818   -0.624651828747788    0.054678105137692 0.627040522244167  3.55016437892234 0.130743587931728  8.95906036846896 1777094077.96625
-0.00757998979897407   -0.653580048953407   0.0538207713841727 0.655836116775889  3.83589769597966 0.134672200689292  8.89819050421283 1777094077.98437
-0.0073205526917729  -0.691856260076147  0.0424878220425594 0.693198305047111  4.05669637738387 0.125758950001544  8.91298480606361 1777094078.00634
 -0.0234774224823809   -0.722105381788024 -0.00771916496234931 0.722528170579777   4.27786637051222 0.0939907739415722   8.77256072685914 1777094078.02619
-0.0142149539937662  -0.701094702065926 -0.0524267198717888 0.703195852617512   4.39507950890559 0.0139110757494983   8.60256590662504 1777094078.04809
0.00726722059844448  -0.595360385795984 -0.0529156522475585 0.597751510013278   4.46592238092964 0.0372892599415291   8.74052995664602 1777094078.06827
 0.0154720113174008  -0.494939557261397 -0.0188099653273243 0.495538457914144   4.74705111444582 -0.032259927457819   8.63087102062562 1777094078.0864
  0.0214035428085536   -0.419095598614991 -0.00127583460898087 0.419643730058206   5.04568928705236 -0.164931789187796   8.55209695800869 1777094078.10626
0.00655235524753305  -0.381762461978524 0.00872598335667671 0.381918385942252   5.23259380728336 -0.166168164036878   8.58646655992486 1777094078.12539
-0.0311446336294212  -0.341645532965206  0.0335031297923427 0.344694238572206   5.39614909917914 -0.124369926269588   8.56366933005462 1777094078.14875
-0.0587153442216882  -0.291157115326571  0.0853893136661486 0.309049012845434   5.49485047976456 -0.137474726000129   8.33559675495509 1777094078.16834
-0.0345968201714538  -0.253767503854377   0.108316576132771 0.278077986621709   5.52324776045505 -0.150029015116968   8.36220614221113 1777094078.18635
-0.0322789094663865  -0.221413097677323   0.112305823550297 0.250356317720799    5.58337162824099 -0.0131320003511741     8.4523119172789 1777094078.20578
-0.020104971377983 -0.188399580929324 0.0785298319105039 0.205098869983105    5.62010560230663 -0.0142715311433744    8.44080895697638 1777094078.22392
-0.0216090209529676  -0.153822614635603  0.0243150930012392 0.157224585569617    5.66578170459451 0.00180424491286131    8.37984951939321 1777094078.24797
0.00499976233652074   -0.11759847345868 -0.0214820446014935 0.119648973349102   5.71399023045051 0.0381746869672847   8.38337606915847 1777094078.26829
0.00291091101301784 -0.0926571219548715 -0.0638093488695742 0.112540875485508   5.77869328510535 0.0531642379249132   8.35061314289342 1777094078.28608
 0.0097278860969414 -0.0573927257040231 -0.0647222030278665 0.0870489534482332   5.88334715561287 0.0488501296765461   8.33217194520155 1777094078.3061
0.00505815181912283 -0.0242314429979606 -0.0509309319465381 0.0566277984609291      5.9086312388782 -0.00932570847946595     8.36064746557801 1777094078.32623
0.00168321966985776  0.0358234326770037  -0.020752862630048 0.0414346819049266    5.89792874312793 -0.0192866926011261    8.45256218085808 1777094078.34818
 0.0162717676665342   0.107876595163626 0.00610525862468839 0.10926758160573   5.87519895685894 0.0503197462712927   8.54194297371999 1777094078.36843
 0.021520063211436  0.190366510708507 0.0240780476463539 0.19308618256731   5.84146573065389 -0.002316220970745   8.38559925888891 1777094078.38814
0.00587741620216407   0.247285526438627  0.0249301335745138 0.24860850180009    5.7430895464604 0.0267085525428597   8.39145960789605 1777094078.40501
-0.00583023851204487    0.297513183073581   0.0414868809238938 0.300448410001576    5.64476038270518 -0.0366242355137079    8.45326996334565 1777094078.42601
-0.0231077145861893   0.344794777407528   0.137459375157725 0.37190386502382   5.59064898048698 -0.247328970410171   8.37928685815129 1777094078.44966
-0.0336836247787047   0.375301987593303   0.223657212786458 0.438187993104698   5.51633305470942 -0.264834118333071   8.54318858908428 1777094078.46825
-0.0429965848999613   0.409161093425462   0.270417043811372 0.492328025070542   5.55979144595208 -0.212564503012889   8.53450264639971 1777094078.4871
-0.0637466662622185   0.413366845779439   0.269215265135144 0.49740591636105   5.42460696750721 -0.277678708176935   8.33505555189531 1777094078.50624
-0.0815207198984485   0.465753363408422   0.234136269389357 0.527628293349195   5.13329194941601 -0.247183489574976   8.48819020379949 1777094078.52413
-0.101076095508247  0.557902150625896  0.186674613447752 0.596924281682409   4.95212870119954 -0.117619445830362   8.55326402768986 1777094078.54624
-0.0759613980662185   0.597869496328674   0.107601921443316 0.612206045490217    4.78546285984576 -0.0191342894095909    8.68634184586234 1777094078.56832
-0.0374440211258732   0.610463019422012  0.0640307449590263 0.614952916165069   4.67791022673616 -0.011361838988673   8.66016021424391 1777094078.58836
0.00281615115281695   0.589058862355513  0.0459624325581741 0.590856005498422   4.59861697040598 -0.199343935949992   8.55232310996792 1777094078.60984
 0.0174463324708319   0.571480898105788 0.00727365839514774 0.571793404581524   4.36698919834464 -0.311395749959412   8.72468626042672 1777094078.62704
 0.0128893117140362   0.600601791909077 -0.0406975460608053 0.602117045977132   4.06676369804141 -0.343887670051379    8.7576647225867 1777094078.64872
0.00725689024974833   0.668476705258267 -0.0884129169721801 0.674337164789673   3.85309557932478 -0.298285714198377   8.67326708898933 1777094078.66841
 0.0240908061674079   0.707694706558475 -0.0998909172994172 0.715115627008389   3.73770830031465 -0.285949865378121   8.60242278572874 1777094078.6884
 0.0346292870265806   0.743153062255596 -0.0792011836661569 0.748163410595545   3.60977731699077 -0.222447963744278   8.67839715343534 1777094078.7082
0.00978949769778888   0.736449941779502  -0.088365594010224 0.741797026966937   3.48672774939121 -0.247903661085255   8.53314498164782 1777094078.72835
-0.00874810031483459    0.750905599553854  -0.0960499674071341 0.757074200418534    3.2239992407515 -0.268061763137697   8.66127603956665 1777094078.7484
0.00356734101155079   0.779823608219922 -0.0457932646566871 0.781175146140063   3.04766509847346 -0.261162619715718   8.69220329207045 1777094078.76835
   0.0346113992640019     0.803660890054273 -0.000341333189911648 0.804405924686153   2.83503400710322 -0.297844517299799   8.69518222070944 1777094078.78695
0.0819385361938663  0.799416536659169 0.0464801126088326 0.804947901212162   2.62776652690001 -0.187802250182221   8.70497123190952 1777094078.80836
0.0802804226520841  0.784580398763477 0.0601289156318806 0.790965760877246  2.36802183420835 -0.17225294219837  8.65135346979053 1777094078.8284
0.0687026866903928  0.838875828948769 0.0443664141376028 0.842852949366847   1.96847481237135 -0.110832045916988   8.78024587941253 1777094078.84993
0.0704982631818657  0.890450184534155 0.0530091442688805 0.894808083124359   1.95228132119702 -0.128732103705295    8.6776819343204 1777094078.86825
 0.116677964944361  0.917825532287654 0.0736665438301052 0.928140191405665    1.72373268681601 -0.0839043821409847    8.81279455637897 1777094078.88819
 0.122444123002924  0.892100618312836 0.0698688151034705 0.903170929434768   1.68719996721862 -0.134211849155468   8.81192786622942 1777094078.90828
  0.0754677505163026    0.849248459922215 -0.00619676741598408 0.852617574282076   1.41614364719183 -0.146239213478359   8.90079188220559 1777094078.92845
0.00589819912909211   0.848823917225907 -0.0668209132321609 0.851470413844709   1.11936350465866 -0.108911870614253   8.85411638833487 1777094078.94839
-0.0190144885063119   0.853891567519722 -0.0522727006241688 0.855701346899132    1.0472200263167 -0.112917444615413   8.79456640231794 1777094078.96831
0.00986506485310113   0.846458421092351 -0.0409771459182531 0.847507111846454  0.796226227220916 -0.147493065513229   8.79845528519114 1777094078.98667
-5.32852906489663e-05     0.874872311275433   -0.0651504011626059 0.877294784349815    0.603440449952029 -0.00834360953538997     8.99111127638587 1777094079.00671
-0.0127164682112313   0.897767313365259  -0.115736636978267 0.905286046865786  0.495307693716028 -0.182133606070765   8.91314704209541 1777094079.02694
-0.0364293027699907   0.913118171676883  -0.134779016661904 0.923730086594126  0.511466794874052 -0.134108446077083    8.9410163608804 1777094079.04612
-0.0392044341867859   0.908179654809186  -0.111202995997092 0.915802041594125   0.137605013289176 -0.0858122105476639     8.8714032683709 1777094079.06883
-0.00377490225778575    0.963573083086078  -0.0402364408995287 0.964420192401282 -0.0810906961925078  0.0498673075595178    9.05939729579862 1777094079.08603
0.0220191446186856    1.0328887297442 0.0442380720838429 1.03407010293501 -0.0895612826783429  0.0187092865499542    9.08932886619043 1777094079.10656
0.0396634783575815   1.04500059680596 0.0755398278982139 1.04847780350331  -0.235403525828432 0.00179022266089559    9.17194762743594 1777094079.12689
0.0386405701595771   1.04945379188795 0.0678920667539919 1.05235720537201 -0.402897369785354 0.0104175146781983    9.0442820065999 1777094079.14807
0.0607786303031089   1.07651173230822  0.113704909933383 1.08420494291519 -0.701852526615183   0.09041592910133   9.08296452477436 1777094079.16836
0.0697515364932877   1.10442381077004  0.216172381825085 1.12754056658859 -1.05935081230476 0.094978872753107  8.99786778840807 1777094079.18661
0.0582738601185133   1.13730953809938  0.291359876117865 1.17548262668418   -1.34240541979809 -0.0759399271390605    9.09626996773789 1777094079.20672
-0.0079801229819047    1.11776448638128   0.247736333208533 1.14491677434198  -1.35379755435075 -0.275176897653908   8.99743533480651 1777094079.22606
-0.0872390439773581    1.06506820886365   0.145258505385875 1.07846231909745  -1.59463138539974 -0.163315601453307   9.07925084782467 1777094079.24456
-0.183148363349171   1.06157820322699 0.0587595072127102 1.07886249552573   -2.33533698384772 -0.0606238157466979     8.6310843131585 1777094079.26906
 -0.155317019484564     1.1508678838103 0.00753844276309477 1.16132557478377  -2.95793961615521 0.0649976477504857   8.63887304689565 1777094079.28508
 -0.121679005913342    1.27332885407063 -0.0633753093707522 1.28069847385195  -3.02947279618049 0.0293555011886666   8.86040353795832 1777094079.30599
-0.126965759629867   1.28265669315658 -0.149083444190327 1.2975185432006  -2.97106026413451 -0.199349389941586   8.74014346100155 1777094079.32608
-0.0847424578659863    1.17428866429998  -0.146513868937589 1.18642381342405   -3.1735803925591 -0.205211896125878   8.89800104655727 1777094079.34697
-0.0397017085613249    1.06836716539424 -0.0588094965072095 1.07072087055153  -3.35802247505745 -0.110788406520651   8.97208530771294 1777094079.36836
0.0356884190270793  0.983105034111477 0.0250153418254031 0.984070596387588  -3.51935062356186 -0.203306789790334    8.8729474556389 1777094079.38794
0.0762929813512156  0.917262245328685 0.0583863487724707 0.922279573357157  -3.50042229636525 -0.252321313491807   8.88334172292026 1777094079.40841
0.0489064610515409  0.886518792204506   0.02967563867288 0.888362569222143  -3.80930497694266 -0.171757489092884   8.87161544527126 1777094079.42818
 0.019983143757576  0.909299396964786 0.0133908446617288 0.909617520761179  -4.11303011800534 -0.222292386518048   8.61090909513294 1777094079.44655
0.0381182328672483   1.00276552230474 0.0215989747070684 1.00372217675431  -4.27052532542798 -0.194965273330788   8.54949916500997 1777094079.46972
0.0534168821993608   1.06414731450701 -0.026821132665184 1.06582467762472  -4.5105255030655 -0.19296244887038  8.43055144084467 1777094079.48753
0.0348210037345924   1.08842352836851 -0.110126126853247 1.09453462404025   -4.50407019819636 -0.0781398829436087     8.5307646516789 1777094079.50638
0.0243796530948428   1.03858710165237 -0.193982235323598 1.05682857778584    -4.6249456963838 -0.0708837290625253    8.40353059807947 1777094079.52791
0.0267716455538731   1.00403001158115 -0.198888536157279 1.02388946423727  -5.00058690354795 0.0140786368495004   8.17014534677923 1777094079.54679
 0.019085358226936   1.05815703656297 -0.197273976595396 1.07655821336709  -5.37063552034323 0.0122343363639685   8.14410449908547 1777094079.56841
-0.0144255436098403    1.10847451904265  -0.175439639199626 1.12236487947448   -5.36353296066722 -0.0807333511764714    8.27494797781798 1777094079.58642
-0.0146547153707427    1.04820637385241  -0.167478499757428 1.06160275562398  -5.41649350923464 -0.200996145552756   8.03567498900241 1777094079.60604
-0.0124843822187931   0.964285675541458    -0.1735000562647 0.979849474857075  -5.76531972013276 -0.243729606418636   7.93188816706515 1777094079.62483
0.0143699326811351  0.905204652819394 -0.177584920653851 0.922571602909376  -5.98062362702059 -0.211614331113292   7.90113506546442 1777094079.64308
 0.0373642311231951   0.818235360420203 -0.0520892195496225 0.820742637860794    -5.9860707081598 -0.0846149496810972    7.85005512655002 1777094079.66899
 0.039810625829257  0.789250907627591 0.0343246576323787 0.790999407864173   -6.09818156306312 -0.0776778780147485    7.75903537591321 1777094079.68588
0.0182696389083697  0.773132790928129 0.0890619122897804 0.7784600929623   -6.22309659548272 -0.0323305526957871    7.65118012154236 1777094079.70508
0.0226900031900683  0.802455695754792   0.11685709717934 0.811237056017077   -6.49135846254091 -0.0639500225033661    7.32560759838995 1777094079.72476
0.00925789210470454   0.829970320158969   0.104319927175547 0.836551904018463   -6.79526659906912 -0.0669338805329908    7.24966536031988 1777094079.74436
-0.00300203101155763    0.860853406127099   0.0893380248724621 0.865481878330757  -6.87661370620678 -0.235582821990684   6.98625094137056 1777094079.76828
0.00195947403734573   0.872821301372876   0.056981329922474 0.874681505251184  -6.93191696492249 -0.132675929231242   7.03732713392098 1777094079.78713
0.00756898466480445   0.864052620740965  0.0481340383391526 0.865425390536366  -6.99801997930778 -0.108066880089169   7.05729922838318 1777094079.80645
-0.0239219664863264   0.858512329133431  0.0805673187744394 0.862616237158323 -6.95711662477714 -0.15524073298878  6.93492814237213 1777094079.82615
-0.0390697751653881   0.836000409153345  0.0973777127212201 0.842558929909861  -7.15921425820626 -0.209828657971017   6.85993746600268 1777094079.84613
-0.034244714081059  0.816113356394151 0.0970043290406904 0.822571304374311   -7.4030637356658 -0.189965304983832   6.79056415885812 1777094079.8683
-0.00868706309495923    0.824964358954074   0.0978047253403283 0.83078723082906  -7.60573966286387 -0.176892776504996   6.66080896846995 1777094079.88691
0.0220360288979807  0.792925936631753 0.0778130817654715 0.797039524268888  -7.69752184697121 -0.147828457686696   6.65402392788521 1777094079.9086
0.0448594278603032  0.765495544053474  0.035239387565593 0.767618141180675  -7.94463641581827 -0.194788197843067   6.62195354171029 1777094079.92492
  0.039979894384329   0.729159704732203 -0.0292615893721884 0.730840959150979  -8.18604285953588 -0.139711878507928   6.64527928004399 1777094079.94469
0.0553253287276617  0.654092188964149 -0.098270601991226 0.663742868043382    -8.2085490442452 -0.0894752341156953    6.60846825739347 1777094079.96827
0.0494216421344357  0.571985533236762 -0.157378980813369 0.595296642477734  -8.19676820160252 -0.147914296120579   6.47615930813231 1777094079.98675
0.0395281553831369  0.526026795898427 -0.162226652823057 0.551891431313561  -8.57957852896565 -0.168685301700314   6.32435419876243 1777094080.006
0.063771349084193 0.547163625171543 -0.11527549006305 0.562799481417813  -8.88942896040211 -0.173631339868118   6.21704701507975 1777094080.0243
  0.0916739311077089    0.561083806287499 -0.00796320296553705 0.56857942270564   -8.81064387533138 -0.0841457122004691    6.25281352135013 1777094080.044
0.0972724244742626  0.508518889761735  0.104956367408484 0.528270030256491  -8.56611733695711 -0.159323926734939   6.19975794214797 1777094080.06829
0.105687839770577 0.478875654208983 0.124259390260827 0.505897428079492 -8.68983770782941 -0.15212182625613  6.24328250536943 1777094080.08694
0.0756625706022715  0.509541740790196 0.0793708940062332 0.521207587255784    -8.7858025976212 0.00720132366783518    6.21557104829945 1777094080.10492
 0.0334127445114951   0.543879543829866 -0.0173214090706513 0.545180154540283  -8.93794468517013 0.0635682071230512   6.26827482847984 1777094080.1228
0.00110782299315836   0.572265604393644 -0.0725951754686682 0.576852848432886  -8.90575758178176 0.0455425659395975   6.17031745186222 1777094080.14231
-0.0424493894444617   0.556616017532338 -0.0651477838114188 0.562020974140029   -9.08122690005506 -0.0591327487906272    6.14161502477474 1777094080.1678
-0.0576007249386995   0.498008731701554 -0.0649364561220507 0.505516848085348  -9.27051924009481 -0.120537292928779   6.08203305856246 1777094080.18621
-0.0329979523278038    0.42856982367973 -0.0491403932924118 0.432638113068689  -9.35102542756002 -0.033529677758191   6.10131428817739 1777094080.20436
  0.00522613850482387     0.346634174676975 -0.000523522344684956 0.346673964487246   -9.48380547564479 -0.0332926804106739    6.10859410688171 1777094080.22293
0.0196752561182094  0.272403233158872 0.0418272718401828 0.276297227290316    -9.5818431209021 -0.0898023951813229    6.18837822137964 1777094080.24254
0.0154503951619753  0.180450095939294 0.0659577380054035 0.192746919658787  -9.59890143650703 -0.162894846396722   6.17540721784947 1777094080.26823
0.0329663243644326  0.112186870236962 0.0384558624803058 0.12309153404995  -9.65251906444553 -0.205087211501331    6.1795504219486 1777094080.28818
  0.0133503317416952   0.0531999076069954 -0.00252225537978713 0.0549074065969886   -9.6505660563451 -0.172024653804197   6.19416265763343 1777094080.30601
  0.0345784298787203 -0.00382769238685571  -0.0416370331426429 0.0542582857341393  -9.65547373512665 -0.134680905812372   6.15709746920189 1777094080.32421
 0.0361421583678592 -0.0535590645168445 -0.0719603845401655 0.0967115605632306   -9.53689267484436 -0.0808055019558897    6.07217167274088 1777094080.34276
 0.0287988603223293 -0.0876750740311393 -0.0617221810102254 0.111022162611299    -9.68877816682427 -0.00457912289931866     6.13775504296569 1777094080.36697
 0.0310932127986012    -0.1263203525438 -0.0362474706546658 0.135046282724812   -9.59763196905529 -0.0487026037473127    6.17097466943616 1777094080.38799
0.0270966622039258 -0.168328057277886 0.0121439727994735 0.170927002094155  -9.51622305655913 -0.160504231545914   6.14424498590096 1777094080.40614
0.0125023283533871 -0.202016283351114 0.0540791506733977 0.209502843634184  -9.54057171905372 -0.173695006808476   6.19642203945855 1777094080.42433
-0.0195865564020436  -0.237656492785407  0.0812296944627199 0.251917655231342  -9.42728794046597 -0.100614513645846   6.16247898004148 1777094080.44253
-0.0517951516013226   -0.33148625851924  0.0521977333156172 0.339544519437108  -9.40192911405709 0.0185791521267758   6.25530463832664 1777094080.47125
-0.0589788734045154  -0.379330185477582    0.02902920685587 0.384983885342235  -9.50510799060439 -0.127893887709995   6.20414565544853 1777094080.48712
-0.0473274338230056  -0.440881996426738 0.00161004071179815 0.443417876270895  -9.60558983578178 -0.168740846707073   6.10894634830798 1777094080.50633
-0.0536924119575943  -0.493489427578334 -0.0135490569278408 0.496586615986627   -9.47682603724965 -0.0603387147238846    6.12723108911323 1777094080.52498
 -0.0347025210183637    -0.53346319609725 -0.00252923343009973 0.534596711154368    -9.287219178901 0.0129622193330587   6.16965231881194 1777094080.5442
0.0009794855260564 -0.564660387314802 0.0446505699501509 0.566423857011048   -9.22413287823407 -0.0254760044969841    6.24312842494527 1777094080.56836
0.0353208626713566  -0.58997174228869  0.111431908988093 0.601441011554526   -9.11125077014151 -0.0880013335431866    6.47763354578361 1777094080.58827
0.0620429939409127 -0.653031551734879  0.131619423663385 0.669046495651758  -8.97659281115253 -0.157459613429576   6.37925711923261 1777094080.60634
0.0710147689097655 -0.740353341033316  0.105072354758572 0.751136716395232   -8.90267107833679 -0.0757685386167505    6.45649157902222 1777094080.62498
0.0705597830541185 -0.828530025415091 0.0602101385266511 0.833706151338932  -8.89177314232311 0.0457492499292686   6.54626062961027 1777094080.6441
   0.03652953600131  -0.890667723950986 0.00490143548767159 0.891429989151331 -8.80926402411001 0.106762901682411  6.57862938121725 1777094080.66494
   0.02586286165391    -1.0017079920563 -0.0216219802778326 1.00227506154425 -8.43878668076046 0.153576362150007  6.69942560337268 1777094080.69001
0.0400562177909463  -1.06595341471571 -0.016442020517353 1.06683247183731  -8.27230451301357 0.0669893931745723   6.64516843410861 1777094080.70606
  0.05445796909536  -1.10787575843189 0.0162718822987598 1.10933274569561  -8.18929946230969 0.0866188395538057   6.73559636812742 1777094080.72614
0.0314837798076278  -1.14359172295029 0.0630503221613831 1.14576114453058 -7.84724631130295 0.157309054589868   6.8555868041658 1777094080.74573
0.0238500818718158  -1.17321081674478 0.0702833732212087 1.17555612349373  -7.57727371932354 0.0021459108123222   6.77333580720064 1777094080.76842
0.0162805160222234  -1.20448285519497 0.0560409686092642 1.20589576407882  -7.42700770891672 0.0601048296029147   6.95114658140347 1777094080.78858
0.0093644093032832  -1.19036681440764 0.0186732432103651 1.19055009765091 -7.07113225105542 0.195424188672515  7.04966857888131 1777094080.80825
-0.0239536409416173   -1.16891425023828 -0.0340062595014143 1.16965410571235 -6.80465973214609 0.181970693728871  7.01746979282861 1777094080.82679
-0.0254430668731146   -1.15372422229038 -0.0874897983899023 1.15731646301855 -6.68783554762682 0.139940223455842   7.1313596810944 1777094080.8464
-0.0300138725677023   -1.12089515223594  -0.063169667408529 1.12307487806158 -6.38796394951792 0.124014825119192  7.27890766846954 1777094080.86841
-0.0220888714242591   -1.10225120362176 -0.0296578467614512 1.10287135333227   -6.19997035054446 -0.0462402127187098    7.16749577202511 1777094080.88834
 -0.012397105267844   -1.07907140406619 -0.0291425641185139 1.07953604494514 -6.04121131728909 -0.11538427696528  7.29829228323196 1777094080.90905
-0.00477271411612225    -1.10205374487664 -0.00958911404709739 1.10210579642105  -5.7233000873877 -0.12985975521978  7.48389524964917 1777094080.92798
0.00351463059134284   -1.16820027037088  0.0654409680038793 1.1700370697615  -5.45292499770612 -0.118086984036678   7.60260395894356 1777094080.94672
0.0477165061532164  -1.25234049132969  0.124137007569877 1.25938221673635   -5.20700042244697 -0.0122554933081751    7.73915240698321 1777094080.96828
0.0273912229080988  -1.25781836059392 0.0709334776553509 1.26011462398936    -5.2056962303794 -0.0222811139599205    7.72566824555086 1777094080.98833
0.0190279111911255  -1.22792795849819 0.0378313334417507 1.22865794363436  -4.95610069985342 0.0807106612753351   7.82338690747807 1777094081.00819
-0.0111371431300376   -1.26401727380845 0.00165482258064942 1.26406742022766  -4.77987630232743 0.0862200362341961   7.88942220164772 1777094081.0283
-0.00361119263552047    -1.29512513402518   -0.033064851998053 1.29555217491757   -4.565140492412 0.155349720293074  8.16163792681108 1777094081.04795
-0.0231694349753968   -1.32432433596135 -0.0677804165284976 1.32626013828409  -4.21809408479468 0.0545598834505872   8.15906846170085 1777094081.06827
 -0.033514806579124   -1.38079552873669 -0.0905357640817482 1.38416626855921   -3.93462653512751 -0.0258162638049035     8.1141235786902 1777094081.08833
-0.0107652908163449   -1.43608220889943  -0.087655518988827 1.43879515297107  -3.45189392098785 0.0370332534172652   8.23016530959496 1777094081.10818
 0.0170128487284175   -1.49428864886889 -0.0427928817253774 1.49499807153275  -3.17320797911374 0.0395327590769951   8.19459051443641 1777094081.12881
 0.057842801586411  -1.46722046531851 0.0111797226485557 1.46840276141913  -3.00295062567582 0.0295122302125555   8.24149361512103 1777094081.14783
 0.0457861809112421   -1.40011510941216 0.00576954485252082 1.40087543401063  -2.62026383786527 0.0119607298186225   8.50651532982459 1777094081.16806
  0.06422235027661  -1.33382526463489 0.0285068986571939 1.33567473215766   -2.23427067941242 -0.0288662592219757     8.5900727793609 1777094081.18813
0.0585501023199428  -1.33125705555944  0.050731264515274 1.33350932642325  -1.85083578946657 -0.118915157042595   8.61116051551982 1777094081.20698
0.0559614134130388  -1.30732880091758 0.0336400097900941 1.30895833537911   -1.54964954917596 0.00948707699005045     8.5974643348915 1777094081.22812
0.0617051340429726  -1.25441913598691 0.0293626101223259 1.25627905147328  -1.32287456285181 0.0352001075756369    8.5211010967535 1777094081.24702
 0.070682836026451  -1.10590899476909 0.0733521567037302 1.11059052171042 -0.871750815529397  0.112136107064103   8.55746970327333 1777094081.26832
   0.1026324038117 -0.944089579427988  0.136754110121474 0.959447878173587 -0.440148103368112 0.0602817371617086   8.54450751415735 1777094081.2882
0.212797406555278 -0.84666511685137 0.256990424901338 0.910037710658501 -0.20382877205976 0.152720808049723  8.69921999447715 1777094081.30712
 0.292396165043993 -0.784300194650401  0.360437358047674 0.911338247709092 -0.0810257538452409   0.257468835948997    8.83263548004889 1777094081.32824
 0.318039028244216 -0.750315473839815  0.448442599752287 0.930173585435848 -0.0556269455182913   0.326742986396345    8.88184878475828 1777094081.34811
 0.287781470962579 -0.698480566976478  0.445329853477747 0.876933267627405 -0.123965858321533  0.297577916574475   8.93097329284869 1777094081.36826
0.212566649323318 -0.68443036614766 0.383238171504367 0.812712127759623 0.190016926383442 0.315667582671545  9.13243255778672 1777094081.38808
 0.173518273044605 -0.754512433171208  0.316436949240275 0.836379068207001 0.414329602055821  0.14454146632047  8.96086636713279 1777094081.40686
0.0758462511663594 -0.826273404667547  0.181530923111448 0.849372632666361 0.604082817780756 0.251091259495826  9.01293332513402 1777094081.42819
0.0204099866427907 -0.821983048228039 0.0801788642783567 0.826136398790166 0.579195966316569 0.298726249532152  8.78312619952226 1777094081.44816
-0.0337888279032359  -0.785597406565743 0.00365260153533278 0.786332189085421  0.6477336663467 0.37773959311269 9.08849841741517 1777094081.46828
-0.0815857341977783  -0.764880704956519  -0.076624110582273 0.773026506118578 0.79323260257539 0.35627193050211 9.20292925508397 1777094081.48674
-0.154645213623101 -0.750010612286271 -0.148387129281181 0.780031922920384 0.930008552998579 0.325933935397861  9.26589375843388 1777094081.50671
-0.171005508837295 -0.740439102044859 -0.158722665506504 0.776328430778616  1.22843409674408 0.309640536111779  9.21672344729489 1777094081.52897
 -0.16398375398346 -0.755500517267167 -0.141888070105973 0.786005042986279  1.45865187112955 0.358529501617901  9.22570903156377 1777094081.54859
-0.133811341645278 -0.708402456627293 -0.131413030424219 0.732808911158817 1.52943424110447 0.25008264751864 9.01642967891283 1777094081.56839
-0.0932772424176105  -0.634739025968799  -0.146648057509527 0.658103280505553  1.42854851967364 0.204550234867791  9.09109353576535 1777094081.58803
-0.0653215853824827  -0.532659733336998  -0.106464062014174 0.547108670682599 1.63807329792046 0.15292026168089  9.0802756737304 1777094081.60823
-0.0637481816887748  -0.436382047779888 -0.0476357295002747 0.4435789501523 1.84238107639102 0.21573903467329 9.16287840093919 1777094081.62654
-0.025192388138444 -0.362322466106411 0.0229530011633711 0.363921785728685  2.06499650398552 0.257944177450873  9.19603119551428 1777094081.64621
0.0164024212278845 -0.321727751674817 0.0486320709800482 0.325795739609465  2.14722088292753 0.316483295450977  9.26395205970205 1777094081.66615
0.0344023187245962 -0.273480945998135 0.0863229862388462 0.28883733365141  2.00458805779388 0.319644000569266  9.19154682612435 1777094081.68585
0.0535808422159384     -0.19869176111 0.0846092025707683 0.222504021863031 1.99056249856737 0.28692039918633 9.17919798092837 1777094081.70467
0.0614365331522369 -0.191040424667914 0.0614170417930555 0.209864109570152  2.20248128659668 0.246432740679912   9.1915099320065 1777094081.72419
0.0598607148288307 -0.264931061630624 0.0211681024035606 0.272433223296858  2.25642569841535 0.325784115783071  9.43272931118805 1777094081.74444
 0.0712261684703211  -0.367543662880748 0.00928492574077318 0.374496623542551  2.16304458498806 0.370477898493805  9.52799951901304 1777094081.7708
   0.07292324379759  -0.418706077529284 -0.0162767389468827 0.425320480434068   2.2353466951476 0.440503805042804  9.65104798156363 1777094081.78708
 0.0272098662609201  -0.478175031091112 -0.0440555117696938 0.480970503563589 2.21632308458019 0.35254902100315 9.72747748441878 1777094081.80676
-0.00159278605504529   -0.502877983549175  -0.0732731417605323 0.508190669541817  2.29283789296514 0.273049123510143  9.54012049019844 1777094081.82812
-0.0495512304295066  -0.507812086139571  -0.108359250385849 0.521603457054  2.46740410778405 0.296284332802085  9.49538100718724 1777094081.84832
-0.0638044842461887  -0.519031835792622  -0.165200661473941 0.548412543007187  2.56142415026783 0.335023205859258  9.59589491686367 1777094081.86827
-0.0692186698491654  -0.498055982673587  -0.242163613504348 0.558116656119599  2.67625855229845 0.357207522351202  9.74155873835059 1777094081.88867
-0.0914675631848151  -0.490297259360449  -0.277193193107202 0.570608257876017  3.06036377346412 0.430075078714289  9.67780145640315 1777094081.90841
-0.0758905807004634  -0.500796593249205  -0.269453314722536 0.573726151455575  3.23939342700104 0.359531171778287  9.48031258755602 1777094081.92653
-0.0344685892114423  -0.498720866723157  -0.197168571747465 0.537388157882418 3.34891801832289 0.30159418482678 9.42748074844596 1777094081.94816
-0.0155344680855141  -0.479517125841719   -0.11645892492414 0.49370099743538  3.44749012689252 0.292855876350286  9.48800711345638 1777094081.96848
0.000702480856815681   -0.424160287898866  -0.0395654123645616 0.426002189155621  3.61346011459223 0.361541389937913  9.21899846557282 1777094081.99198
  0.0146137470915736   -0.374323155841389 -0.00363140007214429 0.374625911636658 3.65944500117379 0.41408047832789 9.12104828449134 1777094082.0087
-0.0140101173279004  -0.300642946664455  0.0133239588405067 0.301263991618334 3.73860937874414 0.40530797334516  9.1757489371137 1777094082.02852
-0.0247671538891469  -0.255283325603294  0.0175915711305185 0.257084522322302  3.86895819892932 0.425633993917596  9.32339079511334 1777094082.04694
-0.0609595381181364  -0.240837293786207  0.0434444599429023 0.252202475137678  4.02137919788946 0.343315109117642   9.0527199955778 1777094082.06838
-0.046186509884139 -0.222006344881506 0.0514616481528423 0.23252593853919  4.09907398523481 0.497017802070764  9.12780232849701 1777094082.09238
-0.0494399020439222  -0.213297054232858  0.0466725582940276 0.223871090041204  4.07782160140717 0.497355049429366  9.10096622908578 1777094082.11065
-0.0372658366221815   -0.15375238390877  0.0386961743719545 0.16286783613656  4.12369087982749 0.431807582006708  8.97300740829068 1777094082.12991
-0.0552757886029472  -0.106483699291238 0.00373488493024607 0.12003391348226   4.1562793459812 0.443275281870908  9.17361958257599 1777094082.14865
 -0.0448832090687856  -0.0746900029611389 -0.00754009062433681 0.0874640038259767   4.3776558584552 0.364278682222145   9.0290139992008 1777094082.16828
-0.0418150259128209 -0.0348254879705924  -0.012872165243938 0.055919617689564 4.29544340953383 0.28172767039439 9.06388553395958 1777094082.19024
 -0.0666405541100991   0.0172873840387999 0.000546102263875557 0.0688484954569714  4.30019342915437 0.323274088172851  9.21726110105053 1777094082.20882
-0.0515821092256704  0.0802749145600813 0.00812404195335739 0.0957641684423629  4.28601955977023 0.218826251922877  9.13143073669423 1777094082.22873
-0.0569979257388693   0.123209722090855 0.00299842447582767 0.135788032261965 4.32813047556713 0.16930035320655 9.10900793940085 1777094082.24814
 -0.0562173002002777    0.154425236223309 -0.00553363815160654 0.164432842144219  4.26279193422345 0.190224680936549  9.16652578288797 1777094082.26826
-0.0412778274440567   0.214567061874518 0.00677215746856275 0.218606370439527   4.2960498564898 0.282903589189422  9.27071434659126 1777094082.29198
-0.0236984120533035   0.246104658077999  0.0464787613102114 0.25157383153752  4.40388935611212 0.269259650063426  9.13322552566166 1777094082.31015
-0.0111944107878477   0.283057057139366  0.0877936431697591 0.296570963194822  4.37842281688159 0.236894012621704  9.05475440891975 1777094082.3286
0.00801577048008571   0.307598795282715  0.0908500972573541 0.320834866570698  4.32403953133838 0.217287664129382  9.11401411520886 1777094082.34854
 0.009833414846981  0.371580178831459 0.0817064985252918 0.380584389129712  4.17143061924511 0.239167754984799  9.11505386952202 1777094082.36842
0.00569242358317391    0.41741236764408  0.0238106573184046 0.418129687717126  3.94964590463998 0.162255539823864  9.11182909536291 1777094082.39006
-0.00761098694224746    0.457429435918197  0.00362024457505076 0.457507073319591 3.98926761295901 0.10035465318364 8.92629417466599 1777094082.40859
-0.00510571074909404    0.517750812661029  -0.0150036124060573 0.517993321075321  3.67905354569542 0.143357255372886   9.1113109668366 1777094082.43043
-0.0149490812416366    0.56159854655444 -0.0288799957963012 0.562539293453553  3.58572366049693 0.141610477394565  9.14818239943651 1777094082.44906
-0.0441823315511582   0.576930755448217 -0.0229943534008844 0.579076778408245   3.47927477055948 0.0998530078065803   9.06700206225953 1777094082.47029
-0.0770623921678532   0.580115764743207 -0.0307889626174899 0.586021222319882  3.30064185076972 0.117463195085049  9.09020895606235 1777094082.49025
-0.0776042418869953    0.61024147727067 -0.0148905709926134 0.615336337334983  3.16312035742029 0.155896136618047  9.06127614134671 1777094082.5089
 -0.0725014065092048    0.654416847099719 -0.00696183116251325 0.658457539107029  2.91792354453495 0.124884777120023  8.97245107651937 1777094082.52858
-0.0790520582131482   0.711805996421479 -0.0184927281291353 0.716420955474481  2.76840652229778 0.218239273477006  9.00786437722761 1777094082.54892
-0.0744569619789555   0.727253903238382 -0.0356428257761506 0.731923827998451   2.61584879668984 0.0893839579769533   8.80380837390756 1777094082.56843
-0.0711167493983103   0.748591390945431 -0.0346640824703854 0.752760427530639  2.19650650587747 0.194363167399139  9.08107937779081 1777094082.58851
-0.0488731542155513   0.754110083247689 -0.0392546846940905 0.75671099709813  2.00734136762564 0.154865449607493  8.97836616164271 1777094082.609
-0.0548121735452791    0.76253031594368 -0.0742998813631392 0.768099817388667  1.84041344883752 0.245766648245641  9.08719484042557 1777094082.6281
-0.0469711820636946   0.769456593623815  -0.090706230812926 0.776207035348118   1.6990151767234 0.163449433092587  8.97466884402365 1777094082.64825
0.00331488945494762   0.769457810985584 -0.0446242997217209 0.770757834539798   1.47664999668858 0.0991039456522585   8.86682652429364 1777094082.66835
0.00561386742133726   0.802863448030877 -0.0263248527974874 0.803314527172429  1.09058758322043 0.220119908391836  9.08476462839234 1777094082.68866
0.0215956727142573  0.853753551048569 0.0129686060042238 0.854125098419263  0.829220830449827 0.0932213060715475   8.95159806897479 1777094082.7082
 0.0429084582620528    0.86685379220867 0.00314419761525324 0.867920802167815 0.622968044024631 0.123978104326436  8.91852662027092 1777094082.7287
0.0489447486667619  0.847712793997947 0.0202947453514946 0.849367085669523 0.415121940784974 0.140225394565587   8.9068936385877 1777094082.74856
0.0678233092174699  0.829991773498483 0.0648855773984927 0.835282277737712 0.0352999900986393  0.115075753352083   9.02889505484037 1777094082.76837
0.0954337368051628  0.799556940315037 0.0826685335212384 0.809464628851127 -0.254165794139973 0.0571148275386911   9.11023813946188 1777094082.78827
  0.10191435329931  0.733740630998669 0.0615588189229183 0.743337969683997   -0.506348717235171 -0.00765907223119861     9.13095109087545 1777094082.80688
 0.045570139205117  0.671219308705915 0.0400603633432153 0.673956104414828 -0.742380129696718 0.0369719163790387   9.02684762779648 1777094082.82652
0.0167022589864202  0.600949572642766 0.0547479970074797 0.603669361067053 -1.10516935534199 0.182255888718692  9.16471600204342 1777094082.84841
0.0463574214935879    0.5744142936662 0.0748200301023842 0.581118600803739 -1.45888927822701 0.184893737675626  9.22477604011653 1777094082.8683
0.0245433777162282  0.550143536590033 0.0569664687147021 0.553629358686237  -1.6539696525361 0.232151089916437  9.29794649468262 1777094082.88863
0.0381752043682749  0.504139255557356 0.0199659718710072 0.505976654852018 -1.71430729870362 0.160831508866039  9.40249361002353 1777094082.90727
 0.0349157704464686   0.413702062763104 -0.0426963249235039 0.417362532964197  -1.63036117279073 0.0896417580330791   9.51086503346326 1777094082.9271
-0.000330780346738799     0.328646146893507   -0.0902776499323484 0.340820265478586 -1.76421706631389 0.114619165906467  9.68774231880984 1777094082.94719
-0.0290861432709598   0.274943025767046    -0.1455798227919 0.312463047339103  -1.9672000903772 0.157939866185437  9.66832805653868 1777094082.96839
-0.056895747754592  0.281811228002546 -0.181615826715949 0.340057352301894 -1.8808237070303 0.18566261305928 9.69122012447083 1777094082.98871
-0.0820791193215068   0.302434707730502  -0.206192464032228 0.375125401022525   -1.9395713275185 0.0567240706126125   9.72926849047564 1777094083.00847
-0.0402814721678029   0.269674209828705  -0.137229298433675 0.305251792452298 -1.85124621433258 0.103455468486044  9.75729029302951 1777094083.02805
-0.0072102536323097   0.261681556375796 -0.0586803445647608 0.268277109614183  -1.98886619228208 0.0134782112209977    9.7801661871251 1777094083.04816
0.0508731052926051  0.243997220842467 0.0131188588082129 0.249589304813708  -1.90118102598252 0.0926380128278945   9.98789496008168 1777094083.06843
0.0792621715449068   0.22082407527422 0.0327062911232787 0.236887031172602   -2.04689826731969 -0.0125729167207358    9.96655555901822 1777094083.08993
0.0860391264135871  0.193467741674884 -0.012497098561034 0.212105341317084   -2.14348414415693 -0.0323793647494847    10.1553374818869 1777094083.10871
0.0729855183443254  0.175970717569579  -0.11489016321543 0.222468714505232  -2.14683762159494 0.0607944010340125   10.1296459621813 1777094083.12941
0.0475827748870497  0.149830346273542 -0.199202244374017 0.253761280131636 -2.12257484607786  0.20465197527406  10.3064267408347 1777094083.14875
0.00296422827233849   0.145990522732081  -0.240273947018454 0.281164700829716 -2.00390441697112 0.258565665145311  10.2731381649671 1777094083.16844
-0.00747391683197168    0.138154375691879   -0.226677724032133 0.265565964551205 -1.94900670515725 0.303905910192097  10.3724938199182 1777094083.18682
-0.0163557124756683   0.093261400986491  -0.177998511861715 0.201615149404837 -1.99804693848749 0.238388881145214  10.4947183494873 1777094083.20866
-0.0164140225467807  0.0289907628305226  -0.143976628392929 0.147780763257799 -1.79971063451696 0.281280765587963  10.4418949018411 1777094083.22878
-0.0408977316092433 -0.0168701231509966  -0.137518853398741 0.144459892516975 -1.75776636385725 0.292657747389406  10.5005362486289 1777094083.24893
-0.0440907210770357 -0.0191473957172743  -0.118365837993175 0.127754006010275  -1.7782261432333 0.189668317126208  10.4006812564408 1777094083.26841
-0.0227697201030342  0.0150376742955649 -0.0830744784370677 0.0874411846293315 -1.83199057034797 0.152974892317941  10.3806471483485 1777094083.28747
0.0180692476682232 0.0826442702942754 -0.062578200598787 0.105226443035726 -1.82202556515838 0.187892029703316  10.2662314439792 1777094083.30838
 0.0415218705324299   0.119110840253122 -0.0478916047533171 0.134926142033946 -1.94448364683732 0.252560269244979  10.4017163064082 1777094083.32803
 0.0774911693626133  0.0870018653151266 -0.0111920949303143 0.117044730280461 -1.79037365892741 0.252176149482402   10.284107106345 1777094083.34841
   0.102906866239469 -0.00503839347896782  0.00522163744260676 0.10316236729379 -1.64357423955112 0.356964117525747  10.3788498384536 1777094083.36829
  0.105123894896593 -0.0646256240370037  0.0164585781996852 0.124492527312917 -1.62706484989855 0.424164572301836  10.2493221976972 1777094083.38665
  0.114545858689005 -0.0637511329815429  0.0197515290281612 0.132571051131769 -1.71677731949381 0.549765316455065   10.161809036333 1777094083.40845
 0.0718603414534523 -0.0367258046115856 0.00545347135300009 0.0808853123130097 -1.59045225686706 0.602286234141627  10.0241624040463 1777094083.42818
 0.0540851328327919 -0.0192873854537691  0.0117787669502175 0.0586169274361131 -1.43569196657241 0.695680454077293   10.006658885526 1777094083.44837
0.0263666075162788 -0.027979590699602  0.019581352083811 0.0431449282890227 -1.39540576269132 0.776530931378716  9.88085534328293 1777094083.46839
-0.0383383284660987 -0.0607630890515728  0.0430658508392256 0.0837654339758964 -1.38345314036619 0.808121174563744  9.94346499752726 1777094083.48833
-0.0601134581903333 -0.0893807102001231   0.094325936547925 0.143177936558404  -1.2959664584248 0.910113649053033  9.93308549141378 1777094083.50853
-0.101674025076321 -0.128075724443534  0.131387604273348 0.209770591655852 -1.15650213808595   1.0581739107933  9.78984837166366 1777094083.52855
-0.128577807491327 -0.116334325292175  0.156586115602116 0.233634628040925 -1.2282091823654 1.07823280106772 9.71633006210545 1777094083.54863
 -0.159658569169121 -0.0985767337456959   0.178282459684355 0.258829802333898 -1.24650154602045  1.04724939838811  9.65569244156048 1777094083.56833
-0.140315552380102 -0.066336372221899  0.182732749908203 0.239750341831476 -1.18855460234927  0.92496078689929  9.54773293829161 1777094083.58807
 -0.122169142190895 -0.0686577608433183   0.192096686184978 0.237782094092316 -1.12661873718989 0.990375165000779  9.64466065110271 1777094083.60827
   -0.1256142099789 -0.0862993869355487   0.226660760391741 0.273132960726891 -1.10212325078635 0.806277742387889  9.50259709594277 1777094083.62688
-0.125053645928636 -0.113877106298594  0.275316061507994 0.32311815706218 -1.03563270116147 0.800344903079953  9.55966497056649 1777094083.64826
-0.101098662963154 -0.108954975057183  0.338632533411281 0.369816331341912 -0.984084458417272  0.873570855594198     9.702391080023 1777094083.66834
-0.0828357080096815  -0.106139802103665   0.400450235453413 0.422478168887772 -0.99983887281047 0.823672944693759   9.5251947542128 1777094083.68806
-0.0680305313215612 -0.0808126271669769   0.456740082029267 0.468796689870592 -1.01786300358614 0.904841965982238  9.65531383241462 1777094083.70852
-0.0467709223004278 -0.0534570961165506   0.498018581491942 0.50305833439999 -1.03881863827424 0.948991364278448  9.68705144148771 1777094083.72873
-0.0359319887120504 -0.0310729842118624   0.526888771680574 0.529025912298913 -1.11799494424627 0.984063323884209  9.76902831616476 1777094083.74835
-0.0225719953789718 -0.0301712095374989   0.573993629439959 0.575229070456284 -1.15942023661911 0.926672418152808  9.60608832377384 1777094083.76831
-0.0138985546318435 -0.0321911213120958   0.587557289131723 0.588602587595402 -1.25492289759066  1.00195837174812  9.71876647264587 1777094083.78664
-0.0256686600984757 -0.0358980756682243   0.607438726263254 0.609039701589524 -1.26733526906291 0.970048422792356  9.83621334090281 1777094083.8083
-0.0256298056203881 -0.0652934402948496   0.651205201705191 0.654972010859681 -1.14493430074093 0.942085277920378  9.81075308414192 1777094083.82801
-0.0560474527259615    -0.1025051967098   0.682289480585265 0.692219306020061 -1.13674432491125  1.00263622509072  9.77199147887817 1777094083.84849
-0.0666108324676032  -0.108516132425396    0.70327526996183 0.714708933299759 -1.23741084984049  1.03080651068187  9.92378473531724 1777094083.86846
-0.081453690938076 -0.101112702942783  0.734919288539032 0.746300772564619 -1.1090185523475 1.10556644892118 9.86687206062239 1777094083.88845
-0.0789678903582884  -0.103056443396189   0.793897957918703 0.804444234127262 -1.01469437536325 0.986121701762219  9.58679442646649 1777094083.90857
-0.0792636357814038 -0.0749032194781216   0.844970204574208 0.851978792496417 -1.10704720765981 0.893271395003319   9.6457199574721 1777094083.9283
-0.0816894149308757  -0.039736579646573   0.883090513959289 0.887750534845594 -1.07389901519583 0.843470380243903  9.50996080442443 1777094083.94821
-0.0908891632119816 -0.0295885659377697   0.918414324382912 0.923374893775734  -1.0929863061411 0.821579781189163  9.54300060209307 1777094083.96833
 -0.094695623478813 -0.0491093948446578   0.953467006670281 0.959415617225837 -1.04528618705321 0.711016793670578  9.53450498647312 1777094083.9869
 -0.106964897728623 -0.0820984401846907   0.991350142722877 1.00047825998545 -1.10717754736038 0.714577443981944   9.6375997748714 1777094084.00693
 -0.157451711147218 -0.0832533608471602     1.0128700003118 1.02841032713949 -1.14645456172238 0.718118782226056    9.583234464879 1777094084.02679
 -0.184748291567646 -0.0766237263622561    1.03139648936403 1.0506102250365 -1.18425688738175 0.717238175220377  9.50619064920362 1777094084.04649
  -0.20410146017483 -0.0533189881383916    1.03546294720715 1.05673262255905 -1.16382836140471 0.671991366036635  9.59158606101341 1777094084.06841
 -0.210762584942817 -0.0335778398998754    1.05045141078019 1.07191254538522 -1.16513547792385 0.616014767762482  9.61383987766988 1777094084.08819
 -0.198295854913687 -0.0361150135577292    1.04029229709682 1.05963843063528 -1.18350737611782 0.491996704260296  9.57291687810341 1777094084.10809
 -0.182044778893452 -0.0530981998124571    1.03637263640676 1.05357864530295 -1.06172411471623  0.39454009548612  9.54296484904073 1777094084.12899
 -0.183744038526282 -0.0547306483108503    1.04979693713051 1.06716021513505 -1.06039587072274 0.294019518717945  9.55307806263685 1777094084.14829
 -0.160874885963089 -0.0338924331587095    1.09279874449658 1.1050966120355 -1.02454633884084 0.109232992224255  9.49679679203645 1777094084.16845
 -0.138100846733922 -0.0214434069696987     1.1295179759412 1.13813115305109 -0.954068343532057 0.0502756492677469   9.52821522957051 1777094084.18738
 -0.105713908576968 -0.0310574436233023    1.18722644260194 1.1923282355477   -1.00093494801525 -0.0618304197255591    9.60251050886293 1777094084.20834
-0.0826393901732682 -0.0332057827025778    1.20819094674304 1.21146904896697   -0.97800139006376 -0.0713874405366071    9.67659548061515 1777094084.22814
-0.0718994016830136 -0.0152329798539573    1.20044435459836 1.20269207036743  -0.987481893645184 -0.0651509238824099    9.63849982253751 1777094084.24797
-0.0540382551761078  0.0270505463371853    1.15080850145647 1.15239406111976  -1.12779658385494 -0.160334603353084   9.56313204807352 1777094084.26828
-0.0640393386397957  0.0683565790026829    1.12395024081378 1.12784653327114  -1.16241277562589 -0.215229041329791    9.6064403957613 1777094084.28705
-0.0655463625274407  0.0701841125011322    1.07603658245075 1.08031331661719 -1.17226269532245 -0.26846967223878  9.66110304772675 1777094084.3071
-0.0708738594400448   0.053439291146886    1.07097397044186 1.07464603807682  -1.25298403355967 -0.317676445206354   9.68208338071287 1777094084.32696
-0.0797112125417275  0.0230987437178859    1.05636679708889 1.05962174352835  -1.17128901544778 -0.303477392836159   9.70663538630929 1777094084.34646
-0.0966633945014551 0.00389268793152815    1.03344672934311 1.03796488728947  -1.13960343583174 -0.338628541700493   9.63419616110133 1777094084.36845
 -0.094338510038985 0.00111585751833661    1.01930462434007 1.02366152453603  -1.24363400214835 -0.342723777491701   9.72785539588755 1777094084.38827
-0.0788735603035102 0.00899085670875468    1.00688649708944 1.01001103560326  -1.30155697543394 -0.389138346172672   9.74575198325883 1777094084.40838
-0.083880855338804  0.042804783153721   1.00599724140433 1.01039531722308  -1.20007531482473 -0.445536173958875    9.7340404126454 1777094084.42829
-0.0652737199310317  0.0526082753209807    0.97790864138563 0.981495593491163 -1.24874061396515 -0.43286242012633   9.8939330769032 1777094084.44831
-0.0486541577301797  0.0574013663694628   0.942153198500254 0.945153317388123  -1.20261342139919 -0.428947858189896    9.8852349163277 1777094084.46823
-0.0513805954683079  0.0562376273186929   0.896904144078928 0.900133145697385  -1.20084331054599 -0.448342572851083   9.80305533666175 1777094084.48817
-0.0514392502652115  0.0522511661282519   0.873726335857089 0.876797519841305  -1.26749928600845 -0.475826504454348   9.81609271258291 1777094084.50864
-0.0451016071287672  0.0151137070273525   0.868766831564916 0.870068035692066   -1.2171293532625 -0.499635007166918   9.80459859263473 1777094084.52834
-0.0490513903337444  -0.029927389986674   0.863335677127806 0.865245733284374  -1.22995538822713 -0.403628115620092    9.8636451535198 1777094084.54821
-0.0684094294356386 -0.0537732767230635    0.82169390896417 0.826288264078622  -1.19709460669086 -0.434534014254576   9.75616247903413 1777094084.56831
  -0.08979648161456 -0.0288598465108135   0.747259799641385 0.753188891985977   -1.2003932440285 -0.515369784972501   9.75293802386605 1777094084.58713
  -0.117185950979593 0.000699732919352808    0.678555807594078 0.688600770223793  -1.13847752901966 -0.610602149986234   9.83538538846041 1777094084.60831
-0.137092261424412 0.0327823849486313  0.621322065479874 0.637110729746059  -1.0552121541378 -0.75087154848977  9.69708416402808 1777094084.62819
-0.119980499115028 0.0505349483489126   0.58896316554148 0.603180496648523  -1.03463174901481 -0.851779012443718   9.79495973135381 1777094084.64813
-0.109224865611124 0.0470220790145063   0.55763010923612 0.570168822288015  -1.05446627274983 -0.975044645541408   9.89744436541799 1777094084.66828
-0.0993644373277164   0.045745540458844   0.546953675774777 0.55778514619956 -0.945083342868873  -1.09473414542587   9.87539496169797 1777094084.68732
-0.0665869477872906  0.0527864696874201   0.530185618919669 0.536951602574125 -0.926613132506076  -1.17252551367141   9.83019750262583 1777094084.70684
-0.0473995854243501  0.0579291321517274   0.493745379247405 0.499386628353639 -0.910828416022952  -1.20230902742054   9.76451907534086 1777094084.72703
-0.0137607688960622  0.0785720007195689   0.446028123973021 0.453104850374148  -1.0536297251807 -1.21763595625729  9.91081315732142 1777094084.74633
0.00233956953367369   0.096600218496113   0.393634245308546 0.405320854236157 -1.04254914487592 -1.20254565744068   9.9070922623677 1777094084.77137
0.00153648875428815  0.0862551429909843   0.357630815806246 0.367888720816946 -1.05910478403893 -1.32687942654021  9.88817349764289 1777094084.78635
-0.0206834105843583  0.0626716425826638   0.294554383265958 0.301857289059912  -1.1556242709761 -1.37554690945042  10.0998119640088 1777094084.8067
-0.0423055196474445  0.0394100214205942   0.211367476153856 0.219132646487607 -1.22499838142556 -1.39292354862152  10.0607067136232 1777094084.82796
 -0.0626103566193201 -0.00239683599961363     0.18136440810656 0.191882386129239 -1.23593971801531 -1.30775757339311  10.1415161669428 1777094084.8472
-0.0810820652340028 -0.0471000980619803   0.110659338794242 0.145045543890318 -1.32665471015053  -1.1663016587168  10.2256806698376 1777094084.8683
-0.0980667888997534 -0.0741840567404767  0.0346703924794553 0.127759169824567 -1.29444807782749 -1.30333073784496  10.0211618458806 1777094084.88711
-0.0893921694334815  -0.131389796733856 -0.0669550700661014 0.172444831900944 -1.20383460322235 -1.41841650024603  9.90453703702059 1777094084.90852
-0.0634377170370785  -0.171631910710423  -0.118566390003678 0.218036339988295  -1.1016941973597 -1.45517437026548  9.76018867818277 1777094084.92854
-0.0708330908994188  -0.160726385966371  -0.188609590574904 0.257728297959322 -0.913022146549842  -1.51098381577679   9.76911151099036 1777094084.9538
-0.0518192191324203  -0.146511254426367  -0.216583907462046 0.266569630897088 -0.850547270035107  -1.52316764543473   9.72456874007224 1777094084.96847
-0.0536540357282402   -0.12133266018194  -0.270834751133557 0.30158221499009 -0.81793899182871 -1.52894455426247  9.63499784350068 1777094084.98813
-0.0526399191692791 -0.0870553524165451  -0.300829261877122 0.317565489743535 -0.664676516582542  -1.40117916365577   9.66548258622793 1777094085.00852
-0.0479198420805006 -0.0585858523229474  -0.338353028297468 0.346715135400076 -0.647162877323217  -1.39602255159616   9.71240922899175 1777094085.02841
-0.0412417011245932 -0.0342255292868676  -0.343413144261913 0.347569924502207 -0.572379364693288  -1.37080982725659   9.58418852389563 1777094085.04824
-0.034577158057561 -0.018727763725129 -0.379209475338029 0.381242882136342 -0.678967608983955  -1.38755263740405   9.59588034566798 1777094085.06837
 -0.0075663645994344 -0.00649195400138884   -0.436136219859639 0.43625015485781 -0.711417065442664  -1.34042915065518   9.59107946621231 1777094085.08717
-0.0042980973772248  0.0117816096786918  -0.483294089818805 0.483456779062485 -0.791776507154404  -1.28608534940198   9.56985141240939 1777094085.10835
-0.00963973661025389   0.0309296964449455   -0.524499209465217 0.525498802447474 -0.807814759324484  -1.19113008750512   9.59970987920058 1777094085.12899
0.0052242586464937 0.0271456940245613 -0.562534674796577 0.563213495870768 -0.825260670052833  -1.22797363122439   9.63693410048805 1777094085.14731
0.00971526896461227  0.0391047890593192  -0.609933061220835 0.6112625541849 -0.977419485540356  -1.26280707510243   9.56450142082036 1777094085.16834
0.0016599392347424 0.0558707027916919 -0.647257087843476 0.649666090074215 -1.06165903450883 -1.27704543293808  9.61061240193202 1777094085.18682
0.00381772259418383  0.0666685249409507  -0.703353813004937 0.706516704326368 -1.14912320088347 -1.29815890643333  9.62929345414495 1777094085.20812
 0.041138105042773 0.0433964522983009 -0.757537794485269 0.759894141201388 -1.05484109898561 -1.33626421615434  9.56227376205092 1777094085.2272
 0.0625229562169494 0.00580638597610755  -0.785254249182994 0.787760794932166 -1.16804043910874   -1.419600465374  9.60081097399556 1777094085.24618
  0.097650529878609 -0.0265440738723674  -0.813104664936069 0.81937745269449 -1.17016545584949 -1.42920277186015   9.5847059418618 1777094085.2683
  0.123906029964349 -0.0207555895393225  -0.857191447409738 0.86634904990486 -1.21951198151068 -1.38258216285612  9.72928167552445 1777094085.28833
  0.123375393758828 -0.0230097810405468  -0.908302937857066 0.916932475555565 -1.18473826494356 -1.40934990158847  9.54341329049294 1777094085.3082
   0.135738916922939 -0.00561487281427836   -0.969430069062328 0.978903079557074 -1.29716966459442 -1.37746255705354  9.65591584417997 1777094085.32846
 0.129270737225752 0.0137825897975385  -1.00167327088131 1.01007436601593 -1.24494414842552 -1.25438565850489  9.67295927544897 1777094085.34819
  0.14292321230279 0.0306926595793265  -1.05112141268021 1.06123763039285 -1.26855976546461 -1.07541918857561  9.59749050836493 1777094085.36841
 0.153369596195906 0.0464937306465647  -1.07590882512042 1.08777925150222  -1.2545247538448 -1.02757342623859  9.53660578701436 1777094085.38782
 0.150614404585079 0.0460699389681294  -1.11332887680109 1.12441465930689  -1.23268066998728 -0.873603053300486   9.73622866795505 1777094085.40655
 0.123268365501316 0.0109802292790551  -1.18110066230206 1.18756660017818  -1.23594440147932 -0.828335683625485   9.65442583411809 1777094085.42712
  0.128170795953879 0.00249187558658053   -1.21589353482819 1.2226328354892 -1.24544898264127 -0.64231451284263  9.71491819470114 1777094085.44667
   0.127986354834437 0.000739570023365109    -1.26474246637177 1.27120201393476  -1.24130320223153 -0.583469624660276   9.60373894125158 1777094085.46833
   0.13341561719386 0.00546376745394536   -1.27996898847804 1.286914989862 -1.31283029386967 -0.48088885603316   9.8412693233531 1777094085.48817
  0.126896226102715 0.00945323320260351    -1.2833438998659 1.28963699587911  -1.25781082914736 -0.440778400942399   9.67365178682165 1777094085.50811
 0.101999009906746 0.0183917074712044  -1.30433717140751 1.30844851241499  -1.31270564794561 -0.370665728140945   9.79717543484228 1777094085.52818
0.0954778269435303 0.0268556425422002  -1.28280636831158 1.28663492085166  -1.22464432136055 -0.401365346134529    9.5600556675512 1777094085.54826
0.0893509143916994 0.0237726378432931  -1.27647586291728 1.27982004704688  -1.25524099982078 -0.415108393157038   9.60278307504111 1777094085.56849
0.0768031924828048 0.0214854946768162  -1.26896689576244 1.27147054208818  -1.30420848651922 -0.353732424150416   9.79629808277976 1777094085.58689
0.0604429677019496 0.0189942899223814  -1.26822371768832 1.26980531322776  -1.31870510604349 -0.291729822822876   9.86681579371361 1777094085.60627
0.0553737346075899 0.0367819028530502  -1.27466530611138 1.27639758753528  -1.33179659640949 -0.389180696613203   9.64515860945081 1777094085.62633
0.0672216071992638 0.0408112877348699  -1.30980804210897 1.31216668638339   -1.3590726200478 -0.352824502747673   9.68380791414414 1777094085.64518
0.0701992794238788 0.0548848187624083  -1.34207043892325 1.3450254068953  -1.30356423494199 -0.368893912067629   9.59219587660594 1777094085.66837
0.0684777012788743  0.072979809434467  -1.37328734184173 1.37692896382502 -1.28172963285407 -0.38412371623569   9.6598134027342 1777094085.68614
0.0733754222855696 0.0641382126878054  -1.37908379933855 1.38252297938241  -1.36439639444885 -0.476736839368508   9.64133034596817 1777094085.70647
 0.109869264429536 0.0517646643306003  -1.37138377691545 1.37675135711807  -1.29211853851239 -0.388479371873539   9.73022585339844 1777094085.72635
 0.113454524889197 0.0499122578918152  -1.39193618425457 1.39744391792403  -1.37970893045316 -0.451943387609049   9.62262910220961 1777094085.74806
 0.141065983797241 0.0484842305554815  -1.39424229209556 1.40219895216946  -1.44111583986578 -0.416154864279921   9.61618657867008 1777094085.76833
 0.157477521180581 0.0700951228423049   -1.3819265469094 1.39263544295569 -1.46279366124258 -0.35491577890288  9.72961196401137 1777094085.78824
