 0.0284185712785  -0.091627341291 -0.0662675052351 0.116595742271  -0.026575772612 -0.0834030144995    9.87957521758  0.0831112857317 -0.0975371660502    1.33814842106 1777094055.61
 0.0311379556171 -0.0947915451293 -0.0239294678403 0.102604233534 -0.0550020943903  -0.173235610842    9.94948459751  0.150163731086 -0.202880971669   2.51726384447 1777094055.63
0.0347026863304 -0.100117589626 0.0390760121402 0.112936897938 -0.0825987544802  -0.223774594858    10.0250823886  0.169201587999 -0.327712729572   3.53319650704 1777094055.65
0.0376738513659 -0.107450387528  0.112550362539 0.160101495822 -0.0959906786564  -0.188701400734    10.0671874646 0.0960721292227 -0.406742200415   3.66117044854 1777094055.67
0.0385307251479 -0.116324422393  0.184957057015 0.221867304858 -0.112753140377 -0.109293065539   10.1137784407 -0.0440938981173  -0.481336374602    3.48726247488 1777094055.69
0.0359933585352 -0.125794928637  0.245455817445 0.278151836678 -0.116869448969 0.0180105880684   10.1134985152 -0.228295811977 -0.445126924111   2.49163105341 1777094055.71
0.0293015261736 -0.134319342737  0.285684961584 0.317042840236 -0.124600360986  0.149997565498   10.1059854617 -0.422209820551 -0.334650191321   1.33193655438 1777094055.73
0.0183960146661 -0.139742862119  0.300969792769 0.332339129547 -0.143496803476  0.288407381523   10.1070083739  -0.63678606553 -0.128433505374  0.128231696228 1777094055.75
0.00396629184503  -0.139429211075   0.290786800723 0.322510774777 -0.158343520804  0.401088832196   10.0861086788 -0.796893146462  0.235983673559  -1.09075609278 1777094055.77
-0.0126438966081  -0.130551024641   0.258483579288 0.289857204357 -0.166944315963  0.478559339722   10.0514492329 -0.883793310972  0.760134441089  -2.11351372545 1777094055.79
-0.029649555283 -0.110516836597  0.210397468268 0.239499816186 -0.145424269302  0.465447115605   9.98394966107 -0.793309910493   1.29720785636   -2.5387482233 1777094055.81
-0.0451046402186 -0.0774717285456   0.154602795652 0.178712959006 -0.115710046412  0.456521551801   9.92374258914 -0.687620338449   1.99136783677  -2.76849645206 1777094055.83
 -0.057183524171 -0.0307776884123  0.0995402249387 0.118850653854 -0.0515626211639   0.397493520749    9.84652222626 -0.472192533384   2.59604628061  -2.49195446968 1777094055.85
-0.0644036889351  0.0286316511094  0.0527537673226 0.0880373020964 0.0421665488904  0.315377361008   9.76184930338 -0.202123005539   3.03932358684  -1.87790508744 1777094055.87
-0.0657551062781  0.0981131897204  0.0199024934322 0.119774960837 0.176063967221 0.253193301708  9.66011034643 0.0921160617078   3.63832113196  -1.22122856321 1777094055.89
 -0.060737212704   0.173446981943 0.00414546366007 0.183820699109 0.308012093215 0.155003602822   9.5748892433  0.381740400149   3.51341352257 -0.324741862636 1777094055.91
-0.0493348147844   0.249240170663  0.0059339534438 0.254145230971  0.509062555621 0.0847253091104   9.44702743862 0.734015204636  3.72875121805 0.486071322256 1777094055.93
-0.0319767173333   0.319548495192   0.023190916568 0.321980697934    0.74345611749 0.00261750235649    9.30316884854 1.12476892427  3.6540789793  1.2958323582 1777094055.95
-0.00951085135709    0.378617773913   0.0518146488714 0.382265134238   0.779677866531 -0.0747958541449    9.29322850412 1.20731679965 2.52670887783 1.56492038116 1777094055.97
0.0167969005265  0.421623388282 0.0864111324001 0.430714872295  0.846328499214 -0.147301459455   9.25759152127 1.33851195672 1.62913985965 1.69406811847 1777094055.99
0.0452629983008   0.44528453867  0.121138372104 0.463682611912   0.82931479215 -0.209540880477   9.27180808462  1.34755158153 0.629181444863  1.51524809624 1777094056.01
0.0738275500066  0.448251405297  0.150538980444 0.478583131884  0.799428891803 -0.279345438455   9.29106945088   1.34631827467 -0.345215475659   1.20399562489 1777094056.03
0.100176861911 0.431203829894 0.170247154757 0.474295519987  0.723984615032 -0.354745490153   9.33967543664  1.27644351383 -1.36825410795 0.714484785373 1777094056.05
0.121963694518 0.396652978296  0.17748301871 0.451341278748  0.502338229994 -0.370357490708   9.48744690917  0.939126436085  -2.10352707408 0.0264324263684 1777094056.07
0.137103753736 0.348492158991 0.171286490156 0.4118049124  0.282561172887 -0.383061137031   9.64257458077  0.575314933998  -2.73710571248 -0.649967367105 1777094056.09
  0.1440896304 0.291387110999  0.15248603803 0.359054678063 0.0424775746144 -0.336579934584   9.81875364943 0.125529134206 -2.89153278312 -1.16886860522 1777094056.11
0.142242623019 0.230119566894 0.123435742127 0.297362340092 -0.158589203704 -0.284133799351   9.97801955057 -0.296570961463  -2.96044625275  -1.56997429284 1777094056.13
 0.131828858478  0.168996988531 0.0875805036723 0.231536551507 -0.336029849807 -0.225607463694   10.1305075859 -0.721404126841  -3.03183015154  -1.90321028092 1777094056.15
0.113998619752 0.111419080549 0.048922337791 0.166743191617 -0.438293014508 -0.133518913322   10.2219141075 -1.03017014438 -2.72917653394 -1.89989615923 1777094056.17
0.0905560224525 0.0596549966439 0.0114628807023 0.109043612656  -0.509308665248 -0.0427479118976    10.2851934357 -1.30260104728 -2.49680242365 -1.81564760763 1777094056.19
 0.0636136009005  0.0148419762655 -0.0213074836334 0.0687094122939 -0.494482489162 0.0478663447391   10.2584311834 -1.37375751245 -2.04755960524 -1.44667403447 1777094056.21
  0.035217652122 -0.0228257983158 -0.0468127485421 0.062870768373 -0.457205766431  0.125168132398   10.1923504259 -1.37175644725 -1.66386416662 -1.02638429139 1777094056.23
0.00703683683897 -0.0537824873365 -0.0636397081377 0.0836186909049 -0.432684566966  0.198700459324   10.1105339042   -1.3774047331  -1.39936218398 -0.620569989407 1777094056.25
 -0.019811491287 -0.0787321709691 -0.0716053415409 0.108252366578 -0.398362636145  0.256571149827   9.99707385073  -1.29568801298  -1.11431291295 -0.200222485313 1777094056.27
-0.0447591248118  -0.098327862711 -0.0716437307628 0.129632449629 -0.396193140617  0.316000654412   9.88653477741 -1.23981693283 -0.88745784493 0.157235242068 1777094056.29
-0.0676163603773  -0.112950776133 -0.0655426640887 0.147056760591   -0.383787481 0.340800034444  9.78816275282  -1.07556306932 -0.600355502091  0.396805288167 1777094056.31
-0.0882849869264  -0.122623035676 -0.0555858232799 0.160998234601 -0.400716194152   0.36551062591   9.72458562648 -0.940481276677 -0.341637509227  0.517686806536 1777094056.33
 -0.106441474879  -0.127054316249 -0.0441714257255 0.171533383639 -0.450637579293  0.402932964642   9.69044134364  -0.831759800401 -0.0799254046308   0.557113290199 1777094056.35
 -0.121291995531  -0.125794742841 -0.0334777060634 0.177923641795 -0.429138179964  0.369002688098   9.70591351559 -0.566956380464  0.194802179916  0.428753663285 1777094056.37
 -0.131489695533  -0.118447925785 -0.0252290225104 0.178762285539 -0.495166568994  0.407400789015   9.72195230007 -0.361083302328   0.54014560836  0.333080756169 1777094056.39
 -0.135265870708  -0.104891180533 -0.0205875256519 0.172403195285 -0.497300634938   0.38958724524   9.76389118752 0.0199330454607  0.910769892725  0.139873777276 1777094056.41
  -0.13076758609 -0.0854536931017 -0.0201618502306 0.157508715446 -0.370283829071  0.270095822923   9.81106994885   0.453803208835     1.0627786961 -0.0849736967118 1777094056.43
 -0.116530696184 -0.0610145750708 -0.0240956476899 0.133726518544 -0.278359020135  0.172176530165   9.84069550129  0.977086546246   1.32102125157 -0.302748074605 1777094056.45
 -0.091969066195 -0.0329980846317 -0.0321834845893 0.102873511685  -0.14213811993 0.0333587123138   9.84731198356  1.46936266104  1.44356381579 -0.49661950668 1777094056.47
 -0.0577446851236 -0.00326071981634   -0.043964316322 0.0726494464081 0.0054297298413 -0.124958407184   9.82833683782   1.91070482473   1.48495156228 -0.667657918146 1777094056.49
-0.0159058396646  0.0261163351397 -0.0587622710222 0.0662424576254  0.148504338331 -0.287420666523   9.78601263144   2.19494357486   1.40555740967 -0.790842153298 1777094056.51
 0.0302643935329  0.0530969077968 -0.0756741470766 0.0972717413706  0.270259995912 -0.439047967755   9.72876424594   2.30388536429   1.24068863815 -0.865267093518 1777094056.53
 0.0766751860536  0.0759730808342 -0.0935328009626 0.142826391202  0.361154297802 -0.567434805232   9.66664529134   2.22333153642   1.01442063175 -0.882014978615 1777094056.55
 0.119047556533 0.0936052489162 -0.110895200856 0.187701915052  0.409428465285 -0.650949346656    9.6135709852   1.92439693163  0.740367387748 -0.814903224307 1777094056.57
 0.153595932471  0.105566566021 -0.126105584281 0.225030284006  0.431074320552 -0.707725529281   9.57180722202   1.51379773909  0.479418208731 -0.686608373111 1777094056.59
 0.177626633262  0.112157183108 -0.137464724335 0.251051797451    0.3872687276 -0.663284684104   9.57308619907  0.902645302201  0.216505949273 -0.432100404003 1777094056.61
 0.189930045189  0.114281563535 -0.143498888988 0.264056109511  0.327130538031 -0.587625208608   9.59816872419  0.322500050509 0.0256721171698 -0.141278224473 1777094056.63
 0.190894464758   0.11321334829 -0.143276989088 0.264170881265  0.269243341718 -0.509374526738   9.63760657252 -0.190892357803 -0.100097911869   0.17118854257 1777094056.65
 0.182335137165  0.110299034099 -0.136687923634 0.253171024479  0.198293873767 -0.399213725837   9.70106473323 -0.610350338898 -0.167860196043  0.479476224041 1777094056.67
 0.167093545445   0.10666755528 -0.124579571894 0.234133060485  0.125699865408 -0.280547428133   9.77657106793 -0.885980333324 -0.190799696146  0.733304966676 1777094056.69
0.148504083383 0.103013370367 -0.10868676059 0.210898148838 0.0505760458058 -0.153101432447   9.84960636981 -0.909503291105 -0.174881181908  0.811643317536 1777094056.71
  0.129840006976  0.0995043675257 -0.0913344084646 0.187353998457 -0.00987080864668  -0.0661874146738      9.9104593899 -0.858762404295   -0.1778268576  0.835137256225 1777094056.73
  0.113838722295  0.0958350959119 -0.0749750675773 0.166627972023  -0.0687629943405 -0.00422167360619     9.96090059833 -0.722534822493 -0.213014122343  0.780147292135 1777094056.75
  0.102375165526  0.0914073195846 -0.0616796139559 0.150467097293 -0.114410812772 0.0302153054374    9.9730820432 -0.437969482708 -0.256143926395  0.556068036784 1777094056.77
 0.0963115016691      0.085584402 -0.0527216285852 0.139212662284 -0.155309773069 0.0387191429051   9.97010718884 -0.170484162853 -0.334415243955  0.330616394312 1777094056.79
 0.0955121917223  0.0779451714271 -0.0483703914728 0.132430069424 -0.181563283331  0.027761043519   9.94614751326 0.0644600023192 -0.412827941771  0.115217429597 1777094056.81
 0.0989846458721  0.0684645047041 -0.0479435833954 0.129552829809  -0.197377710862 0.00838654684636    9.91451406043   0.229031127103  -0.487026680911 -0.0411605288516 1777094056.83
  0.105092960404  0.0575720019336 -0.0500922076763 0.129878000458  -0.206984623153 -0.0105993432618    9.88255328205  0.320439132779 -0.559890720545 -0.132072324114 1777094056.85
  0.111796698257  0.0460785084017 -0.0532242041501 0.132115656094  -0.186492596973 -0.0186602953678    9.84719124295  0.293816380233 -0.562474539067 -0.145721631658 1777094056.87
   0.11688406256  0.0349994185228 -0.0559401411505 0.134224225717   -0.141482638731 -0.00601202376967     9.81841837466   0.153656970517  -0.498605590158 -0.0994226096708 1777094056.89
   0.11819062163   0.025330696402 -0.0573613451182 0.133794585598 -0.0908582497714  0.0335746641427    9.80001265821 -0.0769737021379  -0.429795599208  -0.033343113903 1777094056.91
   0.11381110015  0.0178410165793 -0.0572712728592 0.128651727874 -0.025423768474  0.108260227699   9.79152336945 -0.415797843495 -0.324743800773  0.034369668756 1777094056.93
  0.102315214779  0.0129317865949 -0.0560490908982 0.117376040444 0.0430673222741  0.199214160415   9.79546711821 -0.763569650172 -0.179438273151 0.0702875948431 1777094056.95
 0.0829672339092  0.0105927320327 -0.0544320542323 0.0997928674927 0.103721812947 0.319195140137  9.80728391882   -1.15676194922 -0.0618047459918  0.0714086313927 1777094056.97
 0.0559275686831   0.010453336568 -0.0531855126801 0.0778836564579 0.153524935972 0.457599215724  9.82615531378  -1.54496416873 0.0335358762118 0.0421896706195 1777094056.99
 0.0223927470375   0.011907596503 -0.0527778944137 0.0585553764663 0.183727662215 0.586190090572  9.84911954167     -1.8241073103   0.0977796590618 0.000874790560869 1777094057.01
-0.0153818555616   0.014275815186 -0.0531513146859 0.0571442265901 0.188582648687 0.668367780758  9.87065740278   -1.88578635412   0.124439582765 -0.0214764173673 1777094057.03
-0.0542264955713  0.0169635597945  -0.053650478325 0.0781450510739 0.185690426368 0.737414926896  9.89139093973    -1.83283321564    0.129673401907 0.000495241587588 1777094057.05
-0.0903932243443   0.019582888022 -0.0531310462026 0.106664579787 0.181590024475 0.797882549479  9.91167286667  -1.65837394374  0.127152036582 0.0863141945994 1777094057.07
 -0.120066760723   0.022011711832 -0.0502236580471 0.131996054168 0.173246560588 0.814597680127  9.92649929402 -1.28003772011 0.123841946061 0.243641582292 1777094057.09
 -0.139984834634  0.0243808103255 -0.0436918099914 0.14865783565 0.161501241875 0.770976206002   9.9315603697 -0.72018438163 0.128134615432 0.448271594027 1777094057.11
 -0.148060396923  0.0269923166613 -0.0327992980605 0.154033308895 0.144617296905 0.656961727263  9.92255128147 -0.0938192997907   0.140018991565   0.629207340018 1777094057.13
 -0.143875257344  0.0301870044228 -0.0176003498064 0.14805781717 0.142624640629  0.57824841576  9.91574782852 0.463915387755  0.17444961954 0.817304618814 1777094057.15
    -0.1289220113   0.0341890688681 0.000917822301475 0.133381482318 0.148062388244 0.509880415418  9.90655572426 0.937038971659 0.220129330841 0.965034508948 1777094057.17
-0.106511693383 0.0389644582762 0.0208795103598 0.115320959886 0.150684668952 0.430413467045  9.88954920798   1.1930624874 0.249203223154 0.973592987401 1777094057.19
-0.0813315413097  0.0441296198772  0.0397537997452 0.100710513634 0.160103212479 0.383204439853  9.87148265166  1.23931660345 0.258644188828 0.877993502591 1777094057.21
-0.0587148879045   0.048939605827  0.0547411438909 0.0940165725531 0.159287298791 0.335198726424  9.84684681971   0.9367761001 0.205370005293 0.585662868855 1777094057.23
-0.0437539975585  0.0523677680945  0.0632468970557 0.0930428150086 0.160765914853 0.321626624255  9.82272192663 0.441588717064 0.104504103931 0.208033001778 1777094057.25
-0.0404291338063  0.0532670179028  0.0633555857184 0.0921185122454 0.174354765772 0.361303214012  9.79889715504  -0.179854008247 -0.0447709459972  -0.226327685104 1777094057.27
-0.050931985065 0.0505809561455 0.0542141414787 0.089953729014 0.181596569634 0.418977871893  9.77529340097 -0.876799163078  -0.24392399011 -0.681206395231 1777094057.29
-0.0753256779504  0.0435588604967   0.036243619782 0.0942599175756 0.190070144128 0.516276512138  9.75230957269  -1.57109732751 -0.482992921114  -1.11555291277 1777094057.31
-0.111613000285 0.0319261597276 0.0111277698752 0.116621476453 0.176994517378 0.595948112431  9.73750046649 -2.00604318637  -0.6843180282 -1.35623951835 1777094057.33
 -0.156194351294  0.0159722704064 -0.0184298246038 0.158086834471 0.155634949354 0.693283528378  9.72759020694  -2.24607103835 -0.854723869807  -1.45556597321 1777094057.35
   -0.20460934547 -0.00346283495532  -0.0491384965839 0.210455618423 0.124943214745  0.81766967409  9.72129060507  -2.33196167205 -0.995603176585  -1.43573091556 1777094057.37
  -0.25239386384 -0.0250989622062 -0.0776574765325 0.265260822719 0.0811730697922  0.968048131969   9.71914417364 -2.27572604596 -1.09566497646 -1.29646699566 1777094057.39
  -0.29586401185 -0.0473980626024  -0.101125713311 0.316241204999 0.0224935629333   1.13142390374   9.72312788155 -2.08115305045  -1.1325168216 -1.03491400194 1777094057.41
 -0.332664281706 -0.0687803235988  -0.117574281005 0.359471791371 -0.0436996867958    1.19149157333    9.74099050039  -1.64708537868  -1.00726817299 -0.623143897784 1777094057.43
 -0.361981018141 -0.0878316412084  -0.126139844055 0.393263162462 -0.105991017519   1.26977434778   9.76294500114  -1.28832366722 -0.863620085026 -0.235845808969 1777094057.45
-0.384406662573 -0.103465519952 -0.127046453242 0.417868875762 -0.15650406131   1.3224109745  9.79221962677 -0.990862771422 -0.681170015468  0.119308782191 1777094057.47
-0.401523593802 -0.115015240847 -0.121378562591 0.434951097784 -0.183746809168   1.32035136987   9.82829564533 -0.772561736828 -0.469146947017  0.407889915694 1777094057.49
-0.415337836694 -0.122248829058 -0.110715701403 0.446887302721 -0.185180097132   1.29128697024   9.86872683514 -0.661677796684 -0.260200451378  0.622737691955 1777094057.51
 -0.427717288795  -0.125315739511 -0.0967263810531 0.456072479432 -0.152410725835   1.19424608476   9.90664684494  -0.618060381933 -0.0601565645844   0.750109998215 1777094057.53
-0.439971372076 -0.124646440854 -0.080819170705 0.464374075307 -0.0918904045192    1.05790204138    9.93380366879 -0.619317478343  0.111349168055  0.814591711729 1777094057.55
  -0.45265637351  -0.120831857766 -0.0639238647073 0.472847111453 -0.0132557741062   0.913398291872    9.94236516658 -0.639468569215  0.252749295472  0.857265863397 1777094057.57
  -0.46562052752  -0.114508638497 -0.0464341415648 0.481737307504 0.0730373570233  0.756979108939   9.91941161697 -0.637845860729  0.363102954744  0.888331413747 1777094057.59
 -0.478236488004  -0.106270008694 -0.0282982995495 0.490718093169 0.152233200809 0.612420169065  9.85685925855 -0.604113746289  0.448512558436  0.932955423189 1777094057.61
  -0.489724560911  -0.0966130654346 -0.00920938246734 0.499248477912 0.207218709204 0.485362144435  9.75016148322 -0.53014764179 0.508266283281 0.986009750927 1777094057.63
 -0.499458173083 -0.0859242292361  0.0111714382548 0.506918376922 0.226997402721 0.390972841078   9.6041356357 -0.434872592479  0.551491667712   1.05309795959 1777094057.65
 -0.507163823791 -0.0744971438158  0.0330219571788 0.513668587958 0.205973375519 0.331353784585  9.42975830704 -0.337813948233  0.583718781213   1.12662983655 1777094057.67
 -0.512972167866 -0.0625729952054  0.0562414237101 0.519825857836 0.144091232401 0.300260448578  9.24732069877 -0.254811154149   0.60420269416   1.18821042421 1777094057.69
  -0.51732940798 -0.0503927305893  0.0804251140035 0.525963252157 0.0500376716633   0.28969794031   9.08037146361 -0.197794373025  0.612796205484   1.22654516863 1777094057.71
 -0.520821922664 -0.0382532944931   0.104918636696 0.532660032284 -0.0606524597513   0.283882837854    8.97032948868 -0.165831551766  0.593332952882   1.20742512539 1777094057.73
 -0.523989588641 -0.0265630997586   0.128918114189 0.540268976936 -0.168127120191  0.281515550049   8.91717107065 -0.158417649548   0.55539284117   1.15879604951 1777094057.75
 -0.527200169285 -0.0158919444637    0.15157434083 0.548787165658 -0.258536698529   0.27808737563   8.92456732314 -0.166922526602  0.491505244698   1.08437602294 1777094057.77
  -0.530631541193 -0.00700579625633    0.172066119667 0.557876028547 -0.311817301569  0.263431220157   9.01568970209 -0.179634565269  0.376458106407  0.953607108151 1777094057.79
  -0.534368285271 -0.00086980567467    0.189626963645 0.567017289161 -0.33354464468 0.249497987846  9.14298608853 -0.20400099638 0.215884765042 0.808110817884 1777094057.81
 -0.538575135823 0.00140054043175   0.203533146139 0.575752446818 -0.301178420068  0.219856235013   9.33213902508  -0.232971294184 -0.0119025312843   0.587114217396 1777094057.83
    -0.5436751305 -0.00134529351052    0.213081274494 0.583941852309 -0.244014932289  0.190817453217   9.51130032297 -0.289291166826 -0.280510532242  0.342578677114 1777094057.85
 -0.550448042855 -0.0101119972909   0.217593045822 0.591981447312 -0.191175953469  0.174497103699   9.64346095542 -0.409644147847  -0.60762932399 0.0853730675958 1777094057.87
 -0.559982259032 -0.0255338228443   0.216479808548 0.600912318104 -0.140358571039  0.155509902949   9.73285877567 -0.579738422904 -0.945736087968 -0.206923758022 1777094057.89
 -0.573457594681 -0.0476478283999   0.209380336872 0.612343085139 -0.117229880556  0.142131439624   9.75919514557 -0.818677082469   -1.2914901533 -0.517878210019 1777094057.91
 -0.591793971035 -0.0757178498448   0.196356376706 0.62809961281 -0.123409311183  0.123982219542    9.7283133837   -1.0361319828  -1.50016410173 -0.775459539459 1777094057.93
-0.615252633358 -0.108160791705  0.178100189186 0.649580046726 -0.166880839483  0.111259345477   9.65252954984  -1.23915193767  -1.61544665539 -0.972485928951 1777094057.95
-0.643106033022 -0.142611905688  0.156086691649 0.676968670371 -0.254330290166  0.109527416087   9.53534722488 -1.47251788254 -1.71884309458 -1.15048522576 1777094057.97
-0.673489759564 -0.176139920117  0.132599245473 0.708658089346 -0.358303551241  0.107215472963   9.40975892747 -1.56579632172 -1.63247903344 -1.17961992442 1777094057.99
-0.703513615782 -0.205592071723   0.11057758729 0.741233371049 -0.443100834978 0.0999662299575   9.31461978543  -1.42787561148  -1.31914910281 -0.999843613862 1777094058.01
-0.729646413264  -0.22802048923 0.0932765824011 0.770115415196 -0.485756074701   0.08634444518   9.26659602111  -1.08362174548 -0.859336389772 -0.648250001198 1777094058.03
-0.748315827961 -0.241121232546 0.0837757680952 0.790654416595 -0.513372835905 0.0693890367871   9.22326632017 -0.653501884225 -0.377940994253 -0.214533778416 1777094058.05
-0.756601334265 -0.243609380233 0.0844277310223 0.799324183867 -0.514185339382 0.0408213674209   9.18440026089 -0.114701044811  0.142788986619  0.317444608847 1777094058.07
 -0.75286413039 -0.235459143803 0.0963635704812 0.794689464473   -0.468013536775 -0.00769093772953     9.16194440528 0.511247241549 0.674718278977 0.913930806255 1777094058.09
-0.737163645649 -0.217956500873  0.119175502717 0.777893358492  -0.359032284763 -0.0750791624827      9.182708384 1.07818176202 1.08876955894 1.41566229793 1777094058.11
-0.711353799404 -0.193541179364  0.150867006378 0.752491375133 -0.219325853239 -0.144511026973   9.24223732338 1.39414811907 1.25467196794 1.64715532367 1777094058.13
-0.678821412872 -0.165451058294  0.188105566889 0.723571881404 -0.111267919915 -0.225948562185   9.24482889662 1.60604735475 1.34114030744 1.80681787935 1777094058.15
-0.643906996988 -0.137219287572  0.226745272451 0.696318010847 -0.0272920764952  -0.334142467557    9.18167791712  1.7623447761 1.38859480666 1.93710524915 1777094058.17
-0.611117655953 -0.112105602555   0.26252307287 0.674500422039 0.0311954001088  -0.41499189399   9.15311110032 1.57736359305 1.18154263962 1.72091727134 1777094058.19
 -0.584288930277 -0.0925616777338   0.291789096931 0.659622691632 0.0460902879693 -0.448631640192   9.16298864113  1.14768185017 0.818576636426  1.25788878126 1777094058.21
 -0.565867134549 -0.0798309616332   0.312118806402 0.651150324969 0.0241105028173 -0.444851514963   9.19369188997 0.664047555148 0.448580286064 0.737096976747 1777094058.23
  -0.55646222474 -0.0737640608565    0.32267691568 0.647465625457 -0.0195864397348  -0.438957032073    9.20714413137 0.263013472935 0.164401039197 0.287601076757 1777094058.25
 -0.554767252934 -0.0728927920705   0.324256351558 0.646701048081  -0.08166699099 -0.456729697161   9.18088720428 -0.0365831382818 -0.0258481034527 -0.0961669658442 1777094058.27
 -0.557865218111 -0.0747553568333    0.31898883363 0.646958917501 -0.145093519364 -0.433109943003   9.21806312747 -0.192677827831 -0.095559568971 -0.392545841336 1777094058.29
 -0.561863337706 -0.0764121321514   0.309799376418 0.64614617373 -0.178171212005 -0.361728942473   9.33977217866   -0.123223821478 -0.00745397920448   -0.488186787164 1777094058.3
  -0.56272500846 -0.0750493322657   0.299735369418 0.641975956793 -0.185814798027 -0.301876180634   9.46919245526  0.110691159249  0.183738591422 -0.431601466398 1777094058.33
 -0.557125576928 -0.0685478230437   0.291326135076 0.632422824928 -0.190731904113 -0.289715109687    9.5690993383 0.460216543684 0.450155759144 -0.32022603909 1777094058.35
 -0.543150106019 -0.0559023563701   0.286114838908 0.61644043683 -0.200613247344  -0.33422192726    9.6561517075  0.95397093209  0.81511783657 -0.17983144767 1777094058.37
 -0.520683753767 -0.0374102075707   0.284456548599 0.59449694962 -0.190046680231 -0.399913913079   9.75993203618    1.43739739509    1.14752866008 -0.0140768225849 1777094058.39
 -0.491413033565 -0.0145986962741   0.285608163724 0.568570061361 -0.157927356993 -0.463154074023   9.85696090641   1.67927154544   1.28142510529 0.0973822486425 1777094058.4
-0.458443907211 0.0100840182099  0.288065885176 0.541529738504 -0.119154352478 -0.517094184603   9.92495604941  1.63018267752   1.1979532254 0.110095045714 1777094058.42
-0.425628619881  0.033743524288  0.290050940679 0.516166538708 -0.0794251164952  -0.542791449142    9.95959591985   1.33268564317  0.939640417585 0.0421422416921 1777094058.44
 -0.39675590075 0.0535785545605  0.290016585922 0.494363759188 -0.0575815083229  -0.732249237281    10.0277866168    1.26362724679   0.835912170721 -0.0744955132493 1777094058.47
-0.374783812362 0.0673782797363  0.287053450682 0.476867300344 -0.0158599168781  -0.967903528499    10.1120787056   1.02890756227  0.588930887433 -0.258516529397 1777094058.48
-0.361276371932 0.0738864919871  0.281102233466 0.463679087597 0.0468816359844 -0.967332231748   10.1335695059 0.494947477493 0.148624983109 -0.37507454125 1777094058.5
-0.356149812246 0.0729737784073  0.272932479542 0.454598723587  0.109537138165 -0.909842970489   10.1501634853 0.0835900004993 -0.196869522176 -0.408570075974 1777094058.52
-0.357757236865 0.0655982944159  0.263901452594 0.449374402298  0.170730122935 -0.853660083796   10.1822790087 -0.155823020026 -0.424944316781 -0.380614489323 1777094058.55
-0.363263319697 0.0535745615037  0.255556972344 0.44736991315   0.27289203066 -0.964176406148   10.3151345914 -0.285953157317 -0.659326268871 -0.367619983403 1777094058.57
-0.369205306026   0.03920231825  0.249183870756 0.447148723803 0.374025899373 -1.04202425195  10.4717387849 -0.245401367078 -0.796892830783  -0.28135243893 1777094058.59
-0.372115090629 0.0248301707152   0.24540842521 0.446443135479  0.393067917022 -0.957056925877   10.5367277125 0.00310553340519  -0.702991380698  -0.137109739184 1777094058.6
-0.369087073299 0.0124382888341  0.243963879169 0.442604059002  0.356654847996 -0.851112962207   10.5566894042   0.332106579171  -0.513609711973 -0.0411992987708 1777094058.62
 -0.358205077598 0.00331804709446   0.243682826205 0.4332472814 0.299192681821 -0.80342547975   10.585593937   0.684579069536  -0.328249334853 -0.0279553325884 1777094058.65
  -0.338776324621 -0.00209543493179     0.24272611556 0.416761030023  0.249417522772 -0.901854144978   10.7185245965   1.16343807355 -0.187067404276 -0.116358748581 1777094058.67
  -0.311355263244 -0.00421486192867     0.23899724311 0.392529676871 0.160793973689 -1.04570165745  10.8600111422    1.69782260117 -0.0564327209883  -0.335205982783 1777094058.69
  -0.277572920235 -0.00412973147188    0.230642551998 0.36091518051 0.0319206483424  -1.03424691039   10.8142686255   1.88396183484 0.0236312832413 -0.592071477414 1777094058.7
  -0.239814819499 -0.00331750166475    0.216514273742 0.323110792458 -0.069462998009 -0.967494577634   10.7086147606   1.83545845997 0.0197867264654 -0.816786717578 1777094058.72
  -0.200807392866 -0.00330217883304    0.196481570156 0.280961778229 -0.133068433937 -0.929533728628   10.6429630174    1.7510846369 -0.046011123663  -1.02825534319 1777094058.75
  -0.163177646215 -0.00533120356292     0.17151211836 0.236794790272 -0.175079503516 -0.982864606114   10.6826940495   1.7854016468 -0.16992600612 -1.31810246804 1777094058.77
 -0.129047877052 -0.0101319070039   0.143503913802 0.193259885614 -0.174959406674  -1.01190406418   10.7388202749   1.74500626917 -0.342531387028  -1.55655152168 1777094058.79
-0.0997216851797 -0.0177871234828   0.114909185491 0.153182626845 -0.104929093609 -0.866779325705   10.6784287946   1.41580675729 -0.465695395206  -1.46134730202 1777094058.8
-0.0755093490022 -0.0277421111158  0.0882432766299 0.119407547443 -0.00773459472353   -0.674678962054     10.5927617033   1.06085390758 -0.509772426356  -1.18900314294 1777094058.82
-0.0557247316738  -0.038928991916  0.0655974794926 0.0944655569374 0.0892829379126 -0.527422174909   10.5553944745   0.83445918683 -0.506216112268 -0.910121060634 1777094058.85
-0.0388586743258 -0.0499758672293  0.0482694211845 0.0796085478901    0.1960305826 -0.466314944664   10.6294443777  0.799423933102 -0.499950273467 -0.706440645819 1777094058.87
-0.0228990740967  -0.059457769956   0.036589868164 0.0734738896131  0.313005713479 -0.455290771789   10.7698688045  0.906390982695 -0.442465500962 -0.500722508134 1777094058.89
-0.00573566172023  -0.0661452584145   0.0299710948932 0.0728447634026  0.367425030473 -0.432931098336   10.8011667867   1.00435443014 -0.262434103626 -0.254118090508 1777094058.9
 0.0144315158166 -0.0692121152426   0.027144618617 0.075732528447 0.351591668852 -0.42648068986  10.7468413474    1.07710033244 -0.0539562037678 -0.0837551339157 1777094058.92
0.0387609713096 -0.068374270259 0.0265110444727 0.0829475087591  0.320330135654 -0.475605104204   10.7266363641    1.20557402804   0.119470674864 -0.0145369235391 1777094058.95
  0.067578703069 -0.0639453044284  0.0265037648996 0.09673847539  0.304035029887 -0.610264495543   10.8055662716    1.46991331053   0.276035235461 -0.0151662389423 1777094058.97
  0.100358281164 -0.0568069024369  0.0258754971158 0.118187774806  0.288795121134 -0.819530530512   10.9436502448   1.82448545706  0.417930135896 -0.070962312376 1777094058.99
 0.135866236343 -0.048302856882 0.0238477605731 0.146155793061 0.239694571429 -0.96674752483  10.9666981635   1.96588507866  0.456469023388 -0.157326215049 1777094059.01
  0.172433166049 -0.0400714621656  0.0201074748839 0.178166296981  0.175196525866 -0.969502236381   10.8403485789   1.79357259787  0.358328809516 -0.227083559198 1777094059.02
  0.208288134035 -0.0338340517645  0.0146784510558 0.211528122868  0.135905403672 -0.946403340755   10.7290698217   1.59297560416   0.20441174327 -0.283957886275 1777094059.05
  0.241886653852 -0.0311591420516 0.00772695534576 0.244007686936 0.132238307591 -1.01428103921  10.7360724455   1.55859599248 0.0148748519253 -0.373424206516 1777094059.07
    0.272171074197    -0.033224368896 -0.000627270474894 0.274192169447 0.145067012899 -1.06739555295  10.7523646794   1.50934264047  -0.25079268026 -0.482217756498 1777094059.09
  0.298722564167 -0.0406030084745 -0.0104314696704 0.301649780705 0.156986275777 -1.01135992125  10.6965869126    1.3362242237  -0.53543658349 -0.573243854783 1777094059.11
  0.321789696647 -0.0531069793224  -0.021913795519 0.326877919956   0.15497826393 -0.852066456308   10.5680937623   1.07954734776 -0.722930562104 -0.619601217201 1777094059.12
  0.342203239888 -0.0697203134309 -0.0353870027995 0.351021679476 0.146687868282 -0.71107180874  10.4595120299  0.896692591443 -0.808637615057 -0.663354663956 1777094059.15
  0.361205180838 -0.0886518733442 -0.0510725568605 0.375415427728  0.150831015835 -0.698252963525   10.4608551411  0.912153310211 -0.906734256342 -0.803915635466 1777094059.17
   0.38022970794  -0.107520868277 -0.0689011849951 0.401101908757   0.15142115664 -0.751179664964   10.5059006676   1.04225384993 -0.924557420629 -0.984507622966 1777094059.19
 0.400675012963  -0.12366457796 -0.088355557165 0.42853249391  0.131921294183 -0.797427068006   10.5162931081   1.17268732821 -0.728627273414  -1.06588378871 1777094059.21
 0.423699591794 -0.134530065176 -0.108412010586 0.457572777339 0.0992561243671 -0.813338810597   10.4748262445   1.23981072117 -0.362048964579 -0.985395419334 1777094059.22
 0.450068459813 -0.138088429911 -0.127613224033 0.487765484574 0.0730779054001 -0.846388893977   10.4353708637   1.30315359526 0.0307887612235 -0.828992044666 1777094059.25
  0.48006606529 -0.133198331219 -0.144269148443 0.518670232108 0.0666255061082  -1.02096239918    10.487703179   1.55784066597  0.448067947872 -0.715716524808 1777094059.27
 0.513484767537 -0.119848557577  -0.15674848823 0.55009123953 0.0721711667933  -1.23257880806   10.5464305287   1.84507417864  0.900266148424 -0.517491323854 1777094059.29
  0.549689912393 -0.0992268012956  -0.163796675968 0.582094759417 0.0871343553373  -1.38376640914   10.5563544015   2.02576402486   1.26175145236 -0.219757752702 1777094059.31
 0.587753534329 -0.073590097453 -0.164805269319 0.614841846619 0.104571334203   -1.396952733  10.4894101309   2.00349255743   1.38724319256 0.0997650904526 1777094059.32
  0.626638226004 -0.0459468308566  -0.159964989427 0.648363613567 0.116446228816 -1.27854786202  10.3658216887  1.80596399427  1.25582062765 0.338318647497 1777094059.34
  0.665402204724 -0.0195952214191   -0.15025902519 0.6824381594 0.142886749952 -1.31008060758  10.3094624778  1.83791996344  1.15792277832 0.543001260043 1777094059.37
  0.703388828115 0.00240743494497  -0.137289533213 0.716665929977 0.174018896852 -1.37374268368  10.2549974069   1.9359021105  0.96455481033 0.704766715463 1777094059.39
 0.740361511002 0.0177529270523  -0.12297002964 0.750714300904 0.190180675766 -1.33897288989  10.1622998288  1.92112580597 0.600468983101 0.738919059284 1777094059.4
 0.776549835009 0.0252747116616 -0.109149750684 0.784590418866 0.186507232853 -1.21393641451  10.0557476845  1.79717937332  0.18403611348 0.639895240277 1777094059.42
  0.812584974925  0.0251488085096 -0.0972544825518 0.818770565189 0.171903534821 -1.07000185321   9.9692055426   1.64935969842 -0.145395836048  0.478741569278 1777094059.45
  0.849321672022  0.0188596633896 -0.0880270668427 0.854079477547  0.18277755391 -1.11924435102  9.93261621867  1.79648433363 -0.38855896811 0.379132391532 1777094059.47
  0.887567982801 0.00893084344266 -0.0814299709943 0.891340296539 0.203119374338 -1.24812945304  9.91955125558   2.06325233227 -0.536373779082  0.296952642356 1777094059.49
  0.927769261702 -0.0015339789576 -0.0767365336018 0.930938586395 0.202567071602 -1.26377505666  9.90994110472    2.1080724451 -0.470825781453  0.221618413992 1777094059.51
  0.969713521233 -0.0094158871998 -0.0727941368767 0.972487510747  0.20148582794 -1.28705221935   9.9044777977   2.10901714313 -0.264644280857  0.207898406905 1777094059.53
   1.01233451832 -0.0121454202147 -0.0684004315512 1.01471538239 0.192491584072  -1.2741209404  9.88544408044   1.98577096018 0.0296778147345  0.238670720741 1777094059.55
    1.05368083092 -0.00816097597867  -0.0627020674878 1.05557635642 0.194306047186 -1.36228192471   9.8458166315  1.93801835528 0.368341995938 0.317136822038 1777094059.57
   1.09109165005 0.00282325075521 -0.0555126349006 1.09250657306 0.185475568909 -1.43169970125  9.76139104053  1.75129981951 0.720854743328 0.393193448184 1777094059.59
   1.12157615032  0.0197855026858 -0.0474585355385 1.12275413144 0.138366851352 -1.25742713777  9.64726729251  1.19309598772 0.879450498344 0.363481230485 1777094059.61
   1.14234184818  0.0406006071023 -0.0398990671156 1.14375925918 0.105145367896 -1.27469830161   9.4683649259  0.74600461175  1.06787009157 0.321353137697 1777094059.63
   1.15137130741  0.0624358517948 -0.0346238062786 1.1535826503 0.0557918060681  -1.21361701596   9.25517910492 0.145516189651  1.08680891418  0.16973375953 1777094059.65
   1.14791984203  0.0822606688443 -0.0333927541755 1.15134784379 0.00133294133145   -1.00430708255    9.10580169192  -0.450555173405   0.848081708981 -0.0682249004572 1777094059.67
    1.1328097582  0.0973743261495 -0.0374344717012 1.13760320294 -0.0429813289229  -0.911798477493    8.90221783584 -0.998080700981  0.596389407396 -0.344884751727 1777094059.69
   1.10843188271   0.105856156303 -0.0470377380288 1.11446817506 -0.0719761497142  -0.801922341225    8.75213222303  -1.39994350891  0.244184181667 -0.615751326964 1777094059.71
   1.07842652903   0.106860083415 -0.0613543979771 1.08544332791 -0.0744270421159  -0.668541148759    8.72105039675  -1.52131666207 -0.127746505039 -0.779751047397 1777094059.73
   1.04708997825   0.100705214293 -0.0784785389071 1.05484493828 -0.0545702119908  -0.571736541189     8.7418220698  -1.44895066116 -0.438721279417  -0.83440728925 1777094059.75
   1.01862070966  0.0887517472964 -0.0957947781504 1.02695747834 -0.0173726589165  -0.528034333499    8.75685890491  -1.27785993552 -0.695635182592  -0.80708793365 1777094059.77
 0.996363468825 0.0730909635693 -0.110517068748 1.00513505234 0.0349172982707 -0.484212893876   8.83891914673 -0.939164783777 -0.841985182634 -0.631894011829 1777094059.79
 0.982215597786 0.0561136359628 -0.120289065621 0.991143622279 0.0844392131886 -0.414472754507    9.0031334657 -0.497363860996   -0.8202316652  -0.32725301499 1777094059.81
 0.976325924931 0.0400458847381 -0.123701272841 0.984945678441  0.119825351371 -0.352137173188   9.14168664029   -0.123170348775   -0.718983857046 -0.00762303634474 1777094059.83
 0.977150767866  0.026548639293 -0.120602528909 0.984923054542  0.135703644293 -0.298454989552   9.22184409029  0.137476678303 -0.586718455503  0.287712173373 1777094059.85
 0.981851765624 0.0164628831972 -0.112136754009 0.988371674918  0.119470414789 -0.238667107877   9.24952448728 0.251058805172 -0.43055205251 0.515107604527 1777094059.87
   0.98694631974 0.00974980619903  -0.100504595051 0.992098417696 0.0617716524568 -0.167765497434   9.23770931237  0.181944037155 -0.273047950099  0.595439600827 1777094059.89
  0.989069874266  0.0056304877026 -0.0885143930026 0.993038627819 -0.0250160492161  -0.106466359943     9.1666151914 -0.0307941114215  -0.168252944332   0.526273872222 1777094059.91
  0.985689828978 0.00288458877726 -0.0790310655946 0.988857254174  -0.138631662512 -0.0692346316093    8.97878640862 -0.347530436566 -0.139539433765  0.363680246397 1777094059.93
   0.975625961778 0.000232526146492  -0.0744457391762 0.978462180897  -0.248099967993 -0.0454761140859    8.82830467439 -0.654027814132 -0.152922043499 0.0682927398482 1777094059.95
   0.959277378362 -0.00329105977276  -0.0762731116059 0.962310504601  -0.359948229209 -0.0451267781438      8.615590605 -0.929862975478 -0.207792926008 -0.263119200189 1777094059.97
   0.938520600267 -0.00805926720608  -0.0849452786792 0.94239140981 -0.461328407484 -0.060530238724   8.38438934253  -1.11335999512 -0.270540048164 -0.610242029251 1777094059.99
    0.9163126015 -0.0137312523901 -0.0998224691662 0.921836133112   -0.49494316489 -0.0754990503951    8.30134176223  -1.05677587434 -0.280192327701 -0.858047503034 1777094060.01
   0.89609112591 -0.0193089687483  -0.119395823408 0.904216514368  -0.516607152382 -0.0863839570044    8.19500586243 -0.896222127624 -0.244899478584  -1.06397120789 1777094060.03
  0.881100932434 -0.0233531074288  -0.141624831453 0.892715975911  -0.459293947144 -0.0716601158674    8.28503017421 -0.538539062215 -0.120626945875  -1.08491775895 1777094060.05
  0.873783177986 -0.0243057086611  -0.164336461082 0.889434810453  -0.404043810219 -0.0361445907991    8.32219248017 -0.143325843886 0.0623818035901  -1.09554160404 1777094060.07
 0.875346136873 -0.020848363576 -0.185612836613 0.895051751977 -0.322390259032   0.03236321012   8.39673720171 0.310940993125 0.318107011708 -1.04700452258 1777094060.09
  0.885593631281 -0.0122230689074  -0.204104771748 0.9088917653 -0.19139116514 0.123287010199  8.65136327714  0.698234047778  0.564751696153 -0.847697303258 1777094060.11
  0.903031590713 0.00154442443657  -0.219224609964 0.929262002175 -0.0733558508032   0.236113832378    8.83300717921   1.02598458545  0.822909735644 -0.701387610946 1777094060.13
 0.925214949437 0.0195559352923 -0.231190852843 0.953862855816 0.0337849062547   0.31684595585    9.0919547537   1.09530958562  0.913635966628 -0.514117415796 1777094060.14
 0.949249573888 0.0400964578413 -0.240918449208 0.980165383303 0.111770690879 0.411150656129  9.21438106359    1.1353301057  0.994125340816 -0.447695300832 1777094060.17
 0.972337478493 0.0608176793639  -0.24977270381 1.00574617363 0.169441135212 0.524113940186  9.23299226416   1.14324220287   1.03463017963 -0.486824565097 1777094060.19
 0.992252698865 0.0790141349601 -0.259230384826 1.02859566611 0.165474539573 0.546650349848  9.25125906433  0.918735150595   0.80975806432 -0.539528273908 1777094060.21
   1.0076573714 0.0919480525651 -0.270514351543 1.04738046425 0.11769955396 0.54248957283 9.19273283161   0.67326435086  0.471258410303 -0.649848439211 1777094060.22
  1.01820552763 0.0971800883665 -0.284280582785 1.06160346449 0.0239865315162  0.450414391569   9.16740076344  0.385259799483 0.0211905307762 -0.687296099106 1777094060.24
  1.02442735818 0.0928704558926 -0.300431686576 1.07160418628 -0.0887522633592   0.410981493245    9.03481050543  0.216389074751 -0.449296129678 -0.793334697655 1777094060.27
  1.02743168077 0.0780235070928 -0.318105892217 1.07837604062 -0.251455974268  0.404436353021   8.80244151671  0.108168536989  -1.06764827548 -0.940269057301 1777094060.29
  1.02850177215 0.0526550552572 -0.335849059238 1.08322806498 -0.412390313047  0.356350067892   8.69950835509 0.0333307175493  -1.60440315126 -0.902064491243 1777094060.31
  1.02868144441 0.0178650447603 -0.351929568439 1.08736336844 -0.554341061933  0.326447718145   8.67791559082 -0.00142537362863    -2.01051552322   -0.755152250998 1777094060.32
   1.02844728564 -0.0241991677245  -0.364715605561 1.09147006005 -0.595147747022  0.296551562731   8.84602523904 -0.0260275434931    -2.0122282194  -0.480144361881 1777094060.34
   1.02753849361 -0.0704981865625  -0.373014208297 1.09541998784 -0.654711542726  0.333899214986   8.96302311776  -0.07608819218  -2.04211453817 -0.253453441378 1777094060.37
  1.02497567334 -0.117373019493 -0.376279713712 1.0981520749 -0.84711577177 0.505035593066  8.95431418327 -0.218531815459  -2.38604242759 -0.042791619218 1777094060.39
  1.01925729039 -0.160916610102 -0.374635784974 1.09778483811 -0.955811089685  0.718454291684    9.1013887694 -0.476680912331  -2.34224491323  0.221530924562 1777094060.41
  1.00868752835 -0.197407322853  -0.36871002144 1.09195570463 -0.830633055427   0.81977695024   9.42076329725 -0.72430419501 -1.65546125251 0.403098110669 1777094060.42
 0.991765946188 -0.223750506981 -0.359335985549 1.07832570771 -0.65056649197 0.866018916925  9.69759886702 -0.928486983711 -0.913338335705  0.485211594871 1777094060.44
 0.967557916358 -0.237865888269 -0.347216381805 1.05513398111 -0.541515378246   1.00000050309   9.90464972427  -1.21957978972 -0.332485120169  0.583231313233 1777094060.47
 0.935967090968 -0.238962540864 -0.332651680118 1.02166267995 -0.496907881042   1.32674704109   10.1235837764 -1.75402108746 0.256825213981 0.800097642665 1777094060.49
 0.897850040856 -0.227659203658 -0.315419097689 0.978495077179 -0.416326779997   1.72681389327   10.3668269696 -2.38129556212 0.970858624616   1.1112218052 1777094060.51
 0.854947593597 -0.205930741269 -0.294844264039 0.927510645779 -0.233728045618   1.74196718709    10.457468031 -2.42514557321  1.39606268913  1.24734360156 1777094060.52
 0.809648558211 -0.176885014921 -0.270053757051 0.871635318246 -0.0730423741256    1.49493980005     10.403191649 -2.0405162232 1.39037597135 1.23137351056 1777094060.54
 0.764636726981 -0.144394323441 -0.240345109558 0.814422996101 0.0263235801821   1.46360816476   10.4046502293 -1.90542532428  1.40492167424  1.40961697558 1777094060.57
 0.722491889372 -0.112622043527 -0.205576016378 0.759565503038 0.110928566507  1.63084163577  10.4712426865 -1.97065967959  1.46322660804  1.83550181784 1777094060.59
 0.685318020681 -0.085499709229 -0.166466483477 0.710409797138  0.1818871947 1.79030865066 10.5208432675 -1.95254266774  1.33171515055  2.32036554305 1777094060.61
  0.654459973229 -0.0662214526748  -0.124728147262 0.669522402965 0.187465778433  1.59054676121  10.4169676704 -1.52049679981 0.793102680747  2.30938960146 1777094060.62
  0.630348106187  -0.056826984268 -0.0829760421027 0.6383205031 0.137328083033  1.19448789845  10.2373795698 -0.972786536984  0.191991036692   1.86090080807 1777094060.64
  0.612482429183 -0.0579366832082 -0.0444268245501 0.616818553594 0.0928634759549   1.02254373273    10.140261244 -0.697139109135   -0.2682680234   1.59627686297 1777094060.67
  0.599539749461  -0.068682432994 -0.0124324929252 0.603589061089 0.0440213035782  0.972120089008   10.0774271668 -0.568329304362   -0.7170649796   1.35150087181 1777094060.69
  0.589566895331 -0.0868493693702  0.0100668708136 0.596014495561 -0.0139692249666   0.924368331057    10.0105299198 -0.520546581113  -1.09184725206   0.90248567008 1777094060.71
 0.580217006318 -0.109211916364 0.0210678688587 0.5907815774 -0.0620685624474   0.863133267589     9.9500559644 -0.569780384068  -1.25098949302  0.272371613131 1777094060.73
 0.568994749864  -0.13201683836 0.0199009553191 0.584448046456 -0.0728355334697   0.744196523258    9.91105858438 -0.659223644639  -1.04417015747 -0.336802384497 1777094060.74
   0.55349319319  -0.151540810949 0.00741446904888 0.573911410099 -0.0544678714818   0.718817759007     9.9232822651 -0.853706227735  -0.74504978288 -0.776636316613 1777094060.77
  0.531619212186  -0.164635361369 -0.0141004364605 0.556706934829 -0.011533599949  0.832446745912   9.99775607306  -1.23253468266 -0.420464068605  -1.16020503066 1777094060.79
  0.501807773474  -0.169172657068 -0.0412378608292 0.531160042345 0.068346375349  1.05886289624  10.1490195414   -1.80921548653 0.00826987449561   -1.47852332011 1777094060.81
  0.463217361726  -0.164322698382 -0.0699996545451 0.496459691258 0.180269489041  1.28660024774  10.3527497778 -2.39466848537 0.517002403077 -1.53774923183 1777094060.83
  0.415885142757  -0.150622195144 -0.0964135397129 0.452706381969 0.265788610999  1.30354127683  10.4865417003 -2.54358096582 0.856697354534 -1.17059716105 1777094060.84
 0.360809565215 -0.129830976069 -0.117129381287 0.400947523572 0.337328928696  1.32717379828   10.615557567  -2.64707542614    1.0504322489 -0.764034943634 1777094060.87
 0.299926524218 -0.104606629721 -0.129883094719 0.343173549687 0.434468888187  1.48618620197  10.8278149332  -2.97515872915   1.23372396724 -0.396012296584 1777094060.89
  0.235955587327 -0.0780571518968  -0.133748229228 0.282234914522 0.548485322274  1.71075368438  11.0990065627  -3.38548065473   1.36032321832 0.0196424367592 1777094060.91
  0.172114117031 -0.0532502042034  -0.129141531738 0.221667292916 0.580154563895  1.70114114575  11.1957633675 -3.27893885861  1.19552487355 0.426244105586 1777094060.93
  0.111725332925 -0.0327619007227  -0.117598976083 0.165485381022 0.54752909771 1.54150971126 11.1524518485 -2.84734325814 0.869456756097 0.691308550438 1777094060.95
 0.0577744846087 -0.0183357745453  -0.101380928825 0.118119365175 0.500415143938  1.37453853788  11.0828645762 -2.38692905025 0.530723628548 0.832397851722 1777094060.97
  0.012486588752  -0.010696583618 -0.0829912790306 0.0846042800034 0.443963013757  1.20630762538  10.9989836624 -1.92395757234 0.209709501144  0.87364888784 1777094060.99
-0.0229978955148  -0.009531663797 -0.0647030409764 0.0693270461252 0.415504318708  1.13270245387  11.0081871828   -1.61276328681 -0.0770412188657   0.916382995764 1777094061.01
-0.0487889755904 -0.0136236989623 -0.0481740893796 0.0699050227103 0.331145307342 0.921490369814  10.8732856226 -1.13489526282  -0.3036941212 0.800439660313 1777094061.03
-0.0662246925252  -0.021099007992  -0.034215256025 0.0774697475351 0.243237294619 0.707669881958  10.7206737065 -0.738865563881 -0.412496389027  0.650656783783 1777094061.05
-0.0776671183331 -0.0297458870646 -0.0227435369259 0.0862221986458  0.16070144123 0.505556314982   10.548613444  -0.46827567015 -0.381920557842  0.500265904705 1777094061.06
-0.0861576782118 -0.0373561349327  -0.012920549181 0.0947922302887 0.114246860072 0.403245581598  10.4711301815 -0.402220783571 -0.285490565964  0.447878623324 1777094061.09
 -0.0949977033903  -0.0420468887496 -0.00344568138516 0.103944106245 0.109156328765 0.433984027054   10.554150608 -0.584413614491 -0.142723378996   0.55124177727 1777094061.11
 -0.107331313143 -0.0425270834665 0.00705125137453 0.115664531102 0.105755899733 0.443879841173  10.5206702109  -0.81395461962 0.0994953566731  0.608666999169 1777094061.12
 -0.125801731576 -0.0382814972923  0.0195892580897 0.132948440138 0.126170315682 0.519325461688  10.5230139469 -1.13921906955 0.325904927919 0.694060602739 1777094061.15
 -0.152328834551 -0.0296543056461  0.0344656509973 0.158969597023 0.156569467509 0.619388966263  10.5251957583 -1.45738342555  0.47920411777 0.736002706047 1777094061.16
-0.188020961059 -0.017823112457 0.0510109968474 0.195631456914   0.2019977425 0.777828633259  10.5843233978 -1.85732954874  0.57394497702  0.75939563254 1777094061.19
  -0.233199178913 -0.00466405662545   0.0675306428034 0.242825036162 0.302497220726  1.15456939441  10.8413071841 -2.74408371078 0.698077196205 0.840238120555 1777094061.21
-0.287489075686 0.0074809343175 0.0814681222481 0.298902974156 0.348995229187  1.34022292968   10.927878204 -3.16800230219 0.563873770061 0.604093507332 1777094061.22
-0.349930167367 0.0161129303411 0.0897896014477 0.361625387778 0.359415087164  1.40449857963  10.9420794066  -3.3273080613 0.289498036938 0.204271134335 1777094061.24
-0.419065290084 0.0189289442625  0.089545890243 0.428943456348 0.330023793417  1.32444598023   10.869752061   -3.17682851171 -0.0429575950669  -0.250122464426 1777094061.26
-0.492996003103 0.0141783706956 0.0785255438263 0.499412000561 0.321828721928  1.33868482095  10.8931118947  -3.27857834498 -0.391494731846 -0.734177009034 1777094061.29
  -0.569417155457 0.000975442157882   0.0558773695588 0.572153064175 0.375382059262  1.63771607891  11.1613328796  -4.10644267157 -0.932297320689  -1.50525418599 1777094061.31
 -0.645665491159 -0.0204826159661  0.0225631441655 0.646384219722 0.349884849529  1.62991191016  11.1764048933 -4.15340247833 -1.38475524961 -2.06730244101 1777094061.33
 -0.718824831326 -0.0488374677566 -0.0184883714548 0.720719124394 0.26244010447 1.34244152977 10.9314101319 -3.39922096943 -1.48276870994 -2.06429819404 1777094061.35
 -0.785918982978 -0.0816623659733 -0.0626107920018 0.792626962131  0.1919679003 1.12439832695 10.7101989685 -2.70990487781 -1.44591811461 -1.84882126861 1777094061.37
-0.844195689522 -0.115731326797 -0.104022115091 0.858417557275 0.158570978874  1.12533427876  10.6220458073  -2.4104134701 -1.50210544185 -1.69321294548 1777094061.39
-0.891470660021 -0.147439358364 -0.136756355907 0.913871217926 0.137850363926  1.26198742506  10.5642949719  -2.1784027641 -1.52469913798 -1.36920705564 1777094061.41
-0.926471956067 -0.173317809309 -0.155735804828 0.95532349982 0.113288739875   1.3941878966  10.4304731775  -1.69822864514  -1.27062689131 -0.618848487698 1777094061.43
-0.949109885376 -0.190565441498  -0.15776056376 0.980822694216 0.0791582908303   1.26191277015   10.1760643711 -0.896562726248 -0.635414248902  0.355896513494 1777094061.45
-0.960599363632 -0.197504673663 -0.142188704317 0.990947456309 0.0601613017274   1.05047486736    9.9738723832  -0.303920408473 -0.0705280072952   0.992891533769 1777094061.47
 -0.96338180546 -0.193877394417 -0.111134972893 0.988961035307 0.0760640016786   1.15557579132   9.87231614224 -0.00530951206155    0.378745268088     1.66842817808 1777094061.49
 -0.960831895557  -0.180917393141 -0.0691193129568 0.980156372261 0.126078042109  1.44175362828  9.78607346297 0.185309807889 0.918688830632  2.49768365054 1777094061.51
 -0.956785272119  -0.161174530116 -0.0222241178076 0.970520065488 0.180449897093  1.50306637494  9.71507603232 0.172344997176  1.25880389261  2.71086884047 1777094061.53
-0.954971357654 -0.138112159189 0.0230629368851 0.965182449858 0.200832988492  1.25300482612  9.68877318783 -0.0421198992681    1.14604278981    2.09193194072 1777094061.55
-0.958462323972 -0.115543528658 0.0610685395756 0.967331225597 0.206936478956  1.02165769593  9.67724311422 -0.304673134768  0.877550139319   1.38524154646 1777094061.57
 -0.969243322401 -0.0970046140105  0.0879525390892 0.978048139046 0.247498097314   1.0402835854  9.62732654359 -0.675656787486  0.695278876501  0.944309782693 1777094061.59
 -0.987975302617 -0.0851734487389   0.102316396426 0.996904388559 0.294632500627  1.15969027729  9.52654610116  -1.2017174772  0.41819182624 0.465855123147 1777094061.61
  -1.01397611907 -0.0814378187474   0.105293555506 1.02267610767 0.274182924197  1.14971545293  9.41856848513   -1.58935731582 -0.0141986298081 -0.0603842805786 1777094061.63
  -1.04540363144 -0.0856864885528   0.100134528141 1.05367824817 0.198698512022  1.07287043974  9.31973114815  -1.72144713447  -0.39145074473 -0.364298537814 1777094061.65
  -1.07959322314 -0.0963589067908  0.0914074392324 1.08773245162 0.0949921148288  0.943753863457   9.26456853811  -1.55600564639 -0.572656555639 -0.368644192445 1777094061.67
 -1.11348266247 -0.110741605488 0.0840054482267 1.12212488527 0.00195892207327    1.00917272284    9.11685600584  -1.53083538143 -0.691018517993 -0.219297057243 1777094061.69
 -1.14405044478 -0.125454872503 0.0821737363834 1.15383831977 -0.105595311487   1.15107763521   8.91694151377  -1.44535093934 -0.688352838843  0.123998926951 1777094061.71
 -1.16870112888 -0.137039570275  0.088742727178 1.18004976339 -0.19658280105  1.18065454064   8.8082307563  -1.08812951631 -0.447918001272  0.590486110728 1777094061.73
 -1.18555047105 -0.142537957323  0.104694207286 1.19866920613 -0.252771561758   1.17491408291   8.73226540924  -0.651508016148 -0.0766347475457    1.05685404041 1777094061.75
 -1.19358680699 -0.139966790835  0.129111423823 1.20868106965 -0.241438304441   1.03158638941   8.77632646864 -0.172222399858  0.335417486935   1.31905438151 1777094061.77
 -1.19270490209 -0.128604106198  0.159490120119 1.21017399494 -0.208489921294  0.953726599131   8.72889581465 0.246582656927 0.765064322884  1.56419725772 1777094061.79
 -1.18362145088 -0.109047591072  0.192326667345 1.204093295 -0.129067373501  0.825329205143   8.67860005576 0.646943113985  1.17828541014   1.6647380033 1777094061.81
  -1.16769050173 -0.0830450727115   0.223858102432 1.19185151841 -0.00533885249022    0.588544133448     8.71326204035 0.932035434036  1.40930706471  1.47418128088 1777094061.83
  -1.14664628074 -0.0531383771174   0.250809533644 1.17495821305  0.13037849804 0.345206199799  8.71176619811 1.14926974702 1.54110608937 1.19410688201 1777094061.85
  -1.12231078935 -0.0221934308203   0.271008240158 1.15478115783  0.244867238259 0.0912567794722   8.76126649582  1.21101238362   1.4491237118 0.792547738965 1777094061.87
  -1.09631148816 0.00709332856006   0.283751167101 1.13245923512  0.344626355076 -0.125043807341   8.71751121156  1.29352656135  1.35175955408 0.464915398924 1777094061.89
 -1.06985706207 0.0326216994697  0.289860999947 1.10890834059  0.396681042245 -0.301780415951   8.66977012241  1.32226686273  1.15620636549 0.192633467739 1777094061.91
 -1.04361411417 0.0531725588327  0.291428344968 1.084844791  0.383258268461 -0.414369399239   8.63393679438   1.31003022676  0.901476033725 0.0361906859542 1777094061.93
 -1.01771264279 0.0685040350921  0.291301533351 1.06079612059  0.319895854837 -0.478367756167   8.55523318512   1.34877833568  0.679881352011 0.0262943254328 1777094061.95
-0.991882856233 0.0792488359019   0.29243684169 1.03712645558  0.170374292614 -0.424480411958   8.64778393398 1.23159442413 0.42942973317 0.14079893231 1777094061.97
-0.965694029306  0.086641774977  0.297248430394 1.01411458168 0.0174596746725 -0.396221736871   8.58033913055  1.31879581236 0.320529611594 0.364373417411 1777094061.99
 -0.93883677185 0.0921415374593  0.307093077982 0.992073941623 -0.168141001719 -0.351252230574   8.50875493356  1.43952222855 0.275400940541   0.6557122739 1777094062.01
-0.911374365516 0.0970338941127  0.321991410777 0.971440826474 -0.325384440103 -0.268116760177   8.61182529336  1.37198495735 0.248879236864 0.837531685569 1777094062.03
-0.883893967192  0.102108208902   0.34063305198 0.952746297639 -0.465624105807 -0.226916351616   8.65079229362  1.35221055049 0.262305263729 0.970572261357 1777094062.05
-0.857513926307  0.107481879973  0.360650662668 0.93645682699 -0.560080934525 -0.213180925495   8.71029652033  1.25879424112 0.263605752173 0.965284806161 1777094062.07
-0.833741525203  0.112610697523  0.379091593227 0.922776536384 -0.604121937264 -0.228351745368   8.77840785424  1.08725790641 0.225837331705 0.811770158284 1777094062.09
-0.81421495772  0.11647562789  0.39297860471 0.911561711036 -0.584119332051 -0.258664324743    8.8740421924 0.817937317795 0.129513913107 0.508919587443 1777094062.11
-0.800393396654  0.117891110251  0.399840757563 0.902441430062 -0.544240453101 -0.308054420203   8.93430021622   0.520769667868 -0.0155654140724   0.127662954299 1777094062.13
-0.793271452534  0.115849642257  0.398112755008 0.895094689246 -0.477268168005 -0.359589739141   8.98556445627  0.183378868602 -0.205573304576 -0.318071586531 1777094062.15
-0.793185739135  0.109811106346  0.387339038692 0.889513140284 -0.374632319044 -0.384499976149   9.06412132492 -0.162005177446 -0.399466055397  -0.74836783553 1777094062.17
 -0.79975424133 0.0998646341905  0.368166115673 0.886073405772 -0.278276627787  -0.39815781292   9.11865590699 -0.469227588901 -0.577113204491  -1.12986217998 1777094062.19
-0.811952363594 0.0867296272604  0.342150520957 0.885356226602 -0.190728338317 -0.392780503713   9.16297986354 -0.71326831822 -0.70615419347 -1.41762454265 1777094062.21
-0.828294980178 0.0716085601328  0.311441246752 0.887804038204 -0.120998393627 -0.373094324425   9.19357307442 -0.879885512332 -0.771323007917  -1.59693201806 1777094062.23
-0.847072229343 0.0559429395522  0.278410366927 0.893405454776 -0.0731033630752  -0.342482970574    9.21437713496 -0.959106338109 -0.763137462284  -1.65670475132 1777094062.25
-0.866583050415 0.0411436788206  0.245304651298 0.901572713386 -0.048922544559 -0.305830019841   9.23006528983 -0.950789097906  -0.68554810157  -1.60162799029 1777094062.27
-0.885322055402 0.0283636417906  0.213977579284 0.911255201572 -0.0485521860724  -0.274738829827    9.23233126525  -0.88733489131 -0.569368501529  -1.48836192124 1777094062.29
-0.902094817688 0.0183571504006  0.185739359003 0.921200930608 -0.0685639983759  -0.249197434165    9.23170129783 -0.774417992654 -0.426454935515  -1.32642681434 1777094062.31
-0.916056134338 0.0114390612986  0.161336102972 0.930225258475 -0.102803362416 -0.226680793003   9.24404079578 -0.615079908702 -0.270959402863  -1.11823480918 1777094062.33
 -0.926680392996 0.00752653683308   0.141042002247 0.937382550465 -0.146237204253 -0.213119091603   9.26175944273 -0.440052977274 -0.130079361962 -0.911561968732 1777094062.35
 -0.933681842924 0.00622891378151   0.124824759002 0.942009449864 -0.190627175489 -0.206968049395   9.29198723265  -0.253966758748 -0.0143512609732  -0.708072205974 1777094062.37
 -0.936906870098 0.00694865474149   0.112530065341 0.943666139398 -0.230056299081 -0.210912711873   9.33034706389 -0.0630876845989  0.0679978863994  -0.516377424625 1777094062.39
 -0.936222389667 0.00896719479364   0.104030193585 0.942027098694 -0.261347781406 -0.229555700819   9.37012015175  0.138404574881  0.115108082811 -0.334141806012 1777094062.41
-0.931425238444  0.011507608887 0.0992960931084 0.936773779511 -0.270974253157  -0.25827596505   9.42288255648  0.353855007778   0.12151775265 -0.142596429999 1777094062.43
-0.922196269848 0.0137839206316 0.0983779502391 0.927531227335 -0.258772888091 -0.300811487866   9.47820454108 0.582113036952 0.088664927529 0.050243642166 1777094062.45
-0.908117700602 0.0150577117406  0.101307825395 0.913875138253 -0.223388587715 -0.350963464079   9.53507115097  0.804245294164 0.0225655771803   0.23050287446 1777094062.47
-0.888761341921 0.0147220404467   0.10796065722 0.895415526376 -0.188964224012 -0.436533948943   9.56802885535    1.08110263685 -0.0644079573885   0.405611337187 1777094062.49
-0.863839007982 0.0124197567026  0.117920438399 0.871938823461 -0.156103448755 -0.562894551631   9.58331097677   1.42932526529 -0.168825386799  0.579096558084 1777094062.51
 -0.833388032861 0.00818159752068   0.130395363626 0.843567129937 -0.117296872234 -0.669964131361   9.60444611757   1.68767427777 -0.252897330987  0.673429338749 1777094062.53
 -0.797950042694 0.00254632100349   0.144211982276 0.81088091001 -0.0917076912321  -0.767829603977    9.62014142579   1.87370393416 -0.290276829334  0.689934507996 1777094062.55
  -0.758695474146 -0.00338987795289    0.157898627514 0.774959541094 -0.0831509669885  -0.833741575628    9.63444022747   1.92941064155 -0.253874117987  0.614451180639 1777094062.57
   -0.71745289762 -0.00804558787595    0.169847564854 0.737327326955 -0.0965670268129  -0.918033076435     9.6369493836   1.96710445056 -0.148259500353  0.494413391084 1777094062.59
  -0.676620073755 -0.00957585239354    0.178527515329 0.699841764177 -0.13346381765  -1.0581485877  9.62313679469   2.03321558918 0.0470368106586  0.333076547932 1777094062.61
  -0.638957752607 -0.00622966570162    0.182706453046 0.664595716459 -0.170251727742  -1.10587870745   9.61910674899   1.81515610151  0.334986976092 0.0815099469876 1777094062.63
 -0.607289944662 0.00321901978164   0.181640798612 0.633880760629 -0.192927224814  -1.06758488662    9.6228699007   1.37838974852  0.636224661336 -0.188971440231 1777094062.65
-0.584149205804  0.019068367141  0.175192431676 0.610152673831 -0.198348963906 -0.997668810099   9.62740032156   0.85950128774  0.891377212575 -0.426197047768 1777094062.67
-0.571410518428 0.0404290896222  0.163849428484 0.595811318349 -0.191972659497 -0.954276974417   9.62613054113  0.337342934636   1.09653926614 -0.630911109779 1777094062.69
-0.569956253098 0.0652028147486  0.148648251784 0.592619473402 -0.176169624065 -0.965850723558   9.61855689126 -0.201419415007   1.25623697571 -0.826308177548 1777094062.71
-0.579413118382 0.0903406731843  0.131019357049 0.600871925543 -0.137108037837 -0.971539814685    9.6251668945 -0.741112508746   1.24596765414 -0.952644704392 1777094062.73
-0.598002342286     0.112354252  0.112597101617 0.618795916773 -0.0766713873568  -0.928104297724    9.66364274536  -1.12074238939  0.978126318461 -0.934908939706 1777094062.75
-0.622543342265  0.127982514433 0.0950406769684 0.642629338949 -0.0162037433882  -0.848650215895    9.73183010342   -1.2105110771  0.538228058972 -0.781549127186 1777094062.77
-0.648642714475  0.134870418721 0.0799018711203 0.667316798751 0.0294196395622 -0.853638751106   9.81633092055  -1.14318021015 0.0970091932387  -0.62390129124 1777094062.79
 -0.67108055325  0.132101336328 0.0685510401307 0.687385712038 0.0639681171923 -0.948830756444   9.93636264527 -0.894646689421 -0.361019774292 -0.444598032125 1777094062.81
-0.684375862726  0.120450901755 0.0621441489019 0.697667998735 0.0832575746693  -1.06973995564   10.1019343864 -0.329285572418 -0.791882463148 -0.184824304821 1777094062.83
-0.683477091617  0.102289518993 0.0615930019485 0.693828349341 0.0803511122374  -1.12617298651   10.2776953726 0.519947751691 -1.02781464958 0.139968770802 1777094062.85
 -0.66448948864 0.0811402084262 0.0674975162885 0.672819387831 0.0640000370189  -1.12220108586   10.4306271637  1.42017856333 -1.00891342433  0.44995363068 1777094062.87
-0.625326111944 0.0609783025409  0.080016913636 0.633367039028 0.0499368429879  -1.14401115166   10.5911058916  2.31654506286 -0.84154652787 0.734928780982 1777094062.89
-0.566162757674 0.0454204115755 0.0986918779632 0.576492297209 0.0469088453161  -1.24055855301   10.8069363147   3.32774811965 -0.588426869508    1.0359309113 1777094062.91
-0.489595723882 0.0369778660678  0.122269902607 0.505985439026 0.059854314929 -1.37945129135  11.0731426548  4.40834169178 -0.23628758361  1.32801495128 1777094062.93
-0.400445717878 0.0365379606145   0.14861421201 0.428693339748 0.0840948124673   -1.3667984332   11.2028725925  4.82738765581 0.162557094759  1.37471457349 1777094062.95
-0.305213009316 0.0431867559562  0.174777308866 0.354354602962 0.113218040588 -1.24723723437  11.1986303548  4.57152316734 0.431861049208  1.17609832862 1777094062.97
-0.211253527014 0.0544105022287   0.19728696534 0.294127016987 0.150207079504 -1.18027484377  11.2233315186  4.22318256106 0.551748066849 0.891059013383 1777094062.99
-0.125798151883 0.0666268510318  0.212632462778 0.255884498403  0.19480160068 -1.18074146514  11.3092443521  3.85297248417 0.530366349103 0.507466886638 1777094063.01
-0.0549677495154  0.0759234296034   0.217871035758 0.23717843256 0.233413122101 -1.18920212675  11.3897528632   3.24462239548  0.322512851595 -0.037240050207 1777094063.03
-0.00293999958753   0.0788388523709    0.211222362248 0.225475263731 0.234866735794 -1.10430037133  11.3249693158    2.21111141071 -0.0768299579126  -0.671249804958 1777094063.05
0.0285992453485   0.07301970948  0.192501744671 0.207862253688  0.18745860069 -0.90929417702   11.082434765   1.03666038826 -0.504707988593  -1.14086534609 1777094063.07
0.0406339020155 0.0576244831499  0.163268418125 0.177843390117  0.139453734451 -0.816327165101   10.9622599698   0.18824328616 -0.931850212006  -1.54969012507 1777094063.09
0.0366009350217  0.033409392584   0.12662880055 0.135980399639 0.0837707205158 -0.794903847913   10.9316977622 -0.476336376971  -1.39566514794  -1.93826603092 1777094063.11
 0.0218214552197 0.00250403128095  0.0867184665668 0.0894569087564 0.0119278910128 -0.752750230065   10.8664954586 -0.895581612301  -1.72828814097   -2.0768005341 1777094063.13
0.00267977020943 -0.0320514722524   0.047967635301 0.0577526802693 -0.0588506686187  -0.713167506399    10.8058230577  -0.9824179909 -1.88686043355 -1.96869932679 1777094063.15
-0.0143117611099 -0.0668944700298  0.0143099405405 0.0698889907275 -0.103549744799 -0.620042112142   10.6764967499 -0.655584850324  -1.68027273787  -1.49395832679 1777094063.17
 -0.023412616371 -0.0989266079657 -0.0114921557213 0.102306861999 -0.119787897845 -0.556442477188   10.5954636124 -0.141317515421  -1.37060226658 -0.990783486628 1777094063.19
-0.0203839644079  -0.125787209395 -0.0282625511794 0.130524709736 -0.127905956298  -0.59132903851    10.659710986  0.506316377281  -1.16809441409 -0.618509457655 1777094063.21
-0.00294969466139   -0.146135478975  -0.0364893929757 0.150651102597 -0.118390846483 -0.673153174797   10.7966743534    1.3562711819 -0.930473410445 -0.268972618629 1777094063.23
 0.0290610511237  -0.159709092308 -0.0380683742944 0.166735539043 -0.070422531988 -0.629864817867   10.7468886652   1.88498851985 -0.516116795691 0.0171681529094 1777094063.25
 0.0738865580875  -0.167173527825 -0.0357895815327 0.186244747624 -0.0294794176741  -0.670818891228    10.8112518882   2.45420794889 -0.250045069446  0.132842146291 1777094063.27
  0.128269049286  -0.169816822096 -0.0326984123027 0.215313465066 0.00955166360403  -0.726448750507    10.8812616433     2.8899197715 -0.0505780917902   0.109094776839 1777094063.29
  0.188067321994  -0.169171868822 -0.0314792456263 0.254910536675 0.0369262305736 -0.704215682967   10.8172823348    2.80310764966  0.0733755743957 -0.0300557390822 1777094063.31
  0.248937629318  -0.166658139848 -0.0339922560683 0.301496852953 0.0596433117174 -0.811922360767   10.9138232064   3.02537993593  0.148778121504 -0.243416722322 1777094063.33
  0.306972581674  -0.163324503682 -0.0410461526565 0.350131184059 0.0701050413588 -0.871989432562   10.9133234269   2.86941975418  0.179869835804 -0.479731379514 1777094063.35
  0.359202518968  -0.159746175307 -0.0524271774655 0.396602948924 0.0673291936259 -0.842409664903   10.7824801961   2.32137729083  0.173332922122 -0.625099087171 1777094063.37
  0.403892744599  -0.156087655489 -0.0671447561073 0.43817932814 0.0672549925973  -0.85151610939   10.6926138029    1.8750000649  0.171521944433 -0.722860754728 1777094063.39
  0.440608906492  -0.152299251896 -0.0838114338328 0.473661933292 0.0794754149886 -0.961307834143    10.696756007    1.6334702174  0.190303810199 -0.837118623838 1777094063.41
  0.47006569213 -0.148378323594 -0.101056979411 0.503180280732 0.103084265779 -1.10963788124  10.7215342752   1.43743426307   0.20781052384 -0.920536094148 1777094063.43
 0.493813081052 -0.144607500232  -0.11788350537 0.527881813458 0.123595509463 -1.14223597173  10.6542663819  1.15569184678 0.176659482703 -0.86690186321 1777094063.45
 0.513841030084  -0.14168680926 -0.133893519827 0.549577320099 0.137264733453 -1.10046021563  10.5544106784  0.930672049029 0.0946337094849 -0.763231693391 1777094063.47
 0.532190868386 -0.140705124114 -0.149356615201 0.570379216706 0.149264068367 -1.08459306091  10.4939465834   0.845115589545 -0.0288244251861  -0.716855032025 1777094063.49
0.550648042663 -0.14294218899 -0.16511444689 0.592375317559 0.171094352001 -1.20289099314  10.5274218249  0.948223692096 -0.218424053383 -0.815411678403 1777094063.51
 0.570560624481 -0.149543626805 -0.182352149354 0.617377541623 0.181025620576 -1.34080937478  10.5715066744   1.13963580219 -0.492473806644  -1.00518665723 1777094063.53
 0.592790317739  -0.16115324079 -0.202284964462 0.646753380099 0.150048126462  -1.3160782965  10.5203176769   1.24441676967 -0.739761745725  -1.14586878581 1777094063.55
 0.617768191094  -0.17760685509 -0.225821249381 0.681305342393 0.0964002443896  -1.21428383313   10.4264865159   1.28859339286 -0.893707918782  -1.24388738819 1777094063.57
 0.645604992491 -0.197783021228 -0.253267305517 0.72115758185 0.0389205705578  -1.14979726262   10.3503293298   1.36425672344 -0.982053800742  -1.36148263514 1777094063.59
 0.676200919765 -0.219669380634 -0.284135160569 0.765659918078 -0.0204938006316   -1.19888742436    10.3219265227  1.57349545163 -1.05872889413 -1.57660393243 1777094063.61
 0.709312308557 -0.240648589232 -0.317100477027 0.813380849972 -0.0831496779621   -1.26922117979    10.2944440427  1.81407498904 -1.01588744749 -1.75148829182 1777094063.63
 0.744557698337 -0.257949382135 -0.350133588451 0.862263057111 -0.112783635031  -1.10102387728    10.181982245   1.67960015749 -0.664605740866  -1.48455157462 1777094063.65
 0.781374106448  -0.26916292603 -0.380793883492 0.909944040412 -0.134946154608  -1.12381740391   10.1455354904   1.78488990289 -0.353998256448  -1.35567059588 1777094063.67
 0.818956339168 -0.272704908004 -0.406641303344 0.954156487112 -0.142502068933  -1.24915015657   10.1401796298   2.00476389314 0.0280654519043  -1.20244700255 1777094063.69
 0.856220848018 -0.268115118039 -0.425686571534 0.993080517524 -0.0995569274095   -1.17463970237    10.0827988497   1.83837468658  0.418267807164 -0.760393745646 1777094063.71
 0.891828981153 -0.256124892849 -0.436783091957 1.0255429595 -0.0452825480404   -1.22411967501    10.0507891475   1.78988313281  0.779362941063 -0.372867600404 1777094063.73
 0.924285673505 -0.238477874355  -0.43986580351 1.05102693966 0.0254815343244  -1.21987673552   9.99430687086   1.57983240266   1.01111127907 0.0213405084166 1777094063.75
 0.952105727799  -0.21754706757 -0.435968868614 1.06953302797 0.0929762980759  -1.18114444681   9.91617328008 1.26287731131 1.08276015439 0.32665831514 1777094063.77
 0.97401907928 -0.19583766724 -0.42700166351 1.08138613795 0.146128106443 -1.15751814592  9.82230051543 0.923475538398  1.04773817227 0.514385445893 1777094063.79
 0.989174836779 -0.175489948701 -0.415320990724 1.08708560157 0.183676039151 -1.18508052257  9.70904656318 0.594845053902 0.969369734732 0.608281556695 1777094063.81
 0.997303150072 -0.157893544852  -0.40319164654 1.08724764819 0.196913119096 -1.23118812465  9.57310729389 0.256286271864 0.851777103593 0.613868457523 1777094063.83
 0.998801984349 -0.143493760167 -0.392261611903 1.08261952473 0.144974959684 -1.03246342245  9.49606140205 -0.0578370048538   0.585901724151   0.449664787273 1777094063.85
 0.994729300321 -0.131819874365 -0.383180762445 1.07409978908 0.113685701132 -1.13944659024  9.33844445615 -0.304352127132  0.547739505685  0.422439292436 1777094063.87
 0.986697208732 -0.121708915501 -0.375460241415 1.06271107772 0.0551354255774  -1.25440077956   9.15999039883 -0.512628026823  0.572815611557   0.44224015604 1777094063.89
 0.976681188383 -0.111652736135 -0.367610798608 1.04952854963 -0.0206328945037   -1.02336882992    9.17835398963 -0.482084947831  0.521015224944  0.433852995122 1777094063.91
 0.966771670556 -0.100174310861  -0.35752822662 1.03562000192 -0.0846479305316   -0.98609258325     9.1052499089 -0.442503094154  0.634925893982  0.611809016948 1777094063.93
  0.958904171298 -0.0861453699403   -0.34303212449 1.02205150209 -0.128888581579 -0.879332293632   9.09133842513 -0.295994063917  0.758827338808  0.854022494398 1777094063.95
  0.954606307077 -0.0689864881308  -0.322427880598 1.00994657049 -0.156107866332 -0.799767706829   9.06294052186 -0.102487513004  0.933561347109   1.19946518564 1777094063.97
  0.954796708901 -0.0487303911199  -0.294960335041 1.00050637459  -0.15835451958 -0.712015663885   9.04369736032 0.130182923341  1.10728683057  1.57952420821 1777094063.99
  0.959664233018 -0.0259656783319   -0.26105949017 0.994877738214 -0.123810070391  -0.57401114709   9.08895916964 0.340347832279  1.15570240107  1.78476033167 1777094064.01
   0.968646579586 -0.00170106615583   -0.222332577632 0.993836437673  -0.07912862834 -0.492212339521   9.07890496844 0.525945005338  1.23020587781  2.01150038446 1777094064.03
 0.980514547552 0.0228040204656 -0.181316522225 0.997398858302 -0.0208184386078  -0.421838174807    9.06350675662 0.640284826991  1.23161424542   2.0895550626 1777094064.05
 0.993551762516 0.0462050793412 -0.141055075991 1.0045777962 0.0375033613619 -0.354873993683   9.06333451167 0.633391282531  1.11228667937   1.9216158668 1777094064.07
  1.00580290786 0.0672124407998  -0.10459536147 1.01345803628  0.082741689751 -0.317246160698   9.02443274844 0.542839024555 0.958546505499  1.65717783033 1777094064.09
   1.01535136903  0.0846988789672 -0.0745052831755 1.02159842399    0.1066050433 -0.297768491761   8.95104656524 0.369409862453 0.763932850007  1.30203950134 1777094064.11
   1.02058378005  0.0977790145834 -0.0524979991344 1.02660022779 0.0986986355141 -0.276975531195   8.87979443438 0.122942259807 0.515049151859 0.858484179046 1777094064.13
   1.02040470936   0.105869131238 -0.0392186963026 1.02663145772 0.0628754631227 -0.260232295656   8.77813080251 -0.149257742804  0.263442349555  0.439710971503 1777094064.15
  1.01437651006  0.108734947314 -0.034211479018 1.02076119549 0.00175868903568  -0.257769384223    8.56692338975 -0.456789210816    0.0171067704 0.0820914401397 1777094064.17
   1.00277244265   0.106529460184 -0.0360499301994 1.00905931198 -0.0843200927717  -0.222264763595    8.44213947347 -0.719985017147 -0.230723389041  -0.21675343939 1777094064.19
  0.986541682044  0.0998151146782 -0.0425912293788 0.992492599644  -0.17445997052 -0.169378191747   8.36959910018 -0.899394273473  -0.42901263554 -0.385574454869 1777094064.21
  0.967191475892  0.0895572770457 -0.0513036540285 0.972682847503 -0.264127102122 -0.110845372376   8.28372589293  -1.02108694946 -0.581333394059 -0.435266993146 1777094064.23
  0.946596315678  0.0770730990071 -0.0596190638029 0.951598276698  -0.287707282404 -0.0360268749858    8.47503609486 -0.890475873324 -0.564415552645 -0.307529903149 1777094064.25
  0.926750156615  0.0639241181327 -0.0652702480405 0.931242369604 -0.369919986704   0.03109175311   8.31615098816 -0.930847821529 -0.635164134368 -0.174653253208 1777094064.27
  0.909488051507  0.0517522700325 -0.0665816187002 0.913389251763 -0.43834618702 0.119675543432  8.18009285743 -0.879649603614 -0.629476667994 0.0744298440508 1777094064.29
  0.896216321731  0.0420741263121 -0.0626866868596 0.899390653805 -0.36293966875 0.175377663837   8.5099169888 -0.544008116806 -0.391731020726  0.322929200056 1777094064.31
  0.887698953823  0.0360623102452 -0.0536473707215 0.890049416169 -0.335658929279  0.254128504584   8.60393182984 -0.317409520684 -0.199734241841  0.575083643174 1777094064.33
  0.883944572882  0.0343519620648 -0.0404526907877 0.885536269962  -0.2724325039 0.312963816204  8.79055135691 -0.0866012089588  0.0211369406127   0.716067738448 1777094064.34
  0.884220207864  0.0369113751442 -0.0248831331162 0.885340045363 -0.225753790958  0.388276139259   8.90261588375 0.0824253511643  0.219862074922  0.792607818254 1777094064.37
    0.88718999798   0.0430088362654 -0.00924446092136 0.888279974203 -0.179654477771  0.447739827592   9.02502406924  0.17259045327 0.358238688763 0.719494862469 1777094064.38
   0.89114896131  0.0512930950028 0.00400144545203 0.892632883331 -0.14738951666 0.491651364656  9.12611417185 0.169879123655 0.405422984636 0.523063072106 1777094064.41
 0.894303302321 0.0599850074067 0.0126576229917 0.896402149192 -0.147133175846  0.581120364777   9.12474082866 0.0982931917797  0.400311730051  0.282543417437 1777094064.43
 0.895044056446 0.0671563734729 0.0151978820644 0.897688596952 -0.138900265115  0.577330843005    9.1934362985 -0.0489531855538   0.253910120662 -0.0360398116138 1777094064.45
 0.892169371237 0.0710532697241 0.0110866021605 0.895062940166 -0.161785777246  0.662688707864   9.13343809253 -0.247110816859 0.0802576137883 -0.351496652245 1777094064.47
   0.885027838532   0.0704094797481 0.000950561328521 0.887824686175 -0.182062354038  0.729993212412   9.07137846009 -0.484813529913  -0.16580830137 -0.639454298735 1777094064.49
  0.873574640727  0.0646937923373 -0.0134392817615 0.876069948111 -0.167263133011   0.68127965479   9.11393428139 -0.637121609397 -0.386037530151 -0.724534956889 1777094064.51
  0.858347684543  0.0542437421589 -0.0293901207877 0.860561973552 -0.159572269404  0.708797858012   9.07516199932 -0.825788591954   -0.6079097883 -0.752629690418 1777094064.53
  0.840378730959  0.0402564016103 -0.0436942738203 0.842476218586 -0.129105257751  0.698667305603   9.07914628823 -0.929631130882 -0.738196854345 -0.592686127689 1777094064.55
  0.821055422006  0.0246308882199 -0.0531657947528 0.823143540576 -0.0893532750461   0.710303790931    9.07100400259 -0.997894429621 -0.793876962946 -0.299278515964 1777094064.57
     0.801948305 0.00968299731064 -0.0552199427764 0.803905520823 -0.0356911247919   0.644718154879    9.15769494095 -0.878228508103 -0.647270431667  0.115137617551 1777094064.59
    0.78461702457 -0.00222487542315  -0.0483886436702 0.786110861235 0.00826721525981   0.605426893495    9.23177169353 -0.720895289745 -0.428918474284   0.51561039649 1777094064.61
   0.770413226694 -0.00907975210051  -0.0326649136901 0.771158854161 0.0456035068318  0.687489793818   9.21151465498 -0.624459153472 -0.188779497759    0.9963307325 1777094064.63
   0.760302103403 -0.00957549007958 -0.00959394736087 0.760422923297 0.0676726926097   0.73272174955   9.24962515436 -0.414843790173  0.150952507074   1.33781939891 1777094064.65
   0.754726265402 -0.00337161281638   0.0179235767828 0.754946592856 0.0706271188592  0.775234487335   9.30730986111 -0.179349166975   0.48665215095   1.47525784331 1777094064.67
 0.753532612047 0.0087930788113 0.0460893066302 0.754992013097 0.0530574220546  0.749403228291   9.41165836322 0.0299506680929  0.684063727032   1.26877084892 1777094064.69
 0.755975433362 0.0251589858299 0.0708408569048 0.759704059106 0.0317098121706  0.734241190846   9.50123624643 0.159683691289 0.755645964951 0.932790720201 1777094064.71
 0.760799063971 0.0431789640043 0.0885362144437 0.767149463886 0.0164204799123  0.884664267227   9.52867509503 0.260309634285 0.868149428359 0.642511892115 1777094064.73
 0.766392897941 0.0599019024492 0.0965538693949 0.774770263773 0.00374896976616    1.01907583778    9.58127122912 0.281516519271 0.807812817039 0.142356503117 1777094064.75
 0.771001318142 0.0724543745678 0.0936952624153 0.780045813507 0.00192550523657    1.03592481624    9.66515191247  0.180063038253  0.511048259197 -0.444971381782 1777094064.77
 0.772961288052 0.0785440644635 0.0803220782839 0.781082555912 0.0119506086678  0.867884502689    9.7538437457 -0.00158835655577    0.101655664576   -0.812168002326 1777094064.79
 0.770931935774  0.076894883073 0.0582182534655 0.77694159219 0.0301050158379  0.791794797855   9.80945147795 -0.188133601019 -0.233283784905   -1.0608270288 1777094064.81
 0.764076140776 0.0675265706471  0.030221488417 0.767649350296 0.0677618484144  0.949635677378   9.85729256366 -0.488662892205 -0.652800910071  -1.52284838416 1777094064.83
    0.752157526059    0.0518142969606 -0.000289523478039 0.753940149614 0.112056894809  1.03086544829   9.8972303696 -0.82826757433 -1.02196460076 -1.74568608136 1777094064.85
  0.735529244666  0.0323037535394 -0.0299449611109 0.736847001044 0.138927892036 0.966877371977  9.91034527734 -1.02862791899 -1.09404756566 -1.53899959728 1777094064.87
  0.715011642558  0.0123059745946 -0.0558659847938 0.717296378258 0.137330139699 0.806690429114  9.89993988232  -1.01079806078 -0.852025528803  -1.06160165336 1777094064.89
   0.691679356544 -0.00465835151868  -0.0759987828741 0.69585763451 0.141148217977 0.762895776319  9.89870055497   -1.0256179139 -0.588315767587  -0.70748256872 1777094064.91
  0.666599334565 -0.0154643322144 -0.0892613297391 0.672726841594 0.179438582802 0.949714581705  9.93153368466  -1.27584375523 -0.331280777486 -0.487129675975 1777094064.93
  0.640575388303 -0.0179278151675 -0.0955107798473 0.647904733524 0.220033958966  1.18168774401  9.99144787082  -1.51835946082  0.123218260626 -0.176462291723 1777094064.95
   0.61395836219 -0.0111923997629 -0.0953792134573 0.621423635434 0.23415327556 1.28941998742 10.0615532635 -1.56520013535 0.638653535758 0.158383403503 1777094064.97
  0.586570194977 0.00410809377987 -0.0900459666694 0.593455765987 0.215862749843  1.21004014456   10.113716636 -1.41209350719 0.933017400013  0.36105907701 1777094064.99
  0.557764211391  0.0259369547786 -0.0810108956954 0.564213085947 0.213947854902   1.2031409265  10.1931075695 -1.40251133141  1.10085792045 0.471003462906 1777094065.01
  0.526608320027   0.051173314206 -0.0699090521853 0.533687461335 0.237575870741  1.32343312533  10.3328041732 -1.61280215774  1.23303098708 0.556331179689 1777094065.03
  0.492143994205  0.0761053903686 -0.0583754021454 0.501403459352 0.236316031325  1.29808297999  10.4327136424 -1.72167829434  1.08181836898 0.518404205402 1777094065.05
  0.453654514129  0.0970139149546 -0.0479423700808 0.466382448998 0.280111963874   1.5283037747  10.6849218664 -2.26888023327  0.96721027831 0.514617212534 1777094065.07
  0.41087755612  0.110748794214 -0.039942914072 0.427412093801 0.271505448756  1.50508364377  10.8242331533 -2.53648549388 0.515348120693 0.355320924492 1777094065.08
  0.364117139334     0.1152055892 -0.0353996203329 0.38354498049 0.191097920243  1.12460849857  10.6915649916  -2.15286718987 -0.024994555083  0.112332699726 1777094065.11
   0.31423858502   0.109626826218 -0.0349004680849 0.334637075074 0.161287017961  1.08814413745  10.7895601682   -2.33693470485  -0.472229621511 -0.0709806952831 1777094065.13
  0.262556994655  0.0946831036625 -0.0384843490878 0.281748310884 0.12867141143 1.14090717966 10.9692386849  -2.67863495284 -0.964535087966 -0.275986073734 1777094065.15
  0.210648577589  0.0723256639883 -0.0455735907508 0.227334064948 0.0704426494405   1.08873685684    11.028218465  -2.68617468566  -1.29133984993 -0.432832613457 1777094065.17
  0.160124067106  0.0454399468438 -0.0549897208239 0.175295108409 0.0105550322574   0.95335482348   10.9471075423  -2.34887773851  -1.31411117818 -0.466186379225 1777094065.19
  0.112406074444  0.0173625769622 -0.0650719733512 0.131037957732 -0.0327516531466   0.919303840962    10.9360526663  -2.13772630851  -1.26275125437 -0.441242591283 1777094065.21
  0.0685484506319 -0.00865361233293  -0.0738916083811 0.101161973486 -0.0620518254488   0.991953368151    11.0139395131  -2.06600959131  -1.17334767085 -0.358643939088 1777094065.23
 0.0291254220112 -0.0299349573618 -0.0795288768254 0.0898289158829 -0.0694199352392    1.10908720455    11.1069082062  -1.99083018964 -0.966874304999 -0.173276578295 1777094065.25
-0.00579754457837   -0.044760776481   -0.080362486574 0.0921697774907 -0.0415407654518    1.14211929435    11.0749785849  -1.73597004881 -0.597365066506  0.111187417317 1777094065.27
-0.0366168843461 -0.0525575580433 -0.0753181375576 0.0988732267696 0.0101527630205   1.01250398728   10.8657096556  -1.31161447706 -0.205390007049  0.367453966794 1777094065.29
-0.0640885470861 -0.0538887554911  -0.064032032409 0.105410820177 0.0726120407023   1.06267580991   10.8561650131  -1.20972440544 0.0530415058688   0.65373604324 1777094065.31
-0.0891988756267 -0.0502520511142 -0.0469027871102 0.112612519255 0.16128897924 1.24166217267 10.9756270182 -1.30765446465 0.271388785683   1.0420167645 1777094065.33
 -0.113038481218 -0.0437297543616 -0.0250258168024 0.123758963955 0.239393486187  1.28649878832  10.9795472332 -1.33776480385 0.385499909646  1.32016473737 1777094065.35
   -0.136702669372   -0.0365630168805 -2.39686411795e-05 0.141507860528 0.264510012748  1.16079401294  10.8525102032 -1.27688176385 0.344398738468  1.35718504198 1777094065.37
 -0.161229511114 -0.0307317381229  0.0261959539073 0.166209575486 0.240604364997 0.979639901844  10.6997035848 -1.21403292378 0.213511624484  1.23496073259 1777094065.39
  -0.18757055116 -0.0276168970002  0.0517207866523 0.196520849872 0.202826701945 0.883919052251  10.6418677077   -1.2967428454 0.0686426316292    1.1410951857 1777094065.41
  -0.21657514664 -0.0278020361506  0.0748984691917 0.230840915012 0.141998222417 0.827146739895  10.6338841361  -1.48178825953 -0.082641936913   1.03378061317 1777094065.43
 -0.248964566411 -0.0310409491902   0.094552778553 0.268117742395 0.0617748035892  0.862789776604   10.7298002869  -1.90368353068 -0.237852399319  0.975655026756 1777094065.45
 -0.285279797226 -0.0363862181972   0.110110223995 0.307949315648 -0.0400857787804   0.707820472813    10.6126258687  -1.89052255964 -0.280565929507  0.665888685977 1777094065.47
 -0.325804186018 -0.0424444519879   0.121617588264 0.35034374107 -0.117451783138  0.653703705385   10.5763509155  -2.02230844692 -0.268623906617  0.463743671132 1777094065.49
 -0.370480120982 -0.0477034056653   0.129647852383 0.3953981545 -0.177721898345  0.697108399139   10.6151300976 -2.33853123056 -0.21166832149 0.339220802164 1777094065.51
 -0.418849684711 -0.0508663128009   0.135114508165 0.443033148282 -0.175603505211  0.684866018948    10.546107424    -2.3098138422 -0.0795072690178   0.217752104665 1777094065.53
 -0.470048791281 -0.0511307091608   0.139034447579 0.492839520755 -0.169691936024   0.88246604968   10.6486537688  -2.78776256247 0.0671231442963   0.19234869862 1777094065.55
-0.522873413827  -0.04836165194  0.142291887326 0.544042679819 -0.10374242396  1.09635735889  10.6997172331 -3.06766912648 0.231850956055 0.186074772433 1777094065.57
 -0.575918125914 -0.0431292248287   0.145456135035 0.595566373303 0.00454774595793     1.0893696598    10.5533720724 -2.59885924501 0.291331306996 0.158617522803 1777094065.59
 -0.62776578361 -0.036603250156  0.148693837677 0.646172991046 0.0942995684231   1.11857829239   10.4529912168  -2.2263073063 0.281574081317 0.139338003309 1777094065.61
 -0.677189188665 -0.0303208823427   0.151794391949 0.694655375404 0.185143075448   1.3355991803  10.4660222719 -2.20061414152  0.24733501242 0.129121976308 1777094065.63
 -0.723318191698 -0.0258637681199   0.154300416104 0.740045106296 0.298977152053  1.78158727543   10.573879826 -2.44175542523 0.160527770913  0.10797102363 1777094065.65
 -0.765732792419 -0.0244997803632    0.15570966677 0.781787982096 0.342917580819  1.94786631401  10.5560599422  -2.25857209678 -0.027656272549 0.0388599257168 1777094065.67
 -0.804461502274 -0.0268573700137   0.155696529616 0.819829882536 0.309242653304  1.83654945405  10.4509851113  -1.85453320088 -0.205172538576  -0.03538708116 1777094065.69
 -0.839886636089 -0.0327036412289   0.154294707963 0.854567695701 0.25961261731 1.73560439088  10.368789801   -1.58825244919  -0.327098428867 -0.0864308106246 1777094065.71
 -0.872577219939 -0.0408857092999   0.151989753217 0.886658632769 0.205137514217  1.65798862128  10.3023761148  -1.44111533712 -0.382272651661 -0.105018717669 1777094065.73
 -0.903083587523 -0.0494673696962   0.149689342501 0.916740904496 0.172817657938  1.83235908752  10.3020936254   -1.58687663188  -0.406855774854 -0.0918150412685 1777094065.75
 -0.931736112014 -0.0560533262345   0.148566880885 0.945169971967 0.116735309202  1.80575600681  10.2245162298   -1.62248532487  -0.257158988148 0.00337212365697 1777094065.77
 -0.958492822392 -0.0582495648598   0.149804503353 0.971875965136 0.0518494689407    1.3443900157    10.038084088   -1.2840899279 0.0472491878636  0.143669442808 1777094065.79
 -0.982873414634 -0.0541716854196   0.154288339807 0.996383265865 0.0219913175685   1.01835472505   9.88521863822 -1.03164404343 0.348130591176 0.283858202178 1777094065.81
  -1.00399894874 -0.0428934206855   0.162325573285 1.01794072831 0.019343868476 0.874393365502  9.74277139018 -0.89719813142 0.697679694598 0.454216099191 1777094065.83
  -1.02073183264 -0.0247322019991   0.173454566694 1.03566000342 0.0404865322373  0.800583592985   9.57310632179 -0.733194175349   1.09350775848  0.633024976337 1777094065.85
   -1.03188802524 -0.00129881647878    0.186404436137 1.04859009979 0.0705243637215  0.632929203633   9.45306849315 -0.379099840365   1.19030263958  0.620537393819 1777094065.87
-1.03647924339 0.024711724332 0.199231040816 1.05574281855 0.121116126083 0.640469581668   9.2922629428 -0.0531866886789    1.32937749924   0.602121264949 1777094065.89
  -1.0339385443 0.0499529905283  0.209618160518 1.05615528587  0.16712019707 0.665468661787  9.17734845093 0.318816859083  1.21025799384 0.420000275038 1777094065.91
 -1.02428618052 0.0709977076063  0.215293835529 1.04907306214  0.18432666889 0.666152111612  9.15489653621 0.614160340366 0.834707355466  0.11606208913 1777094065.93
 -1.00820307907 0.0849301466828  0.214481567781 1.03425766682 0.217210215022 0.810435002679  9.03417814042  0.971342795653  0.490885105686 -0.234471572002 1777094065.95
-0.986996638735   0.08984263109  0.206292546262 1.01231945446 0.213116646644 0.905095828406  8.97409227973    1.21913485527 0.00570499261315  -0.626612330994 1777094065.97
-0.962465582416 0.0851441772139  0.190973356802 0.984916418412 0.179386129071 0.966401923899  8.92664857506   1.37098475729 -0.496248656009 -0.990360918759 1777094065.99
-0.936691290069 0.0716338497502  0.169953373956 0.954675929643 0.102194871611 0.861353683558  8.99214725968   1.24887442569 -0.833129031321  -1.11634102712 1777094066.01
-0.911795148086 0.0513417315864  0.145680184373 0.924785965288 0.0221367218903  0.785205858423     8.983678767  1.14628832692 -1.08433630479 -1.18741083908 1777094066.03
-0.889701521072 0.0271836784617  0.121277870836 0.898340732087 -0.0713837329117   0.711086529506    8.91301687001  1.03279083729 -1.26545976548 -1.18107653642 1777094066.05
  -0.87193659572 0.00250377475317   0.100098834041 0.877667062399 -0.163675378919  0.552369562973   8.89502295188  0.779697230758  -1.20217290691 -0.929372505037 1777094066.07
 -0.859480869658 -0.0194119062415  0.0852558851212 0.863917098662 -0.237078657232  0.383419925214   8.88405576044  0.489947102405 -0.974028230933 -0.531433739542 1777094066.08
  -0.85268309354 -0.0357727138216  0.0792150271714 0.857101607508 -0.253469233409  0.214709431567   8.96366725066   0.186997771858   -0.57171741917 -0.0397282808837 1777094066.1
 -0.851238494743 -0.0446117215509  0.0835047659367 0.856487143258 -0.267405289853  0.126969581242   8.92747218047 -0.0359065331858  -0.212960216316   0.448101624236 1777094066.13
 -0.854233528682 -0.0449682828163  0.0985639434788 0.861076023902 -0.260923795373 0.0924742670204   8.82861425155 -0.228820568437  0.195232876648   1.01993090463 1777094066.15
 -0.860260322017 -0.0369141736278   0.123718110899 0.869894619374 -0.178119343999 0.0950207574765   8.88422602758 -0.317364356769  0.558626936934   1.39331488302 1777094066.17
 -0.867601816984 -0.0214373292398   0.157254324594 0.881998522971 -0.0893620570558   0.153649499074    8.83098616159 -0.35684648982 0.920984921281  1.82814341415 1777094066.19
   -0.874479036914 -0.000217099695129     0.196561338273 0.89629793754 0.0250168766565  0.240658643723   8.79556914546 -0.306743605638   1.20528617459   2.11932327969 1777094066.21
-0.879334238605 0.0246628186177  0.238314838363 0.911389554466 0.133572015268 0.306656908263  8.84765996894 -0.165565043748   1.28041982298   2.05304827564 1777094066.23
-0.881103566563 0.0510146028976  0.278707175739 0.925539666642 0.222864008026 0.360355944862  8.85035664244 -0.00215505337103     1.30678822829     1.88980088218 1777094066.25
-0.879420245926 0.0768162156765   0.31373603794 0.936862317225 0.274879324183 0.370309120817  8.85376601994 0.159830533768   1.2318527425   1.5174521198 1777094066.27
-0.87469335578 0.100419654281  0.33956656044 0.943651430657 0.286072740895  0.33597576225  8.83611619085 0.286176886974  1.10211972749 0.985585443023 1777094066.29
-0.868030221549  0.120681290508  0.352962973212 0.944787436336 0.248808703124  0.25185921049  8.82016909437 0.342918772442 0.916830516567 0.305353737214 1777094066.31
-0.861006623225  0.137012617649  0.351753979944 0.940125377298 0.173676478744 0.134542056901   8.7957843304  0.318823339919  0.719807193104 -0.444258865256 1777094066.33
-0.855327240923  0.149360799451  0.335262224704 0.930749212619    0.0717630379425 -0.000226404108864      8.78312536959 0.213589543416 0.527096749423 -1.17659017268 1777094066.35
-0.852447721598  0.158134294086  0.304605981112 0.918944164111 -0.0374571770631  -0.130993844785     8.7895949767 0.0515082327799  0.363776862274  -1.79016583147 1777094066.37
-0.853241750792  0.164089572217  0.262781128516 0.907744895061  -0.13820269295 -0.246550933997   8.79814779564 -0.133409322319   0.25123255221  -2.25169982518 1777094066.39
-0.857788860491  0.168192571367   0.21445754694 0.900045837546 -0.214877294864 -0.334025348269   8.84210510323 -0.304264515384  0.185621421493  -2.44859191028 1777094066.41
-0.865333393763  0.171466271908  0.165472708818 0.897543192347 -0.253268386672 -0.384932058606   8.92872294124 -0.417343733303  0.166641897524  -2.31737272364 1777094066.43
-0.874427867528  0.174836389122  0.122066603987 0.900051173145 -0.250069586931 -0.403129480868   9.04324885591 -0.446141707063  0.187546326119  -1.88203192426 1777094066.45
-0.883233292948  0.178990922208  0.089962660839 0.905666649684 -0.210774709537 -0.399637238343   9.16524126728 -0.386133294413  0.235301465563  -1.21234148697 1777094066.47
-0.889913967753  0.184273291176 0.0734449439376 0.911755271788 -0.142291023827 -0.380154142819   9.28418286275 -0.244259020146  0.289788919945 -0.382517633851 1777094066.49
-0.893042546009  0.190628620781 0.0746010489373 0.916203894636 -0.0585860697293  -0.354893063907    9.37942979644 -0.0501703741099     0.3324884061   0.484470149692 1777094066.51
-0.891927252002  0.197615700571 0.0928862205606 0.918266866409 0.0256252779194  -0.33192556117   9.43408493987 0.157065943787 0.347922561958  1.26845677371 1777094066.53
-0.88678740067 0.204484623804  0.12511729253 0.918618632649 0.0954172801689 -0.309445614568   9.44493548662 0.330723645338 0.318111422759  1.83092471574 1777094066.55
-0.878732855394  0.210306925817  0.165931940753 0.918658719633  0.138572615334 -0.291859072107   9.40703460377 0.432006560881 0.241782064467  2.09285149372 1777094066.57
-0.869542071169  0.214136355391  0.208662120027 0.919509473886  0.148837138687 -0.279159945121   9.32632705641 0.439671990278 0.122635679403  2.02872260004 1777094066.59
-0.861274718848  0.215176443284  0.246486801989 0.921330986468  0.121741414242 -0.263425436874   9.22964334233   0.342543323108 -0.0299471498116    1.61922617346 1777094066.61
-0.855790778415  0.212934136587  0.273665439734 0.923369685364  0.065376723477 -0.249264777893   9.12882530455  0.173028217525 -0.193535536435  0.991667968113 1777094066.63
-0.854271420489  0.207343113414  0.286624455563 0.924621222486 -0.0106489109028  -0.241684890553    9.03065214666 -0.0262790214234  -0.351872524939   0.275110186093 1777094066.65
-0.856843172555  0.198842722101  0.284682758185 0.924533895157 -0.0957685448075  -0.239324846971    8.96534144927 -0.204570375917  -0.47713349721 -0.412181210548 1777094066.67
-0.862394041373   0.18839816847  0.270258490091 0.923177666511 -0.173732476368 -0.246936013837   8.95121267443 -0.296955688399 -0.538598302862 -0.911117444917 1777094066.69
-0.868639685847  0.177446997799  0.248488775479 0.920743727861 -0.229056817315 -0.271486798757   8.99222682987 -0.250755480759 -0.514458007349  -1.09575191947 1777094066.71
-0.872453306434  0.167760256817  0.226301488771 0.916804580865 -0.253985708218 -0.321661465577   9.07378377163 -0.0440556781477  -0.401354416309  -0.925021024423 1777094066.73
-0.870421154057  0.161217531736  0.211083936482 0.910044233106 -0.249146523399 -0.407643978923   9.17451703272  0.323000135783 -0.206199819207 -0.428148366319 1777094066.75
-0.859535469582  0.159513648447   0.20917842865 0.898889004562 -0.219588368802  -0.54626687282   9.27510349723 0.856693508667 0.068995042192 0.352922263199 1777094066.77
-0.83789857248 0.163836784556 0.224481893837 0.882784588899 -0.152195223257 -0.696342074484   9.40707155225  1.45022949331 0.402698642442  1.28994840981 1777094066.79
-0.805295147213  0.174575060647  0.257424046264 0.863275081026 -0.0636762618891  -0.799474233965    9.55063569049  1.87408713871 0.687101983865  2.01673636137 1777094066.81
-0.763500828988  0.191113444265  0.304542543848 0.843921812408  0.013549647492 -0.906482197611   9.65259271944  2.17111701888 0.906785237899  2.47066081329 1777094066.83
-0.716235590678  0.211771531615  0.358770935662 0.828587465046 0.0656709422957 -0.927443468775   9.72444830972 2.10709163789 0.95154080114 2.35424574341 1777094066.85
-0.668735800463  0.233908351493  0.410423161956 0.81875995236 0.0925571256852 -0.995792609744   9.75302669619   1.9858400111 0.943955900716  2.00170460967 1777094066.87
-0.626997632415  0.254190204216  0.448721803513 0.811843548919 0.116773181977 -1.39314766464   9.7346114291 2.18012258818 1.06346886529 1.61215567873 1777094066.89
-0.596818800336  0.268989631295  0.463604299926 0.802170212043 0.0562363433783  -1.30681457807   9.71320033548    1.27399401427   0.596100334317 -0.0358707871215 1777094066.9
-0.582815356805  0.274863040169   0.44747780002 0.784512468027 -0.0308802712395  -0.969577615684    9.70222392018   0.207047841276 0.00119972833888   -1.50509672927 1777094066.93
-0.587600902791  0.269043043941  0.396596465599 0.758253082407 -0.136051353375 -0.952651454384   9.65776409693  -0.67623466599 -0.593465014726  -3.22268142932 1777094066.95
-0.611283836894   0.24987904008  0.311807674369 0.7302954811 -0.281138329427 -0.983317152584   9.60152986699 -1.69895978292 -1.38207879168 -5.27640747035 1777094066.97
-0.651373302289  0.217165135042  0.198540473635 0.71474904301 -0.425327698713 -0.959650660308   9.56505553326 -2.56506629718 -2.16706459567 -6.86523956743 1777094066.99
-0.703102762941  0.172306953906 0.0660600596478 0.726916166487  -0.49279120701 -0.850468312209   9.57675052716 -2.79871833938 -2.54497408601 -7.01161008684 1777094067
 -0.760099699416   0.118296356695 -0.0738510321732 0.77278687619 -0.514595445729 -0.785225495037   9.60668055957 -2.64488797859 -2.66041881664 -6.47499561656 1777094067.02
-0.815267144571 0.0594839406586 -0.208531486484 0.843613796158 -0.507874311243  -0.77736782723   9.64552341718 -2.24906258687 -2.59263992789 -5.58354375585 1777094067.05
 -0.861710923581 0.00116252572425  -0.326112005045 0.92135558126 -0.545224369014 -0.929578160515   9.67625426462 -1.90614925929 -2.69014432939 -5.07480970381 1777094067.07
 -0.893552664983 -0.0510002450802  -0.416953842036 0.987364115453 -0.620584275246  -1.28619422515   9.72388184725 -1.37439813312 -2.84642801347 -4.55725310607 1777094067.09
 -0.906509975049 -0.0916179226793    -0.4746574749 1.0273528591 -0.448586566519  -1.23125045459   9.82759201939 -0.124808821871  -1.75684656795    -2.142802442 1777094067.1
-0.898188021463 -0.116248919025 -0.496536783664 1.03286219342 -0.265274221338  -1.08498484869   9.91932293386  0.850392420834   -0.6720540079 -0.196939119348 1777094067.12
-0.868092216711 -0.121978974628 -0.483554496215 1.00114330531 -0.150350455426  -1.18312148732    10.042601681  1.85964040891 0.193617874619  1.30628150459 1777094067.15
-0.817423227856 -0.107840031153 -0.439804548977 0.934472175647 -0.0163792868877   -1.38235600288    10.2342474562 3.13298213677 1.23313073015  2.9364959994 1777094067.17
 -0.748743511221 -0.0750037446655  -0.371690789081 0.839283295436 0.144247071941 -1.40643411913  10.4230716141 4.03575001927 2.15643794769 4.06256715191 1777094067.19
 -0.665605736911 -0.0267188028721  -0.286978246839 0.725328481168 0.281468226053 -1.30103494343    10.57145114 4.38574428496 2.65845766075 4.41746954827 1777094067.21
-0.572209708201 0.0320037802896 -0.193879989269 0.605010448134 0.409007420478  -1.2514504678  10.7515867283 4.68831623947 2.96263781267 4.54680908286 1777094067.23
-0.473113668791  0.094920662241 -0.100296154804 0.49285473964 0.512139048587 -1.19752379754  10.9231741362 4.74456218374 2.93484653924 4.30149516081 1777094067.25
 -0.372983081719   0.155239508396 -0.0132579768407 0.404217092866 0.642770320465 -1.26186614588  11.2041389883  5.0329173734  2.8506576171 4.13638894776 1777094067.27
-0.276332942859  0.206377782169 0.0614314396484 0.35032200339 0.726962495154 -1.29455785844   11.447908772 4.94056400383 2.32642752376 3.52842687269 1777094067.29
-0.187221209166  0.242711613369  0.119408492519 0.328966710339 0.684727110457 -1.18927145231  11.4761987973 4.12329507817 1.32600880533 2.37474955642 1777094067.31
-0.108881688219  0.260228363781  0.157872461971 0.323261098177 0.621332859488 -1.13446700353  11.5212775952  3.39332098734 0.336992665749  1.32665408945 1777094067.33
-0.0433326599425    0.25700126824   0.175663215537 0.314300710447 0.550196431737 -1.15191268527  11.6408933689   2.83081486581 -0.644085907161  0.370610330183 1777094067.35
0.00895711963186   0.233416891095   0.173299920691 0.290854839314 0.466826952852 -1.26245783985  11.8918210392    2.4497419198  -1.71721968714 -0.601069794466 1777094067.37
0.0492403139776  0.192109480241  0.152949468445 0.250448000225 0.290805670678 -1.25568882718  11.9345092996  1.89603907845 -2.54280821261 -1.46029346389 1777094067.39
0.0804082916832  0.137592586017  0.118269578374 0.198456308207 0.0857463224955  -1.15652736535   11.7992367235  1.41660847717 -2.87629837384 -1.94761801484 1777094067.41
  0.10661014996  0.075625096162 0.0740747985071 0.150239658606 -0.0958806308855   -1.09840563837    11.7119368046  1.23568456597 -2.96388896892 -2.18895949109 1777094067.43
 0.132603489623  0.012398199307 0.0258081387273 0.135659355854 -0.259137659844  -1.10919102073    11.720008271  1.35283691974 -2.92874720999  -2.2865923568 1777094067.45
  0.162943305445 -0.0463301591588 -0.0211406416431 0.170715937059 -0.421127846222  -1.22067330885   11.8688327456  1.80411305415 -2.85240239684  -2.3147895808 1777094067.47
   0.20116944133 -0.0960083578884 -0.0621662541438 0.231411737092 -0.507760257578    -1.250012548    11.839758746  2.28695853442 -2.32104284865 -1.93469223096 1777094067.49
 0.249166407271 -0.133838310649 -0.094082569851 0.298074020772 -0.500250515333  -1.21420110757   11.6757036542   2.6503117759 -1.58006816606 -1.33804561083 1777094067.51
 0.306836802837 -0.159005336442 -0.115513845381 0.364382997775 -0.432533714995  -1.17341409664   11.4906245049   2.87852321447 -0.906292786089  -0.76903721711 1777094067.53
 0.372160481587  -0.17256255707 -0.126942134838 0.429413047956 -0.358247962537  -1.23269239086   11.4366942681   3.18814419339 -0.425877191673 -0.351921108697 1777094067.55
 0.441625326841 -0.177010594232 -0.130392384095 0.49332327495 -0.281889789377  -1.44102226266   11.5481890259    3.69698026199 -0.0828033495474 -0.0502426719182 1777094067.57
  0.51093439173  -0.17567075451 -0.128828098934 0.555437526386 -0.153892031295  -1.54327664289    11.502631392  3.71146050042 0.139022301737  0.13798119579 1777094067.59
  0.57583701894  -0.17198335001 -0.125402787745 0.613915632833 -0.021942115131  -1.43128687607   11.2314807392  3.06057828377 0.170709342162 0.152644432324 1777094067.6
 0.632910101011 -0.168867336607 -0.122744636538 0.666451512965 0.0650431948855  -1.31911090666   10.9905262383   2.38645801504 0.0853087066108 0.0678655623459 1777094067.63
 0.680133151611 -0.168255076507 -0.122436837517 0.711253579163 0.122474612079 -1.36387034187  10.9016157328    1.99581122325 -0.0475299223608 -0.0487072530002 1777094067.65
 0.717152068963 -0.170873545486 -0.124800539821 0.747716546096 0.157269934213 -1.49568707606  10.8675398603   1.71262397858 -0.211498608436 -0.172981091248 1777094067.67
 0.745198346156 -0.176290230911 -0.129008652752 0.776557823419 0.142950425912 -1.46623662681  10.7080859364   1.30878018184 -0.325273282598 -0.229191788156 1777094067.69
 0.766704873909 -0.183188985275 -0.133478158975 0.799506714747 0.0969770771962  -1.34840112502   10.5040107454  0.990615621667 -0.338597775379 -0.185923184464 1777094067.71
 0.784718304976 -0.189798366506 -0.136425935937 0.818790738888 0.0444688241838  -1.23121063302     10.31779288  0.843902098343 -0.265541619413 -0.070381607128 1777094067.73
 0.802239148389 -0.194370174193 -0.136441724714 0.836650321262 -0.000471692919046     -1.18148510969      10.1713685526  0.874712452908 -0.137576649855 0.0827108430222 1777094067.75
 0.821621654707 -0.195602604467 -0.132936438153 0.854982233118 -0.0348692769436   -1.25538023569    10.0568292985   1.09677338111 0.0379588057321  0.263873564806 1777094067.77
  0.84414153641 -0.192919952448 -0.126360396437 0.875077134504 -0.046945892234  -1.23885865676    9.9186776614  1.28906265756 0.242083675085 0.395795180696 1777094067.79
 0.869799722439  -0.18655484901 -0.118143792573 0.897391901327 -0.0300414388799   -1.13466601766    9.79060445239    1.345123564 0.391516676147 0.403807430866 1777094067.81
 0.897383594859 -0.177423120549 -0.110377077571 0.921389917071 0.00589247155125   -1.02524850935     9.6927256847  1.28727833716 0.462043181444 0.300624600424 1777094067.83
 0.924761050311 -0.166827563889 -0.105308396565 0.945570882924 0.0542309839718   -1.0141858251   9.60528847609  1.23073884967 0.505858725817 0.132639193717 1777094067.85
 0.949343770856 -0.156066430273 -0.104777225213 0.967775073477 0.118550746384   -1.090495074  9.50612482821   1.14038378577  0.540211319339 -0.114677763716 1777094067.87
 0.968629473459 -0.146046648691 -0.109719834825 0.985703364406  0.17674570411 -1.08284933733  9.43617960811  0.827010077787  0.502409672833 -0.397777939054 1777094067.89
 0.980721540027 -0.137004395641 -0.119869404485 0.997473617511 0.215125940687 -1.02197833184   9.3985799285  0.409496527188  0.448489084013 -0.610792199046 1777094067.91
 0.984728823396 -0.128414306957 -0.133733121137 1.00203075679  0.230000337483 -0.931573222802   9.38904737437 0.00584982279457   0.424394922395  -0.688375981131 1777094067.93
 0.980967969313 -0.119126360467 -0.148867889986 0.999325219959  0.244923994906 -0.901075497421   9.36464521743 -0.324457842608  0.486533901435  -0.67396220644 1777094067.95
 0.970924351681 -0.107714103114 -0.162407700677 0.990289193083 0.271534803694 -0.94585964805  9.30760295744 -0.604555529663  0.659232110177 -0.576122652966 1777094067.97
  0.956973005503 -0.0929612691719  -0.171734345638 0.976694331047  0.287515538006 -0.972969331651   9.26017686226 -0.764733316235  0.878882012766 -0.335692093587 1777094067.99
  0.941910897273 -0.0743699259131  -0.175143627105 0.960938246922  0.284196043619 -0.950680348519   9.23929826431  -0.745380490901    1.05389669041 -0.0161075020077 1777094068.01
  0.928395226839 -0.0525550246823  -0.172351904902 0.945719253775  0.256804128544 -0.866263886262   9.25309192903 -0.564753581679   1.08042037962  0.250551809688 1777094068.03
  0.918407055942 -0.0294051306513  -0.164716194378 0.933524293633  0.240238098744 -0.847701314241   9.21631338885 -0.370586353786   1.06420184062  0.411476488362 1777094068.05
   0.912857527657 -0.00793587478649    -0.15509979124 0.925973967858  0.21747840401 -0.86439513628  9.13486866543 -0.174010090851  0.936410895213  0.431759439753 1777094068.07
 0.911424836658 0.0081687030152 -0.147391687096 0.923301830395  0.158706509959 -0.835897389219    9.0627298952 -0.00495204168914    0.583074909513    0.234692808073 1777094068.09
 0.912660553636 0.0152567024453 -0.145764573778 0.924353484389 0.0649182484724 -0.770893112649   9.00109111445 0.0724405204156 0.0582250077887 -0.159361347537 1777094068.11
 0.914345028125 0.0105158447798 -0.153815793999 0.927252237491 -0.0580619838215  -0.701359099346    8.92666168198 0.0338006793765 -0.562033106867 -0.698094850816 1777094068.13
   0.914016294587 -0.00728637399062   -0.173765069459 0.930415593904 -0.206649693748 -0.620508825468   8.85439899856 -0.121058698967  -1.20925004011  -1.31640485556 1777094068.15
  0.909557494944 -0.0373066144178  -0.205875926647 0.933312122101 -0.357173728217 -0.515731465177   8.82543113814 -0.358471746164  -1.73500135919  -1.86623123786 1777094068.17
   0.89971359067 -0.0765113854487  -0.248226036386 0.936458596244 -0.493280200368  -0.41671269925   8.81832884688 -0.629606075302  -2.07158678583  -2.27970444965 1777094068.19
 0.884422962288 -0.120006524345  -0.29688411126 0.940609226845 -0.594248762473 -0.331269231277   8.83834156083 -0.877202931752  -2.14783613454  -2.47483365715 1777094068.21
 0.864890489114 -0.161775938419 -0.346471699572 0.945647741506 -0.632666123974 -0.264053055928   8.89783608852  -1.0296750142 -1.89929299018 -2.36186127295 1777094068.23
 0.843386488609  -0.19570058871 -0.391013284664 0.949995199132 -0.614035664953 -0.229492065128   8.96460882229 -1.06773684585 -1.39282740338 -1.99089672109 1777094068.25
  0.82281671306 -0.216659787824 -0.424922249551 0.95106662496 -0.514604370949 -0.219981107539   9.06117570735 -0.927802541943 -0.642733676378  -1.31912871794 1777094068.27
 0.806157847097 -0.221490668543 -0.443944127088 0.946591241595  -0.36935583788 -0.238215519627   9.14676601273 -0.655503589289   0.17168507499 -0.510159438705 1777094068.29
 0.795879249858 -0.209604509309  -0.44588689617 0.936041107459 -0.219633434425 -0.291225752895   9.17004176203 -0.317412931586   0.95979210852   0.32360450157 1777094068.31
 0.793470044814 -0.183125336526 -0.431008832002 0.921356724704 -0.0661297265142  -0.348644712286    9.17247157961 0.0822526095235   1.58018769844   1.09920827089 1777094068.33
 0.799163350273 -0.146512345959 -0.401998801198 0.906493774994 0.0522041795422 -0.399469738207   9.13877323537 0.458758646324  1.92598243441  1.67857091164 1777094068.35
  0.81190448376 -0.105732995514 -0.363558303852 0.89584764184 0.115007166123  -0.4379486145   9.0599831042 0.763786370498  1.99436075384  2.01870826184 1777094068.37
  0.829558351317 -0.0671464400768  -0.321663982332 0.892268692819 0.110014710024 -0.43821680072  8.97226892351 0.936356431499  1.73789946342  2.02588081181 1777094068.39
  0.849304233577 -0.0363181840676  -0.282641002522 0.895836272972 0.0435966382362 -0.412594534482    8.8493094545 1.00160969775 1.30198222944 1.80355525039 1777094068.41
  0.868133290693 -0.0170032698554  -0.252203757853 0.904185410782 -0.0773049337558  -0.326773302197    8.76909170998 0.893839383618  0.67774710336  1.26074037171 1777094068.43
  0.883351206635 -0.0105023184982  -0.234618511843 0.914038018386 -0.196934594611 -0.169932323994   8.86417278688  0.576456166707 0.0344485773357  0.465745234248 1777094068.45
 0.892996349351 -0.015517472585 -0.232115758544 0.922800627045  -0.333465155792 -0.0240214671826    8.84169678265  0.307550132512 -0.434583160153 -0.241471561101 1777094068.47
 0.896108405935 -0.028528855965 -0.244634767746 0.929338657541  -0.4877980838 0.159279474684   8.7770529686 -0.00491334272837   -0.792720669627    -1.03066185567 1777094068.49
  0.892816095223 -0.0445997453623  -0.269927298442 0.933793587266 -0.519206992539  0.322117031714   8.91038591037 -0.309498330693 -0.780140926527  -1.54877925404 1777094068.51
 0.884247155494 -0.058427068625 -0.303990366108 0.936865463678 -0.465377910264   0.42248508954   9.07793418406 -0.490516712237   -0.4972955948  -1.71654831968 1777094068.53
  0.872292955433 -0.0654065125007  -0.341747402105 0.939129543152 -0.397259487897  0.503263354128   9.16559547788  -0.593215275608 -0.0965484107597   -1.75513986213 1777094068.55
  0.859279892128 -0.0624906012043  -0.377860748384 0.940768703468 -0.316225003388  0.584093115961   9.17172143667 -0.640640578683  0.434119289297  -1.70758199793 1777094068.57
  0.847608391662 -0.0486794339527  -0.407542355038 0.941753919055 -0.173913432047  0.560333432932   9.20442267149 -0.513519987575  0.967262032396  -1.27655039097 1777094068.59
  0.839417389404 -0.0250777541528  -0.427236597876 0.942221607666 -0.0345558082281   0.483933056865    9.20975917829 -0.286344005407    1.3728875905 -0.698376772467 1777094068.61
  0.836318762802 0.00544913542763  -0.435077118877 0.942735840764 0.0706821134838  0.372636004986   9.20405074835 -0.0046304584758    1.54659180676 -0.0924533529161 1777094068.63
 0.839225811171  0.038910148489 -0.431061715867 0.944260644461 0.126738030177 0.273320698815  9.16653254556 0.283281839325  1.55176273034 0.429684744005 1777094068.65
 0.848278414506 0.0709617776294 -0.416936598845 0.947864953386  0.14201567427 0.215845984917  9.04616508907 0.614118630751  1.52725775079 0.915924508086 1777094068.67
 0.862851412468 0.0976648921012 -0.395825417598 0.954321095001 0.0841310461248  0.168341613636   8.99226626087 0.874209960276  1.18322188497  1.18657629005 1777094068.69
0.881626252673 0.116097264215 -0.37167315426 0.963786468964 -0.0271459943396   0.161999184436    8.98698084434  1.01894973728 0.692140307452  1.20738509153 1777094068.71
 0.902709283177  0.124739082199 -0.348596592551 0.975686154918 -0.159940193918  0.196146821912   9.03652323529  1.01325091701 0.180266783991 0.995695999386 1777094068.73
 0.923789558503  0.123598509383 -0.330240342079 0.988798474644 -0.298092001216   0.27525287037   9.07497094789  0.934382950291 -0.251093842231  0.692380966503 1777094068.75
  0.94233859546  0.114089619596 -0.319231136415 1.00146242478 -0.474871406313  0.431735432543   9.03639560454  0.845739073632 -0.656381511221  0.354318061291 1777094068.77
 0.955857562948 0.0987104016016 -0.316805615556 1.01181679274 -0.599417698913  0.593289431287   9.06893749432   0.545431469898  -0.921339411059 -0.0943324409761 1777094068.79
 0.962169327194 0.0805916721819  -0.32266086395 1.01802498247 -0.615499417763   0.70230135692   9.16650833229  0.102534692185 -0.944669128529 -0.482482387212 1777094068.8
 0.959733797446 0.0629980101397 -0.335045440872 1.01848571845 -0.544892066451  0.758894689703   9.27102393162 -0.352076643117 -0.785238914348 -0.703119777542 1777094068.82
 0.947941559559 0.0488593859608 -0.351074634105 1.01204438571 -0.406012687512  0.753978084793   9.37003620216 -0.729873303456 -0.508944710155 -0.724591933772 1777094068.84
 0.927323611419 0.0403982073306 -0.367221106506 0.998204606538 -0.284869693849  0.849031868872   9.37742848543  -1.17872954247    -0.243061075 -0.703197848011 1777094068.87
 0.899614059747  0.038893966725 -0.379905500425 0.97731590921 -0.10311201712 0.967375719471  9.35303456672  -1.66158890895  0.116979006547 -0.525286549224 1777094068.89
 0.867621669229 0.0446013371473 -0.386094985012 0.950697626821  0.13449468251 0.922128577392  9.38435119843  -1.77230088005  0.490745434733 -0.107038706395 1777094068.9
 0.834901032871 0.0568128330217   -0.3838138654 0.920652223132 0.327694635784 0.803399886969  9.43421520646 -1.56350350424 0.737977200908 0.341311080779 1777094068.92
 0.805255671491 0.0740382295609 -0.372480556881 0.890314619199 0.431654556469 0.665992306331  9.49030969214 -1.15458753731 0.819567366525 0.674144922414 1777094068.94
 0.782144005554 0.0942616504964 -0.353009893473 0.863278917308  0.56996785036 0.695338958256   9.4720897465 -0.88223555834 0.977821971855  1.06392693975 1777094068.97
0.768087513889 0.115233396558 -0.32765782921 0.842969049086 0.733232479391 0.835083256992  9.41345128145 -0.518100759248   1.16873086671   1.54054984236 1777094068.99
 0.764192757186  0.134756047947 -0.299632645223 0.831822988788 0.684303128191 0.847077893512  9.43476569151 0.0518876875283   1.02755562028   1.58643190124 1777094069
 0.769890140142  0.150931629126 -0.272543717773 0.830536731671 0.474075476643 0.748237975008  9.51428749834 0.458353429111 0.673869797306  1.21725420125 1777094069.02
    0.782959407  0.162346718602 -0.249793848612 0.837722422318 0.284180968192 0.705946763251  9.56921659139 0.655962972085 0.377613852944  0.84293624054 1777094069.04
 0.799857999597  0.168183027993 -0.234033930084 0.850194231252 0.127282000791 0.795870724922  9.57981549983 0.782866129379 0.138605431672 0.540198686209 1777094069.07
 0.816304399164  0.168250406167 -0.226784907131 0.863766441448 -0.0624238539803   0.985695422178    9.56878297469  0.787616127694 -0.146487038445  0.160583760509 1777094069.09
 0.828010136935  0.162947072202 -0.228294108462 0.874225791867 -0.261946318076   1.04999317778   9.59057549864  0.440469793327 -0.439877529902 -0.316373939732 1777094069.1
 0.831416332807  0.153158792295 -0.237639276843 0.878170347948 -0.349017596167  0.898596958716    9.6478343783 -0.0924646647706  -0.566517227536  -0.613911651215 1777094069.12
0.824283556349 0.140114868056 -0.25303643838 0.873557666479 -0.35768054505 0.755394646268  9.69283169092 -0.534228303885 -0.587445197553 -0.728053815768 1777094069.14
 0.806011121956  0.125222853673 -0.272261854056 0.859919303757 -0.405384559416   0.80940736258   9.70764948659  -1.06723289817 -0.690949138443  -0.91575711113 1777094069.17
 0.777619801013   0.10990376643 -0.293077057306 0.838251486322 -0.475289900643   1.00812918993   9.72305497417  -1.86462187822 -0.859486243848  -1.19186084089 1777094069.19
 0.741408034836 0.0954444490869 -0.313555958044 0.810624978523 -0.389049084908    0.9857399235   9.78411460615  -2.18623421674 -0.764881640277  -1.10858284468 1777094069.2
 0.700366468994 0.0828757129584 -0.332250224533 0.779597194962 -0.254856940176  0.882383377334   9.86182440058   -2.0963521616 -0.563719777653 -0.864938245946 1777094069.22
 0.657488053514 0.0728779385176 -0.348180675577 0.747550344312 -0.138324068885   0.78332430224    9.9419354726  -1.82882504441 -0.368221581308 -0.610231530616 1777094069.24
 0.615127335933 0.0657133887321 -0.360692314603 0.716099737945 -0.0662082033238   0.860992156045    10.0656236485  -1.86051741143 -0.262225221992 -0.472503074243 1777094069.27
 0.574541783573 0.0611873174489 -0.369245981015 0.685700184762 0.00100529578354    1.14089029229    10.3062854049  -2.21847025954 -0.197406786837 -0.350260251155 1777094069.29
 0.535699797554 0.0586456648938  -0.37323262675 0.655527406582 0.0681716273956   1.19227531834   10.4937693898   -2.10348926851  -0.113560487554 -0.0719128158001 1777094069.3
 0.497378811518 0.0570215416311 -0.371883981921 0.62364640171 0.109764792587  1.11700701201   10.597451016   -1.86297946752 -0.0882607926189   0.212414954488 1777094069.32
 0.457515852181 0.0549416106576 -0.364318175738 0.587424096162 0.149467163956  1.13517136633  10.7457451233  -1.89511919169 -0.138802381485  0.502321227845 1777094069.35
 0.413723089829 0.0508944265419 -0.349710155061 0.54410865667 0.214849233168  1.31807980056  11.0340741762  -2.31606750415 -0.284237664104  0.909655539981 1777094069.37
 0.363851130154 0.0434466772197 -0.327530546216 0.491478908378 0.29189355266 1.49948042834 11.3350267194  -2.85275533817 -0.516566452455   1.38163806615 1777094069.39
 0.306479098107  0.031475078654 -0.297770060744 0.428470684211 0.352186532957  1.55858469436   11.508870951  -3.22628311178 -0.765084195316     1.748701386 1777094069.41
 0.241233566362  0.014369018231 -0.261069700616 0.355749196492 0.391481309666   1.5401445195   11.580517625 -3.42720917051 -0.97927882806  1.96924342211 1777094069.42
   0.168881802281 -0.00784149407207   -0.218707897852 0.276433892195 0.403371669558  1.46138335474  11.5618019939 -3.42125877288 -1.11354453215  2.02096393595 1777094069.45
 0.0911968746571 -0.0344646271496  -0.172441870004 0.198093106902 0.449371275092  1.55502165626  11.7396430983 -3.73451124464 -1.33102560681  2.22931801154 1777094069.47
  0.010639574023 -0.0642409648711  -0.124245135114 0.140274572545 0.51864854765 1.77435323503 12.0800932726  -4.2631545768 -1.61448333926  2.54923568639 1777094069.49
-0.0700655371389 -0.0955357125167 -0.0760118936521 0.140762423385 0.533450972629  1.85716743069  12.2550171288 -4.36535584712 -1.71168191239  2.60645494612 1777094069.51
 -0.148370049735  -0.126589581207 -0.0293040959783 0.197224044603 0.467228721161  1.68802440517  12.0939488338 -3.81221475869 -1.50879334911  2.27450236053 1777094069.52
-0.222274039992  -0.15577659382 0.0148010906486 0.271829299968 0.405516340566  1.52955163376    11.93174947 -3.27717075383 -1.27279488189  1.95995371707 1777094069.55
-0.290568168184 -0.181816803397 0.0557393002157 0.347266583402 0.389466598086  1.51629525115  11.9540659847 -3.06232884417 -1.12817055633  1.84187510867 1777094069.57
-0.352912982176 -0.203904347429 0.0933754789903 0.418142961157 0.422833535137  1.64989767666  12.1608942706 -3.14101342237 -1.05194156635  1.90038193495 1777094069.59
-0.409756270012 -0.221733512328  0.127850713036 0.483127060024 0.452202072039  1.69774528466  12.1999356134 -3.06436944333 -0.88464926505  1.85305904195 1777094069.61
-0.462119807084 -0.235431139215  0.159414087612 0.542582149302 0.423556263533  1.47337833061  11.7986900131  -2.54454456387 -0.593624922624   1.51439190924 1777094069.62
-0.511308635488  -0.24542498779  0.188289851271 0.59759770201 0.417376820376  1.31904785072  11.4493344801 -2.19817504553  -0.3840621332  1.25754988503 1777094069.65
-0.558605569777  -0.25228899952  0.214612448647 0.649421608032 0.472707002522  1.36382100221  11.2960191674   -2.2011091764 -0.262655534742    1.1780064099 1777094069.67
-0.605010629138 -0.256606326505  0.238437999452 0.69909752378 0.581787969434  1.57153207192  11.2335824941  -2.44858853158 -0.174569005166   1.19708090145 1777094069.69
-0.651071325461  -0.25888122797  0.259817671468 0.747274101947 0.669385587602  1.75542225769  11.0656550156 -2.61768249564 -0.08290479949  1.15360827722 1777094069.71
-0.696827582176 -0.259514267439  0.278901576371 0.794167755318 0.637350815209  1.68673288494   10.721430736   -2.38110482022 0.00121054602602   0.949767561762 1777094069.72
-0.741868068553 -0.258835067198  0.296034389258 0.839642890027 0.57015616616 1.57902961378 10.4345245607   -2.0889573452 0.0552873561137  0.775448366352 1777094069.74
-0.785469354289 -0.257168231397   0.31180656485 0.883357764244 0.522684787498  1.56539893213  10.2582372109  -1.92603269629 0.0893244692306  0.703258964125 1777094069.77
-0.826774055222 -0.254897344745  0.327036405137 0.92492205349 0.537297913975  1.79495091834  10.1905112395 -2.04383778042 0.120179076046 0.793638668642 1777094069.79
-0.864964690779 -0.252493850592  0.342675244165 0.96402457637 0.520307305697  2.00283677052  10.1466825174 -2.10404278272 0.127636424786 0.944694970671 1777094069.81
-0.899403919498 -0.250491438038  0.359646515571 1.00050936382 0.370071502354  1.70560809739  10.0632263231  -1.64895336619 0.0786131448756  0.915817916408 1777094069.82
-0.929729579229 -0.249406212298  0.378645239686 1.03439487951 0.241915925037   1.4029356731  10.0137195305  -1.24434548074 0.0191736215959  0.887275522541 1777094069.84
-0.955905095407 -0.249620834027  0.399934450998 1.06583895467 0.168618317309  1.31512822752  10.0047597837   -1.06605728727 -0.0407973900481   0.978854234978 1777094069.87
-0.978229890975 -0.251262290915  0.423178245667 1.09505538035 0.12877173936 1.47055598725 10.0218236031  -1.08670771936 -0.117727624544   1.24428264785 1777094069.89
-0.997314364083 -0.254106874522  0.447348151625 1.12219722565 0.0879394567458   1.59632988176   9.99942451236  -1.07993876549 -0.189479378957   1.43473752452 1777094069.91
 -1.01402363586 -0.257542440095   0.47073152422 1.14724025837 0.047904276385  1.34712024433  9.89189962005 -0.84997803386  -0.1722351744  1.15815324807 1777094069.92
 -1.02939354165 -0.260607233971  0.491058226732 1.16991682441 0.0352878783987   1.11412099241   9.77445993937 -0.680448521338 -0.101866127402  0.781235591485 1777094069.94
 -1.04452041301 -0.262107941362  0.505745440758 1.18974867807 0.047695538208  1.12669802873  9.63928735845   -0.699563091787 -0.00437880069835    0.477534598986 1777094069.97
 -1.06042593934 -0.260801476186  0.512241510638 1.20619730891 0.0829433209276   1.31342416596   9.43603600796 -0.867588594688  0.168843002657 0.0697872639274 1777094069.99
  -1.0779044324 -0.255611016311   0.50843079115 1.21889984266 0.125364603248  1.41673614436  9.21554700839  -1.02530106888   0.41520289136 -0.532726656981 1777094070.01
 -1.09737174797 -0.245840010685  0.493045181168 1.22790700575 0.151920438177   1.3431043673  9.07230311297  -1.0760054537 0.639257064163 -1.11745519616 1777094070.02
 -1.11874529473 -0.231347375584  0.466016662423 1.23380880704 0.151229677654  1.14070864468  9.04378932566 -1.00526943568 0.758063388461 -1.46963058079 1777094070.04
-1.14138468983 -0.21265030188 0.428701470904 1.23764458235 0.156171523114  1.09414811023  8.94783779907 -1.03848702217  0.92525271156 -1.87940850871 1777094070.07
 -1.16411180574 -0.190927527837  0.383914329917 1.24056431911 0.163909156509   1.1784062694  8.74897919956 -1.15937148285  1.18085051484 -2.45360861074 1777094070.09
 -1.18531350238 -0.167907644607  0.335733760112 1.24333351669 0.129170832562  1.10784637929  8.68938074104  -1.0591304756  1.22959335164 -2.57523691986 1777094070.11
 -1.20311624382 -0.145645479164  0.289076468772 1.24589987822 0.0680571761841  0.968382452445   8.72123765327 -0.800863048041   1.10217618992  -2.29051663459 1777094070.12
 -1.21560986119 -0.126212718851  0.249084346075 1.24726901529 -0.00204977298792    0.707141231694      8.9309300874 -0.390817994322  0.745819761251  -1.49329444635 1777094070.14
 -1.22108688468 -0.111351103598  0.220411620729 1.24580637771 -0.0695241070958   0.684377552969    8.86793024219 -0.0631699227296   0.574217409976   -1.01551399054 1777094070.17
 -1.21825687166 -0.102151275838  0.206531244084 1.23985476702 -0.162332115743  0.742227893374   8.66596716296  0.433122037269  0.369409263566 -0.330898243065 1777094070.19
    -1.206397842 -0.0988228368073   0.209189429304 1.22838183135 -0.192103506904  0.559527872191   8.82031243403  0.839446216355 0.0394327567267  0.551923567024 1777094070.2
 -1.18542157285 -0.100608846645  0.228119971142 1.21135674623 -0.218964370843  0.470192669807   8.81498286472  1.27760893824 -0.17815888839  1.31170850316 1777094070.22
 -1.15585096166 -0.105871453755  0.261085413103 1.18969147396 -0.195765960911  0.335741839533   8.90365670766   1.48347593259 -0.260915798267    1.6932981919 1777094070.24
 -1.11872729183 -0.112339129011  0.304247465346 1.16479069088 -0.183377018332  0.259306823825   8.82263433219   1.85827109387 -0.268141624888     2.120455539 1777094070.27
 -1.07547747957 -0.117469049044  0.352798832012 1.13794455156 -0.172419655051  0.193205761868   8.56090692134   2.52431969539 -0.180746793346   2.70560558877 1777094070.29
 -1.02777531482 -0.118851488845  0.401731226129 1.10988096307 -0.100047688658 0.0630637356641   8.60658104299   2.49054015028 0.0735076283026   2.38223877547 1777094070.31
-0.977426545877 -0.114575101887  0.446586011548 1.08070771824 -0.0369835313497 -0.0479915604582     8.5864001002  2.50556188274 0.379405903768  2.03227945179 1777094070.33
-0.926294868592 -0.103484763849  0.484042753551 1.05025171611 0.0166948934224 -0.144319144566   8.57169024136  2.44143850162 0.706718887806  1.58462150461 1777094070.35
 -0.876266115637 -0.0852923709468   0.512244430987 1.01858306045 0.0540372282191 -0.223383257114   8.55071321023 2.33146440224 1.03158365108 1.12364466875 1777094070.37
 -0.829228154231 -0.0605364625566   0.530823865027 0.986437007999 0.0726944853801 -0.292275418344   8.48790389365  2.23634769692  1.37524495602 0.712296966666 1777094070.39
-0.787034098796  -0.03041902489  0.540665635352 0.955336233477 0.0627187123338 -0.321862327194   8.51381793714  1.93345699792  1.58956213726 0.314807065489 1777094070.41
  -0.75142252239 0.00343024917899   0.543492242273 0.927378774383 0.0294616366231 -0.330327935371   8.54458043802  1.57968980478  1.74173515058 0.018089931134 1777094070.43
-0.723887995879 0.0392046358693   0.54138875748 0.904794242233 -0.0228844053506  -0.315635517499    8.60525966927  1.15154432465   1.7988250506 -0.17859549088 1777094070.45
-0.705519208429 0.0751357226819   0.53637299839 0.889437307339 -0.0850554096512   -0.28405174313    8.69297707124  0.677802946739   1.76509341241 -0.283247265877 1777094070.47
-0.696839897788  0.109641655931  0.530085620089 0.882381947056 -0.146319083709 -0.243434107128   8.79967935228   0.19550563253   1.65551688996 -0.318344980803 1777094070.49
-0.697693816635  0.141400147492  0.523630786473 0.883719335549 -0.196115490724 -0.199993160882   8.91871141507 -0.257228850423   1.48152096033 -0.310789282424 1777094070.51
-0.70720846193 0.169359860477 0.517558103817 0.892576585954 -0.230731994962 -0.161845646779   9.02463126227 -0.653573094054   1.28197244325 -0.291799127974 1777094070.53
-0.723856505109  0.192717813366  0.511949997053 0.907304356354 -0.243048906896 -0.128139437877   9.12238948584  -0.96285099714   1.04129105674 -0.275527017373 1777094070.55
-0.745613423342  0.210893538036  0.506568236743 0.925757441196 -0.233127951054 -0.100555261457   9.20024093813  -1.16113869926  0.772004357083 -0.274017656013 1777094070.57
-0.770189612948  0.223523229766   0.50101582561 0.945606435918  -0.208489220732 -0.0809048390632    9.24180701328  -1.25418270757  0.494463730096 -0.295022520244 1777094070.59
-0.795299858903  0.230482502319  0.494880452059 0.964640197834  -0.173860239318 -0.0683097883111    9.25194293091  -1.22704523611   0.21165607774 -0.331778751452 1777094070.61
-0.818925873583  0.231929868304  0.487838107929 0.981028577455  -0.144403927414 -0.0660585868701    9.21539151147   -1.12903913097 -0.0544347079596  -0.387328218554 1777094070.63
-0.839529735576  0.228350033786  0.479706948441 0.993515310012 -0.121680162082 -0.072066702769   9.17612958184 -0.920198701482 -0.280541048294 -0.429412106685 1777094070.65
-0.856185735022  0.220570451506  0.470450737604 1.00151347142  -0.122356952353 -0.0928177894625    9.10939924109 -0.706260967376 -0.452233944978 -0.475219459057 1777094070.67
-0.868612141253  0.209727949802  0.460138367233 1.00508715138 -0.155169641337 -0.136801747301   8.99609154841   -0.5274975032 -0.590114255671 -0.544271421386 1777094070.69
-0.877099859819  0.197173709127  0.448871563558 1.00482203212 -0.211188115877 -0.200881988286   8.90323163394 -0.352828268521 -0.652515370282  -0.60202912898 1777094070.71
-0.882350079702  0.184321210054  0.436697390825 1.00160899695 -0.283178149166 -0.284704596416   8.84704192436 -0.209782877145 -0.636422774875   -0.6526685041 1777094070.73
-0.885246688032  0.172458503157  0.423525461648 0.996382181017 -0.342076105212 -0.367272814196   8.88214219924  -0.10344013751 -0.529651327827 -0.672355315107 1777094070.75
-0.886600263517  0.162558714803  0.409071425244 0.989860997301  -0.40916216881 -0.479570233176   8.90702737126 -0.040221912094 -0.419700545476 -0.742932237677 1777094070.77
-0.886907577249  0.155127748001  0.392847453608 0.982343519645 -0.481399079749 -0.632120257705   8.92737361708 0.0108187792027 -0.314412335818 -0.881335504719 1777094070.79
-0.886172392983  0.150124060981  0.374215598504 0.973589265519 -0.522531612553 -0.790016684066   9.00004650943 0.0799176633035 -0.211649357899  -1.04686629265 1777094070.81
-0.883828169302  0.146972420531  0.352509332491 0.96281667764  -0.52142801086 -0.933481772455   9.11901801919  0.192108500381 -0.141809487704  -1.22298060224 1777094070.83
-0.878788935182  0.144673784881   0.32721181861 0.948824573284 -0.452711353658 -0.986145478057   9.29702127944 0.340787906435 -0.11956284064  -1.3045914714 1777094070.85
-0.869630677371  0.141991338653  0.298159026807 0.930224629078 -0.399951538976  -1.08452368383   9.43071673797  0.565122116381 -0.165412989106  -1.45324251172 1777094070.87
-0.854875789292  0.137674333212  0.265717852635 0.90574434271 -0.370379693338  -1.26331504163   9.53569013969  0.913521784942 -0.284802356313  -1.69286168437 1777094070.89
-0.833325718834  0.130672793318  0.230881733291 0.874536166977 -0.333772198931  -1.40959724451   9.65052416167   1.31815520511 -0.453454428256   -1.8395836933 1777094070.91
-0.804371225024  0.120300416828  0.195234974363 0.836422114216 -0.305120908328  -1.50730344567   9.76473600083   1.71174091444 -0.640228880332  -1.84328475687 1777094070.93
-0.768211226742  0.106318536191  0.160763323599 0.79202081175 -0.276739318405  -1.45265440859   9.86629843279    1.8907086013 -0.756005876867  -1.58377385042 1777094070.95
-0.725929634753  0.088935296262  0.129527472229 0.742738640167 -0.292029479577    -1.471203043   9.95543348595   2.07814465012 -0.879547751257  -1.34573699464 1777094070.97
-0.679409435229 0.0687343304768  0.103258252418 0.690640178064 -0.354383142985  -1.60309877503   10.0583868412  2.33293851093 -1.04244438224 -1.14547043807 1777094070.99
 -0.63109705124 0.0465605429313 0.0829647700954 0.638227643807 -0.446139798632  -1.77870359303   10.1846559054   2.53679844827  -1.20124359179 -0.916705741395 1777094071.01
-0.583659794968  0.023394251584 0.0686578508673 0.588149596408 -0.518021754769  -1.85259313184   10.3072200069   2.46771267581  -1.24927792297 -0.638929654896 1777094071.03
  -0.539598261473 0.000239340647377   0.0592742931844 0.542844160788 -0.499270775572   -1.6654406309   10.3587929072    1.9779066041   -1.0836807004 -0.377844724279 1777094071.05
 -0.500879981394 -0.0219602086145  0.0528442043732 0.504138390186 -0.486976324098  -1.59627679224   10.4393382935   1.61701309662 -0.971205697984 -0.282383520673 1777094071.07
 -0.468651460259 -0.0423725205284   0.046884654814 0.472893003285 -0.505667057671  -1.73690170814    10.612290809   1.44270323704  -0.95684575314 -0.346878797345 1777094071.09
 -0.443068028836 -0.0603028974404  0.0389440896021 0.448845585621 -0.449703640095  -1.75904443841     10.74407173   1.16768957837 -0.844429317377 -0.506919315934 1777094071.11
 -0.423260748419 -0.0751973812834  0.0271795645038 0.43074706735 -0.349616367299  -1.76199746974   10.8662348168  0.944681672094 -0.698057927232 -0.745344747176 1777094071.13
 -0.407440525218 -0.0866292908309  0.0108343321447 0.416689090777 -0.197070127423  -1.62156773693   10.8878516454  0.763520083091 -0.483277632602 -0.929221010231 1777094071.15
  -0.393122458854  -0.0942737114996 -0.00949940766296 0.404379820319 -0.0415141423404   -1.39588550017    10.8207434791  0.683003420318 -0.256103350206 -0.972928679863 1777094071.17
  -0.37743891657 -0.0978788867445 -0.0319025336259 0.39122651222 0.100796461981  -1.4552825449   10.938316711   0.883299226328 -0.0737714440165   -1.08963353061 1777094071.19
 -0.357499902469 -0.0972488385524  -0.053443215973 0.374325652606 0.251256977075  -1.5207467669  11.0525236162  1.25769017925 0.151542759364 -1.04594737453 1777094071.21
 -0.330756025233 -0.0922539289568 -0.0707259644158 0.350588787155 0.359978935998 -1.45807086737  11.0483718608   1.65262679086  0.381865339115 -0.720922011168 1777094071.23
 -0.295322454649 -0.0828817640691 -0.0805667571017 0.317136786552 0.401454964459 -1.31661794891  10.9603218344   1.95947727219  0.557836487492 -0.241706390616 1777094071.25
 -0.250228934825 -0.0693289632535 -0.0806591811189 0.271895068856 0.417530266004 -1.24663097318  10.9227653386  2.29143907071 0.706687738543 0.240434369197 1777094071.27
 -0.195568492418 -0.0521172969356 -0.0700998495193 0.214189721437 0.468532062124 -1.38227278825  11.0657084191  2.94293852998   0.9283184447 0.774794334128 1777094071.29
 -0.132525538915 -0.0322006874454 -0.0496711318171 0.14514518274 0.506120510376 -1.56143959009  11.2504814451 3.62659277149 1.12662238822 1.32331552181 1777094071.31
-0.0632740282089 -0.0110192430302 -0.0218266275261 0.0678338266052 0.488316208015 -1.63009842336  11.3343063971 3.91770883011 1.15344930816 1.63842129166 1777094071.33
0.00925086844336 0.00954103101111 0.00962104494824 0.0164065336256 0.395040856738 -1.44537504245  11.1765893028  3.4351049624 0.90817605794 1.46647655145 1777094071.34
0.0816893432001 0.0273063000414 0.0400595120001 0.0949923539876  0.35851193848 -1.42895141703   11.171402761  3.22958894971 0.697518928863  1.25994095868 1777094071.37
 0.150668738033 0.0400841256447 0.0647915849026 0.168836474802 0.375388772018 -1.59715530507  11.3365787053  3.31591029582 0.471284145609  1.00139366473 1777094071.39
 0.213244122459 0.0460039354455 0.0797886092201 0.232283533642 0.375582322103 -1.66024950901  11.3933876287   3.06668138728 0.0993664569297  0.461805814606 1777094071.41
 0.267310437918 0.0438635441705 0.0823564403375 0.283127999308  0.36453717846 -1.63326122674  11.3535994868   2.60494002935 -0.332515750674 -0.216208572854 1777094071.43
 0.311922830894 0.0334077818139 0.0715983313322 0.321773605767 0.318747743183 -1.42740423094  11.1347940855  1.91671411406 -0.67884400829 -0.80750903844 1777094071.45
 0.347464317773 0.0154753872295 0.0485877202272 0.351186141943 0.288727273167 -1.29677139675  10.9772346434   1.44993710606 -0.943192258612   -1.2609059973 1777094071.47
   0.375615534614 -0.00802468089565    0.016209368757 0.3760507532 0.289738872898 -1.33841135206  10.9584301569  1.27604859242 -1.23015339025 -1.72710942613 1777094071.49
  0.399111333607 -0.0343140580951   -0.02131561136 0.401150428747 0.267172335986  -1.3333794434  10.8763398352  1.17556090322 -1.33969245296  -1.9386783188 1777094071.51
  0.421308859192  -0.060097697207 -0.0591458573577 0.429663962284 0.230602551532 -1.33737361886   10.780484097   1.2351598139 -1.26658114679 -1.89405907928 1777094071.53
  0.445631725577 -0.0820178861727 -0.0926524293094 0.462492206583  0.1714511497 -1.2659889238 10.6210366297   1.35762658151 -0.936997054515   -1.4940805579 1777094071.55
  0.474983982766 -0.0971428120966  -0.118215825246 0.499020531807 0.112550118065 -1.16241894196  10.4525568741    1.4989127449  -0.48889659794 -0.940952452217 1777094071.57
 0.511237819132 -0.103416460608 -0.133837091206 0.538489961854 0.0856511524833   -1.3010919575   10.4219442624    1.97686383882 -0.0706669048675  -0.525232472019 1777094071.59
  0.554887985986 -0.0999991386089  -0.139445500407 0.580814559302 0.0715428705047   -1.4361758703   10.3823207618     2.4596218872   0.419409946222 -0.0789017753827 1777094071.61
  0.604936522125 -0.0874391397893  -0.136842835323 0.626354341046 0.0789386873423  -1.49930271306   10.3176025302  2.75660418013 0.856621533367 0.268671266022 1777094071.63
  0.659029991089 -0.0676367542151  -0.129295343718 0.674990774442 0.108337780305 -1.44011946172  10.2259565455   2.7137950126  1.09277061194 0.398467418012 1777094071.65
  0.713826610122 -0.0435920962425  -0.120854467738 0.725296148166 0.154187271867 -1.32137497847  10.1351755116  2.44063438112  1.11538639441 0.315185004087 1777094071.67
  0.765530880773 -0.0189651284015  -0.115541754238 0.774433407392 0.243275025433 -1.38870055828  10.0964710573  2.39682122863  1.14238577956 0.106460118502 1777094071.69
  0.810505107699 0.00248732741315   -0.11656027834 0.818847369716  0.34616820057 -1.39694408115  10.0401173172   2.12253159964  0.963752175603 -0.268131881392 1777094071.71
 0.845853820682 0.0175061345477 -0.125688666067 0.855320285909 0.417357788407 -1.26628357986  9.95660677727   1.55047556684  0.557983239663 -0.689803928188 1777094071.73
  0.86987950798 0.0238549135462 -0.142975847487 0.88187386188 0.443728916071 -1.07785082011  9.86667425793  0.906210830415 0.0789684053433  -1.02129439862 1777094071.75
 0.882326487013 0.0206844107303 -0.166793151443 0.898191421636   0.41961243412 -0.875999475535   9.78143771314  0.332894569536 -0.348962630451  -1.17790796686 1777094071.77
  0.884364134284 0.00867114739698  -0.194227980391 0.905483086077  0.416832881728 -0.818161425861   9.69004948748 -0.0988594597125  -0.757382262099   -1.35180432987 1777094071.79
  0.878308544289 -0.0100978589473  -0.221734503408 0.905921660922  0.365690308903 -0.764432775837    9.5871279218 -0.451036590372  -1.07733009449   -1.3528521395 1777094071.81
  0.867135226135 -0.0324812150496  -0.245904863702 0.901913372629  0.245550030675 -0.661443120908   9.50497109602 -0.618245877508   -1.1320924901  -1.07478937128 1777094071.83
  0.853881789853 -0.0548265765343  -0.264199187763 0.895500572503  0.119549794847 -0.603474386876   9.42208457796 -0.656703992362  -1.03610682546 -0.744972219999 1777094071.85
  0.841064996519 -0.0736132062676  -0.275479218448 0.888086725665 -0.00380334669886   -0.539363662397     9.36320632161  -0.57123628036 -0.754957059192 -0.387170278674 1777094071.87
  0.830232496931 -0.0860819453734  -0.280228112476 0.880467997886 -0.106777000622  -0.51806329626   9.27754319168 -0.482723211579 -0.427582773069 -0.122934445711 1777094071.89
  0.821736521139 -0.0907338313045  -0.280401574263 0.872988305286 -0.182977788321 -0.485418652614    9.1883186377  -0.402807821737 -0.0393370094274  0.0337609434041 1777094071.91
  0.814763934557 -0.0875925589988  -0.278931630058 0.865630163345 -0.201677143345 -0.387146355481   9.15790374205 -0.352074799839  0.313066901983 0.0354260545641 1777094071.93
  0.807599064755 -0.0781627251809  -0.278979051828 0.857994739121 -0.187216210332 -0.278747955564   9.10471760182 -0.416858572606  0.561601796648 -0.103651574635 1777094071.95
  0.798047865086 -0.0650722721093  -0.283088068323 0.849266536485 -0.140536742562 -0.138886686471   9.05179011386 -0.594704695716  0.670947107638  -0.33777041992 1777094071.97
  0.783925748417 -0.0514544391373  -0.292424625838 0.838271614774 -0.0736028002744   0.028026023204    9.01349307422 -0.862946466864  0.621786763006 -0.579230221332 1777094071.99
  0.763510905281 -0.0401870384753   -0.30627009831 0.823629330259 -0.00660520655997    0.207382561962     8.97206130313  -1.20759241548  0.460161255609 -0.740859199061 1777094072.01
  0.735886113597 -0.0331486114471  -0.321896991613 0.803893572456 0.0463590500211  0.391702868589   8.92058153745  -1.60878586137  0.245688666049 -0.737808336892 1777094072.03
  0.701125299947 -0.0306597070118  -0.334880879162 0.777600094578 0.0691687258007   0.53039029075   8.93019561827  -1.88524415254 0.0473826968023 -0.447080136736 1777094072.05
  0.660315506563 -0.0312492610868  -0.339818340039 0.743282980266 0.0607311258864  0.629746018014    8.9449033919   -2.08316637668 -0.0283499732547  0.0860635775073 1777094072.07
  0.615432112917 -0.0318259122595  -0.331340565567 0.699682888665 0.0287660065326  0.722843206898   8.92163436242 -2.29016114824 0.075213969685 0.867905812304 1777094072.09
  0.569101188178 -0.0282535806374  -0.305250712712 0.646415056149 -0.0211689881818   0.769523132403     8.9179700664 -2.34853902259 0.401486886642  1.84909170336 1777094072.11
  0.524288078545 -0.0162446788868  -0.259579493622 0.585254980676 -0.0691221406794   0.735003923759    8.97622786515 -2.13202426031 0.897469201714  2.75161839543 1777094072.13
  0.483949410901 0.00759080396915  -0.195352715246 0.521945721288 -0.0971856152185   0.672051959105    9.04649651692 -1.78512824299  1.47928046603  3.46037022184 1777094072.15
 0.450681773696 0.0447505853849 -0.116897831146 0.467741145251 -0.100906617001  0.636374342951   9.07968554795 -1.43623672284  2.15940536596  4.08705328428 1777094072.17
  0.426398638822  0.0941193295711 -0.0315823086697 0.437803254453 -0.0665016951907   0.587365261276    9.13491319941 -0.973084541242   2.69536783123    4.2319526756 1777094072.19
 0.412068615083  0.151706005161 0.0510311133371 0.442062699249 0.00170137855988   0.539742916106    9.20584698289 -0.470254628562   2.91472650741   3.79480659529 1777094072.21
0.407550015337 0.210946637938 0.120520140454 0.474468759049 0.087574971697 0.510475416437  9.27796992694 -0.0126116753301    2.74204987151    2.84831338317 1777094072.23
0.411554096626 0.263573400506 0.167233740653 0.516541223831 0.176819169282 0.524663727595  9.32650012305 0.354283278081  2.24379796095  1.58145113271 1777094072.25
 0.42175849874 0.300933854556 0.183944026261 0.54979707245 0.246183158084 0.563416135473  9.37045548442     0.595506318484      1.31578691579 -0.000502707748131 1777094072.27
0.435073045576 0.315539138469 0.167213886694 0.56286231602 0.266856766794 0.608023800438  9.41811895531  0.658301619555 0.0405138639971  -1.64695512184 1777094072.29
0.448035134588 0.302550997852 0.118204494852 0.553393974244 0.234080555671  0.67110590875  9.45412481153 0.556133966792 -1.36783771468  -3.1164285497 1777094072.31
 0.457286163014  0.260904928716 0.0427374161039 0.528212555178 0.142533224147 0.734977378025  9.48623236254   0.2993092438 -2.70658440905 -4.17302307671 1777094072.33
  0.460059229564   0.193819882232 -0.0494375905466 0.501661954721 0.00476076072591   0.799506626459    9.51318618137 -0.0669277175689   -3.79196584638   -4.69932446132 1777094072.35
 0.454597248824  0.108557423932 -0.146064483717 0.48967152902 -0.160274157369  0.861389642862   9.53739884548 -0.492347804415  -4.47283948982  -4.63422106148 1777094072.37
 0.440424263371  0.015441810098 -0.234251604255 0.499084958059 -0.333178369522  0.934518883513   9.55713853228 -0.937117414907  -4.72010066874    -4.050434749 1777094072.39
  0.418412928474 -0.0736968293373  -0.302461351581 0.521520345307 -0.453707344495  0.939534863775   9.59466493569 -1.25474322539 -4.10238799516 -2.72156424272 1777094072.41
  0.39062527747  -0.14737617353 -0.342266643992 0.539865075285 -0.502389871721  0.918845335045   9.63611362893 -1.41258806783 -2.96147955525 -1.13812682895 1777094072.43
 0.359945316463 -0.196273709008 -0.349568897914 0.538778631796 -0.510586398769  0.951551725848   9.66826065805 -1.51176580217 -1.66603801865 0.425576157737 1777094072.45
 0.329562151111 -0.214670651223 -0.325076805025 0.51026427379 -0.433865786824  0.960684155035   9.70647592255 -1.43075978055 -0.12442326404  1.87904291846 1777094072.47
  0.30239296281 -0.201278638411 -0.273984342042 0.454996718584 -0.294690101292  0.967529522988   9.74602875089 -1.22256232767  1.38060430062  2.99688980857 1777094072.49
 0.280549816088 -0.159322437898 -0.204931955147 0.382215835315 -0.107889293753  0.892211567257   9.78756857312 -0.85736643376  2.41310993776  3.33216788045 1777094072.51
  0.264949369967 -0.0958913705665  -0.128459240419 0.309669339852 0.0645353584394  0.977341225047   9.82361745979 -0.633028387459     3.453476607   3.72928296979 1777094072.53
  0.255140111335 -0.0207001854145 -0.0552388591028 0.261870780431 0.245429250077  1.10128166476  9.86535170831 -0.432920153369    4.2102439037   3.72790238401 1777094072.55
  0.249381888637  0.0555058163164 0.00559331017425 0.255545508949 0.312522687483  0.96545448969  9.89078313718 -0.245158294205   3.45314834477   2.48094554673 1777094072.57
 0.244965026026  0.122619783049 0.0477306637837 0.278067782089 0.361961474234  1.01851998429  9.92673768731 -0.267598270987   2.93733318445   1.57536978141 1777094072.59
 0.238710761411  0.172639069835 0.0684149842587 0.302436251329 0.344704795537  1.08140282063  9.96549246211 -0.456725171355    2.0489989174  0.545132887272 1777094072.61
 0.227560528328  0.200701305982 0.0685041281705 0.311058875218 0.236002600232   1.0402372722  9.98858894004 -0.735492164789  0.818744734904 -0.409959578039 1777094072.63
 0.209145733584  0.205550652078 0.0519355886744 0.297809190283 0.106567284431  1.05762449684   10.019608035  -1.13091418027 -0.281998046951  -1.09198010722 1777094072.65
 0.182235295675  0.189399275016 0.0247393109319 0.263995874725 -0.0368790579096    1.03313272938    10.0398277932  -1.4982306862 -1.16405445329 -1.40071620123 1777094072.67
   0.146983668387    0.157253664515 -0.00618056968866 0.215339530086 -0.172214196148   1.07241110758   10.0706172318 -1.92048010916 -1.82717020385 -1.46588132531 1777094072.69
  0.104941344939    0.11586078688 -0.0342583107582 0.160031370894 -0.289863659472   1.12595073873   10.1006071639 -2.29910344726 -2.21102929323 -1.25416340317 1777094072.71
 0.0588341869321  0.0724810171977 -0.0542662066274 0.107980463917 -0.340003945182   1.07315337132    10.095419784  -2.32833327505  -2.06161778611 -0.720204520975 1777094072.73
  0.012158382158  0.0337063082377 -0.0629581150261 0.0724407738733 -0.350688283409   1.04303911766   10.0865756072  -2.24914718636  -1.69538067649 -0.125448313276 1777094072.75
-0.0313327041526 0.00451427596714 -0.0592953503262 0.0672164831521 -0.316345937438   0.99258768926   10.0626719248 -1.98308905719 -1.13616211874 0.461295927094 1777094072.77
-0.0681594139745 -0.0123097983489 -0.0442750044039 0.082204092743 -0.25543287497 0.941099125098  10.0293713582  -1.59785012748 -0.518358013409  0.966204871324 1777094072.79
-0.0955769381536 -0.0163271740144 -0.0204474691771 0.099094029658 -0.179412368946  0.878404722435   9.98510111987  -1.10729559085 0.0787720162067   1.34233288899 1777094072.81
  -0.111898115701 -0.00919826629755  0.00874778222512 0.112615807479 -0.099974087717  0.771962638896   9.92623044231 -0.52753736511 0.556145057093  1.50603697935 1777094072.83
 -0.116640177122 0.00587829807855  0.0396847961183 0.123346537651 -0.0415640543672   0.659358962903    9.86358688463 0.0351544267199  0.853732744624   1.51219924848 1777094072.85
-0.110493683318 0.0249086734045  0.069160702908 0.132712090221 -0.0150175154687   0.536519970525    9.79931863057  0.53732357251 0.949938582867  1.37804302395 1777094072.87
-0.095144436345 0.0438807877821 0.0948136926315 0.141306842064 -0.0266049494117   0.410937614675    9.73717995353 0.935858272107 0.861861139117  1.15161524397 1777094072.89
-0.0730007059965  0.0594371283071   0.115297479718 0.14884684789 -0.0758559197692   0.293451111632    9.67903086437  1.21515023635 0.640972702848  0.89132749437 1777094072.91
-0.0468846819445  0.0693370517826   0.130212810108 0.154793979428 -0.152446559338  0.183442013109   9.63120802873  1.32859786784 0.329588265322 0.612367790445 1777094072.93
-0.0197390063461  0.0726498780945   0.139846479923 0.158822766333 -0.243881546712 0.0955446956714   9.59343598418    1.30555028652 0.00840468727314   0.362893218559 1777094072.95
0.00561928801801  0.0696750544261   0.144806912567 0.160795620383 -0.333588341691 0.0330031801556   9.56863033466   1.15338532529 -0.273551813773  0.144532142305 1777094072.97
0.0266875754787 0.0616387481737  0.145664252339 0.160404602088   -0.404302755708 -0.00191653326289     9.56032508813    0.88777514536  -0.481542116186 -0.0523385695412 1777094072.99
0.0414183320692  0.050257133661  0.142696388561 0.156855082874   -0.450934966181 -0.00942564736283     9.56687449265   0.54522313708  -0.61373875008 -0.248251536893 1777094073.01
0.0483302212578 0.0372763734586  0.135809901503 0.148894820767  -0.450686416131 0.00831792061395    9.59925440167  0.130478634297 -0.658201960023 -0.453896761073 1777094073.03
0.0466049951578 0.0240929127579   0.12465351442 0.13524419646 -0.409087971619 0.0459770494191    9.6541653798 -0.304496800205 -0.644911653625 -0.674354906256 1777094073.05
0.0361725031621 0.0115268283857  0.108884768492 0.115313531588 -0.335889529333 0.0967378715448   9.72863504559 -0.721416218692 -0.608408711326 -0.904386406395 1777094073.07
   0.0177695298106 -0.000225570605496    0.0885046142341 0.0902711128353 -0.241599308472  0.152036560232   9.81883547449  -1.07724690911 -0.573403587288  -1.11476156891 1777094073.09
-0.00705396868915  -0.0114820229887   0.0641529533702 0.065553007195 -0.143490446748  0.203253861524   9.91702631395  -1.33407558652 -0.561614888997  -1.27102670613 1777094073.11
-0.0360097943022 -0.0228654190873  0.0372669198515 0.0566423515661 -0.0592770896043   0.245578875626    10.0169734225  -1.48214538589 -0.590566129666  -1.35495617898 1777094073.13
-0.0662467910132 -0.0350676147375  0.0100397191877 0.0756252000612 -0.000878084292075     0.268839627803      10.1084705886  -1.48049722382 -0.651216087817  -1.31580073495 1777094073.15
-0.0946270932567 -0.0486490054995 -0.0148295540925 0.107428712125 0.020568315005  0.27271591021  10.1901579649  -1.34930466919 -0.750867148519  -1.16072511924 1777094073.17
 -0.118080912748 -0.0639125006046 -0.0345500376736 0.138642038329 -0.00241229577094    0.231082811558     10.2211234939 -0.990375169649 -0.810362787237 -0.802487304556 1777094073.19
 -0.133995785097 -0.0808619726934 -0.0467294606804 0.163331477515 -0.0649480575354   0.165596612602    10.2215276991 -0.548765677756 -0.861419892284 -0.372726060016 1777094073.21
 -0.140581684023 -0.0992328800562  -0.049832742414 0.179147080868 -0.166562606032 0.0863683596762   10.2140130558 -0.0787610007963  -0.941545432903  0.0804568744779 1777094073.23
-0.137150240635 -0.118571793224 -0.043507083734 0.186446574089  -0.289620520996 -0.0120294937352     10.165662053  0.403466359407 -0.966489157679  0.522208289565 1777094073.25
 -0.124255755561  -0.138341054703 -0.0287020211557 0.188152986223 -0.447328663801  -0.11902936511   10.1135874806 0.865099750971 -1.01942790073 0.928760151001 1777094073.27
 -0.103665840369  -0.158029591971 -0.0075586551141 0.189148332441 -0.572732128595 -0.209518979889   10.0242854984   1.15084632922 -0.971473980346    1.1386336094 1777094073.29
-0.0781563687214  -0.177255333427  0.0169081614514 0.194457597239 -0.683501472944  -0.27544788489   9.93748946836   1.27570586935 -0.918705184145   1.18621260403 1777094073.31
-0.0511543050493  -0.195846004739  0.0412690931543 0.206580634492 -0.813878405636 -0.325949533639   9.86213225397  1.29817795566 -0.91659798139  1.13312073218 1777094073.33
-0.0262782025562  -0.213884689347  0.0621902627017 0.224287389395 -0.889264153229 -0.327318945276   9.79439840848   1.09835201983 -0.888966321558  0.883204172881 1777094073.35
-0.00684500998739   -0.231708342433   0.0768989764609 0.244231575959  -0.95376523671 -0.296730478742   9.74238243053  0.772662431986 -0.900635705322  0.534241582143 1777094073.37
0.00458073724211  -0.249854683306  0.0835270433431 0.263486456755 -0.981215144303  -0.22990306191   9.70875920203  0.334484880364 -0.932070252954  0.109747040545 1777094073.39
0.00652512176804  -0.268965339143  0.0812858186711 0.281055715458  -1.01057294133 -0.145300096397    9.6897455429 -0.148748005163   -1.0205735287 -0.334819442143 1777094073.41
-0.00122182317334   -0.289666575588   0.0704659603445 0.298116872102  -0.976561826256 -0.0471290007575    9.69093877841 -0.605721336454  -1.09091477341 -0.727315353786 1777094073.43
-0.0176234137212  -0.312457276006  0.0522896457188 0.317292201432 -0.927047342381 0.0378266656196    9.7029841385 -0.959711589228   -1.1690282776  -1.01877858301 1777094073.45
-0.0405991802358  -0.337632281556  0.0286650604898 0.341270474371 -0.955456629342  0.105635915434   9.71111904132 -1.28416103306 -1.36278175881 -1.30060237258 1777094073.47
 -0.067377219997  -0.365257180285 0.00189883271241 0.371424424466 -0.933544863218  0.139892447136   9.72553085295 -1.40405118576 -1.48740838683 -1.40189709269 1777094073.49
-0.0949334287937  -0.395192303453 -0.0255858285512 0.407239422494 -0.903761835168  0.138570066386   9.73710932737 -1.34911677827  -1.5735667655 -1.35751178504 1777094073.51
 -0.120438633812  -0.427146320391 -0.0514927607694 0.446778410344 -0.893992822394  0.111284569956   9.74119511613 -1.18042026375 -1.65658070105 -1.21972580348 1777094073.53
  -0.1416337627 -0.460730717404 -0.073841186449 0.487632482011 -0.847082214389 0.0636203894213   9.74215065723 -0.872064752849  -1.62702725438 -0.942744119864 1777094073.55
 -0.157069767914  -0.495489701254 -0.0910927860718 0.527710954705 -0.891861699703 0.0184745615081   9.73124554665 -0.607145625115  -1.73550599487 -0.701887198964 1777094073.57
-0.166179688915 -0.530894448036 -0.102217362911 0.565608515887  -0.951450708719 -0.0242187323412    9.71651383562 -0.315345438868  -1.84304741111 -0.406165723581 1777094073.59
-0.169187056906 -0.566309619209  -0.10669988497 0.600596129263  -0.929484173495 -0.0524557010458    9.71112811626 -0.0179125238173   -1.77036397791 -0.0575592940881 1777094073.61
-0.166888557482 -0.600954668963 -0.104495209112 0.632390348988  -0.906771733841 -0.0654904584938    9.71037026373 0.219652482184 -1.68384285382 0.268035332328 1777094073.63
 -0.160371953443  -0.633885677647 -0.0959430787517 0.660859508623   -0.83930230739 -0.0657565686093    9.71989301087 0.386428554275 -1.50884238885 0.546284214924 1777094073.65
 -0.150738415052  -0.664014241591 -0.0816641636818 0.685788610606 -0.809752462629 -0.068217134201   9.72968984466 0.533108859541 -1.39667893738 0.830858554966 1777094073.67
 -0.138890647123   -0.69016402971 -0.0624641244845 0.706766415876  -0.730783963819 -0.0752767323146    9.74559299306 0.638650883108 -1.18936567765  1.06961988844 1777094073.69
 -0.125426894094  -0.711152130339 -0.0392721355182 0.723195380845  -0.613590887199 -0.0946093560046    9.75993264611  0.717413536785 -0.907322267964   1.25332549468 1777094073.71
 -0.110651506589  -0.725878439489 -0.0131301867155 0.734381145339 -0.472064351172 -0.129903507514    9.7635772941  0.788200675315 -0.570713258891   1.38547132484 1777094073.73
-0.0946827184972  -0.733413096608  0.0147688911255 0.739647015544 -0.288455715823 -0.164724768648   9.75307912495  0.789324857531 -0.172150040467   1.34151893669 1777094073.75
-0.0776149910162  -0.733083631925  0.0430179388892 0.738434994629 -0.137614404727 -0.221867379875   9.71289861745 0.872313180311 0.220375668223   1.3751738508 1777094073.77
-0.059682077213 -0.724570756626 0.0699462835363 0.730381553901 0.0212817419697 -0.268305458363   9.64968084592 0.910294163422 0.629554065818  1.27112175447 1777094073.79
-0.0413701560748  -0.708016918197  0.0936297081749 0.71537819964  0.162902243289 -0.288391153326   9.57493992456 0.882606305684 0.984956256732  1.02420425366 1777094073.81
-0.0234469174788  -0.684133647732   0.111994708177 0.693636374881  0.293445468263 -0.302313685704   9.47802727235 0.861651101069  1.34342929901 0.734842303195 1777094073.83
-0.00689777645891   -0.654269868231    0.123028803472 0.665772278094  0.395166671199 -0.283325127374   9.39366053565 0.764486012485  1.58946044469 0.326206792983 1777094073.85
0.00721305616735  -0.620387791627   0.125077343454 0.632911828002  0.495724940058 -0.255441019136    9.3064703344  0.648810001875   1.81359053573 -0.152994693045 1777094073.87
 0.017919341001 -0.584899653192  0.117176724656 0.59679066002  0.528752516464 -0.190741054505   9.29921816908  0.433415236106   1.75358191326 -0.644083283115 1777094073.89
 0.024522988843 -0.550352448309 0.0993536555462 0.559785979828  0.538177980696 -0.127096472692   9.33616423768 0.211212455544  1.58174817201 -1.06474927216 1777094073.91
0.0267189199852 -0.519000518897 0.0728169102945 0.524764463093   0.574652206206 -0.0794342747503    9.38087165042 0.00317537066211    1.44727795446   -1.48159556675 1777094073.93
0.0246502314256 -0.492357522896 0.0399835641816 0.494593014171    0.57461986094 -0.0388076440816    9.48679473775 -0.194649124475   1.19670619464  -1.70251349189 1777094073.95
 0.0188866936877  -0.470847855723 0.00431174244936 0.471246221799   0.603184068042 -0.0145111045268    9.60692481138 -0.376787779187    1.0183714261  -1.84347098609 1777094073.97
0.0103356692331  -0.45366852628  -0.03005182852 0.454780243846   0.585731731935 -0.0026432573413    9.75575429799 -0.485887845699  0.825925705367  -1.63203200283 1777094073.99
0.000106763494295   -0.438925206846  -0.0587675203021 0.442841924444     0.559578570223 -0.000679013524288        9.884073615 -0.521113568315  0.736169881516  -1.18801269188 1777094074.01
-0.0106416695549  -0.424034131881 -0.0778750790306 0.431257136828    0.574504079807 -0.00183671689404     9.97891158028 -0.528064598245   0.82206638049 -0.645079597739 1777094074.03
-0.0208455829355   -0.40630756944 -0.0843627434084 0.415496632703     0.561999034444 -7.15997385095e-05       10.010783809 -0.452124603667  0.962273730955 0.0291024723936 1777094074.05
-0.0296448334602  -0.383588986267 -0.0766518785048 0.392294324474   0.629487074503 0.00807274620953    10.0075282299 -0.391221801102   1.29192186128  0.738258207097 1777094074.07
-0.0364459372918  -0.354790913723 -0.0549239708127 0.360862219379  0.681646286157 0.0224375119783   9.93700495508 -0.282706971006   1.58681588846   1.38762968771 1777094074.09
-0.0409355768415  -0.320214776122 -0.0212327614717 0.323518244397  0.688633773222 0.0360512451661   9.82064913194 -0.152423816839   1.68900477193   1.74323066432 1777094074.11
-0.0430524893639  -0.281583863754  0.0206334085809 0.285602392701  0.819188032203 0.0514566648897   9.67962384827 -0.0500304622065    1.96475361913    2.17375308818 1777094074.13
-0.0429328451898  -0.241779757883  0.0655457340397 0.254159248836   0.92227513448 0.0539765040161   9.52402453063 0.0574361343031   2.01238543665   2.26682515224 1777094074.15
-0.0408474796131   -0.20432710607   0.107658268883 0.234538665734  0.989502283413 0.0364215344085   9.39136667373 0.15263501054 1.82184058445 1.99565443637 1777094074.17
-0.0371468909848  -0.172719021731   0.141195253354 0.226158907733    0.947300546653 -0.00270554112897     9.34320435704 0.211892224804  1.34167412742  1.31781379241 1777094074.19
-0.0322222623362  -0.149713347238   0.161300776533 0.222419201153   0.936546689943 -0.0563114261114    9.32566244784 0.261488848429 0.881915291833 0.579290914827 1777094074.21
-0.0264816124837  -0.136748569231   0.164822643114 0.215796085853  0.949449353286 -0.128058440007   9.34223480665  0.311427619182  0.421778994379 -0.272602164553 1777094074.23
-0.0203344451992  -0.133613196678   0.150895004906 0.202571662613  0.793942979026 -0.180831205262   9.48507896753   0.298096335141 -0.0411961915153    -1.0568566974 1777094074.25
-0.0141780343315  -0.138448893932   0.121202116998 0.184550984969  0.719853476735 -0.244583894374   9.63414733739  0.305614200574 -0.370098117131  -1.81651871947 1777094074.27
-0.0083815262122  -0.148088154985  0.0798488916972 0.168452358647  0.529692434166 -0.248299767787   9.83341855069  0.250710062922 -0.464093657988  -2.03062704507 1777094074.29
-0.0032668998773  -0.158646680341  0.0328273447335 0.162040354173  0.41737407259 -0.24949150721  10.0245496583  0.211812389446 -0.413533830509  -2.11288136657 1777094074.31
0.000912242930833   -0.166232929064  -0.0128587714328 0.166732021205   0.40243736697 -0.269738970113   10.2829682927 0.196840173574 -0.24329091374  -2.2541040795 1777094074.33
0.00399045707196  -0.167616642984 -0.0502798666079 0.17504093161  0.349340163355 -0.207018664359   10.4445454054 0.130015724588 0.143718987888 -1.58524108712 1777094074.35
0.00590192444647   -0.16071735024 -0.0736963983837 0.176906920484 0.384346389383 -0.13851854974  10.5950106618  0.071123976325  0.603512729469 -0.773988416328 1777094074.37
0.00667630327818  -0.144826264006 -0.0795078985468 0.165350312073   0.432526079656 -0.0511513774355     10.594356803 0.0122170367672   0.95257344291  0.162073369913 1777094074.39
0.00641714659811  -0.120545011545 -0.0668613702209 0.137995370961  0.558637049276 0.0213153597788   10.6105730284 -0.0324472306064    1.27693829119   0.962359173286 1777094074.41
0.00527021154334 -0.0894904974838  -0.037804330809 0.0972907585412  0.841656710782 0.0988849757705   10.7349936255 -0.0804458967447    1.77503614162    1.86083564784 1777094074.43
0.00339481346176 -0.0538573274481 0.00304978084293 0.0540503250821  1.02576608426 0.156352395584  10.6867440657 -0.112527148655   1.91531015909   2.26794803173 1777094074.45
0.000949015403921  -0.0159399724397   0.0492879699939 0.0518101084513  1.21688962908 0.201317864001   10.648275909 -0.139312034733    2.0003009202   2.38273451118 1777094074.47
-0.00190898989684   0.0222969169369   0.0937638051359 0.0963973438477  1.23835784626 0.208375422992  10.5320400208 -0.143660741367   1.81996414738   1.94093191474 1777094074.49
-0.00500877409718   0.0595362027941    0.129780828891 0.142873058373  1.27246254551 0.211671120048  10.4765768524 -0.147945815642     1.729126501    1.3844196764 1777094074.51
-0.00815309241695   0.0952752779377    0.152193699573 0.179740851483  1.38080470276 0.223214321525  10.5060470649 -0.158720010949   1.82921932603  0.740729603278 1777094074.53
-0.0111078504457   0.129826951017   0.158244576953 0.204987237864  1.24433609377 0.191702509872  10.4600437709 -0.136619904901   1.72724477602 -0.105197929018 1777094074.55
-0.0136017924759    0.16416157031   0.147998176509 0.221444101694  1.15705543745 0.164058368851  10.4837896301 -0.111014004022   1.83086926941 -0.890341181684 1777094074.57
-0.0153397606956   0.199620618004   0.124304318641 0.235659209502  0.88720057825 0.107885025372  10.4219840808 -0.0573367593039    1.73221228465   -1.31482086078 1777094074.59
-0.0160310599178   0.237552654089  0.0922913045497 0.255354544197  0.715856836062 0.0642730045847   10.4137207206 -0.00206493681589     1.81004676154    -1.50242297888 1777094074.61
-0.015430247014   0.27893755702 0.0584675710363 0.285416730593 0.702552401709 0.032698299327  10.5188645773 0.0695734521909   2.27334622068  -1.64794841516 1777094074.63
-0.0133832471033   0.324071219224  0.0295740065859 0.325692935598   0.648200824814 0.00270199258927    10.5208288138 0.145596545636  2.44657088253 -1.23302895145 1777094074.65
-0.00986961882662    0.372377074781   0.0113756876862 0.372681501377  0.692805106196 -0.011081348127   10.5169125986  0.22197856222  2.61355947364 -0.58411923285 1777094074.67
-0.00503261028285    0.422391010805  0.00759995862119 0.422489351992    0.769122903976 -0.00588150722272     10.4348048713 0.267188367858  2.49095603818 0.196034995623 1777094074.69
0.000809178429342    0.471933858328   0.0192106768742 0.472325387325  0.940284954033 0.0144156225421   10.3514577533 0.299878822959  2.36009228224 0.898166368148 1777094074.71
0.00717251695363   0.518447232149   0.044155506941 0.520373602632   1.25579563275 0.0486442866706   10.2772994104 0.333381010316  2.30870480974  1.54174062064 1777094074.73
0.0134442295708  0.559433153246 0.0776422341191 0.564955322816   1.38774140499 0.0781237040267   10.1039387893 0.285087109438  1.80432189288  1.66583603272 1777094074.75
0.0189383388647  0.592913349203  0.112906178035 0.603864807205  1.62500145476 0.108220398506  9.95047086469 0.23555320012 1.44346324309 1.59968466366 1777094074.77
0.0229713121146  0.617814841369  0.142342386046 0.634416435995  1.88789519396 0.131741642835  9.78256754451 0.15873363141 1.09010098935 1.21211811833 1777094074.79
0.0249498353326  0.634197216957  0.158811029592 0.65425495596   1.8703183347 0.123551920341  9.62464517857 0.0379968717356  0.647256737525   0.37009406464 1777094074.81
0.0244654122238  0.643266051379  0.156895099392 0.662575159106   1.80491387171 0.0994961837655   9.49900716023 -0.0900209425083   0.327753299118  -0.629617075361 1777094074.83
0.0213882348183  0.647164491973  0.133900776079 0.661217629902 1.62312238396  0.0581388184 9.42623642023 -0.211646397255  0.132289720791  -1.65124277093 1777094074.85
0.0159473378588  0.648590279403 0.0904379855467 0.655059308269    1.33508518595 0.00758821570085    9.42176302846 -0.299795540516  0.075244080955  -2.45840689138 1777094074.87
0.00877750679077   0.650329591223  0.0304892955917 0.651103078622     1.1081240676 -0.0440309026814    9.44413442899 -0.368208948226  0.152426007007  -3.17092629466 1777094074.89
0.000911648698116    0.654814544381  -0.0390457283819 0.655978267583   0.876472448688 -0.0944455774611    9.51105881312 -0.386945908802  0.345631158452  -3.58782644506 1777094074.91
-0.00629540719394    0.663793149316    -0.10926925507 0.672756083089  0.618992986264 -0.128795933347    9.6273356513 -0.311387750952  0.594747932758  -3.35009569207 1777094074.93
-0.0113109566204   0.678159615676  -0.170543827772 0.699366570022  0.405985725214 -0.139290799227   9.75019957124 -0.152522973718  0.823718523505  -2.52398559196 1777094074.95
-0.0126195244633   0.697947299426  -0.213922216395 0.73010437599   0.29623699203 -0.139725932204   9.84318444753 0.0568251936258   1.06192486948  -1.48670455789 1777094074.97
-0.00894086477147     0.72245087659   -0.232551999318 0.75900964456  0.285959412624 -0.140051179196   9.90131140848  0.345932215373   1.37722695342 -0.234301148693 1777094074.99
0.000561731544021    0.750424577477   -0.222849929069 0.782815082194  0.312285459402 -0.118049154439   9.89157355303 0.653229447509   1.5082176332  1.23313337082 1777094075.01
 0.016113979641  0.780299092533 -0.185254736674 0.802150641468   0.364637435555 -0.0908666230035     9.8109557362 0.90588664014 1.48091672035 2.43205053991 1777094075.03
0.0372297709446  0.810368405153 -0.124406568642 0.820707013639   0.432791403407 -0.0725035176759    9.67593540694 1.10617029067 1.39200625938 3.24352379998 1777094075.05
 0.0626947732788   0.838916429174 -0.0486700588344 0.842662556639   0.517849672575 -0.0691390086676    9.48634646131 1.29449490661 1.30653614004 3.76599921396 1777094075.07
 0.090642796447  0.864278272092 0.0309848593437 0.869570646737   0.605854009172 -0.0822795669009    9.23427392625 1.45428250701 1.19243096098 3.92676949137 1777094075.09
0.118723239235 0.884856662368 0.102614763546 0.898663624595  0.605627461068 -0.102123772966   9.01258490541  1.38055064961 0.895995906417  3.19323679646 1777094075.11
0.144347393227 0.899133276422 0.155204492013 0.923777707591  0.544573581273 -0.128084470387   8.83917675792  1.15912334773 0.522706230209  1.95164431699 1777094075.13
0.164989469641  0.90572040127 0.180514346726 0.938155850455  0.433634791204 -0.154026468901   8.73367031929 0.827746354298 0.105504623809 0.468213499934 1777094075.15
0.178505144905 0.903487026484 0.174525773684 0.937343127922  0.305608798189 -0.184206941293     8.635917866  0.456616883213 -0.345702134442  -1.04856774092 1777094075.17
0.183419494927 0.891767130348  0.13819193008 0.920862821178  0.146134241502 -0.211471234368   8.57090727749 0.0163908532338 -0.857808672536  -2.53717451282 1777094075.19
 0.179133087143  0.870623923486 0.0773252789733 0.892218514617 -0.0406782593795  -0.208773030888    8.66343755886 -0.444545128433   -1.2930188124  -3.48596822703 1777094075.21
  0.166004106634   0.841112150127 0.00162651440558 0.857338706732  -0.20953454965 -0.189230574276   8.80367046009 -0.843579060519  -1.62404366417  -3.84532434608 1777094075.23
  0.145285371944   0.805460893737 -0.0769642825011 0.822069699856 -0.333749947906 -0.152265340374   8.98037214906 -1.12379463578 -1.76664340143 -3.53034539609 1777094075.25
 0.118922828453  0.767098779018 -0.146276997834 0.789924133062 -0.420603987425  -0.11194895828   9.11330654751 -1.34421641138  -1.7990455317 -2.85310824255 1777094075.27
0.0892496476224  0.730464919426 -0.195900478775 0.761525768242  -0.429578527322 -0.0614576367697    9.24852040476 -1.40304134735 -1.54773435219 -1.68746289459 1777094075.29
0.0586315469149   0.70058977146 -0.218790399279 0.736296764209  -0.410207560456 -0.0125262766292    9.29435502818  -1.49957056151  -1.19686108248 -0.407262544403 1777094075.31
0.0291303076317  0.682481516586 -0.212228056817 0.71531136116 -0.312936702818 0.0426056484387   9.29362880307  -1.52998771062 -0.547808756505   1.10688007112 1777094075.33
0.00225080757674   0.680402770941   -0.17800136788 0.703304687747 -0.103683283507 0.0862006821748   9.32810892961 -1.26076983922 0.367756565532  2.26534042017 1777094075.35
-0.0211792996884    0.69715643014  -0.121832186422 0.708038651818  0.12416780093 0.125251095481  9.28511316278 -1.07827596386  1.32469862392  3.13773638114 1777094075.37
-0.0409773664713    0.73351005015  -0.052209252552 0.736506581291 0.385237955305 0.163260024865  9.18411098524 -0.94340947605  2.36038692497  3.71950547112 1777094075.39
-0.0574376517175   0.787873920501  0.0211207329303 0.790247103  0.59951722444 0.178046556519  9.12282996678 -0.744975725976   3.03926032787   3.48772530191 1777094075.41
-0.0710784919997   0.856312919361  0.0887140734853 0.863825303359 0.77744654254 0.18859008387 9.04397386102 -0.603243502641   3.50836149257   2.94248101358 1777094075.43
-0.0823779634607   0.932922526826   0.142773752741 0.947372637559 0.947675533856 0.204226184538  8.92083282793 -0.515889906167   3.88224911126   2.24941998912 1777094075.45
-0.0915729901608    1.01054107215   0.178075647107 1.03018920938  1.02966140049 0.209841697076  8.82493853417 -0.415811716819   3.81946503925    1.2733478982 1777094075.47
-0.0985758977543    1.08170968515   0.192376986016 1.10309653037  1.02155250272 0.208277246816   8.7539275308 -0.298011767787   3.36235460666  0.214420889305 1777094075.49
-0.103023869861   1.13973703779  0.186314609705 1.15945140772 0.852580855713 0.184245146144  8.79612152283 -0.142004085886   2.37556100011 -0.714839927333 1777094075.51
-0.104432853958   1.17968965981  0.162893424884 1.19545312845  0.67961922758 0.166588957119  8.79867196217 0.0151417930288   1.42725586888  -1.43213922122 1777094075.53
-0.102393837866   1.19912345667  0.126725000347 1.21014081333 0.483999155599 0.148842304808   8.7699286215 0.192997439824 0.469498365524 -1.99918964312 1777094075.55
-0.0967387316657    1.19840689173  0.0831928360368 1.20517986554 0.228134067191  0.11330590015  8.80265239833  0.370672682544 -0.465726780421  -2.23356969902 1777094075.57
-0.0876189977289    1.18055980455  0.0376959545291 1.18440682448 -0.0348727094441  0.0650497028274    8.84728025359 0.533296594011 -1.19828457412 -2.21023932066 1777094075.59
 -0.0754756752175     1.15063011455 -0.00493156596968 1.15311341958   -0.28306172878 0.00313397583163    8.89588318355 0.670240787372 -1.65259587077 -1.97035661211 1777094075.61
-0.0609206111096    1.11473026342 -0.0407912751341 1.11713867051  -0.508203634459 -0.0727938034587    8.92754161664 0.791197024891  -1.8361868581 -1.59212548731 1777094075.63
-0.0445808595969    1.07893033227 -0.0671011922799 1.08193377105  -0.66222757805 -0.152748276745   8.99724474325  0.84450231031 -1.65407401738 -1.03097480204 1777094075.65
-0.0269708170429    1.04823491867 -0.0822374402776 1.05180172384 -0.765423599293   -0.2308588981   9.05172716193 0.880354290159 -1.29325815002 -0.45292996867 1777094075.67
-0.00844571188375     1.02584707386  -0.0856922203519 1.02945456705  -0.88155700488 -0.319970072833   9.04474189554  0.968652231074 -0.908876632065  0.109114121599 1777094075.69
 0.0107410649335    1.01285023965 -0.0779893740019 1.01590517318 -0.891203618526 -0.366388097018   9.09506441378  0.968315935425 -0.437654569688  0.627763610261 1777094075.71
 0.0302951997173    1.00833715134 -0.0605763117504 1.01060927141 -0.877008939886 -0.383694852447   9.13929060577  0.952105313461 -0.071822525823   1.03351891432 1777094075.73
 0.0497075885816    1.00991078105 -0.0356908607531 1.01176304913  -0.88865480817 -0.383732147083   9.15418053648 0.945703767962 0.151698172776  1.35973287172 1777094075.75
  0.0681210596265     1.01440471079 -0.00619029060722 1.01670827465 -0.903612601893 -0.349263922143   9.16881446559 0.891840671503 0.224995946038  1.55611973825 1777094075.77
0.0843016518755   1.01863826371 0.0246702625262 1.0224183599 -0.905609904194 -0.273381542318   9.20126049582 0.747091658374 0.147057192313  1.55808517473 1777094075.79
0.0967484133525   1.02003970647 0.0535130335195 1.02601408519 -0.822318260167 -0.154525648817     9.297099589   0.466692467891 -0.0382853086504    1.24766751734 1777094075.81
 0.103933471352   1.01702775932 0.0771544681909 1.02523189653   -0.82563675919 -0.0505045184303    9.34254045949  0.187700846645 -0.260386397124  0.939763854136 1777094075.83
  0.10462259576   1.00911631414 0.0929367875417 1.01877321789 -0.879959871313 0.0542323362404   9.36753765341 -0.145742284941 -0.514550786744  0.556023608073 1777094075.85
0.0981975694712  0.996776856667 0.0990375947014 1.0064866168 -0.905319158201  0.152293550305   9.41583305892 -0.519999380303 -0.737376965276 0.0469405454837 1777094075.87
0.0848940540554   0.98114056501 0.0947176906434 0.989350923405 -0.802132783759   0.20184734031   9.51916356462 -0.771166790155 -0.790860108827    -0.443155961 1777094075.89
0.0658855591745  0.963639693208 0.0804692899485 0.969235612149 -0.745350107484  0.229937254055   9.60143195164 -0.960458072648 -0.816567325266 -0.844712520396 1777094075.91
0.0431815025576  0.945677167307 0.0580319512953 0.948439589168 -0.79850017543 0.268939105313  9.66617875638  -1.20904642581 -0.916089602691  -1.30481113416 1777094075.93
0.0193539054858  0.928382846795 0.0302520124908 0.929077213229 -0.750252202267  0.251151980225   9.76798675299   -1.1940109002 -0.861151913672  -1.48511093149 1777094075.95
-0.00285148375103    0.912476972699 0.000776116223273 0.912481758185 -0.711258811669  0.214201468844    9.8785505549  -1.05108186019 -0.786604140807  -1.47798610373 1777094075.97
-0.0209394068775   0.898228310263 -0.0264067102992 0.89886031755 -0.682139576508  0.162163116931   9.99511650656 -0.789305294173 -0.705962985338   -1.2629159767 1777094075.99
-0.0330410698701   0.885475088257 -0.0475282736261 0.88736507764 -0.618334007499 0.0940079872124   10.0880078563 -0.414800823994 -0.590996393542 -0.799662430666 1777094076.01
 -0.038173458294   0.873673724919 -0.0596309052592 0.876537982859 -0.630204099911 0.0364609769316   10.1895159251 -0.0791778230546  -0.564419215632  -0.325180046968 1777094076.03
-0.0363411526288   0.861950443977 -0.0610815771279 0.864875832887  -0.703060289255 -0.0207105418899    10.3056636646  0.244449782467 -0.618032462363  0.194694276547 1777094076.05
-0.0284727574167    0.84914783666  -0.051904692864 0.851209048096  -0.792674852955 -0.0788268861424     10.405553365  0.522320891334 -0.728621776388  0.706748298782 1777094076.07
-0.0162151988276   0.833875349809 -0.0338493069922 0.834719597995 -0.891761358469 -0.132861090026   10.4805663035  0.703427896239 -0.905827807637   1.09423012752 1777094076.09
-0.00163190115121    0.814583961505  -0.0101519080639 0.814648853605 -0.886458720024  -0.15949384766   10.4532726951 0.683224731564 -1.02850319923  1.13661318108 1777094076.11
0.0131385302004  0.789687247681 0.0149835788588 0.789938654429 -0.900489324062 -0.176020647035    10.431609103 0.591451672409 -1.20762207098  1.00399921047 1777094076.13
0.0262071806298  0.757742310424 0.0371054037882 0.759102783761  -1.20465799928 -0.238698735703    10.603981287 0.596484776615 -1.86269389019  0.96546488654 1777094076.15
0.0361952480404  0.717686068218 0.0523029746691 0.720499125366  -1.53111811229 -0.289735365795   10.7907850703 0.492974500417 -2.69969024365 0.633750072968 1777094076.17
0.0423937665922  0.669099250461 0.0579142894934 0.672937666757  -1.44541149701 -0.244398196088   10.7347260769  0.233822768222  -2.85918399666 0.0192566209235 1777094076.19
0.0448015767562  0.612447910611 0.0530117542755 0.616368291351  -1.26283988777 -0.173859905013   10.6428134146 0.0377247826152  -2.74674028969 -0.443372398162 1777094076.21
0.0440400003146  0.549237022553 0.0385664087942 0.552347894409  -1.28162058595 -0.121885017731   10.7086412897 -0.0834789490669   -2.99422505438  -0.820871585394 1777094076.23
  0.04116495275  0.482009388871 0.0172518250143 0.484071513065   -1.44466414136 -0.0608177824269    10.9163033859 -0.173050978174  -3.52992775409  -1.19269888815 1777094076.25
  0.0374170511508    0.414140808051 -0.00708016418231 0.415887933625  -1.43368041041 0.0281107718877   11.0350766624 -0.193164958999  -3.55549639814   -1.2711902383 1777094076.27
 0.0339615825599   0.349420347369 -0.0301524967426 0.352359392247 -1.33629649162  0.11631945782  11.1062243596 -0.152428723317  -3.25375741437  -1.08778793243 1777094076.29
 0.0316696982392    0.29145728921 -0.0480954072714 0.297091718869 -1.05977134593 0.165274619869   10.995564586 -0.0684970720861   -2.44491245776  -0.644176369123 1777094076.31
 0.0309804121397   0.243011409336 -0.0581887248401 0.251794079959 -0.928551332779  0.205002545397   11.0306738974 0.00439773816396   -1.95940852158  -0.256431868185 1777094076.33
 0.0318628837735   0.205383637731 -0.0593600450471 0.216151097517 -0.893938344224  0.245271614986   11.2291971131 0.0748822478343    -1.681752505  0.151443117789 1777094076.35
  0.033874524437   0.178013619519 -0.0523356234413 0.188614287955 -0.757003664902  0.231938494742   11.3255943709  0.12114715108 -1.28601457607 0.545903723151 1777094076.37
0.0362888535049  0.158400596552 -0.039416089837 0.167216201412 -0.53856189369 0.160232854348  11.2685600583   0.11521369271 -0.936804727822  0.747118636362 1777094076.39
 0.0382547172475   0.142398188426 -0.0239316759365 0.149376680147 -0.310553909304 0.0616533352428   11.0870607385 0.0612266696881 -0.772040891142  0.688323348137 1777094076.41
  0.0389497141811    0.124848334799 -0.00950212360529 0.131127713661   -0.16743255625 -0.0281278016886     11.091055153 -0.0126166173041  -0.960233143666   0.564417970069 1777094076.43
  0.0377034014068    0.100438308836 0.000732032266913 0.107284370859 -0.0671624792627  -0.130265477772    11.3021915572 -0.126745001131  -1.56855150709  0.370789553133 1777094076.45
 0.0340822309116  0.0646100756961 0.00473758549782 0.0732018105085 0.00316331308154  -0.222151433836    11.4639834703 -0.270282513535  -2.38342273017 0.0335490410173 1777094076.47
 0.0279395894363  0.0143384310474 0.00194397352053 0.0314641112351 0.00869046478602  -0.268106655414    11.5424745151 -0.400504984886  -3.17181360793 -0.313863089878 1777094076.49
    0.01943697605  -0.0513735460176 -0.00673943755149 0.0553394731354  -0.04891817541 -0.227956936177    11.349305821 -0.428558801114  -3.30370147759 -0.480090622477 1777094076.5
0.00903869605647  -0.131365983899  -0.019229647566 0.133073284688 -0.161854802603 -0.197186654369   11.4545142395 -0.495447476298  -3.86245368676 -0.588287015376 1777094076.53
-0.00252189948725   -0.222562509194   -0.032813082022 0.224982507826 -0.374350445309 -0.159480101783   11.8501216911 -0.613070035139   -4.9668679789 -0.671229863597 1777094076.55
-0.0143072891374  -0.320506570861 -0.0447903854247 0.323937245642  -0.605419733037 -0.0659113053585     11.990302515  -0.60813645597  -5.27994778816 -0.541610949907 1777094076.57
-0.0252707020702  -0.420071618707 -0.0530733385076 0.424164534687 -0.858023333297 0.0423155041926   12.0980797607 -0.547812415103  -5.34249239043 -0.322514147545 1777094076.59
-0.0343740032946  -0.516205435528 -0.0566042819922 0.520436036906 -0.907856486262   0.12386290794   11.7305909269  -0.353424763713   -4.22198830213 -0.0559061356618 1777094076.6
-0.0407160312032  -0.604580474954 -0.0555165421382 0.608487824318 -1.04019847962 0.192551769178  11.6326949146 -0.207195784966  -3.70220517984  0.124683204152 1777094076.63
-0.0436558893992  -0.682055560427 -0.0510187663395 0.68535285708 -1.35870530341 0.284623361113  11.8342642992 -0.0578239054781   -3.74171942039    0.27512873868 1777094076.65
-0.0429154413042  -0.746901811093 -0.0450516501194 0.749488960355 -1.48325718418 0.320598253526  11.7145560398 0.135773114895  -3.1643149266 0.303642483409 1777094076.67
-0.0386467619385  -0.798797794746 -0.0398163725293 0.800722693959 -1.46827556414 0.305857948413    11.43997656 0.301434166727 -2.41243459492 0.203910255409 1777094076.69
-0.0314522866712  -0.838643603683 -0.0372972047147 0.840061558348  -1.2799558302 0.240416894359  11.0309167493  0.376772443626   -1.6058992836 0.0214053249583 1777094076.71
-0.0223476391201  -0.868268771459  -0.038890381188 0.869426557113 -1.26975302864 0.198752317194  10.8356816904  0.443508506927  -1.21468379921 -0.186790409445 1777094076.73
-0.0126612182943  -0.890108696169 -0.0452113513459 0.891346096493  -1.3450731917 0.157608295652  10.7107016825  0.481544983474  -1.00698510781 -0.448464555066 1777094076.75
-0.00387287570149   -0.906902361822    -0.05609599404 0.908643854099 -1.28510852826 0.095148256495  10.5058294053  0.398490066941 -0.818259897905  -0.66730630239 1777094076.77
 0.0025932705644  -0.921432278691 -0.0707563207182 0.924148595296  -1.21622450219 0.0397874357552   10.3305195874  0.245751826998 -0.763195277837 -0.828663548673 1777094076.79
0.00559303995803  -0.936299262834 -0.0880146143719 0.940443599597     -1.03969129598 -0.000835444743055      10.1575146272  0.043535337665 -0.750660946968  -0.83199834976 1777094076.81
0.00446527895703  -0.953710507553  -0.106532037112 0.959652408878  -0.992977860868 -0.0212512843011    10.0711752504 -0.148827670061 -0.903567599095 -0.856925344257 1777094076.83
-0.000824963122984    -0.975264460855    -0.124968424758 0.983238809424   -1.07117789726 -0.0278175919776    10.0380264835 -0.366702982231  -1.24916223447 -0.923770586516 1777094076.85
-0.00963375225854    -1.00173841622   -0.142049256678 1.01180564094   -1.07355637152 -0.0150767798228    10.0006352817 -0.536130220639  -1.55573178488 -0.852459830448 1777094076.87
-0.0206921715569   -1.03291472276  -0.156557759739 1.04491689746  -1.01880022841 0.0121657151733   9.95958927508 -0.597151949575  -1.73529535096 -0.666248954742 1777094076.89
-0.0322650819744   -1.06750399108  -0.167299278516 1.08101565903 -0.899832087279 0.0420272733299   9.90736482898 -0.518244343068  -1.67900752544 -0.394838577996 1777094076.91
 -0.04239421191  -1.10322497228 -0.173092050691 1.11752560001 -0.867508884212 0.0716648674581   9.85327287374 -0.39680838833 -1.63131986768 -0.12952021047 1777094076.93
-0.049188102072  -1.13707625749 -0.172823035547 1.15118620837 -0.926951053539  0.102732451192    9.7762244427 -0.221167855838  -1.58757189303  0.190679824623 1777094076.95
-0.0511104096549   -1.16579098352  -0.165577382472 1.17859949126 -0.922938936392  0.113632377703   9.66808900387 0.0502657224997  -1.25798902184  0.561060719399 1777094076.97
-0.0472166517078   -1.18641530588  -0.150817913475 1.19689462078 -0.932808546648  0.105920376684   9.52998158412  0.359396625844 -0.809692347655  0.963004827176 1777094076.99
-0.037298549065  -1.19690801974 -0.128568441753 1.2043711362 -0.869489021876 0.0689847232882   9.40008036263  0.623725033654 -0.251878509338   1.26373708107 1777094077.01
-0.0219124116118   -1.19663390211 -0.0995486765648 1.20096743856 -0.733302260943  0.015040834372   9.32278662228 0.749696870928 0.220168978246  1.35659926833 1777094077.03
-0.00228967077901    -1.18662670571  -0.0652188127097 1.18841982263 -0.822021928095 -0.050430810707   9.08629254404  1.05501386329 0.684580981039  1.81472371268 1777094077.05
 0.0198501804023   -1.16953484948 -0.0277130650449 1.17003154136 -0.859644369807  -0.14151942048   8.84028143958 1.28379517657 1.07079840675 2.16335501939 1777094077.07
0.0425456308716   -1.1492301097 0.0103342635456 1.15006381247 -0.668486496951 -0.193239852897   8.85640695351  1.10277171608 0.987329817209  1.84861570531 1777094077.09
0.0638500542041  -1.13014103231 0.0460454985411 1.13287941559 -0.556546569848 -0.243156698258   8.80231282542 0.971764469361 0.806403912026  1.62989206209 1777094077.11
0.0820544694457  -1.11644430307 0.0766004673476 1.12207328166 -0.435258071544 -0.266877325642   8.79157198042 0.765562023103 0.451114727872  1.27989966345 1777094077.13
0.0958461831271    -1.111287008 0.0995380091468 1.11984513226 -0.351856461538 -0.289501972651    8.7164106669   0.569233835635 0.00598403102042   0.927980443363 1777094077.15
0.104393988831 -1.11620946043 0.113018957967 1.12676304044 -0.264387162293 -0.278704579768   8.69398600415 0.304387035181 -0.51795620055 0.435485786334 1777094077.17
0.107368436632 -1.13089369935 0.116022869038 1.14188871898 -0.192257922132 -0.234918645487    8.7366406426  0.013689359056 -0.973895855867 -0.119624911861 1777094077.19
0.104915181395 -1.15328842641 0.108464499695 1.16311905559 -0.160192491151 -0.178895775468   8.79460503037 -0.253274108426  -1.27520109869  -0.64292916009 1777094077.21
0.0976002765564  -1.18007507259 0.0912266709913 1.18761327731 -0.169060378496 -0.119474454215   8.88080362381 -0.45979355311 -1.33862289963 -1.04847027517 1777094077.23
0.0863414820901  -1.20736308459 0.0661107705271 1.21225042939  -0.207488754407 -0.0694282389458    8.99487186302 -0.566399376911  -1.15170787451  -1.24452727411 1777094077.25
0.0723322417619  -1.23145471006   0.03570620302 1.23409383316  -0.330526964834 -0.0495123266932    8.90590775769 -0.739124173468  -1.06018414418  -1.58294058053 1777094077.27
 0.0569569935844    -1.2495115759 0.00317966779291 1.25081309064  -0.501416100831 -0.0427154888219    8.78734561822 -0.860010364212 -0.800773243463  -1.78833023014 1777094077.29
 0.0416900830488   -1.25998625088 -0.0280119811134 1.26098694939  -0.564190233788 -0.0412092391893    8.86443825033 -0.724349168238 -0.330568073608  -1.44062303538 1777094077.31
 0.0279687205277   -1.26274082776 -0.0544737067846 1.26422467629 -0.635849076809 -0.050161207818   8.84410203993 -0.596017567819 0.0275594013717  -1.09398364746 1777094077.33
 0.0170355868561   -1.25884624563 -0.0732650359353 1.26109152993  -0.672100573682 -0.0579568192124    8.79558350224 -0.435783562889  0.301885444484 -0.665773266851 1777094077.35
0.00975877629543   -1.25012604011 -0.0822941550373 1.25286977688  -0.678275664873 -0.0574562698549    8.69649253092 -0.264165149471  0.506289483489 -0.184568958539 1777094077.37
0.00645274162949   -1.23856354273 -0.0806591404406 1.24120392531   -0.58314231143 -0.0356492457321     8.6515700335 -0.0760319465365   0.614452188044   0.337895907613 1777094077.39
0.00673887357275   -1.22572069577 -0.0688733126432 1.22767266389  -0.421966385571 0.00944472420408     8.6035296183 0.0796683131055  0.687980712606  0.831906193811 1777094077.41
0.00949275832258   -1.21231128799 -0.0489149172019 1.21333484272 -0.169056698432  0.075948126403   8.66198594371  0.16027703746 0.717816511136  1.16169844995 1777094077.43
 0.0129216261415   -1.19803062895 -0.0240603176607 1.19834187743 0.110355373313 0.142287910088  8.84284809113 0.126275604647 0.729400342002  1.20051814735 1777094077.45
 0.0147962804895   -1.18167678108 0.00150633893952 1.18177037276 0.407809260891 0.227713437652  8.92079706499 -0.0023754856162   0.921338445745    1.19452033156 1777094077.47
0.0128274993906  -1.16152331705 0.0232716117901 1.16182723703 0.702542735038 0.302527864904  9.05851682046 -0.253394082097   1.20215385451  0.933063117939 1777094077.49
0.00513477564936    -1.1358406069  0.0370825203386 1.13645737426 0.883134056173 0.325045043022  9.26964545688 -0.551248155751   1.44848090079  0.413097031173 1777094077.51
-0.00928181117748    -1.10342804044   0.0398399947619 1.10418604303 1.01650224712 0.32530741768 9.43529035257  -0.86865348765   1.76687061516 -0.172365755901 1777094077.53
-0.0301742370282    -1.0640208792   0.030076199928 1.06487346373  1.10153545742 0.299671629463  9.55489160333   -1.1611456687   2.11685997228 -0.785733576739 1777094077.55
-0.0558829001424    -1.0184705863 0.00830558758175 1.02003637998   1.1243921106 0.244499462334  9.62240180099 -1.35202507497  2.42055728242 -1.34540457046 1777094077.57
-0.0834409376626  -0.968656449559 -0.0229296679469 0.972513998368  1.06328592067 0.162002256253  9.63306136374 -1.33752918268  2.55329965805 -1.70503893178 1777094077.59
 -0.108957020297   -0.91715381909 -0.0593515837949 0.925508168868  0.959944786154 0.0721581731871   9.58653998024 -1.10999295568  2.52585878474 -1.79985296525 1777094077.61
 -0.128226727601  -0.866743567708 -0.0955498016238 0.88137181168   0.864966282185 -0.0105654688048    9.49110982463 -0.708415564516   2.41681485118  -1.65131854513 1777094077.63
-0.137468595666 -0.819884359986 -0.125812141009 0.840795262456   0.716754719273 -0.0734264319085    9.40539729319 -0.133637307588    2.0317383955  -1.13679255562 1777094077.65
-0.134045678435 -0.778275863257 -0.145049002926 0.802945064426 0.694470303674 -0.12675749051  9.26407411197  0.498793436856   1.88535608548 -0.581658534113 1777094077.67
-0.117026444448 -0.742616434325 -0.149650369087 0.766530880133  0.738977074662 -0.176266833833   9.08855028375  1.28349096742  1.80934089284 0.191027495217 1777094077.69
-0.0874639025257  -0.712609400342  -0.138116036352 0.731121146732  0.677004882168 -0.178682054073   9.07857260432  1.77073945953  1.42807908058 0.987559741807 1777094077.71
-0.0483251288089  -0.687209688209  -0.111334933596 0.697845212838  0.663980780261 -0.174917647177   9.09445474686 2.08293769062 1.18813689249 1.64013017601 1777094077.73
-0.00407347253521   -0.665042328701  -0.0724534093645 0.668989827031  0.651686803067 -0.161472059101   9.16724163058 2.09870550311 1.00550419625 2.01873924337 1777094077.75
 0.0400232684133  -0.644881365342 -0.0263528452097 0.646659346047   0.71704455544 -0.161863191848   9.20544420192  2.08653373989 0.982227600226  2.35903760404 1777094077.77
0.0787296467597 -0.626063084033 0.0211638988121 0.631348757091  0.775327240727 -0.155417042504    9.2805546676  1.78917923307 0.956339242933  2.39825683597 1777094077.79
 0.107667172356 -0.608724831278 0.0643185934281 0.621510274797  0.787204400472 -0.133825773049   9.39305608768  1.19786759716 0.854043011317  2.04094803515 1777094077.81
 0.123974858857 -0.593804629694  0.098253492811 0.614513997175   0.627075258827 -0.0812110984973      9.561001849 0.404138583116 0.550867830399  1.17680275448 1777094077.82
 0.126690275194 -0.582795073948  0.119711571861 0.60830205037   0.644507956431 -0.0470096027541    9.62235929002 -0.162248652135  0.372824409966  0.658312092375 1777094077.85
 0.116793613404 -0.577303145314  0.127390873355 0.602617709942   0.799287247701 0.00486680968125    9.63963309897 -0.891517836913  0.128229740241 0.0667603928851 1777094077.87
0.0969228794624 -0.578513538275  0.121940672561 0.599117255765  0.627551284296 0.0720062105987   9.70816742004   -1.2021639393 -0.245214457237 -0.568697034663 1777094077.89
0.0708277898876 -0.586679141463  0.105646228823 0.600308351193 0.521890616102 0.137263060896  9.73803176057  -1.37894822081 -0.565582738085  -1.01759367606 1777094077.91
0.0426730573427 -0.600764383138  0.081907062101 0.607822013991 0.395658857059 0.185214864998  9.75356984016  -1.30666855266 -0.759099147722  -1.22286770078 1777094077.93
0.0163227254078 -0.618343443714 0.0546367492223 0.620967165085   0.3034412216 0.231364494453  9.75321977731  -1.18627165933 -0.867139829783  -1.34140696549 1777094077.95
-0.00526592698287   -0.635806780367   0.0276988316443 0.636431628081 0.230402923666 0.276953017222  9.74103497071  -1.02016838373 -0.846979959343  -1.39269337967 1777094077.97
-0.0204364289122  -0.648862196822 0.00445461097891 0.649199231092 0.130169628427 0.236584306166  9.74130428248  -0.59089150873 -0.434928101638  -1.00382852505 1777094077.98
-0.0289566486813  -0.653244432563 -0.0125478496303 0.654006287973 0.0866828494896  0.189896147271   9.74015216084 -0.273301442734 0.0806494227118 -0.626598943401 1777094078.01
-0.0318666254787  -0.645489222477 -0.0217514310377 0.646641278381 0.0966105778329  0.134567191148   9.74313478209 -0.0512798420687   0.710066430458  -0.242240879204 1777094078.03
 -0.031097347445  -0.623602408163 -0.0226602979084 0.624788362237  0.160064424511 0.0694287385809   9.75853629266 0.0693554676275   1.37867846135  0.140784163267 1777094078.05
-0.0289480037447  -0.587471577161 -0.0158269418406 0.588397257796   0.305994933954 0.00828764664904    9.78741135705  0.09305561357  2.21056566674 0.519351841529 1777094078.07
 -0.0275327149394   -0.538923430409 -0.00276575973796 0.539633360406   0.490691712702 -0.0468009126078    9.84251597099 0.0167891995558   2.79170531241  0.790669023202 1777094078.09
-0.0283101524683  -0.481409772908  0.0142119676371 0.482450841235   0.688620243084 -0.0790262785253    9.91701619663 -0.109162476594   3.06536761474  0.897996260129 1777094078.11
-0.0317895607735  -0.419387874165  0.0322520573565 0.421825746457   0.835812174659 -0.0823495480577    9.99525260951 -0.21550605398  2.91554133077 0.802279182814 1777094078.13
-0.0374671600277   -0.35752632039  0.0483013883567 0.362714601263    1.01811229307 -0.0729582066671    10.0924902088 -0.284183329701   2.78183882676  0.634866513221 1777094078.15
-0.0439960236643  -0.299900174295  0.0595213364603 0.308898938384    1.34845501753 -0.0597904973733    10.2531154574 -0.321183403211   2.87767159988  0.410208597657 1777094078.17
-0.0495428266387  -0.249333298868  0.0637241724009 0.262073187762    1.49134586727 -0.0317073803941     10.373346774  -0.220459103584    2.48167584332 0.00650824859009 1777094078.19
-0.052248291545 -0.207005603288 0.0597649544825 0.221704879393     1.56506665598 -0.00760046861455     10.4766712024 -0.0305748649264    2.04823890048  -0.423495550664 1777094078.21
-0.050691517015  -0.17238145234 0.0478135456609 0.185933133564    1.41288447958 0.00513204512221    10.4790068151  0.189270511136   1.50635082299 -0.718699510361 1777094078.22
-0.0442624581183  -0.143448598647  0.0294410834305 0.152981838942    1.31887538415 0.00521919738683    10.4958665074  0.390393220448   1.24359707229 -0.908908950257 1777094078.25
-0.0333685848121   -0.11719927539 0.00748249660771 0.122086528166     1.46862764489 -0.00428202142194     10.6397852915 0.651361538018  1.39584327456 -1.14823865224 1777094078.27
-0.0194361076883 -0.0902466635365 -0.0143235134852 0.0934204774132    1.38950423973 -0.0200221702646    10.6546048133 0.758159470457  1.52740235287 -1.04099369648 1777094078.29
-0.00470630506499  -0.0594557066152  -0.0318723537982 0.0676237923597    1.21463109137 -0.0316376761061    10.5973768341  0.68676647492  1.68808697583 -0.67267244837 1777094078.31
0.00813473269737 -0.0224769364641 -0.0413285368565 0.0477434237102    1.07407575341 -0.0340948327431    10.5470711671  0.502158350971   1.93316570761 -0.187346836146 1777094078.33
 0.0164263965338  0.0218991368538 -0.0397566093843 0.0482699356511    1.00198477496 -0.0253081824051    10.5333480416 0.234318022509  2.27709877477  0.37166414336 1777094078.35
0.0180221918638 0.0736092327193 -0.025645517677 0.080005069327     1.00886943089 -0.00297196488861     10.5712516762 -0.117956747091   2.74022326871   1.01386395031 1777094078.37
  0.0117125464734    0.131405391809 0.000759959283902 0.131928534743 1.07972501266 0.03603823852 10.6539426522 -0.560756056461   3.26669957611   1.72260701224 1777094078.39
-0.00249378883003    0.193125633236   0.0373782727913 0.196725352897   1.05396922307 0.0799833061715   10.6517064085 -0.924283645318   3.29261466859   2.10539113142 1777094078.41
-0.0232860441269   0.256082349337  0.0804819392577 0.269439700192 0.929153044757 0.105844271264  10.5537640431 -1.02351799212  2.78549730979  1.96569621053 1777094078.43
-0.0481915065712   0.317491663742   0.125142074977 0.344650426927  1.04309574029 0.144818811093  10.6277829758 -1.1989936673 2.81249310914  2.0217023588 1777094078.45
-0.073926562354  0.374870390043  0.165870259432 0.416540380895  1.26428995652 0.185952862163  10.7570663452 -1.30128049688  2.90775296785  1.92938851413 1777094078.47
-0.0969050132549   0.426343555377   0.197368839693 0.479701852912  1.33976847752 0.187362376133  10.7458369948 -1.04999735979  2.52587122598  1.30057656262 1777094078.49
-0.113816310284  0.470829075622  0.215279594382 0.530074970825  1.46577542979 0.177295977931  10.7429093713 -0.682143874124   2.20728030565  0.525106315596 1777094078.51
-0.122168203722    0.5080901559  0.216816146002 0.565764896128  1.42480925862 0.135079854269  10.6182459799  -0.17185304076     1.695836095 -0.352453126569 1777094078.52
-0.120690712169  0.538665284963  0.201180894545 0.58753747928   1.32615396128 0.0864936962288   10.4657647769 0.286198281383  1.25853123934 -1.06628643225 1777094078.55
-0.109522349943  0.563699162192  0.169701599246 0.598790884516   1.39612102442 0.0490874301379   10.3972077912 0.725292669439  1.09313344385 -1.79279339874 1777094078.57
-0.0901419183109   0.584707261731   0.125669755005 0.604814876372     1.3851901679 0.00944799305323    10.2905615677  1.07062257822 0.953915989144 -2.30662827319 1777094078.59
-0.0650615499394   0.603313372536  0.0739119713952 0.611296172307    1.41883480036 -0.0257436222683    10.1982187669  1.36492682973 0.938344049024 -2.72763514371 1777094078.61
-0.0373467694085   0.621002257705  0.0201652690313 0.622450980668     1.3163288115 -0.0507504254978    10.0726400315  1.41469370729 0.916065457967 -2.66393680776 1777094078.63
-0.0100645117811   0.638925948381 -0.0296501166474 0.639692731965    1.13137455477 -0.0609560944817    9.94799774668  1.24646896702 0.889115180401 -2.18306372509 1777094078.65
 0.0142278668959   0.657790812635 -0.0701624652565 0.661675114323    1.06418796247 -0.0688336620924    9.84884618087  1.10668381046 0.980497082612 -1.70214667577 1777094078.67
 0.0338521364791   0.677835115652 -0.0971965794586 0.685604540689    0.95013812639 -0.0695513761846    9.75004764521  0.853147435535   1.03297031038 -0.957773769639 1777094078.69
0.0481702593805  0.698887441704 -0.108267406849 0.708862371301   0.846008064839 -0.0707195329997    9.65434500932  0.592487264245   1.06767679713 -0.142025658528 1777094078.71
0.0575171370142  0.720480035636 -0.102869338162 0.730056027668    0.75472164451 -0.0764263343911    9.55920144239 0.367287968714  1.07190038593  0.64009443594 1777094078.73
 0.0629368101303      0.741982432 -0.0825328667108 0.749206677462    0.68726727046 -0.0900019426194    9.45933604752 0.206995747406  1.05589269697  1.30546205939 1777094078.75
 0.0657983408599    0.76272275208 -0.0506421906867 0.767228811814 0.654238092721 -0.11383856759  9.34356944948 0.115608817412  1.04016394911  1.82908102836 1777094078.77
 0.0673930499111   0.782076432375 -0.0120293893526 0.785066924192  0.586169487808 -0.132506383527    9.2667028467 0.0703606764108  0.919668769792   1.95593590374 1777094078.79
 0.068613553671  0.799519773297 0.0276170884283 0.802933615695  0.534148026355 -0.147790864437   9.20615316856 0.0577747620335   0.78612552422   1.79739762731 1777094078.81
0.0697877325164  0.814660229385 0.0624702136119 0.82002691696  0.510574616035 -0.159117334305     9.146978465 0.0501108564098  0.667431792008   1.43668863654 1777094078.83
0.0706962890079  0.827259945343 0.0873295420927 0.834855335594   0.51775520634 -0.164334676899   9.08019915752 0.0242437290569  0.567111690608  0.900026358688 1777094078.85
0.0707539721995  0.837262602927 0.0983409817417 0.845982115374  0.530533281549 -0.151743175767   9.03891511062 -0.036651791948  0.458968153061   0.16320862988 1777094078.87
0.0692938959456  0.844821262797 0.0935743295392 0.852807578084  0.502048056376 -0.109279948838   9.08897683547 -0.122020241797  0.326083343989 -0.623859390232 1777094078.89
0.0658700252579  0.850314320635 0.0733705660465 0.856011999955    0.49343657642 -0.0588365326139    9.13003623287 -0.218676425501  0.236270147034  -1.32085895468 1777094078.91
0.060489444956 0.854334080309 0.040393297775 0.857424814332     0.484731540096 -0.000210681580063      9.17613236227 -0.303259074763  0.182602749794  -1.84509070092 1777094078.93
  0.0537045347733    0.857639582103 -0.00064678490252 0.85931964261 0.468634866415 0.060927872683  9.22085467564 -0.350189123434  0.169234029792  -2.10697393825 1777094078.95
0.0465323222996  0.861079064528 -0.043582164974 0.863436052925 0.456518597012 0.121465967565  9.23446978021 -0.352405212488  0.205381185681  -2.11580271886 1777094078.97
 0.0402154678759    0.86550098839 -0.0816336812509 0.870271970522  0.41269026265 0.166538873544  9.24966806369 -0.277303278931   0.27603285744   -1.6881411705 1777094078.99
 0.035884026706  0.871678576625 -0.108405870833 0.879126291923 0.346058547439 0.185589360776  9.25733111157 -0.149203039344  0.366671388281 -0.925209595769 1777094079.01
0.0342068701739  0.880267315341 -0.118893057973 0.888918565257 0.304594725888 0.197563076341   9.1914399749 -0.0191710658087   0.510546870334 -0.0490683721963 1777094079.03
0.0351284836699  0.891799530582 -0.110339684387 0.899285971792 0.24820893642 0.17504439333 9.14675048689 0.0850515867975  0.631074705832  0.861562474672 1777094079.05
 0.0377694906431   0.906701621263 -0.0828041356687 0.911257861041 0.237284533832 0.155631467659  9.00462114715 0.135401691379 0.839576257733  1.77988864579 1777094079.07
 0.0405321820471   0.925305883533 -0.0393067357667 0.92702689031 0.251592331891 0.122048234352  8.83123338734 0.0963157320364   1.08986974182   2.57875103968 1777094079.09
0.0414038026364   0.94782602109 0.0145006932837 0.948840719633  0.258433391766 0.0674919691976    8.7943037622 -0.0521591546207    1.19838740917    2.70260721961 1777094079.11
 0.038400813012  0.974275346987 0.0711293589885 0.977622861791  0.301564605619 0.0226432332568   8.72143464207 -0.273328311673   1.36118925713   2.59970877058 1777094079.13
0.0300582415158   1.00432750759  0.122411778571 1.01220644333  0.360524369576 -0.014173761858   8.66718581112 -0.543753687822   1.51596565265   2.16324301695 1777094079.15
0.0158498938981   1.03714649541   0.16084483015 1.04966429465   0.447297031037 -0.0418856079203    8.57069951233 -0.87253730703  1.73630979377  1.51735799714 1777094079.17
-0.00356612680543      1.0712384804    0.180885157028 1.08640878089   0.486038346118 -0.0524976808521    8.60614634468 -1.10011262061  1.75320907583 0.498120798385 1777094079.19
-0.0263466226852    1.10439353399   0.179951021767 1.11926832917   0.468366616693 -0.0449303914005    8.72374447321  -1.16979315595    1.5851236887 -0.556707459091 1777094079.21
-0.0497221943573    1.13378208111   0.158919370206 1.14594479373   0.429564457904 -0.0264247778541    8.79790349262 -1.16593834996     1.37016034 -1.53163518548 1777094079.23
-0.0704692148001    1.15624449662    0.12198936834 1.16479554094   0.274337295223 0.00197272947583    9.03825434163 -0.832061030264  0.813675389992  -1.93085597772 1777094079.24
-0.0854960432839    1.16876545302  0.0759036447565 1.17434391082   0.13089472809 0.0291868176577   9.11273914332 -0.541678392877  0.316489871803  -2.30361989508 1777094079.27
-0.0924161896515    1.16906759488  0.0286544881429 1.1730647353 -0.0715053262161  0.0532645496789    9.15497750615  -0.12153135049 -0.340030388129  -2.38209198377 1777094079.29
-0.0899846698992    1.15620680504 -0.0120762998041 1.1597660341 -0.272521461347 0.0524469456168   9.28571355984  0.344097308959 -0.927978285019  -1.68475020244 1777094079.31
-0.0783079919327    1.13101992411 -0.0404212888069 1.13444792341 -0.470610059216 0.0376891856811   9.31269507631  0.76123460427 -1.46251623575 -1.00973306382 1777094079.33
-0.0587926475689    1.09627936765 -0.0534506883274 1.09915513165  -0.614512102578 0.00263835986237     9.3191798547   1.05122349453  -1.76334606454 -0.265954594565 1777094079.35
-0.0338562908243    1.05645563534 -0.0516673598922 1.0582600219   -0.74408554888 -0.0491824712384    9.26611094645  1.27688847449 -1.93310424034 0.358423154745 1777094079.37
-0.00647506684089     1.01707484888  -0.0387651204742 1.0178339301 -0.807264415413 -0.113534958278   9.19960395549  1.35292794449 -1.81490796052 0.772950488176 1777094079.39
 0.0203307715505   0.983765488564 -0.0207093798416 0.984193454142 -0.782233985887 -0.176173947962   9.14755404116  1.25346101413 -1.38882640493 0.855122032941 1777094079.41
  0.0439675535737    0.961184763444 -0.00435272501114 0.962199688972 -0.742542706281 -0.241644868524    9.0657497956   1.10873252087 -0.831256849759  0.650610468431 1777094079.43
 0.0626104931887    0.95206685291 0.00410059820298 0.954132161271 -0.568111793002 -0.253889954482   9.10669986287  0.756030865547 -0.109857928472  0.115443370707 1777094079.45
  0.0753701217331    0.956621694336 0.000442341542846 0.959586325971 -0.447015689431  -0.26432106472   9.10383267972  0.479893879446  0.497022507331 -0.506677398213 1777094079.47
 0.0822773935703   0.972435714772 -0.0166639381727 0.976052496382 -0.369527644853 -0.272885288237   9.05844291851 0.23860102149 1.04436408986 -1.2517056107 1777094079.49
 0.0841172246773   0.994908035896 -0.0454451310433 0.999491354297  -0.25318625948 -0.202694102962   9.18552569008 -0.00286384696157     1.13158511528     -1.6039977351 1777094079.51
 0.0821617452818    1.01813155105 -0.0814368102351 1.02468256631 -0.222929108818 -0.140396326931    9.2596278912 -0.154796282319   1.01764574412   -1.8062232734 1777094079.53
0.0778619742495   1.03603065771 -0.118433827764 1.04568091802  -0.250636000519 -0.0710632019257      9.340918271 -0.237252773144  0.626874033302  -1.68678111313 1777094079.55
0.0725537044035   1.04351810927 -0.149746493923 1.05670151738   -0.339304980609 -0.00593806685343     9.40961662961 -0.268430228868 0.0355434800467  -1.28831643898 1777094079.57
0.0672241014004   1.03743924356 -0.169489726069 1.0533404156 -0.485718511611 0.0500112021725   9.45994740513 -0.270544661177 -0.701295226006 -0.635102940912 1777094079.59
0.0623720547955   1.01712563776 -0.173647891871 1.03372550832 -0.617770745197 0.0844659602097    9.5203108988 -0.240725871689  -1.37931098965  0.228212410471 1777094079.61
0.0579788087925  0.984465570196 -0.160725024142 0.999182933479 -0.775789291336  0.102756771871   9.54568895173 -0.237202237562  -1.98813350596   1.12754506523 1777094079.62
0.0535873292315  0.943495610429 -0.131889542283 0.954175256499 -0.731432271245 0.0839406560375   9.60441922537 -0.215252815215  -1.92121607128   1.58695452942 1777094079.64
 0.0484713181477   0.899607475281 -0.0906309102646 0.905459574007  -0.78780165075 0.0754584844027   9.60453130018 -0.273965479587  -1.98485111265   2.09899166436 1777094079.67
 0.0418599222205   0.858531778892 -0.0420397933374 0.860579114713 -0.904939832445 0.0751237683168   9.57008810047 -0.423898143666  -2.05927745011   2.73633304484 1777094079.69
 0.0331741915858   0.825294746502 0.00811458680345 0.826001084812 -0.752839193964  0.062998463521   9.59418912962 -0.505019100101  -1.41982167671   2.47877743348 1777094079.71
0.0222286975599  0.803340127115 0.0543158428562 0.80548102747 -0.615242645047 0.0666110464259   9.61198627351 -0.606261731187 -0.797454841681   2.13714434922 1777094079.72
0.00935824491128   0.793968108174  0.0920686172798 0.799343207786 -0.421649416834 0.0737424472031   9.65527369288 -0.615462333231 -0.164636473066   1.47229101533 1777094079.74
-0.00455547334111     0.79617534839    0.118388154095 0.804942043101 -0.303314862197 0.0944679953629   9.68618008828 -0.643587422955  0.302432040185  0.933117965224 1777094079.77
-0.018163327245   0.80690093582   0.13197131347 0.817823608282 -0.239981099378  0.125391910633   9.71535197757 -0.661862718578  0.666254886867  0.384944500046 1777094079.79
-0.0298224684132   0.821610017047   0.133083634763 0.832852720219 -0.19997343759 0.130131795616  9.76158619845 -0.504161944831  0.722430912014 -0.223448055141 1777094079.81
-0.0378388825756   0.835094712696    0.12325097149 0.844988616599 -0.235903909989  0.115684404549   9.80244182233 -0.275214663065   0.52259996806 -0.711129615198 1777094079.83
-0.0407436435403   0.842348031908   0.104864313237 0.849827497519  -0.32697512213 0.0744169903509   9.83537245397 0.00660178351366    0.10144203454   -1.00750993706 1777094079.85
-0.0375606613361   0.839369819343  0.0807911327433 0.844085128429 -0.502610374581 0.0177168021213   9.86541625683  0.312042692974 -0.455204853824  -1.24631127359 1777094079.87
-0.0280203813949   0.823787460501  0.0540470840381 0.826033903145  -0.707678262944 -0.0604660974835    9.89522708783 0.617442105127  -1.0957854438 -1.32143145141 1777094079.89
-0.0126776637109   0.795209522581  0.0275372723499 0.795787163335 -0.963769588812 -0.156623054174   9.93722584206  0.92379373572 -1.80249977566 -1.32067851245 1777094079.91
0.00709489171379   0.755270789026 0.00384541578675 0.75531390128   -1.2077658718 -0.258621066003   9.99595321168  1.16144112416 -2.43350719604 -1.17724428507 1777094079.92
 0.0292463804687   0.707368252735 -0.0149572117791 0.708130576894  -1.11570929536 -0.278533038065   10.0232234191   1.01988500059  -2.28715755924 -0.722972144255 1777094079.94
0.0513046989897  0.656127459292 -0.027493861823 0.658704279183  -1.19568561587 -0.326618883146   10.1067499948  0.986049070138  -2.39431699004 -0.434640068847 1777094079.97
 0.0707148023045   0.606674940446 -0.0332360563798 0.611685950528  -1.30392638259 -0.372070924765    10.242536475   0.89832474309  -2.44598672857 -0.134856275496 1777094079.99
0.0852053259615  0.563821771064 -0.032583015078 0.571153735845  -1.21155094415 -0.343797042176   10.3567750861 0.596718302861  -2.0077344799 0.171032557521 1777094080.01
 0.0931226963374    0.53128073642 -0.0268134623237 0.540046312112  -1.05155518579 -0.275871832359   10.4621535872 0.222909569121 -1.38908911807 0.387026885356 1777094080.02
 0.0936752225023   0.511040541607 -0.0178771516628 0.519862553978  -0.76544055832 -0.161252274349   10.4629141051 -0.138152091227 -0.642881733232  0.426823493765 1777094080.04
  0.0870457624234    0.503002121361 -0.00803866028127 0.510541593711  -0.647108222407 -0.0750356029639    10.5567579627 -0.449865120937 -0.141948143754    0.4293507036 1777094080.07
  0.0743568787693    0.504944930044 0.000560251212204 0.51039067554 -0.636465962794 0.0159108951584   10.7561698441 -0.806527621827  0.268529775997  0.391790338911 1777094080.09
 0.0574992627582     0.5128394967 0.00631426800559 0.516091449816 -0.583716412418  0.105855496703   10.8278581808 -0.989994592858  0.460653652886  0.219561582059 1777094080.1
 0.0388551395745    0.52146421809 0.00843384777496 0.522977802978 -0.558578352791  0.160464696864    10.819327462 -0.977247430901  0.331363916588 0.0187534258907 1777094080.12
 0.0209602204991   0.525229112439 0.00701545400973 0.525693987023 -0.510746674608  0.154637540095   10.6690914041  -0.726894895397 -0.0532696683008  -0.123177280536 1777094080.14
0.00615174603386   0.519067586972 0.00289203546323 0.519112095499 -0.606979416911  0.151573872065   10.7115543297 -0.562926200189 -0.592053709827 -0.220833093957 1777094080.17
-0.00375130750588    0.499238934995 -0.00267875312419 0.49926021496 -0.849993528535   0.14482187351   10.9270628987 -0.378676763163  -1.50875989568 -0.308391989071 1777094080.19
-0.00769549740633    0.463896085574 -0.00838507304482 0.46403567572 -0.964450627392 0.0888462239306   10.9735110877 -0.0486195310716   -2.33966927533  -0.285916556501 1777094080.2
-0.00553682716053    0.413316150789  -0.0131788468102 0.413563270808  -1.01848376367 0.0268324945162   10.9985196505  0.252343497606  -2.98997146089 -0.211535365252 1777094080.22
0.00193732123179   0.349758598025 -0.0164601050086 0.350151060491  -0.903008282133 -0.0212301265595     10.886998342  0.411750478883  -3.00963761844 -0.108653056787 1777094080.24
 0.0131137053188   0.276992461972 -0.0181003647403 0.277892814697  -0.902909189607 -0.0512424994972    10.9678461231   0.522351419811   -3.28993527216 -0.0410275489673 1777094080.27
 0.0257783074959    0.19960048864 -0.0183326704775 0.202091471887   -1.05368979152 -0.0770479067055    11.3270449521  0.643822947698  -4.09678195366 0.0139762495206 1777094080.29
 0.0374387476909   0.122207058673 -0.0175723113943 0.129015546141   -1.02568814666 -0.0736688764694    11.5274394633  0.553123145418  -4.18628675836 0.0580973916511 1777094080.31
 0.0457059137219  0.0487793292642 -0.0162395706802 0.0687908218333 -0.899396053405 -0.045792099929   11.6104007413  0.305956359069  -3.81228110002 0.0798950057922 1777094080.32
  0.048681500682 -0.0178800271795 -0.0146364684588 0.0538870122528   -0.668439467196 -0.00441393484547     11.4423293032 -0.00975711210996    -2.92650853551   0.0781752603918 1777094080.34
 0.0452886168835 -0.0763829878055 -0.0128961337452 0.0897314321232 -0.531821929001 0.0358927530165   11.4137011656 -0.291796785573  -2.40696263092 0.0805631218543 1777094080.37
 0.0354839752245  -0.126743291504 -0.0109927208091 0.13207503303 -0.507371946141 0.0914041029935   11.7019770193 -0.637888198888  -2.39400840051  0.104994718702 1777094080.39
  0.0203049524013   -0.170147228546 -0.00878388832505 0.171579506841 -0.450815513073  0.152521381155   11.8572924392 -0.928623568608  -2.25184995126   0.13572388253 1777094080.41
 0.00173159713963   -0.208590547502 -0.00605960910147 0.208685729743 -0.380636777302  0.202956321546   11.8291346439 -1.04210741775 -2.04230825473 0.170342244007 1777094080.42
 -0.0176221261603   -0.244476212588 -0.00258435115566 0.245124125134 -0.265619406032  0.190765633049    11.333351301 -0.781657475592  -1.52758852548   0.16893442791 1777094080.44
-0.0349387876184  -0.280255260923 0.00186571709804 0.282430896071 -0.276740868934  0.224660837657   11.3488385176 -0.674078237192  -1.65284094549  0.225337043082 1777094080.47
-0.0476731652027  -0.318161409711 0.00746138523771 0.321799760067 -0.386248604246  0.294132556327    11.669073802 -0.542888177859  -2.27459374994  0.353549774224 1777094080.49
-0.0539840576481  -0.360051163545   0.014268733398 0.364355205264 -0.425013219081  0.253393550782   11.4384883332 -0.141715403652  -2.35463848256  0.388984888069 1777094080.51
-0.0530397149313  -0.407328036513  0.0221916593766 0.411365786661 -0.524692286178  0.202619924095   11.3492238384 0.233540775127 -2.66320390312  0.43980740511 1777094080.52
-0.0451394950162  -0.460910954345  0.0309249431683 0.464147426962 -0.568736573338  0.105206438506   11.0867616394 0.493573556021 -2.62559468562 0.409201308167 1777094080.54
-0.0316323665328  -0.521205734178  0.0399396016279 0.523689980553 -0.684350259877 0.0119516844671   11.0149041368 0.691711056343  -2.8849135016 0.399165342304 1777094080.57
-0.0146547955157  -0.588053234889  0.0485167329765 0.590233211091  -0.94616286301 -0.102975722249   11.1664036953  0.91843622601 -3.67124087067 0.418366521708 1777094080.59
0.00325341804144  -0.660653759537  0.0558307913873 0.663016630248  -1.13194685795 -0.218823831744   11.1865165751 0.932470153715 -4.07103488947 0.341839370132 1777094080.61
0.0195750945035 -0.737496169846 0.0610652569128 0.740278832917  -1.23347600581 -0.292949417457   11.1307190569 0.766689400987  -4.1234394211 0.203974506063 1777094080.62
0.0322008827267 -0.816340165101 0.0635321432037 0.819441575236  -1.26753410311 -0.308743476388   11.0394268566  0.503828065628  -3.92402911676 0.0426061663045 1777094080.64
0.0397081375399 -0.894300946065 0.0627678055367 0.897379917166  -1.16672057099 -0.250314353463   10.8516277479   0.20246980536  -3.30423169451 -0.107621843869 1777094080.66
0.0414979370564 -0.968064623606 0.0585903390283 0.970723452938  -1.34413220605 -0.208305842334   10.9156927859 -0.0466985903058   -3.40278549102  -0.283228937365 1777094080.69
0.0377878333933  -1.03422771999 0.0511210791736 1.03617964749  -1.54501990886 -0.111190357757   10.9619168377 -0.332545356215  -3.36751555215 -0.492894008729 1777094080.71
0.0294845958872  -1.08971754242 0.0407843351963 1.09087901513  -1.39554824692 0.0337803275839   10.7176372228 -0.499375093659  -2.47011553637 -0.575271375719 1777094080.73
0.0179764375492  -1.13222306916 0.0282986975873 1.13271931516 -1.28047208968 0.154029461533  10.4873747098 -0.581804733629  -1.67560319723 -0.617936348321 1777094080.75
0.00488841259846   -1.16055478553  0.0146606637898 1.16065767643 -1.22134631648 0.246043810031  10.2714103177 -0.610046656203  -0.99521828808  -0.63475171981 1777094080.77
-0.00815883630149    -1.17485964824  0.00110502337274 1.17488849716 -1.25788812391 0.319258728482  10.0595482866 -0.618657696036  -0.40391031803 -0.643756206175 1777094080.79
-0.0197547695004   -1.17664386933 -0.0109822749754 1.17686093338 -1.24559894538 0.333048597045  9.80721433595 -0.541446778775  0.163926890504  -0.55800791769 1777094080.81
-0.0288472136008   -1.16859609383 -0.0202161457425 1.16912688995 -1.17579433346 0.280393330149   9.5596331984 -0.394914763685  0.587043917784 -0.378512347488 1777094080.83
-0.0348224909977   -1.15424558222 -0.0254241727207 1.155050587 -1.00817924384 0.171957505551  9.38628888286  -0.20828435661  0.746528373792 -0.136155165315 1777094080.85
-0.0375171540297   -1.13752147721 -0.0258836725389 1.13843428114 -0.929236234513 0.0685535823183    9.2427011857 -0.0559663256904   0.761870993929  0.0929388063277 1777094080.87
-0.0371697439194   -1.12229236939 -0.0215262772987 1.12311403378   -0.88535760233 -0.0324414547762     9.1273170171 0.0784839564223  0.628999329139  0.315879892947 1777094080.89
-0.0343276879413   -1.11195992143 -0.0130468043117 1.11256616708 -0.835704347255 -0.118894344945   9.06461217805 0.187727199764 0.331311651176 0.495918851982 1777094080.91
  -0.029729008025    -1.10916053501 -0.00187008891857 1.10956045513 -0.811431106474  -0.18180896827   9.02544578304   0.269344669999 -0.0966138532495   0.612662303624 1777094080.93
-0.0241800249577   -1.11559988513   0.010035481222 1.11590702489 -0.706826242031 -0.188116282446   9.10604573391  0.279900837582 -0.566962638731  0.554211127765 1777094080.95
-0.0184475662423    -1.1320120422  0.0204674668644 1.13234733787 -0.649196786383 -0.169429564187     9.168834982 0.264417427509 -1.02393304116 0.416313314041 1777094080.97
-0.0131775520913   -1.15820598568  0.0273583785242 1.15860400224 -0.656917967494 -0.140405255537   9.17990975112 0.240673141703 -1.53202095364 0.217014679961 1777094080.99
-0.00884342999171    -1.19314781279   0.0291275048727 1.19353605767  -0.652352066605 -0.0923465045021    9.20182154571   0.186592133534    -1.9224185677 -0.0602668756965 1777094081.01
-0.00572054692262    -1.23503390401   0.0249498611068 1.23529913959  -0.665493426358 -0.0441996236471    9.19352550457  0.124903492261  -2.21830636702 -0.357731754593 1777094081.03
-0.00387787842056    -1.28133681749   0.0149058410592 1.28142938232   -0.679252093466 -0.00402519200982     9.16225911694 0.0636351561105  -2.34695415206 -0.623978516371 1777094081.05
-0.00317708509654     -1.3288403572 9.78656798388e-06 1.32884415523 -0.689510171072 0.0215512819827   9.10655688896 0.0150231681407  -2.28722148892 -0.811289917795 1777094081.07
-0.00327115691173    -1.37370791124   -0.017858688926 1.37382788538 -0.706378282374 0.0312419639701   9.01098638673 -0.0106361847994   -2.07428953566  -0.904389114629 1777094081.09
-0.00360163692276    -1.41163728365  -0.0360896285393 1.41210313138 -0.687384720906  0.024665225749   8.91851655589 -0.00327481399443    -1.59163151371   -0.831609775157 1777094081.11
-0.00340373198055    -1.43814230593  -0.0515249439738 1.43906903842  -0.665699468607 0.00600807678412    8.78319921262 0.0470000608694 -0.941766682343 -0.620612274297 1777094081.13
-0.00173846722386    -1.44897066394  -0.0606918516608 1.45024222393  -0.600959874983 -0.0222963945933    8.65270306434   0.148547413362 -0.0633284839656  -0.218792248861 1777094081.15
0.00242571161656   -1.44062750454 -0.0601110044467 1.44188308256  -0.476511597028 -0.0538145178825    8.57236272783 0.292894529292 0.943617340962 0.347020702507 1777094081.17
 0.0100673854066   -1.41093578737 -0.0467043071225 1.41174446719 -0.339088410276 -0.089478200333   8.42878730321 0.500476087964  2.08324688232  1.07406404929 1777094081.19
 0.0219069481939   -1.35953626694 -0.0183026216954 1.35983593182 -0.142119689837  -0.11701934334   8.39176614592 0.702870430811  3.06919210531  1.81321920924 1777094081.21
0.0381704454107  -1.28821944291 0.0257941307181 1.28904292139 0.0751811433777 -0.141061463528   8.35109986757 0.910840621596  3.96001511151  2.56293044553 1777094081.23
0.0583733296723  -1.20099324822 0.0843067669432 1.20536295731  0.306820571654 -0.156884065364    8.3509605712 1.06986737064 4.58608406372 3.18010079812 1777094081.25
0.081187015769 -1.10382499066 0.153657671081 1.11742186367  0.524310229535 -0.160334228473   8.41599846471 1.11879884799 4.78232164374 3.48892853601 1777094081.27
0.104446949662 -1.00405090199  0.22798547007 1.03489359533  0.773247812386 -0.167428519122   8.39874437015 1.13815596858   5.009135209 3.76196332752 1777094081.29
 0.125337971139 -0.909512338296  0.299590460225 0.965751906226  0.919327808873 -0.148948807781   8.53743672821  0.9066532769 4.40782362346 3.29214598433 1777094081.31
0.140753900956 -0.82753950377 0.359819531615 0.913292607145   1.01230475699 -0.122314290199   8.67641279769 0.547575481466  3.55133847521  2.45671402584 1777094081.33
 0.147782761007 -0.763945108707  0.400289691552 0.875033548346    1.09376011457 -0.0917527121078    8.76704059576 0.0868818414111   2.63261570127   1.36027100209 1777094081.35
  0.14423035201 -0.722199199269  0.414248805699 0.844971094706    1.09335529673 -0.0501858022618    8.87928505529 -0.468010303933   1.52649991327 -0.061986857666 1777094081.37
0.129075756586 -0.70292884392 0.397811993068 0.817938807235     1.08040474206 -0.00339727630225     8.95004418839 -1.07427362489 0.475869983691 -1.64324577099 1777094081.39
 0.102759326485 -0.703828817847  0.350813303109 0.793098012638  0.957936583568 0.0447393139365   9.06519569275  -1.54176103561 -0.425504576448  -3.01004127076 1777094081.41
0.0672351823627 -0.719995981261  0.277078185222 0.774394669084  0.837850036716 0.0866554064017   9.15116441017  -1.86426357017 -0.987905322555  -4.03830150235 1777094081.43
0.0257677990793 -0.744627952118  0.184036992204 0.767466208405 0.772091836949 0.125149063868  9.18559166306 -2.11316354726    -1.24636851 -4.87182450984 1777094081.45
-0.0174958288016  -0.769971320024  0.0817338080818 0.7744949019 0.726916541237 0.153651261617  9.21059273628 -2.17415052921 -1.13405271932 -5.25278875808 1777094081.47
 -0.058102505893  -0.788375312821 -0.0185952492976 0.790732140711 0.680910635848 0.160597224138  9.25703665648  -1.93683424465 -0.607274720927  -4.88917074843 1777094081.49
-0.0919144680718   -0.79330452911  -0.106121933969 0.805631559844  0.60101516515 0.134683405121  9.35364828548 -1.36303068205 0.193974084996 -3.63059826247 1777094081.51
-0.115668667306  -0.78018302219  -0.17192973278 0.807232693666 0.610455750523 0.107744507225  9.39933656971 -0.846930425872   1.10629736984  -2.48468889622 1777094081.53
-0.127384025059 -0.746972650593  -0.21018102986 0.786365624812  0.671211794023 0.0702661228426   9.42577414869 -0.27634259469  2.17567548639 -1.18863794502 1777094081.55
-0.126561337102 -0.694423840973 -0.218782591842 0.738991248564  0.704310685533 0.0169564812274   9.47215150189 0.335237199494  3.06781175217 0.271275172671 1777094081.57
-0.114161738378 -0.625973290946 -0.199481506932 0.666834563513   0.735377371742 -0.0382980831604    9.50952052433 0.857782256968  3.69295024823  1.54024188338 1777094081.59
-0.0923881246232  -0.547300287785  -0.157420850302 0.576935433728    0.80106149382 -0.0916316488869    9.51776694222 1.29426040341  4.1649038581 2.57654178534 1777094081.61
-0.0643224385097  -0.465591429799  -0.100264194615 0.480588872447  0.850989582561 -0.133556282816   9.51469700023 1.55067869033 4.17798750276 3.16893948085 1777094081.63
-0.0334861999498  -0.388601063563 -0.0370499212641 0.391796897455  0.848953287016 -0.150200209923   9.51355420443 1.53798010129 3.58336718397 3.11245705837 1777094081.65
-0.0033914527081    -0.3236272426  0.0230436925756 0.324464336826  0.873802578226 -0.152439045031   9.49296714053 1.42153793796 2.82693376887 2.74731032991 1777094081.67
0.0228624757845 -0.276543572862 0.0718513572652 0.286638549451  0.911836140776 -0.138719311861   9.46425071788 1.20204739534 1.88483414363 2.07984023985 1777094081.69
0.0429080913543 -0.251028639731  0.103153391412 0.274767364199  0.907787609458 -0.103444964863   9.45496570276 0.846687004729 0.741618031451  1.08108067151 1777094081.7
0.0553221108006 -0.248111991312  0.113296996355 0.278309729545   0.839224114414 -0.0536540813461     9.4797713333   0.422762158696  -0.379236206788 -0.0424270869951 1777094081.72
0.0597192791372 -0.266109012833  0.101466273225 0.290991071364    0.656179915991 -0.00319279942116     9.55906071337  0.030053558186  -1.13361095531 -0.937292163235 1777094081.74
0.0567229894813 -0.300952703538 0.0696072408559 0.314062406668  0.618075731635 0.0387750024818   9.59211885206 -0.279117772759  -1.89347420277  -1.86218931084 1777094081.77
0.0478157090569 -0.346860240693 0.0220492560094 0.350834060914  0.579435915416 0.0824799417618   9.64141912822 -0.601725790515  -2.67664224052  -2.91193556312 1777094081.79
 0.0350833766183  -0.397211668619 -0.0351134795472 0.400301023541  0.351764397185 0.0870029405532   9.75446142309 -0.656334633327  -2.40331000503  -2.84761127739 1777094081.81
 0.0208824328603  -0.445482207088 -0.0948050087816 0.455936906297   0.18761769318 0.0815220094037   9.85135065477 -0.664430964579  -2.13829898402  -2.76070490222 1777094081.83
0.00747299583988   -0.48606852857  -0.149834372508 0.50869322712 0.0427445852896 0.0624575335063   9.94891454724 -0.602981849451   -1.7285498452   -2.4646620477 1777094081.85
-0.00332724446148   -0.514883357429    -0.19376101042 0.550144773194 -0.0740980275332  0.0292233638348    10.0326422689 -0.44317151479 -1.08001219785  -1.7801240585 1777094081.87
-0.0104107534255  -0.529651355321  -0.221669522695 0.574261542567   -0.140031829522 -0.00584050923367     10.1015017595 -0.253931958489 -0.374213152874 -0.921804704963 1777094081.89
-0.0135201724093  -0.529904419477  -0.230762611146 0.578128767271  -0.150723291429 -0.0352111826508     10.168834471 -0.0745309006257   0.341374998044  0.0259304081686 1777094081.91
-0.0132322205705  -0.516728147188  -0.220687892336 0.562037557091 -0.0775442348361 -0.0445227398543    10.1771124429 0.0687389862355  0.944895333486  0.936430736282 1777094081.93
-0.0107876270022  -0.492342483448  -0.193537163877 0.529125814628  0.0495528005337 -0.0318804120798    10.1624613178 0.129444152845  1.36165898706   1.6016695692 1777094081.95
-0.00780213257388   -0.459607543756   -0.153499019674 0.484625542652     0.212335742467 -0.000486613958942      10.1362801637 0.111102045923  1.61597523268  1.99318778078 1777094081.97
-0.0059195433112  -0.421536382534  -0.106202994212 0.434749397668  0.444673459926 0.0494265518028   10.1411565515 0.0328858476208   1.95731008105   2.37787461544 1777094081.99
-0.0064793532841  -0.380877955614  -0.057852912836 0.385301127192 0.738490166366 0.118630670391  10.1405847444 -0.118924235632   2.23627015459   2.51500498682 1777094082.01
 -0.010265634048  -0.339811804257 -0.0142920408365 0.340267112702 0.935016351358 0.172056360773  10.0926804953 -0.285159770173   2.12112826221   2.03196111903 1777094082.03
-0.017382694535 -0.299774701583 0.0198409549767 0.300933037855   1.0890102968 0.208019592773  10.0538028005 -0.426712636067   1.96690989166   1.40548776562 1777094082.05
-0.0272722675909  -0.261420603922  0.0417236787804 0.266130370506  1.08571216869 0.201428862161  10.0079204379 -0.472477853925   1.65197556479  0.677589088356 1777094082.07
-0.0388547721837  -0.224699547676  0.0506344522766 0.233588158529  1.25841038247 0.213652520527  10.0181836886 -0.555445629963   1.71253597369  0.145601373111 1777094082.09
-0.0507519833288  -0.189028535853  0.0478785185474 0.201494177873  1.46153733643 0.212872726442  10.0567071671 -0.604362648496   1.89666478826 -0.379522640917 1777094082.11
-0.0615364693675  -0.153517821781   0.036390988295 0.16934805194  1.43275351828 0.165049494844  10.0851760649 -0.505342867583    1.8898411612  -0.73081175632 1777094082.13
-0.0699561506215  -0.117210314711  0.0201060255962 0.137972363717  1.36432640815 0.110501507587  10.1340533665 -0.353435303292   1.93456913835 -0.864667757172 1777094082.15
-0.0750970703762 -0.0792922988512 0.00321542730595 0.109257391553   1.18009038385 0.0547249907964   10.1744725537   -0.1565634087   1.87462637521 -0.737104225758 1777094082.17
-0.0764678428969  -0.039241968288 -0.0105511754247 0.0865944015238   1.11734913985 0.0174187735038   10.2669241945 0.0268369272555   2.03255032561 -0.535839762049 1777094082.19
-0.0740091658679 0.00310240458755 -0.0185062283542 0.076350913777     1.08234989103 -0.00694575465255      10.389812829  0.218797850702   2.25515570126 -0.228820174771 1777094082.21
 -0.068046770643   0.047554264139 -0.0193579859976 0.0852437836715   0.986404335935 -0.0149742348347    10.4770657277 0.376241566541  2.30261495436 0.132508670989 1777094082.23
-0.0592133769913  0.0936532840189 -0.0132952934266 0.111597161476    0.940753899489 -0.00856474336763     10.5661360287 0.497979198556  2.35842452793 0.443984570451 1777094082.25
 -0.0483634144982    0.140774442931 -0.00180884649871 0.148861464356   0.847083996357 0.00705039889114    10.5594585634 0.518255250121  2.15772794636 0.593006122767 1777094082.27
-0.0364948321962   0.188240727163   0.012700074996 0.192165907603  0.923591808692 0.0272024606028   10.6387804286 0.565352808869  2.25913775214 0.698129174685 1777094082.29
-0.0246797601927   0.235413819813  0.0274370505313 0.238288792989  1.13763179116 0.053301296214  10.7697637866 0.614309045728  2.55316419166 0.738667539167 1777094082.31
-0.0139962590262   0.281748305768  0.0397531776547 0.284882990373   1.18896978825 0.0677069923036   10.6945329482 0.500859580858  2.38062359325 0.525248157119 1777094082.33
-0.00545132270021    0.326808042277   0.0476017868031 0.330301594793    1.2577554664 0.0755376590514    10.592254322  0.35429540987  2.22306223568 0.253156640019 1777094082.35
0.000109149955311    0.370254115192   0.0498319928027 0.373592490873   1.30860312281 0.0764787175807   10.4584366105   0.181817311772    2.04735665502 -0.0319338677476 1777094082.37
0.00209818715497    0.41181941492  0.0462758126869 0.414416558229   1.44045828313 0.0786664076993   10.3507758485 0.00423626383569    2.01729725382  -0.303720949357 1777094082.39
0.000279312399961    0.451285005998   0.0376321154488 0.452851422397   1.49141243065 0.0754398224907   10.2090236206 -0.179982638749   1.89881473755 -0.522204307112 1777094082.41
-0.0051672376961   0.488469562277   0.025195800878 0.489146237846   1.50995509117 0.0720472151575   10.0748888129 -0.343508173226   1.77788119311 -0.670086074918 1777094082.43
-0.0136226695194    0.52323692484  0.0105133298594 0.523519805495   1.51798071542 0.0709157406322   9.96444523397 -0.474114657559   1.68211235795 -0.756101275253 1777094082.45
 -0.0240657918705    0.555519781074 -0.00494294443155 0.556062786205   1.42032673631 0.0676471941996   9.87936543816 -0.523122098245   1.50795318872 -0.740839277747 1777094082.47
-0.0351706447424   0.585351177052 -0.0200026557101 0.58674788535   1.43297595214 0.0712428051561   9.83630769177 -0.554023301519   1.48596494054 -0.749551950401 1777094082.49
-0.0454562250448   0.612891797148 -0.0338825952761 0.615508451338   1.33759650004 0.0686905592931   9.82366332528 -0.477322008599   1.38500458592 -0.681574758335 1777094082.51
-0.0534671174374   0.638440492298 -0.0461284444456 0.642333891555   1.16644439689 0.0582669127213   9.83448819408 -0.312369999246    1.2375786666 -0.564020023876 1777094082.53
-0.0579567476592   0.662417616356 -0.0564537291252 0.667340322917  1.05122827263 0.044322004641  9.85422223983 -0.114844660974   1.17607162837 -0.462056893761 1777094082.55
-0.0580443613104   0.685313952584 -0.0645441641493 0.690789628333  0.941531012362 0.0231484082733   9.86447541272  0.117054498387   1.14119435695 -0.339670503636 1777094082.57
-0.0533220715491   0.707602263644 -0.0699027019557 0.71304319264    0.817470873212 -0.00377114979506     9.84731709793 0.348748079369  1.09212577131 -0.17878638769 1777094082.59
-0.0438976400723   0.729615268513 -0.0717965085705 0.734452300353   0.753588596226 -0.0325377072829    9.79481455519  0.579765722445   1.10643894537 0.0143085599343 1777094082.61
 -0.030370182658   0.751404204248 -0.0693362516378 0.755207350301   0.700646383086 -0.0578891310198    9.70037286309 0.768174606079  1.09529140752 0.257774873111 1777094082.63
-0.0137475984917   0.772604298896 -0.0616791171842 0.775184308815   0.651279602508 -0.0714730829325    9.57747040392 0.870827137649  1.01722359172 0.522445904763 1777094082.65
0.00467651201701   0.792342667342 -0.0483102623032 0.793827848906    0.63880709802 -0.0723643564663    9.43277893236 0.920805935918 0.906162004512 0.800411688281 1777094082.67
 0.0234648423237   0.809224935934 -0.0293321574001 0.81009627281    0.65079038541 -0.0589185700775    9.27603357199    0.915945606 0.729815940824  1.06967122374 1777094082.69
  0.0411775964068    0.821426352083 -0.00568310262113 0.82247744285   0.648781139027 -0.0304664277513    9.14095294317 0.825096051602 0.441282059519  1.25174810804 1777094082.71
  0.05649894752  0.826892403797 0.0207836789321 0.829080900659   0.624531048772 0.00619123494605    9.03561042281  0.672927011941 0.0545425049753   1.31511862043 1777094082.73
0.0683410844463  0.823628024263 0.0474032028512 0.827816821414  0.577156861229 0.0442130950871   8.94141820665  0.489578192602 -0.425006773688   1.26546819596 1777094082.75
0.0759228442797  0.810030362515 0.0709908245167 0.816672004936   0.46445355354 0.0744554832099   8.89201534973  0.263987505794 -0.967729604004   1.02978045292 1777094082.77
0.0788225925349  0.785204744944 0.0882901839011 0.794074712574  0.299322451918 0.0925938048329   8.83603572165 0.0281407937775  -1.57959077483  0.662616180324 1777094082.79
0.0770065284883  0.749201318662 0.0965077554415 0.759306504763  0.058637042951 0.0889811079578   8.81587901591 -0.208854024402  -2.14611016645  0.145079350695 1777094082.81
0.0708344802168  0.703121724969  0.093839084152 0.712883901786 -0.214140710388 0.0587001279639   8.88701498231 -0.384322334811  -2.41102849058  -0.40031899628 1777094082.83
0.0610451129322  0.649068112314 0.0798819773489 0.656808229654 -0.502391048122 0.0188748595231   8.88604620469 -0.529285063199  -2.70906979261 -0.909464609944 1777094082.85
0.0487207005587   0.58993551089 0.0558412236615 0.594571993901  -0.818582188093 -0.0325091591199    8.84606576348 -0.641910381512  -2.98347758432  -1.37805672615 1777094082.87
0.0352283813966  0.529076845534 0.0244584765541 0.530812174325   -1.11692992149 -0.0910988092758    8.82085427649 -0.682225944895  -3.08006694217  -1.69839674563 1777094082.89
 0.0221314320622   0.469892103679 -0.0103525753593 0.470526901677  -1.34744930533 -0.146634321494   8.83375937587 -0.628118374069  -2.95455969389  -1.78270118985 1777094082.91
 0.0110627019927   0.415405688488 -0.0441276167774 0.417889358522  -1.43375145338 -0.183835712984   8.92280700993 -0.465349783316  -2.55509166495  -1.56017303123 1777094082.93
 0.0035555136569   0.367897483745 -0.0726318499293 0.375015447478   -1.4426138921 -0.205738406787   9.03737021192 -0.24768697162 -2.10156677961 -1.17539719562 1777094082.95
0.000837172171301    0.328644428354  -0.0926528137109 0.341456300328  -1.42426243115 -0.218392363652   9.15882258864 0.00123296240675   -1.68802928185  -0.722694254506 1777094082.97
0.00360670493259   0.297812319858  -0.102637339651 0.315023189099  -1.41379207151 -0.227444362803   9.28234479315  0.274463519092  -1.35057292109 -0.258633066203 1777094082.99
0.0118374930534  0.274514336472 -0.103018660248 0.29344691433    -1.348847472 -0.222735477114   9.43399951878 0.535142746319 -1.03677555109 0.165290478674 1777094083.01
 0.0246589756855   0.257026044118 -0.0961348878589 0.27552199386 -1.24131587205 -0.20555837871  9.59185465489  0.718928530057 -0.791011269142  0.435650579258 1777094083.03
  0.040370750701    0.24312021675 -0.0857283042493 0.260934051925  -1.14030313954 -0.184371737758   9.72532872569  0.791591207517 -0.657830375772  0.495758179477 1777094083.05
 0.0566224858403   0.230463637037 -0.0761167630319 0.249225511362  -1.05030566091 -0.160914128354   9.82020383545  0.727382231505 -0.625094775106  0.347379425113 1777094083.07
 0.0707567879775    0.21700718798 -0.0712166985166 0.239103452145  -1.06477461925 -0.149827270262    9.8763344027  0.586945228687 -0.723817354197 0.0613678903905 1777094083.09
 0.0802688986678   0.201303021817 -0.0736444191068 0.228887533849  -1.08730572513 -0.136264356687   9.89772004083  0.317703409045  -0.86906868467 -0.326615824433 1777094083.11
 0.0832991791069   0.182697831986 -0.0841109366721 0.217696809164   -1.0878315635 -0.117623455599   9.89153225048 -0.0303631784592  -0.997311828509  -0.689661261132 1777094083.13
 0.079053294055  0.161375157848 -0.101255343024 0.206261992045  -1.13421410858 -0.101802678585   9.88075686631  -0.39077046315  -1.13897638024 -0.969589721535 1777094083.15
  0.06804840343  0.138246485444 -0.121951553444 0.196506634326   -1.17075948573 -0.0824684268777    9.88099898228 -0.707569360612  -1.22548266028   -1.0702720027 1777094083.17
0.0521131177962  0.114715818555 -0.142005152163 0.189844566196    -1.0967336175 -0.0552287110729    9.90267760015 -0.843511966626  -1.14070415815 -0.872948807231 1777094083.19
0.0341189145534 0.0923627154713 -0.157065112014 0.18537643041   -1.01775007036 -0.0305692404197     9.9581757306 -0.825553334115  -1.00382586192 -0.513166326017 1777094083.21
0.0174793943772 0.0726031823079 -0.163533574215 0.17977758816   -1.00138348902 -0.0106784973866    10.0633615355   -0.71046382545  -0.893126852069 -0.0548204308179 1777094083.23
0.00550677840971  0.0563942872846  -0.159272866405 0.169051726461  -0.938271744642 0.00541164156137    10.1977399423 -0.422132778843 -0.720643384873  0.493587479744 1777094083.25
0.000749896698842   0.0440434436702   -0.143972263153 0.150560286373 -0.870836324903 0.0144944058304   10.3571897662 -0.0275003604171  -0.550924810907    1.04181556527 1777094083.27
0.00444702910337  0.0351639405783  -0.119125635391 0.124286748256 -0.745519503328 0.0145885616085    10.474633497   0.38672700714 -0.381711897207   1.40877700354 1777094083.29
 0.0162083588981   0.028785448172 -0.0876598627926 0.0936779828425  -0.647573788961 0.00927322029898    10.5739409259  0.728688359301 -0.285399356136   1.62253897323 1777094083.31
 0.0339996806686  0.0235892974251 -0.0533220194625 0.067495710961  -0.580848219591 0.00354480146687    10.6498389655  0.954914662432 -0.264253106353   1.69073673273 1777094083.33
 0.0544395147166  0.0182057575651 -0.0199691863163 0.0607772883011  -0.521650904224 0.00450692854083    10.6550424995  0.977495391022 -0.300332250745   1.55013456628 1777094083.35
  0.073358380973   0.011496465932 0.00909390841436 0.0748085553808 -0.513410449998 0.0220456862844   10.6481516171  0.838985982877 -0.404120528249   1.34915554674 1777094083.37
 0.0865159007492 0.00275528958066  0.0316121690561 0.0921516247038 -0.475999365758 0.0610935582763    10.504570053  0.422895192477 -0.490713385486  0.935055224968 1777094083.39
  0.0903404152685 -0.00820891660676   0.0466425497351 0.10200149209 -0.464653628993  0.126302356354    10.342123994 -0.095412133245 -0.574473962012  0.552640330685 1777094083.41
 0.0825528307845 -0.0211062511579  0.0545668208531 0.10118291183 -0.497904742655  0.232884557663   10.1970769153 -0.695754506689  -0.67810516997  0.256656508822 1777094083.43
 0.0625606893054 -0.0352839489851  0.0568901980265 0.0916258235098 -0.508215199004  0.360473408501    10.029920973   -1.2684279022 -0.715710095796 0.0330749828482 1777094083.45
   0.03155417257 -0.0498822300628  0.0558966400275 0.0812916788422 -0.512584273591  0.513380703566   9.88811505644   -1.75852176943   -0.71828805528 -0.0661806918299 1777094083.47
-0.00770632387938  -0.0639853032295   0.0542457499303 0.0842383988606 -0.487704866641  0.669444091588   9.78424347607   -2.06554828998  -0.669070405034 -0.0325806199667 1777094083.49
-0.0513626668227 -0.0767405725115  0.0545887635444 0.107271487907 -0.432735355559  0.819939520695   9.72921476385  -2.17274431989 -0.583065928863  0.124605093411 1777094083.51
-0.0950957027314 -0.0874366448745  0.0592574586782 0.142126021382 -0.345849399736  0.952970357694   9.72250794409  -2.08085931678 -0.468909493726   0.38555499372 1777094083.53
 -0.134804336403 -0.0955436654084  0.0700493725975 0.179465082158 -0.23004970909  1.05690695292  9.75612735699  -1.81300298823 -0.334135834131   0.72531721051 1777094083.55
-0.167205112183 -0.100726384512 0.0881058367862 0.214163471565 -0.0939780367505    1.11748266605     9.8162514733  -1.40608467206 -0.185092540896   1.11103274851 1777094083.57
-0.190254499593 -0.102842949585  0.113863908406 0.244414476928 0.0449234244263   1.10557708571   9.88296484172  -0.904552959087 -0.0304335333331     1.4759635326 1777094083.59
-0.203336731079 -0.101942026799  0.147061977859 0.270860163858 0.169747292041  1.09307703298  9.94192632077 -0.436754629037  0.117892938548   1.87873179597 1777094083.61
 -0.207207452307 -0.0982668483153   0.186788267261 0.295772139587 0.249218164794 0.981155606996  9.96672207578 -0.00978338954462    0.241941812993     2.11322587648 1777094083.63
 -0.203727986981 -0.0922663247454   0.231573802006 0.321938803403  0.27528587001 0.848084968251  9.95477268928 0.283386950093 0.329592765239  2.23715855232 1777094083.65
 -0.195458556629 -0.0846023129025   0.279538277232 0.351430287747 0.269233332428 0.776038035504  9.91720297961 0.465648619761  0.40535703651  2.43775714305 1777094083.67
 -0.185195760228 -0.0761336268317   0.328593456369 0.384795346008 0.199341432415 0.675047722157  9.84213971419 0.495862063417 0.416826843837  2.41846281906 1777094083.69
 -0.175538381529 -0.0678572050834   0.376694737427 0.421090547124 0.0922259708539  0.601874962709   9.74943393373 0.409322714332 0.377097634422  2.29953358351 1777094083.71
 -0.168549126926 -0.0607975464744    0.42211255753 0.458567509828 -0.0341686373243   0.587431125396    9.64937466945 0.250665622078 0.301352285074  2.18388646817 1777094083.73
 -0.165554377471 -0.0558543527884   0.463678868641 0.495505856524 -0.164797433484  0.608040670611     9.560200752 0.036717188286 0.180888783668  1.99210201321 1777094083.75
 -0.167095917973 -0.0536382510003   0.500956843162 0.530806807119 -0.286366124434  0.689147176415   9.48655921571 -0.195012801078 0.0396156707219   1.84383002822 1777094083.77
 -0.173022398654 -0.0543372694661   0.534288395982 0.564228127064 -0.352543890538  0.750732908028    9.4717381672 -0.389889479131   -0.1004811531   1.59394613199 1777094083.79
  -0.18268655555 -0.0576562235929   0.564694486239 0.596304016829 -0.376898823299  0.831314589346   9.49159029131 -0.536079423155 -0.205916667913   1.43457813032 1777094083.81
 -0.195198936338 -0.0628556317616   0.593634035065 0.628056385032 -0.38431400763 0.965960745419  9.52519553592 -0.671679303818 -0.279512343041   1.44228923808 1777094083.83
 -0.209682135022 -0.0688901526824   0.622661783321 0.660621031525 -0.34521515871  1.05396293064  9.59469312241 -0.748314578747 -0.290731576877   1.46876623002 1777094083.85
 -0.225472793286 -0.0746174848897   0.653054524791 0.694899965401 -0.292683049434   1.13281924326   9.67238642217 -0.814514484135 -0.253673985571   1.57220762709 1777094083.87
 -0.242231612054 -0.0790274255337   0.685490053469 0.731312587933 -0.232061097169   1.15565688928   9.74941324786 -0.859419757658 -0.169974026105   1.66559979157 1777094083.89
 -0.259942166349 -0.0814347567344   0.719857946607 0.769673315598 -0.187276055165   1.14858721326    9.8077571501  -0.917608496427 -0.0643033250871    1.75042105998 1777094083.91
 -0.278803995634 -0.0815903114265   0.755255177355 0.809196533496 -0.168914679312   1.10264184354   9.83707093462 -0.986587498532 0.0440776664023   1.77397831784 1777094083.93
 -0.299049974821 -0.0796875412689   0.790177512172 0.848623292407 -0.182387203929   1.01204606331   9.83064700495 -1.04768266562 0.132939832414  1.68931099576 1777094083.95
 -0.320737240143 -0.0762694268873   0.822869440109 0.886455592885 -0.240212376237  0.947504094666   9.78919238425 -1.15060029906 0.197009829277  1.59141194024 1777094083.97
 -0.343569547397 -0.0720647434999   0.851753177874 0.921258290151 -0.32185455934 0.846411315112  9.71783197991 -1.19354843536 0.219502635577  1.37225805044 1777094083.99
 -0.366803049348 -0.0677975741907   0.875832667791 0.951957903506 -0.40634533241 0.725213554996  9.63476844108 -1.14558336173 0.201758736813  1.08337116514 1777094084.01
 -0.389267199121 -0.0640165291183   0.894969167078 0.978057707056 -0.506945568624  0.649065949069   9.54252584456  -1.0792761903 0.172299443375 0.862405239147 1777094084.03
 -0.409502903792 -0.0609808193887   0.909952366265 0.999712257312 -0.561027023441  0.551607159615   9.47760416836 -0.882381241822  0.129596800069  0.657654021028 1777094084.05
 -0.42598981685 -0.058623017196   0.92233917005 1.01765098478 -0.612846214509  0.494480953485   9.41796603843 -0.669234169368  0.105310787297  0.578780736133 1777094084.07
 -0.437412605061 -0.0565889446931   0.934089803033 1.03298395721 -0.663488183787   0.46413666013   9.35913367408 -0.426342373118  0.107959053191  0.623574763864 1777094084.09
-0.442907693859 -0.054339047084   0.94708351128 1.04694180099 -0.625524272388  0.393339561973   9.35935455235 -0.118263334473  0.129982041763  0.699486342046 1777094084.11
 -0.442237985865 -0.0512854171713   0.962630246127 1.06059493725 -0.57805675471 0.329958220772  9.36442231834  0.17531370174  0.18419560053 0.846170789723 1777094084.13
 -0.435859874928 -0.0469341652779   0.981100581545 1.07458596564 -0.501443639199  0.251422029224   9.38803862794 0.440240234171 0.260623412346 0.992077412184 1777094084.15
 -0.424869279822 -0.0410030960985    1.00177046914 1.08891654027 -0.399768983911  0.153637557697   9.43050830935 0.640292558868 0.344014046735  1.07019771713 1777094084.17
 -0.410836386894 -0.0334896370494    1.02292533712 1.10285281788 -0.283643540345 0.0412070875191   9.49106154173 0.734825404067 0.409366522287  1.01364051402 1777094084.19
 -0.395558458628 -0.0246742254973    1.04220270746 1.11501649989  -0.181955020827 -0.0721450887536    9.55076670371 0.737423795839 0.452092871208 0.838098069087 1777094084.21
 -0.380773864619 -0.0150591875744     1.0570920429 1.12368105006 -0.111634803189 -0.188800761389   9.59331418517 0.698226741321 0.489891470048 0.587150949936 1777094084.23
  -0.367887111523 -0.00525939058852     1.06547202211 1.12720859556 -0.0666996387455  -0.292008264656     9.6367856332 0.573523329831 0.477981058744 0.223400534835 1777094084.25
 -0.357753781645 0.00412601912993    1.06605889496 1.12449382383 -0.059429642778 -0.395306924758   9.66213981535  0.443184807573  0.457616726181 -0.174170039584 1777094084.27
-0.350566012253 0.0126257548546   1.05866489223 1.11527005369 -0.0846540408737  -0.477687079492    9.67828319585  0.306282547883  0.407895933059 -0.562708493737 1777094084.29
-0.345863519349 0.0199610370466    1.0442138645 1.10018299016 -0.132501817938 -0.525390221135   9.68657964571   0.19779309602  0.336253565548 -0.855666481555 1777094084.31
-0.342672876032 0.0260442980251   1.02451864428 1.08062086687  -0.20048562137 -0.578218786753   9.68029658488  0.15530923798 0.278303766347 -1.07580560009 1777094084.33
-0.339751540311 0.0309132946744   1.00187703146 1.05836871038 -0.254913619285 -0.578487051803   9.67811153981 0.163487272729 0.206746298045 -1.10701596471 1777094084.35
-0.335888490052 0.0346238446928  0.978579755793 1.03519960723 -0.307309657144 -0.594088997165   9.67098941156 0.228468328924 0.148927807128 -1.08656159853 1777094084.37
-0.330197201419 0.0371413208799  0.956438008086 1.01251337416 -0.358273998296 -0.636179794657   9.66209279452  0.339471975161 0.0914693422265  -1.05570916833 1777094084.39
-0.322334633351 0.0382758762235  0.936429204842 0.99109248521 -0.367123791779 -0.644496442777   9.67073981078  0.439871265903 0.0138432327358 -0.947193693493 1777094084.41
 -0.31259355819 0.0376953269019  0.918531326878 0.970997151772 -0.349416539334 -0.654036584191    9.6917597815   0.513154236441 -0.0814096782895  -0.867777398897 1777094084.43
-0.301842373173  0.035024868651  0.901775451698 0.951595778128 -0.305461138669 -0.662291125524   9.72592180265  0.532700392744 -0.192393831961 -0.852150465573 1777094084.45
-0.291320616366 0.0300122411555  0.884501415269 0.93172484659   -0.2424196869 -0.673213323273   9.77025987211  0.489569228983 -0.308992780358 -0.928805695418 1777094084.47
-0.282332340744 0.0227110653969  0.864761219257 0.909966652934 -0.164140737282 -0.675177875437   9.82059754704  0.381478601272 -0.405588279404  -1.08182998538 1777094084.49
-0.275905504898 0.0136228853265  0.840785909972 0.885003037873 -0.084487790921 -0.692281295312   9.87174529437  0.244800563755 -0.472073454114  -1.32767563037 1777094084.51
 -0.272496962336 0.00374451978646   0.811419053584 0.855961153575 -0.00402304737751   -0.717611714256     9.92101732885  0.103338186392 -0.483425388363  -1.62621554566 1777094084.53
  -0.271815713379 -0.00550952953713     0.77642555318 0.822648634951 0.0739712653445  -0.72564619692    9.9609887038 -0.00789368207332   -0.406610273683    -1.87184722521 1777094084.55
 -0.272812447719 -0.0125064005112   0.736607269339 0.785603787496  0.152416529968 -0.759390023388   9.99829588596 -0.0521747511221  -0.261310770643   -2.12580016413 1777094084.57
 -0.273846263739 -0.0156792892031   0.693693116573 0.745954258822  0.220376908902 -0.749481188404   10.0161900367 -0.00464629836049  -0.0332733863275    -2.16467524375 1777094084.59
-0.272998309447 -0.013837406092  0.650015697276 0.705152435629 0.284512706595 -0.73557742547  10.0242544353 0.131012121135 0.225107715273 -2.08613060476 1777094084.61
  -0.268466628742 -0.00643588994581     0.60803217839 0.66469457752  0.366399110103 -0.757640518357   10.0358976438 0.352674208398  0.50445140002 -2.01490537325 1777094084.63
 -0.258955342552 0.00624910474955   0.569785136665 0.625900968773  0.437496246738 -0.744944218938   10.0312153773 0.611094343313  0.73613224926 -1.78645474926 1777094084.65
-0.243969990584  0.023073081204  0.536419446154 0.589745322656  0.522017353608 -0.748882947371   10.0260477709 0.893255824595 0.915137247208 -1.58004981958 1777094084.67
-0.223950302354 0.0421116373442  0.507865912714 0.556646129261   0.60182878553 -0.746029058954   10.0144649851  1.13487710575 0.980205261813 -1.39128467871 1777094084.69
-0.200207603945 0.0608711136391  0.482769638852 0.526170030837    0.6447031473 -0.713762837791   9.99323576466  1.24070988066  0.86825910092 -1.23833283065 1777094084.71
-0.174678107634 0.0765927293018  0.458688117558 0.496763199782  0.695138072154 -0.717888519784    9.9838555779  1.28293501319 0.651851531348 -1.27236609661 1777094084.73
-0.149545131895 0.0866124096894  0.432524528114 0.465771320936  0.644976745367 -0.654981865115   9.96607404242    1.079543509 0.273817972797 -1.29859596786 1777094084.75
-0.126813063212 0.0887333325497  0.401110675639 0.429935961997   0.72407335553 -0.764898954759   10.0027715232   1.03997133631 -0.126130061967  -1.76670198952 1777094084.77
-0.107926482235 0.0815648062822  0.361822818762 0.386285769047  0.810897200065 -0.937269071551   10.0779373457  0.942519237176 -0.678060630367  -2.49108334266 1777094084.79
-0.0935165012721  0.0647793516786   0.313107685838 0.333133791959  0.668099665832 -0.875032606127   10.1047565381 0.591191594429  -1.0170513145 -2.57152150426 1777094084.81
-0.0833254480411  0.0392426312021   0.254815058412 0.270949863237  0.660550680086 -0.992183290988   10.2057322491 0.424570881523 -1.42682773152 -3.08179056814 1777094084.83
-0.0763182741596 0.00698238903948   0.188272619632 0.203272752799 0.642337913193 -1.08990508675  10.3175672893 0.306932959331 -1.69232312706 -3.43942813754 1777094084.85
-0.0709456914483 -0.0290151031087   0.116090031116 0.139111691342 0.642863008173 -1.18129643317  10.4394095273 0.271288277297 -1.80773826623 -3.67188111024 1777094084.87
-0.0654914612398 -0.0651624312654  0.0417319351606 0.101374692877 0.654605823998 -1.22259118969  10.5401694132 0.311337875777 -1.70837028635 -3.65815647659 1777094084.89
-0.0584223390552 -0.0977331254839 -0.0310568026933 0.118023127018 0.678599225757  -1.1975273378    10.59663411 0.406111696714 -1.40461748073 -3.39350188538 1777094084.91
-0.0486658677719   -0.12335706811 -0.0988640723366 0.1654068854 0.684341753592 -1.06491259398  10.5656640742  0.500356458118 -0.921679212387  -2.82866995585 1777094084.93
-0.0357646579603  -0.139469598207  -0.159147688186 0.214613294644 0.869628344597 -1.12824862533  10.6584169871   0.72081429906 -0.533143596461  -2.79873957934 1777094084.95
-0.0198883170731  -0.144642116002  -0.210600021863 0.256260133626  1.13283056774 -1.17733517168  10.7256804375  0.992022359687 0.0211623688149   -2.7426222108 1777094084.97
-0.00171691635914    -0.13874327298   -0.253278724075 0.288795352574   1.07176807313 -0.871124206841   10.4855835285 0.940081966823 0.542570027362 -1.94463170672 1777094084.99
0.0177649073991 -0.122910488598 -0.288488606851 0.314083199845   1.14892984094 -0.725640496657   10.3368235578 0.973813851223 0.978038559231 -1.61778961496 1777094085.01
 0.0375111926403 -0.0993449802174  -0.318448086037 0.33568690497   1.21957961452 -0.609563094081   10.1773019875 0.978935110887  1.30777150692 -1.44341975603 1777094085.03
 0.0566433658909 -0.0709722756535  -0.345814097016 0.357537305055   1.22710613298 -0.513619694726    10.008657292 0.928658031338   1.4592746268 -1.36917549405 1777094085.05
 0.0746229386131 -0.0410283260487  -0.373164129417 0.38275759168   1.23197560827 -0.480035763473   9.86258283718 0.891242882545  1.49834311045 -1.45695423496 1777094085.07
 0.0913425845161 -0.0126365108653  -0.402538447376 0.412965314244   1.13411991127 -0.473692625143   9.74868665943 0.813058071811  1.31558265062 -1.54999771189 1777094085.09
 0.107127008744  0.011565445812 -0.435129241229 0.448271582985   0.99276256418 -0.506956358969   9.68684527013 0.748598415447  1.01239171977  -1.6410405377 1777094085.11
 0.122650434984 0.0297036917362 -0.471169973579 0.487777185308  0.950674732628 -0.645034045206   9.65782311232 0.812622784431 0.750929481329 -1.92242206156 1777094085.13
 0.138790069836 0.0408246869984 -0.510034558119 0.530155249931  0.826876306312 -0.766490170889   9.68415543113 0.858789441515 0.386735741749  -2.0163016758 1777094085.15
 0.156443827681 0.0449217558615  -0.55051151067 0.574069297863   0.72460255849 -0.901191491376   9.74366329494  0.950705606738 0.0510274008171  -2.05425136551 1777094085.17
 0.176345206148 0.0428403908921 -0.591182380856 0.618408876276 0.648648598571 -1.02467657459  9.82282672644  1.06760367643 -0.22220048476 -2.01891514315 1777094085.19
 0.198907906044 0.0360837019979 -0.630814129273 0.662414412832 0.603270078464 -1.11562734999  9.90496970613   1.18324346111 -0.403453705478  -1.91898106679 1777094085.21
 0.224127399443 0.0265479679254  -0.66867541359 0.705736986789 0.639445461878 -1.26342884905  9.98861271491   1.38306443905 -0.521705444499  -1.94113030384 1777094085.23
 0.251556502219 0.0162241361713  -0.70470640978 0.748435047542 0.620600216954  -1.2100862143  10.0284033547   1.36824778294 -0.477952375477  -1.72351127708 1777094085.25
  0.280358176967 0.00690559464534  -0.739506428548 0.79089705556 0.649687817298 -1.18708637929   10.049926048   1.37280438096 -0.386209563877  -1.64734542557 1777094085.27
    0.309423508176 -5.55256971859e-05     -0.77414598098 0.833693535037 0.736032216851 -1.23497935479  10.0643462061   1.43274391405 -0.270925175369  -1.76287400086 1777094085.29
   0.337529533803 -0.00390524162831   -0.809851099059 0.877382607388  0.76758970556 -1.19191653725  10.0390292521   1.34786540886 -0.111575483644  -1.83166144866 1777094085.31
   0.363504214246 -0.00453229384917    -0.84763814405 0.922304872974 0.776955020556 -1.15156163172  9.99670389794   1.22109155864 0.0377395886435  -1.95371195816 1777094085.33
   0.386366744687 -0.00239585747424    -0.88798925523 0.968405864778 0.744914774942 -1.10909091285  9.94234935027  1.04926925701 0.154600092714 -2.07796437027 1777094085.35
