-0.0886017240303565    0.12701558543194  -0.197703778246173 0.251137429262509 1777094055.3878
-0.0503560100885453   0.155285782694897  -0.184274472728279 0.246183840571411 1777094055.40684
-0.188442138679975  0.159029328028698 -0.190399496692223 0.311532879716081 1777094055.42824
  0.103148881103565   0.139061088117184 -0.0801299374419364 0.190783869275422 1777094055.4467
 0.187787124172596 0.0337347792224745 0.0391587069761791 0.194770233008665 1777094055.46815
 0.0523486054478247 -0.0811064082300195  0.0680065196148498 0.118082651809788 1777094055.48692
-0.0186819200379843  -0.132044063701337   0.113388524862545 0.175047440614173 1777094055.50658
 0.0327766209848425 -0.0833510492292915  0.0339151549576521 0.0957702564819023 1777094055.52809
-0.0305783801561985 -0.0678497924120957 -0.0382839632693848 0.0836916573318576 1777094055.54688
 0.0413456723197137  -0.133856578831918 -0.0387615036420086 0.145359906716894 1777094055.56808
0.0486748717937495 -0.133110000382711 -0.176525729529376 0.226382085271564 1777094055.5869
0.0650292905237784 -0.083056664372726 -0.159010603532583 0.190818212334531 1777094055.60617
-0.00016129716801774  -0.0685758830395528   -0.219186573811653 0.229663736560046 1777094055.62951
-0.0297794031569188 -0.0825878160674085 -0.0333165902871345 0.0939018391913981 1777094055.64802
0.0813335314616121 -0.146698087988643  0.313691675598518 0.35572171665411 1777094055.66814
0.0574999860631202 -0.168606498299309  0.472109437778851 0.504600555792278 1777094055.68787
0.0173461478337599 -0.167259055026808  0.455347159588922 0.485404487081476 1777094055.70625
-0.0720288926096898  -0.114200015920502   0.330161868807488 0.356702487545678 1777094055.72829
  0.104627579190763 -0.0722515960452946   0.174978358386643 0.216297594443619 1777094055.74793
  0.148861776949681 -0.0778485200541654   0.153801947342059 0.227761409631768 1777094055.76808
0.0492098865806713 -0.100058866399522  0.119260464226095 0.163268025068792 1777094055.78688
-0.0745187902922407  -0.148817008295797   0.215017639474459 0.271904647532731 1777094055.80611
 -0.227077132092371 -0.0750345797633642    0.16712529431244 0.291762019595732 1777094055.8278
 -0.174379270816503 -0.0996373858075019   0.109939782471716 0.228959591436953 1777094055.84616
-0.0723174831426068 -0.0528639829915541   0.167495022470888 0.189944733062899 1777094055.86867
0.0252118283815707 0.0849733810558983 0.0232423140945282 0.0916314189723229 1777094055.88856
0.0570071405853192  0.193488572868448 0.0360708489972071 0.204911561547323 1777094055.90847
-0.0182099029219586   0.446260000063818 -0.0420202020123921 0.448603706625957 1777094055.93158
-0.0595496416378332   0.240611858269798 -0.0422106434545705 0.2514397832088 1777094055.94766
0.0458113112561039  0.245000890334065 0.0251752472201278 0.250515280124951 1777094055.96698
0.0361196952421389  0.413380774346119 0.0750480851457777 0.421687694944291 1777094055.98805
-0.0230683621565278   0.576272280026862   0.209831061641998 0.613718962139635 1777094056.00791
-0.0485111631959419   0.660529942862152   0.212449553992994 0.695548669299226 1777094056.03038
0.0119080840009885  0.385638180309807  0.156770945242532 0.416456165579849 1777094056.04869
0.134016793592532 0.244061827702656 0.230870233507747 0.361701176976667 1777094056.06809
0.215010689346816 0.279860367260154 0.107759885445752 0.369003542811804 1777094056.08801
 0.251199572364908  0.343632177554913 0.0849624214357591 0.434054042330758 1777094056.10655
 0.262837983802077    0.3501304940652 0.0748548543892491 0.444160351482567 1777094056.12895
0.113574779278509  0.17047004937437 0.128163554324163 0.241630223438346 1777094056.14789
  0.0505089510728866 -0.00877838428228749    0.176610103235295 0.18390036088565 1777094056.1681
0.0114028835796682 0.0166487096652011 0.0196739302029299 0.0281827751840975 1777094056.18795
  0.026328622037522   0.032578239101153 -0.0467879940900792 0.0627985222142996 1777094056.20678
0.0965150712656979 0.0536467898025619 -0.120677070215614 0.163572896023049 1777094056.22823
 0.0453446742582434 0.00151570620515596 -0.0907874942686402 0.101492886275172 1777094056.24803
-0.0269817422618826  -0.113858188676473 -0.0478632598814051 0.12642228122704 1777094056.26819
-0.0968595349483536  -0.104518396797715  -0.108616652084406 0.179174333791425 1777094056.288
 -0.151223486307574  -0.102708956908293 -0.0416768946101948 0.187495696442761 1777094056.30674
 -0.140924951326122  -0.130411092661549 -0.0463766109774823 0.197528947350017 1777094056.32847
-0.0526066157746281  -0.110760026330091 -0.0412764683881607 0.129379234417663 1777094056.34803
0.00710316544237584  -0.201781397871377  0.0220756847264901 0.203109633800005 1777094056.36816
-0.0228062466303042   -0.18468573491104 0.00618756733174723 0.186191384211188 1777094056.39221
-0.0763093943033277 -0.0175977304614889 0.00060267983498635 0.0783145388757378 1777094056.40685
  -0.220283136672788 -0.00163720640120736  -0.0789382034543348 0.234005514276481 1777094056.42843
 -0.270574524756957   -0.05373730059719 -0.0952367112099165 0.291836087701653 1777094056.44814
 -0.121935118657202  -0.125391069886319 -0.0311319881967946 0.177652172118066 1777094056.46814
 -0.039552403638589 -0.0802186865168795 -0.0373884697723895 0.0969398162366947 1777094056.48815
-0.00409394939266254   0.0302999742356011  -0.0494784863170193 0.0581633000141089 1777094056.50795
-0.0291819315470995  0.0934170476457891  -0.117128449179388 0.152634869957175 1777094056.52824
0.00459048098577148   0.139320159682267  -0.146769827080516 0.202416801552682 1777094056.54813
  0.220912592163991   0.106266877890073 -0.0875814696379773 0.260318144847926 1777094056.56818
  0.303680198981006  0.0978307062802966 -0.0417657772455696 0.321771488005652 1777094056.58811
 0.204135595616114 0.0937759295297757 0.0417301408951943 0.2284877918311 1777094056.60687
  0.229202882344225    0.10515847491563 -0.0451803019380505 0.256190409275397 1777094056.62836
0.0797472968493773  0.168508347444878 -0.261368393829055 0.321042258598718 1777094056.64801
 0.136050325987373  0.153636626119693 -0.346860788392166 0.403021476612286 1777094056.66815
 0.182879153152345 0.0791644499155101 -0.330920895997871 0.386290608475248 1777094056.68701
 0.156576225233565 0.0151050531207103 -0.169788964882832 0.231457489691207 1777094056.70633
 0.139607526513882 0.0105753788282874 0.0305265856718848 0.143296798741176 1777094056.72797
0.0748296461738187 0.0966068225834967 0.0964535367674815 0.155677997389272 1777094056.7467
 0.061993837667993   0.14183272143733 0.0768584652816065 0.172820659831424 1777094056.76598
   0.129217428255261    0.174494575352922 -0.00420716355966736 0.217170902327448 1777094056.78672
  0.118658544372811   0.162873197636607 -0.0904995407194991 0.220902004362767 1777094056.80624
 0.147465218097982  0.088708177246332 -0.101198299006603 0.19964024389106 1777094056.82819
 0.162337583116079  0.044379320273835 -0.139896502192748 0.218847084252231 1777094056.84807
  0.123829240814839 -0.0680988522569713   -0.14124079723241 0.199800143549355 1777094056.86817
   0.116465409892324 -0.00798323640576399  -0.0632063792850953 0.13275153538558 1777094056.8882
 0.0387109065077493  0.0432039368648535 -0.0432253862986445 0.0723432682696946 1777094056.90978
 0.0689229745805366  0.0310441162004353 0.00770495975340575 0.0759834191156006 1777094056.92812
 0.0712070223947239  0.0315000728700192 -0.0463350584544764 0.0906070210917398 1777094056.94796
  0.098301046189112 0.00271671910922008 -0.0961891937523335 0.137560304009973 1777094056.96852
 0.119612780185425 0.0351697989640934 -0.044373400383218 0.132337185267146 1777094056.98806
-0.00245913114111604   0.0218057617191517  -0.0171531785413231 0.0278526498594323 1777094057.00772
 -0.021598384031425  0.0129817485810604 -0.0035725422452468 0.0254515038275708 1777094057.02716
-0.0406031269575787  0.0132723225179283 -0.0475295051981955 0.0639047911203726 1777094057.04835
 -0.0213907831066732 0.000686110217862308  -0.0708119845841002 0.0739754926302396 1777094057.06808
-0.0198440776659801 0.00380287734693376 -0.0818554439899914 0.0843122945087363 1777094057.08806
 -0.131392915013464  0.0274133337361699 -0.0884101283058748 0.160723177449076 1777094057.10682
 -0.272200976560104  0.0608053434298001 -0.0281215037528035 0.280323884824696 1777094057.12693
 -0.297151212422939  0.0944236033106125 -0.0242459560199109 0.312733954488319 1777094057.14829
-0.133210078523014 0.0250829818086592 0.0108599741086307 0.135985366985427 1777094057.16818
-0.016210892403391 -0.023266982885132 0.0694858702199946 0.0750495282151812 1777094057.18817
-0.0894205749047832  0.0159784430354978  0.0218393123471152 0.0934254003038544 1777094057.20807
-0.0999465416250688  0.0221974365885885   0.029373753062203 0.106512228137784 1777094057.22673
   -0.151151584712593    0.0492269184751268 -0.000861043283037153 0.1589680233859 1777094057.24818
0.0472404212301532 0.0906063628369751 0.0500442171500604 0.113778706508337 1777094057.26814
0.137446525775242 0.105373415792719 0.123813020943416 0.212896144536824 1777094057.28809
0.0242269320188752 0.0407470021430558  0.105969355455365 0.116089477190308 1777094057.30794
-0.147596058822006 0.0156497059045667 0.0914115381123123 0.174314598283527 1777094057.32672
 -0.325818307329246  0.0347141000804243 -0.0323319973177133 0.329253695781599 1777094057.34825
 -0.226150607108097 -0.0143031374971568  -0.119046709609318 0.255970302782234 1777094057.36812
 -0.230737197472961 -0.0424803034995835  -0.124009190465162 0.265372398344134 1777094057.38951
 -0.318535572358808 -0.0259478428465623  -0.137518652086619 0.347921803108204 1777094057.40822
 -0.393998984869315 -0.0857226778838669  -0.114321765839104 0.419109822989396 1777094057.42808
 -0.50529720298617 -0.118125468217776 -0.164094408238788 0.544247980614126 1777094057.44836
-0.373033019076712 -0.107254189555606 -0.163474649279814 0.421166303799193 1777094057.46824
-0.252981474121382 -0.127012141230609 -0.103972358338283 0.301565849470784 1777094057.48827
 -0.330090641585449 -0.0876757883312409   -0.03706621715937 0.343541525839749 1777094057.50828
-0.357850361732649  -0.12894645162929 0.0324911296723147 0.381758748802638 1777094057.52785
-0.530550734838891 -0.104739504679031 -0.107705917240218 0.551411834010708 1777094057.54813
-0.542812619973172 -0.119289078856455 -0.154308706854067 0.576789911274057 1777094057.56812
 -0.320350097906533  -0.181654319532591 -0.0508549775384444 0.371764314820572 1777094057.58824
  -0.55028544959622 -0.0962753008662601 -0.0346070352438845 0.559714799234909 1777094057.60823
 -0.632053315098722 -0.0282809475235655  0.0201328358396669 0.633005952735882 1777094057.62814
 -0.623976291505598 -0.0400794871855514 -0.0160490279492754 0.625468103864819 1777094057.64826
 -0.593343999474476  -0.145216167370863 -0.0414632131968991 0.612261410695515 1777094057.66824
 -0.10222441393392 -0.218509409333401  0.079132285271391 0.253886020378512 1777094057.68826
 -0.588712395591834 -0.0502549670967872  0.0685817523354028 0.594820395745446 1777094057.70814
-0.803405445447595  0.080459160082778   0.16906339410665 0.824934189764817 1777094057.72795
-0.464744673975211  0.156099283365805  0.175192096838144 0.52062161792437 1777094057.7483
-0.510221918830865 -0.066940073785024  0.123885940634352 0.529296803523932 1777094057.76821
-0.197242826868349 -0.161475781250451  0.234332401628412 0.346252559751405 1777094057.78809
-0.578778617663567 -0.019842602302498  0.131726745107067 0.593911064476145 1777094057.80811
-0.805163391611638 0.0228982691177288  0.203598387081861 0.830821714414398 1777094057.82703
-0.633689379121922 0.0458873874212057  0.284924542022018 0.696311622897914 1777094057.84806
 -0.642133525041928 -0.0460606700019935   0.149138284397003 0.660832260998725 1777094057.86807
-0.394186447218067 -0.091830756436867  0.214173118230605 0.457914803834501 1777094057.88787
 -0.579362136518929 0.00995709882940063    0.10350629475289 0.588619726225981 1777094057.90776
 -0.698951102827593 -0.0209440702525508   0.189190545558916 0.724406212529636 1777094057.92673
 -0.672562827847044 -0.0643631983015661   0.285712681327702 0.733563299905799 1777094057.9481
 -0.66245934585673 -0.188045098911372  0.189479504361562 0.714223933168454 1777094057.96814
-0.326159518120844 -0.241963797369063  0.174419469480473 0.44198264879057 1777094057.98765
-0.683228994854693  -0.18504543007684  0.108005691507785 0.71603694038824 1777094058.00672
-0.898088777237324 -0.215680434732355  0.148044756074387 0.935413679356409 1777094058.02698
-0.872113458630303 -0.205344868142794  0.109378256788358 0.902613983192566 1777094058.04806
 -0.873113385134562   -0.26745990877807 0.00765284896408368 0.913192396049143 1777094058.06822
-0.679338660235154 -0.292176923448996 0.0171282891663672 0.739703824632522 1777094058.08771
-0.665952979852351 -0.229821343805459 0.0645687368110928 0.707446353595912 1777094058.10624
-0.805456348838617 -0.209875315402464  0.180421184007457 0.851680328256073 1777094058.12622
-0.755077135026919 -0.113817538194031  0.266594139556117 0.808806742730719 1777094058.14809
-0.740900458927715 -0.159189218829594  0.180601637054942 0.779032508139295 1777094058.16821
-0.481093266785289 -0.192983710542569  0.201430299705294 0.556118341291027 1777094058.18651
 -0.495155295764226 -0.0888352709880841   0.310202829695432 0.591012916818183 1777094058.20601
 -0.589636804549775 -0.0167116769319606   0.430526079890074 0.730276349672548 1777094058.22594
 -0.62875648921293 0.0324170418106956  0.490672803048883 0.798213872955722 1777094058.24791
 -0.602890736899929 -0.0225742198584345    0.32983401114096 0.68758803868835 1777094058.26814
-0.459620026976648   -0.1441003055176  0.222605809886804 0.530630581330968 1777094058.28626
-0.426418212661179  -0.16508131359952  0.213029806150726 0.504446261258336 1777094058.30497
-0.651338741034229 -0.118908230908002  0.293316205288265 0.72416553303401 1777094058.3257
-0.717352432134492 -0.015386196657558  0.353634946738489 0.799930573544724 1777094058.34777
 -0.726126882494549 -0.0477156748052726   0.215584602624338 0.758955700941806 1777094058.36824
 -0.44960574944749 -0.132959268119635  0.215429011972966 0.515977863977512 1777094058.38597
  -0.440455499526543 -0.00296718917160858    0.323896305772205 0.5467345500036 1777094058.40423
 -0.427194017119965 0.00433802413501151   0.383409358520365 0.574035088576898 1777094058.42303
-0.466229215716458  0.130486084928776  0.395132747110066 0.624920945229372 1777094058.44458
-0.600850576724336   0.17944931085253  0.322550901768249 0.705168458559319 1777094058.46932
 -0.232807698995336 0.00351263572120601   0.115995918133601 0.260128461235732 1777094058.48482
 0.315339357668464 -0.126076828483275  0.278596679690297 0.439261183249349 1777094058.50381
-0.617466171916547  0.107750077060728  0.317036242548587 0.702414786046816 1777094058.52247
-0.919031457053847  0.208700681491906  0.453600320809902 1.04591015127904 1777094058.54591
-0.628403214100288  0.176955204368751  0.302312068914697 0.71944167995484 1777094058.56812
-0.0317332102112268 -0.0865898910732452  0.0605894865858104 0.110344423289618 1777094058.58594
 0.140885303355516 -0.105234999955966  0.139001255927368 0.224152678027039 1777094058.60419
 -0.50894092943372 0.0355810761500113  0.221875672077905 0.556341348897306 1777094058.62401
-0.781237606116872 0.0653101934082477  0.362775697586068 0.863830900890505 1777094058.64607
-0.597039873351063 0.0481777008590848  0.255399572257814 0.651157924577898 1777094058.66829
-0.0814579396841533  -0.103686335566048   0.134708329395959 0.188500891587685 1777094058.68634
  0.364750097223937 -0.0727331525245994   0.350354672766848 0.510960998150155 1777094058.70434
 -0.44520731014686 0.0857819102712956  0.213721035767588 0.501243220669931 1777094058.72432
-0.624590547271594  0.094967919674094  0.311418360976344 0.704353358096238 1777094058.74616
-0.376478178143309 0.0281748576321313   0.19970210562234 0.42709550713007 1777094058.76808
 0.139523810109495 -0.133275563521944 0.0715841706724413 0.205799812707455 1777094058.78635
  0.0957119846580577 -0.00967693814639628     0.12864392610064 0.160635260331163 1777094058.80445
-0.0578241001080022 -0.0409696246821116  0.0256880615248107 0.075379129769425 1777094058.82417
 -0.107599957010006 -0.0210087078840496  0.0474861465302108 0.119474058555827 1777094058.84592
 -0.135894886931447 0.00287109507731854 -0.0114697697755738 0.136408280906103 1777094058.86809
-0.0199130058261152  -0.114592353482428 -0.0117417439476811 0.116900829033012 1777094058.88698
0.0343292452070674 -0.073480090956424  0.103231604662433 0.131280558517369 1777094058.90463
0.0138570146403145 -0.107869086051244 0.0552297576268723 0.121975746391631 1777094058.92415
-0.00188174189755015  -0.0549137540143453     0.11194395852845 0.124701688775799 1777094058.94594
-0.00047660028761159  -0.0084124612888594   0.0420274576127332 0.042863782452798 1777094058.96823
   0.126622728923449  -0.0810171479324577 -0.00376086881223504 0.150370335749288 1777094058.98785
  0.180577509571862 -0.0122622388127621  0.0386927577516157 0.185083032626717 1777094059.00566
  0.217954990407156 -0.0621737547977133 -0.0167400517730096 0.227266766075449 1777094059.02451
  0.230660869241472 -0.0323790284302688  0.0122478471221474 0.233244180721507 1777094059.04604
  0.189660359545156 -0.0146274707346175 0.00561801500508119 0.19030653424275 1777094059.06811
  0.327593395943732   -0.14543194506839 -0.0463946617140985 0.361414372082638 1777094059.08703
  0.304223052180937 -0.0428196817808349  0.0150435663664768 0.30758982349083 1777094059.10577
  0.293970421401669 -0.0392572104807578 -0.0787217387191526 0.306849880855072 1777094059.12416
  0.346423595312894  0.0098608592074879 -0.0267659312022485 0.347595970930253 1777094059.14604
   0.347666113702914 -0.00177662939048386  -0.0284880379888212 0.348835851565935 1777094059.16812
  0.362573708921349   -0.17071589587809 -0.0367867843448648 0.402438664902961 1777094059.18773
  0.435926222242322  -0.157189399969829 -0.0212811108807689 0.463889064736017 1777094059.20599
 0.459411506955722 -0.180196582181041 -0.163311014060044 0.519807876302751 1777094059.2248
 0.511789467138299 -0.135277221174921 -0.120918223781398 0.543000554405759 1777094059.24583
  0.460642226565154 -0.0760068469511915   -0.14324881376265 0.488352868654185 1777094059.26806
 0.440290952601612 -0.123007555809655 -0.163795031348812 0.485608684048853 1777094059.28654
  0.61281389265158 -0.145699425191636 -0.135224419505693 0.644247493715426 1777094059.30579
  0.54433819454191 -0.120142974556952 -0.236862651870969 0.605675094604266 1777094059.3232
  0.693923263870262 -0.0542606665777318  -0.203574859661045 0.725200964949601 1777094059.3442
  0.71121421136227 0.0329566866108335  -0.17548686022738 0.733285371290389 1777094059.36619
 0.648969115274739 0.0221562531203857 -0.126267928406677 0.661509940875363 1777094059.38596
  0.758377535157982  -0.010921197711724 -0.0393642739889047 0.75947699402841 1777094059.40491
  0.743724661282526 -0.0112819600196063  -0.123357094399448 0.753969911309706 1777094059.42404
 0.892895499950726 0.0733308899580199 -0.136935424796895 0.906306296909935 1777094059.4451
  0.982452379540632   0.141127728059411 -0.0715480086029014 0.99511247164695 1777094059.46816
  0.813072541343847  0.0254769657855291 -0.0731299391489497 0.81675211739726 1777094059.48684
  0.947933564067863  -0.133410660962935 -0.0383276720474952 0.958042513038722 1777094059.50618
   1.02152027445206 -0.0767696814390161 -0.0622282450341548 1.02628924265282 1777094059.52581
   1.0441776761108 0.0324205170050116 -0.038022832841463 1.04537258670214 1777094059.54628
   1.02095955107349  0.0427230409317209 -0.0550758913643782 1.02333621892525 1777094059.56809
  0.916541724344349 -0.0257537305240926  -0.111898933682168 0.923706316130417 1777094059.58692
   1.14819863809413 -0.0566352151364516   -0.15901464418884 1.16054009718806 1777094059.60686
  1.43950138071037 0.0479330745815353  -0.19657604123324 1.45365193381801 1777094059.62987
 0.990328794621256   0.14203771417518 0.0221485501302857 1.00070794539515 1777094059.6468
 1.15748993994098 0.155690942766472 0.132614621867938 1.17541876310414 1777094059.66821
   1.25907766768827  0.0466632624687109 0.00998877016227928 1.25998167005116 1777094059.688
     1.2893214591606 -0.00324254691968686  -0.0118862361088055 1.28938032471857 1777094059.70777
   1.07014515499566   0.120769010477238 -0.0959355906842201 1.08120277663918 1777094059.72684
   1.04178131847412   0.211768796536285 -0.0127978974911058 1.06316420410409 1777094059.74809
  0.931202780460831   0.173856090256079 -0.0842353906094052 0.951031103323247 1777094059.76812
 0.905739842646326  0.052195245286812 -0.194656757458827 0.927890219482847 1777094059.78779
  0.947623518209605 -0.0402052653437523  -0.192286664839144 0.967771128470091 1777094059.80688
    1.12513087563984 -0.00498908324954065   -0.247337546211292 1.15200704860498 1777094059.82807
  1.03129571786015 0.0493745946387494 -0.084758901781214 1.03595018205683 1777094059.848
  0.950879036881639  0.0280592641836506 -0.0434378223969526 0.952284153759827 1777094059.86827
  0.867375179324264 0.00069319810923119  -0.100781010950734 0.873210738825211 1777094059.88702
    1.1557703652372 -0.0714854243036828 -0.0757897415387788 1.16045654290495 1777094059.90794
   1.13223199046763  0.0228477822574331 -0.0532791988139588 1.13371512048602 1777094059.92782
  1.01710688019028 0.0912027915055967 0.0206599078696942 1.02139668430145 1777094059.94663
  0.882105532140392  0.0587014877976562 -0.0831472881988605 0.887958054210427 1777094059.96821
  0.85555336857988 0.0166466416506694 -0.162530956663988 0.871013770867452 1777094059.98653
   1.02896783162782 -0.0943499427311844  -0.150164571532584 1.04413893173361 1777094060.0068
  0.964433356013632 -0.0700931721830219   -0.16029250871527 0.980172657917282 1777094060.02668
  0.866685182633029 0.00174288031525794 -0.0949794441195181 0.871875758484368 1777094060.04609
  0.818327808178963 0.00297353826039778  -0.159857936652479 0.833800817629462 1777094060.0681
   0.811619993360059 -0.00538393453369449   -0.192495153725989 0.834152494799865 1777094060.08624
  0.934601054257628 -0.0707810711579181   -0.16197746660347 0.95117074720631 1777094060.10609
  0.877282824090698 -0.0500566174931171  -0.162125028548434 0.893540901851299 1777094060.12589
  1.03526864399735 0.0337931278142323 -0.255439880381448 1.06685175784683 1777094060.1447
  1.15165862975387 0.0908655248437149 -0.423567832189626 1.23044051118188 1777094060.16808
 0.871736953567238  0.094848228208234 -0.289945323174939 0.923574465346433 1777094060.18621
0.895096472302913 0.095518348845773 -0.18652329277971 0.919299944764889 1777094060.2057
 0.879866208874708  0.127703607082955 -0.210452175772317 0.913653585922395 1777094060.22465
   1.2582504471453 0.0214307462818438 -0.278486273491259 1.28887860916015 1777094060.24425
  1.42835030763516 0.0613923572309864 -0.309949147383973 1.4628814363481 1777094060.26818
 0.846939374188664   0.10006014384255 -0.302283456301326 0.904816900754154 1777094060.28688
 0.698828254187939 0.0321827522117391 -0.255231934869554 0.744674424811636 1777094060.30585
 0.868419635851717 0.0459675355756958 -0.296237811504412 0.918706982244423 1777094060.32438
   1.24090467064085 -0.0375793549050287  -0.480022538761306 1.33104404406925 1777094060.34408
   1.46971398850813 -0.0746577616671435  -0.613423156944212 1.59434028954582 1777094060.36829
   1.06063904853016 -0.0608537826650171  -0.499425253675161 1.17391820760226 1777094060.3897
 0.605961194493201 -0.053523878854242 -0.142903503563091 0.624880137442243 1777094060.40619
  0.80372699664889 -0.254294109532798 -0.232753385048127 0.874538002339912 1777094060.42387
  1.17828012906679 -0.397857931774832 -0.438854597800501 1.31879807189746 1777094060.44414
  1.43946604709285 -0.337774170224591 -0.504625295950001 1.56230617361535 1777094060.46817
 0.960339709853048 -0.179208947205775 -0.332729726298827 1.03202581161623 1777094060.4899
   0.68932235887616  0.0243410469787409 -0.0616867383574795 0.692504913126108 1777094060.50791
 0.665541670972257 -0.129034008804264 -0.146095389915645 0.69349791216935 1777094060.52392
 0.830213341416695  -0.41448520663361 -0.492377585395852 1.05047030676009 1777094060.54428
  1.05373367979709 -0.329870444465833 -0.483282077955374 1.20529280465108 1777094060.56818
  0.782364884967845 -0.0976349787944434  -0.270699945311323 0.833610138317963 1777094060.59002
  0.600387392083343   0.160564964512542 0.00599479815742972 0.621515941876393 1777094060.60843
  0.43389924672602 0.0399841445166172  0.107080621233316 0.448702069937109 1777094060.62486
 0.597377804576367 -0.233964175051497 -0.196270866921678 0.670911119158264 1777094060.64458
 0.795276214268973 -0.207213601932506 -0.223985360480523 0.851804658074504 1777094060.66802
  0.709910133292942 -0.0271989277201021  -0.103623793912591 0.717948514648484 1777094060.68877
0.692327733958302 0.101503464717168  0.10459231496169 0.707502789327697 1777094060.70834
  0.603224915636507 0.00137985405202023   0.214720378178258 0.640302306451328 1777094060.72589
  0.392193798726752  -0.287678018354026 -0.0130390875433739 0.486564112741356 1777094060.74444
  0.483840597091305  -0.321192532874931 -0.0392859192586581 0.582073663740494 1777094060.76643
  0.556719529366511  -0.167835304640662 -0.0349369922532867 0.582516881549023 1777094060.78822
  0.624572265373978 -0.0252506842349611  0.0194535837308186 0.625385124262393 1777094060.80837
  0.475775291946817 -0.0599857741495327 -0.0153160949231641 0.479786415284023 1777094060.82603
 0.376745266544052 -0.267857613248183 -0.204120183672645 0.505321428618376 1777094060.84425
 0.301007354602205 -0.270535889912399 -0.203279340199874 0.452899089651776 1777094060.86629
  0.32133139123999 -0.155783909125258  -0.20301834848314 0.410778455081807 1777094060.88805
  0.400208672906811  0.0370718679050536 -0.0585099784822896 0.406158494730565 1777094060.90826
0.244257548500415 0.143496916130458 0.022325394545349 0.284168151241461 1777094060.92581
 0.0724586566623109 -0.0400554726595844  -0.183773696249767 0.20156256906626 1777094060.94614
 -0.13314820689577 -0.165860327515359 -0.149786110609083 0.260142215287057 1777094060.96596
 -0.082997191653418 -0.0843323885530024  -0.123269016752635 0.170867598076903 1777094060.98772
  0.125501415688462  0.0185759487776231 -0.0187633110681183 0.128248715607744 1777094061.00795
0.0982899108655621 0.0968849527356222 0.0568064461608002 0.149246684954688 1777094061.02571
-0.0889163315212932 -0.0377245984394878 -0.0886847278896531 0.131126809995084 1777094061.04603
 -0.338551461682117  -0.124533077683196 -0.0847981978109091 0.370562159423119 1777094061.0648
 -0.192753159010979 -0.0585961628852543 -0.0478799403106753 0.207074332783522 1777094061.0886
  0.147588233768533  0.0380363173675778 0.00588160137133784 0.152524232240302 1777094061.10789
 0.098072627323794 0.0363551040252311  0.155930260967153 0.187760965336679 1777094061.12483
-0.0956328333688387  -0.110760096524535 -0.0371175382502996 0.15096737874799 1777094061.14573
 -0.393891881753388  -0.116220908969264 -0.0126744499952718 0.410875596592873 1777094061.16433
  -0.344692784428789 -0.00634280798531922   0.0215475927021998 0.345423863682969 1777094061.18842
-0.0924863716757287  0.0822920327586413  0.0988115336937472 0.15839642291479 1777094061.20787
-0.109522828706229 0.0765536047484136  0.199617246148916 0.240213965805211 1777094061.22467
 -0.407739577375332 -0.0396893272621839  0.0136476226333731 0.409893965874446 1777094061.24472
 -0.725237199051376  -0.107339739254853 -0.0522999888912887 0.735000750577313 1777094061.26422
  -0.60912513221103 -0.0522285781886557  -0.020990027076021 0.61172038735632 1777094061.28975
-0.350850251289487  0.137393599773408  0.112358279067413 0.393188609910794 1777094061.31008
-0.316640078555786 0.0912809233638717  0.215012609954263 0.39347626199978 1777094061.32693
 -0.765052957372238  -0.101408132456628 0.00801043601981429 0.771786112856131 1777094061.34605
   -1.14994158571393   -0.188772625245595 -0.00611568414855746 1.16534894181485 1777094061.36819
  -1.02465131741945 -0.0906372970205854 -0.0849484564605329 1.03215390429705 1777094061.39231
 -0.678292066907769 -0.0816836974411082   -0.17386740010926 0.704969664083794 1777094061.41198
-0.598491159394291 -0.132759959323352 -0.060130804422928 0.615980996714354 1777094061.43008
-0.827305797724561 -0.174113632212792 -0.297994621695431 0.896410193176319 1777094061.44592
  -1.5204467145311 -0.301007931335443 -0.376335921674137 1.59498987846242 1777094061.46815
 -1.51106320248625 -0.306303318312549  -0.28604904924847 1.56810643238692 1777094061.49288
-0.766319576804628 -0.185548226508905  0.023916428816193 0.788825604124222 1777094061.51194
 -0.268050051909592 -0.0585793799605654   0.213295979494172 0.347530644625301 1777094061.52848
 -0.715037660233021 -0.0855922761889671  0.0131587787133389 0.720262484620675 1777094061.54595
  -1.4383072168469 -0.185877197432732   0.13482269202425 1.45652158955643 1777094061.56829
 -1.47863934340044 -0.136541157817782  0.156802570130442 1.49318613763637 1777094061.59279
 -0.827420667504263 -0.0868936908500017   0.152176082341628 0.845773630801754 1777094061.61197
-0.585611469528398  0.016974168674494  0.111104570478952 0.596299539851166 1777094061.63001
 -0.954152905409831 -0.0706222219758174 -0.0914189833831595 0.961120541691642 1777094061.64811
 -1.32994616416824 -0.106775641551628 0.0535504331199923 1.33529977387174 1777094061.66813
 -1.62881887137146 -0.142946460686139 0.0776984187970946 1.63692444866648 1777094061.69186
-0.979929262144877 -0.159804949099724 0.0396845225596658 0.99366686665872 1777094061.71024
-0.902992754310956 -0.135585642799965  0.173974403771269 0.929541001806341 1777094061.73006
 -1.03009454072801 -0.129938322342992  0.163209744763805 1.05100720798519 1777094061.74838
 -1.37185257627544 -0.155122329072686   0.16418316482061 1.39032317812119 1777094061.76826
  -1.5300995230773 -0.166572974538085  0.099750089243951 1.54236869349453 1777094061.78992
 -1.07833649334964 -0.140228474380844 0.0942898838986569 1.09149631246395 1777094061.80868
  -1.01232089752778 -0.0444413667784235   0.235790797971984 1.04036817284116 1777094061.82858
 -1.13341700086672 0.0164407863292266   0.29958262471484 1.17245645818506 1777094061.84835
  -1.27995610315166 -0.0680064001079753   0.355515711548956 1.33015184005774 1777094061.86807
 -1.40342041196147 -0.024611849374671  0.369581572006019 1.45147688035538 1777094061.88991
-0.851271866996362 0.0349970215028576  0.253294569127961 0.888845724410745 1777094061.90862
-0.907235286927507 0.0829720677474471  0.295980260497802 0.957895894383659 1777094061.92976
-0.921137175779351 0.0859858797816456  0.223781678827075 0.951822203934772 1777094061.94842
-1.11520056438673 0.110434315554917 0.312908275215946 1.1635203588933 1777094061.96812
-1.20227903006178 0.149156188734124 0.335735517200156 1.25715582656791 1777094061.99066
 -0.85241692875911 0.0618257068080786  0.212239010545694 0.880614805720894 1777094062.00834
-0.917109547915559 0.0233757677741085  0.294391104700224 0.963484546800585 1777094062.02839
-0.936940031850905 0.0343139077779497  0.340965149651629 0.997642872389077 1777094062.04839
-0.87253215870273 0.104034150989659 0.413165021618956 0.970999900943341 1777094062.06823
-0.921491811747119  0.126348257468671  0.425811297100872 1.02294980425292 1777094062.08823
-0.814159949373618  0.113468969231543  0.444332077030584 0.934431712229863 1777094062.10805
-0.733371907022698   0.14108763119862  0.502479966081521 0.900125652340068 1777094062.129
-0.698751272807368  0.188760208493872  0.315566705452137 0.789598697535958 1777094062.14827
-0.776072340048669  0.178870483804094  0.346922370341109 0.868699060669471 1777094062.16831
-0.861192737433373  0.144740131974538  0.376141454696772 0.950833860752444 1777094062.18828
 -0.97014577149271 0.0522071423842287  0.337342349646077 1.02844944675266 1777094062.2083
 -0.885984121525431 -0.0309501057059005   0.325720482241832 0.944467895267091 1777094062.2283
  -0.828289717061996 -0.00169191110654418    0.295881196161147 0.879552386271326 1777094062.24821
-0.814630283491268  0.034829913763637  0.286510970098445 0.864247740905696 1777094062.26822
-0.882723814168345 0.0459363634129289  0.229659163086822 0.913266014244073 1777094062.28844
 -0.97659599852428 0.0532275943114853  0.103207483869246 0.983475828811489 1777094062.30824
-0.860835080485014 0.0287175475743401   0.11668153434261 0.869181404419624 1777094062.32813
-0.956264264094653 0.0287725375021098  0.119745124727584 0.964161862238298 1777094062.34821
-0.963236369182706 0.0137233307172447  0.214933966920117 0.98702038624249 1777094062.36818
 -0.994417188749765 0.00259112378482273   0.219707316326552 1.01840245681698 1777094062.38848
 -1.00867880236791 0.0286550080673917  0.116590437764246 1.01579888069035 1777094062.40845
-0.915637288111313  0.027168443532081 0.0544877665351041 0.917659350960791 1777094062.42808
-0.888005229745236 -0.003141391078453  0.017866391176843 0.888190500020396 1777094062.44809
 -0.872208116058988 -0.0265038320026591   0.109524935171747 0.879457311217759 1777094062.46812
  -0.937117340300419 -0.00644839802526639    0.154968870361324 0.949866223270356 1777094062.48967
-0.902610744443519 -0.015129080913003 0.0958532427323508 0.90781214423275 1777094062.50908
 -0.778287668026183 -0.0457206833618919   0.114286453157827 0.787961590728957 1777094062.52841
 -0.845168413352554 0.00889700197191561   0.151371006988611 0.858662905527954 1777094062.54812
-0.871010322672668 0.0505526983766918  0.203182871958384 0.895822436073559 1777094062.56827
-0.845486434706486  0.131205920476727  0.177273929928693 0.873778204736873 1777094062.58984
-0.662865533157981 0.0982254138306772  0.120127092375001 0.680785917373071 1777094062.60999
 -0.380109561488243 -0.0362693926163073   0.135322313467661 0.405106006000627 1777094062.62845
-0.529469231957994 -0.139795632043956  0.204985275746775 0.584721685592161 1777094062.64819
 -0.730145650204772 -0.0855415126560345   0.294280283991636 0.791852831305558 1777094062.66821
-0.788734785877733 0.0505716957074539  0.277004409503895 0.837491195025311 1777094062.68993
-0.653609385385204  0.116072866341804 0.0905886069606731 0.6699883839855 1777094062.71028
-0.420812541490812 0.0452423110226996 0.0333079302067992 0.424546204784935 1777094062.72966
-0.447725962995327 0.0349745613179525 0.0515063377697453 0.452033915442113 1777094062.74813
-0.725772559712207  0.169360130542442  0.101279842050095 0.752121179501185 1777094062.76815
-0.814937583041109  0.278983610357615  0.118546627831729 0.869487447909013 1777094062.78996
  -0.7008721598181  0.239314068799643 0.0109332378522983 0.740683835130391 1777094062.81061
-0.496666919352359 0.0549103518677504 0.0219386787209913 0.500174450712174 1777094062.8299
-0.497577018523705 0.0405837112682498  0.126182319856035 0.514929028922914 1777094062.84825
-0.819508377184644  0.115035417466303   0.23533385523161 0.86035408464517 1777094062.86815
-0.828522798788651  0.126546710852986  0.220604362077186 0.866677784824193 1777094062.8892
-0.719326470246185 0.0681740401533809 0.0314890632525082 0.723235668127749 1777094062.91059
 -0.347490208783034  -0.101209877064162 -0.0162461235279199 0.362293832331029 1777094062.92999
 -0.302408787059523 -0.0885800458605303  0.0315201150427998 0.316687569487306 1777094062.94818
  -0.330069537056623 0.000741426993093963   0.0938042221046106 0.34314090559333 1777094062.96818
-0.290064812290607  0.125794495666577  0.243428745625164 0.399023062824487 1777094062.98957
-0.213143793161871  0.183330576919968  0.242605517061177 0.371345949090278 1777094063.01066
0.0559289596358959 0.0809654591002482  0.273705761369116 0.290857865459945 1777094063.03013
0.0463348224255408  0.125484983552633  0.221112164045588 0.258425977709931 1777094063.04853
0.0636823838452844 0.0815270160092711  0.277709922856977 0.296352664244515 1777094063.06793
0.0660145463310659 0.0819985981941383  0.335946922419551 0.352054008805848 1777094063.09056
-0.036547581808478 0.0451337748266085  0.106145178678927 0.120994141688463 1777094063.11043
 0.0224486261026677  -0.106592289821545 -0.0400438480756326 0.116057601353819 1777094063.13006
-0.0105437015744889 -0.0472340372016596 -0.0416680701961069 0.063862759000276 1777094063.14831
-0.0301307281715168 -0.0859559176317983 -0.0272542898864165 0.0950740599389926 1777094063.16684
-0.0238029088588265  -0.062445499802512  0.0407422758549068 0.0782684608099869 1777094063.18811
-0.0570667935050442 -0.0689551997269255 -0.0525332291876195 0.103784289076943 1777094063.20981
0.0470710952787038 -0.226505337744668 -0.109516501912283 0.25595745784928 1777094063.22852
0.00386357964652361   -0.16228038054941 -0.0229500060138856 0.163940696396544 1777094063.24626
0.0472398202519401 -0.212818138683441 0.0111090326316353 0.218280945975892 1777094063.26929
 0.201405188874086 -0.157364783859941 0.0824333342971825 0.26855721905777 1777094063.28669
   0.19435748891008   -0.10057057516218 0.00748001018110647 0.218963980225499 1777094063.3088
  0.206317953708251  -0.189361095036358 -0.0476167320265676 0.284063506111958 1777094063.32973
  0.265418995469077   -0.13423444291779 -0.0503979544664991 0.301672144281952 1777094063.3481
 0.392841146443987 -0.153724013182762 -0.128709044263971 0.441045640091572 1777094063.36816
  0.560440913656629  -0.134302409209863 -0.0966235059101949 0.584351997270676 1777094063.38985
  0.46940319405573 -0.121656092068469 -0.118298940583894 0.499133451764521 1777094063.41158
  0.403876741962938  -0.227600640810203 -0.0962691493861234 0.473483076275531 1777094063.43036
 0.426615267827611 -0.172881909714774 -0.059797521347291 0.46418152161577 1777094063.44859
 0.488639548922228 -0.221719059895313 -0.157913778462346 0.559343107332194 1777094063.46824
    0.597195193525 -0.153888387640742 -0.118247895903518 0.627938133820235 1777094063.48983
 0.569588642523905  -0.11126177703794 -0.167922553007839 0.604159241037109 1777094063.51179
 0.493906975334442  -0.16800319633781 -0.199965820510997 0.558708782494399 1777094063.53029
 0.606324402179567 -0.114361893189675 -0.219589958031743 0.65492570033609 1777094063.54877
 0.674761763204309  -0.12770923924312 -0.284821054822294 0.743462251994497 1777094063.56823
 0.789073126543717 -0.157948287266651 -0.254610901503674 0.844044294837931 1777094063.58976
   0.6907417200511 -0.162502043909547 -0.249231738671876 0.752095404623202 1777094063.61106
 0.612940697321928 -0.278920262776524 -0.277101665578612 0.728201994289536 1777094063.63024
 0.759507931485006 -0.338382878275534 -0.325606702098088 0.892958562728339 1777094063.64874
 0.972381705380344 -0.416085059936168 -0.472634537367883 1.15846293163546 1777094063.67315
 0.600408630636667 -0.178614279218844 -0.256264141772606 0.676804916384563 1777094063.69042
 0.809885939045461 -0.219961398282017  -0.46272199098147 0.958337045060653 1777094063.71048
 0.980169561932362  -0.31983665992833 -0.583879667211222 1.18488114380957 1777094063.73006
  1.01071861776398  -0.31799271478603 -0.437761339369666 1.1464320656709 1777094063.74851
  1.03619272491147 -0.246392212349596 -0.510180278666908 1.18096926387042 1777094063.76822
 0.968107661587077 -0.132875886501347 -0.453294402884969 1.07720205222788 1777094063.78789
  0.941187892397364 -0.0847337226324747  -0.433932421377868 1.03986143253292 1777094063.80836
 0.900936157867761 -0.047792213820222 -0.340546266345999 0.964334908513407 1777094063.82704
  1.05450853873585 -0.154188465837905 -0.279550733057642 1.10177627203409 1777094063.84592
  1.45150554986686 -0.244119802653754 -0.452510251438145 1.53987933520734 1777094063.87154
 0.657112414888946 -0.120647946168349 -0.228715757643968 0.706161136363704 1777094063.88569
 0.818420848002439 -0.206570672004288  -0.36826801341558 0.920926412197192 1777094063.90674
  1.06089686658312 -0.143079773077874 -0.494421839068922 1.17916366037043 1777094063.92703
   1.14125154983764 -0.0808263537485622  -0.447695528719458 1.22858426080692 1777094063.94692
   1.06872319290485 -0.0216700089451062  -0.392909889814757 1.13886655664949 1777094063.96813
   0.8464736628711 0.0063369940379412  -0.22412375752927 0.875665049043807 1777094063.987
 0.889835482284955 0.0254721496639177 -0.207404607741353 0.914041950489223 1777094064.00698
 0.976129137288787 0.0126162913240677 -0.276584537478039 1.01463602825982 1777094064.02769
   1.00135883805982 -0.0554772884411948  -0.205316737140931 1.02369537199476 1777094064.04662
    1.06622055567032 -0.00854979308070614   -0.107704828498707 1.07168078380532 1777094064.06659
   1.08207436919239   0.105067493357699 -0.0384679498096799 1.08784369363716 1777094064.08655
   1.03436191391279   0.139687927245004 -0.0563285550498508 1.04527039185339 1777094064.10674
  0.964499327436126   0.127451496167111 -0.0832423503845495 0.97643849032979 1777094064.12656
    1.1263432600987  0.0530615173406722 -0.0231397886044684 1.12782982493323 1777094064.14785
  1.05825844688785  0.044013081763348 -0.066102181979109 1.06123399410224 1777094064.16815
  0.857534835999225  0.0612265861214496 -0.0776648187197932 0.863218694113539 1777094064.18645
  0.952378578945231   0.201209705794523 -0.0843517259538048 0.977049393332314 1777094064.20681
  0.994920598945704   0.170459389136829 -0.0690964385222039 1.01177948159064 1777094064.22601
   1.09877809944405  0.0269635830044923 -0.0320479278992697 1.09957601661229 1777094064.24593
  1.35383729633921 0.0526923997448856 0.0346842762206006 1.35530620634855 1777094064.27142
   0.517020412479612   0.0253328273429399 -0.00735678387374345 0.517692941163718 1777094064.28579
   0.75921109351649  0.0653176635936812 -0.0880464470491224 0.767085431053032 1777094064.30614
 0.953609342495817 0.0762490827020326 -0.147360138158359 0.967935799020915 1777094064.32585
  0.935896812912754 0.00131467988484283  -0.106611567714963 0.941950422885457 1777094064.3448
   1.01068758985683  0.0239874833401781 -0.0525621343397622 1.01233768161318 1777094064.36602
  0.81221069285672 0.0277920410273277 0.0641366053229318 0.815212923890199 1777094064.38417
  0.93607774190592 0.0451635640914398 0.0847768070529004 0.940993301478396 1777094064.40616
  0.923283532694504  0.0817981188394651 -0.0113523002487154 0.926969410882288 1777094064.42604
  0.902970962172276  0.0419641216177364 -0.0129535622121081 0.904038351400789 1777094064.44579
   1.12654741802464   0.107185708078811 -0.0452863466215335 1.13254082233916 1777094064.46964
  0.733006728057301  0.0703611971131529 0.00939238674358535 0.736435861677857 1777094064.48632
 0.658918279844009 0.0697793295937616 0.0107782888157616 0.66269044497483 1777094064.50799
   0.951303677007588    0.041109559491442 -0.00405985726746524 0.952200170242985 1777094064.5282
  1.01196827406248 0.0681786046137693 0.0117148276133528 1.01432999907431 1777094064.54819
 0.900437890689941 0.0713606934560671 0.0105468172866605 0.903322743495124 1777094064.56831
  0.694927874296481 -0.0287732133045877 -0.0772761511593081 0.699803009293396 1777094064.5867
 0.848277220350102  -0.07259361772185 -0.128747476800593 0.86105748279738 1777094064.6098
  0.757099455637305 -0.0164224133793255  -0.161297561080062 0.774264931788778 1777094064.63045
  0.699117738511301  0.0380883266154242 -0.0210754023180453 0.700471630766291 1777094064.64874
 0.857277710312468 0.0708937646762592 0.0140380235821835 0.860318583185702 1777094064.66826
  0.706239232175198 -0.0135456018929564  0.0932191296288257 0.712493608759273 1777094064.68649
   0.851527966892844 -0.00626733987397165    0.182400440517605 0.870866854720498 1777094064.70997
   0.846011998186658 -0.00483474602612175    0.120607646442784 0.854579358646923 1777094064.73199
 0.664503850497594 0.0212119634091483 0.0807931085997311 0.669733410481371 1777094064.74999
 0.700424629697024 0.0720316475092057 0.0734733713150357 0.707941774739632 1777094064.76823
 0.675921244557577 0.0736785638397385 0.0138796752243192 0.680066691581114 1777094064.78646
 1.07628625553005 0.178514973243136  0.13838274169606 1.09973155029499 1777094064.81191
 0.897968078205589  0.140706420255091 0.0435351192752962 0.909967182258545 1777094064.83369
 0.507863946797343 0.0332096319245019 0.0321511687925739 0.509963102355321 1777094064.85033
   0.67062357188372  0.0172447586915305 -0.0608310879297954 0.673597638154359 1777094064.86816
  0.748414353004154 -0.0349381469173033  -0.219016708584364 0.78058506040775 1777094064.88645
   1.00122852617702 -0.0212681799066104  -0.135575380766588 1.01058971940999 1777094064.91154
  0.727664241979444 -0.0361550778469697 -0.0639987010982525 0.731367399090158 1777094064.93365
  0.437533455195848 0.00517408526779053  0.0283821542389883 0.438483571246656 1777094064.9516
     0.44203493718624 -0.000418267998390994    0.0466479394393811 0.444489697175651 1777094064.96832
  0.561917583365332 -0.0310962786615641  -0.143488908176312 0.580781728200331 1777094064.9861
     0.701032398811  0.0197599526325327 -0.0764057326946488 0.705460640928572 1777094065.00811
 0.611950975276687 0.0779169447874253 -0.113481535498579 0.627242461354627 1777094065.02885
 0.539002609578141 0.0656369283428368 -0.122946042844359 0.556729511473405 1777094065.0488
  0.653663451953703   0.147354953335539 -0.0475137324191688 0.671749168559925 1777094065.07123
  0.180877796063754  0.0833244763085007 -0.0927659858991714 0.219693590258824 1777094065.08462
  0.220425024376481  0.0993234296724848 -0.0511609089093314 0.247122992968493 1777094065.10653
 0.386879635289163  0.115843760456146 -0.038068833943408 0.405641301097296 1777094065.12951
 0.379948241781365  0.127816346649484 0.0263037505735393 0.401733210225152 1777094065.14998
0.338085618649897 0.173494409662653 0.131591348362644 0.402142361217983 1777094065.16818
0.0821037959171038 -0.033590023738631 -0.113085427369236 0.143727648286758 1777094065.18812
-0.0613559861780171 -0.0650859966944681  -0.146003292126949 0.171224137660251 1777094065.21
 0.0154393644058767 0.00672662577482552  -0.156466743927541 0.157370465535495 1777094065.23096
  0.225468483506106   0.012813015196483 -0.0746981461190296 0.237865557503789 1777094065.25031
 0.0700411532319418 0.00608533203865528   0.019895127331487 0.0730657957160334 1777094065.2683
-0.0888244277084488  -0.125717902191447  -0.109361280119594 0.188824414413359 1777094065.28819
-0.282641051445702 -0.127799573286055 -0.106341307606132 0.327913355320901 1777094065.31274
 -0.109727196243178 -0.0523393863892896 -0.0692029768322797 0.13988752969956 1777094065.33165
 0.119279559775982 0.0334568091194132 0.0178073870178989 0.125156200362628 1777094065.35018
  0.01953103718121 0.0199080714270496 0.0935721604715641 0.0976398583398934 1777094065.36716
 -0.200050137071464 -0.0342079122431736 -0.0568965277050242 0.210778209185003 1777094065.38792
 -0.455690383248397 -0.0695270621378067 0.00347531796477259 0.460977022843375 1777094065.40906
 -0.361674401888885 -0.0632650218101644  0.0468666323376535 0.370144994823645 1777094065.4306
 -0.118929771357054 -0.0206540376293982   0.128468932938793 0.176281441212256 1777094065.45049
-0.0898230177880096  0.0536667790338075   0.215101225527234 0.239200407440553 1777094065.46669
 -0.344608313302707 -0.0400644304190946   0.149128765875905 0.377623406310855 1777094065.49114
-0.535535857494774 -0.164553615016388 0.0704570900222238 0.564659851956931 1777094065.50882
-0.552962256877373 -0.113994040030067  0.090706297038567 0.571829984362261 1777094065.53093
  -0.362006656284599 -0.00854341275928163    0.146253651609838 0.390527770722062 1777094065.55192
-0.206332682549936 0.0988612007658248   0.24047695219541 0.331927518356503 1777094065.56824
  -0.57400740314858 -0.0263192502728385  0.0412246579905398 0.576087384196823 1777094065.58644
-1.00838125845637 -0.14998295831766 0.126881171325765 1.0273395163376 1777094065.6086
 -0.889035085956481 -0.0922554630613008   0.172674487600083 0.910335615690309 1777094065.63192
 -0.616366332000897 -0.0492028956076846   0.170108949983205 0.641299801204405 1777094065.65202
 -0.36750388290058 0.0166805021822492  0.219930698233502 0.428610376829039 1777094065.66819
-0.808915805628485 0.0263824353041292 0.0850623947911353 0.813803676875302 1777094065.68795
  -1.10944446687123 -0.0460078778869432   0.163250864716368 1.12233443978588 1777094065.70817
    -1.19017101599005 -0.000203548990061721      0.21225769669231 1.2089501307085 1777094065.73084
 -0.869499583760905 -0.0588041813064303   0.151922049927275 0.884628604078351 1777094065.75202
  -0.51375212032223 -0.0254543322555226   0.171620269763176 0.54225702499806 1777094065.76812
 -0.795420385518637 0.00164424992887815   0.136593466849055 0.807065095542044 1777094065.78618
 -1.34509354398757 -0.128891768897252  0.149550938955919 1.35950550330225 1777094065.80794
 -1.32138209283413 -0.114492624758141  0.147142011311544 1.33446992018536 1777094065.83029
 -0.854350084337592 -0.0778476105943477   0.137055873771649 0.868768455699336 1777094065.85014
 -0.779656037617066 -0.0187444462594176    0.24325515688211 0.81693816327067 1777094065.86832
 -1.20401942322134 0.0504166825702547  0.188363104725073 1.21970704375982 1777094065.89168
-0.831104069259197 0.0341285715048327 0.0648237483116148 0.834326585742851 1777094065.90688
-1.49616849802931  0.17080231386361 0.265322151242525 1.52908124337996 1777094065.92992
-1.01994753389283 0.166195285227588 0.294612840772255 1.07457459986445 1777094065.94878
-0.885511409143828 0.0893483463136533  0.336393385693325 0.951458928515094 1777094065.96831
-0.774910502336162 0.0538870071980024  0.187268613040293 0.799036688522921 1777094065.9863
 -0.902559611541618 0.00208386761992395   0.118631000928435 0.910324947077523 1777094066.005
 -1.20114149581328 0.0418383223848435  0.140892702776609 1.21010003383201 1777094066.02687
-0.890689614289106 0.0343343033364741 0.0836496452075293 0.895267611684586 1777094066.046
 -0.750099617518399 0.00676446745841004   0.145342680734549 0.764080944052624 1777094066.06546
-0.813880873731832 0.0260439023987728 0.0225875481988153 0.814610679289365 1777094066.08476
  -0.965407986091635  -0.0475871100069818 -0.00141931845556654 0.966581153919939 1777094066.10476
  -1.14573796113013 -0.0906875078051775  0.0970035775919724 1.15340773090533 1777094066.12883
 -0.738442271793516 -0.0617243048215072   0.133001659047857 0.752858764899997 1777094066.14794
 -0.690326142654324 -0.0255338438215583   0.201916101804216 0.719702905774398 1777094066.16826
-0.859189604627398 0.0273536994872038  0.249357974647474 0.895061115843891 1777094066.19006
 -0.792941587648199 -0.0316474938074497   0.219541304887071 0.823381023486609 1777094066.20811
 -1.01804229858372 0.0476971415262054  0.217765480720345 1.04216454728069 1777094066.22831
 -1.03574381740831 0.0434849736931951  0.184426361561739 1.05293365464095 1777094066.24812
-0.918512152230685 0.0826010166274101    0.2798606547655 0.963747626626962 1777094066.26822
-0.836496429049297  0.120686803252734  0.299741638978408 0.896736656119873 1777094066.28822
-0.833673543848883   0.12424749051855  0.366370062499454 0.919062587264636 1777094066.30802
-0.922318713700731  0.131860636975644  0.395698624051994 1.01224327031738 1777094066.32814
-0.887197544852863  0.114996991132701  0.354902226015278 0.962444482343331 1777094066.34786
-0.822237074276617 0.0936923972787928  0.344923679874546 0.89656255585487 1777094066.36821
-0.860056767115647  0.188255627931133  0.285892504818143 0.925673996837091 1777094066.38835
-0.835849178727322  0.251533099122063  0.236559574915597 0.904363412582207 1777094066.40824
-0.854982934169561  0.263133367718813  0.191509375449588 0.91482830510065 1777094066.42809
-0.946204608077673  0.186303653334418  0.129296803690329 0.973000449659562 1777094066.44811
-0.908972164846571 0.0558837797548847 0.0825736022405212 0.914424295987661 1777094066.46821
 -0.91345870463635 0.0989020752610963 0.0339832816524828 0.919425521180885 1777094066.48822
-0.880784148240926  0.222913018519707  0.062042378347173 0.910670185264147 1777094066.50837
-0.920983107467816  0.261774933335223  0.108298138310352 0.963568620662391 1777094066.52835
-0.949988288603379  0.254512165868222 0.0611301618542315 0.985388800295008 1777094066.5482
-0.907768013467258  0.214567484456689  0.113871511100031 0.939706705680325 1777094066.56824
-0.895252119612349  0.237926581043883  0.205529898903605 0.948856129758859 1777094066.58812
-0.805018611347022  0.176112293658269  0.294295491857875 0.875031622926013 1777094066.60795
-0.844894207929676  0.207598308361898  0.371845076861167 0.946156457153744 1777094066.62826
-1.00312721381087 0.210227297236605 0.290791911497089 1.06537301419901 1777094066.64842
-0.851165168605351   0.12737675626984  0.259778649966568 0.898994955082204 1777094066.66831
-0.783697639930715   0.16670837072245  0.273980074364272 0.846781407950457 1777094066.68813
-0.829638979160349  0.251642142746456  0.324465814843528 0.925690374126429 1777094066.70803
-0.928843268758784  0.275830447559397  0.307577205707123 1.01658053846703 1777094066.72825
-0.967402030098014  0.241095315361408  0.180009637493201 1.01311258432487 1777094066.74847
-0.807296541378608 0.0871506632608039   0.16778954580189 0.829141891059103 1777094066.76824
-0.721882952245094 0.0584775007508054  0.180239288711077 0.746338271852133 1777094066.78643
-0.877288258567673  0.118506838865508  0.248051389631927 0.919351973608001 1777094066.80564
-0.932548812645551  0.202564948034946  0.291344173233831 0.997778168440427 1777094066.82613
-0.835994155334824  0.310529434343715  0.258084160006402 0.928397647020944 1777094066.84666
-0.80561331881116 0.294838744630156 0.381484245037955 0.938867900182553 1777094066.87111
-0.505668233832866  0.232642730179368  0.429913949938192 0.703312879851079 1777094066.8916
-0.195066445567218  0.108502315584461  0.381164187306883 0.441712359300411 1777094066.90409
-0.738014834517881  0.371512064097121  0.878370896228967 1.2059114980297 1777094066.92628
-0.900100154456581  0.419600229945624  0.643783846173031 1.18351268756043 1777094066.94861
-0.557559908402421  0.198799248767785  0.208251103015291 0.627505151114664 1777094066.96838
 -0.341825716385797  0.0898323120995866 -0.0999029412093402 0.367280903862558 1777094066.98615
 -0.669421854135491   0.170163675811934 -0.0181035380978668 0.690947923834849 1777094067.00417
-0.878781029941895  0.161182084325398 0.0810061878094125 0.897105214206579 1777094067.025
-1.11522956942424 0.169212656593268 -0.19644653467217 1.14497212047028 1777094067.04658
    -1.06431496821431 -0.000749093598429047    -0.425159981543902 1.14609245814317 1777094067.07018
 -0.637852359467201 -0.0947974841705621   -0.41226802315179 0.76538037497471 1777094067.08765
-0.617221471890371 -0.109645509443859 -0.472326166882098 0.784905402596552 1777094067.10277
 -1.15504199158497 -0.122522857364361 -0.588623986655064 1.3021566920179 1777094067.12479
 -1.20102789566644 -0.120203144589648 -0.555634326067834 1.32877624393389 1777094067.14795
-0.736304421778592   -0.1819614657569 -0.397704447983853 0.856401193657066 1777094067.16822
 -0.432843685207834 -0.0468466811893056  -0.176885599099738 0.469932742561768 1777094067.18604
 -0.526012808133848 -0.0300404858007476  -0.260843574336699 0.587904137917693 1777094067.20584
-0.665172742207006 0.0764707362268871 -0.205014544659921 0.700238183760629 1777094067.2263
-0.682851372718013  0.170919904742619 -0.117108641103273 0.713592352033818 1777094067.2469
-0.444164376432335  0.137356959692027 -0.103117888761866 0.476216575362583 1777094067.26829
-0.223201620215232  0.141943041460964 0.0567378787621063 0.270529068996877 1777094067.286
-0.268622174622597  0.169912020538811   0.08386345963583 0.328726401867335 1777094067.30589
-0.175788358234182  0.250736565815656  0.166756252234143 0.348680398053684 1777094067.32661
-0.0722184387777032   0.346744004213943   0.126717643908126 0.376170531322476 1777094067.34829
 0.124140242476685  0.243204671891702 0.0561709783805051 0.278773189249511 1777094067.36823
0.209827264127073  0.21147042629468 0.200849448919324 0.359287799820008 1777094067.38608
0.178523753907458 0.192507261521359 0.260015778756391 0.369510462165763 1777094067.40592
0.129926733712458 0.152632336620873 0.321648355315362 0.378992415217789 1777094067.42658
0.0204373551284953 0.0360254184651496  0.122215348592977 0.129043045887565 1777094067.44816
0.0387607062518705 -0.202249541020291 -0.165633371608422 0.26427577070635 1777094067.46822
 0.157181456832613 -0.224418244413761 -0.265150777258863 0.381280072228744 1777094067.48616
 0.238218413058686 -0.147900467202995 -0.257859934442657 0.380938717262809 1777094067.50592
  0.356233796410585 -0.0792658006816205 -0.0907070984956172 0.376049681000118 1777094067.52603
  0.403897812160784 -0.0955258239737921 -0.0983575114893325 0.426535843488579 1777094067.54865
 0.406549713632901 -0.216760508668384 -0.113663692144019 0.47453895802661 1777094067.56831
  0.494226170502041  -0.208775362180552 -0.0416972447176737 0.538131321964981 1777094067.58618
 0.590349149765541 -0.145165916773248  -0.08774396196886 0.614234698534288 1777094067.60447
  0.829936865479518  -0.150088410150997 -0.0749113730009273 0.846719224624377 1777094067.62604
 0.811305780410247 -0.124194688213899 -0.107653259144141 0.827786575218506 1777094067.64818
 0.633344839223611 -0.176791160392977 -0.145334722301113 0.673426299806162 1777094067.66825
 0.635865632122945 -0.208174074631476 -0.125684935093664 0.680777680578089 1777094067.68617
 0.675149008364609 -0.225322213495516 -0.203021850094944 0.740144685184058 1777094067.70611
 0.844057710815385 -0.202259215468561 -0.187398962469061 0.887953028354173 1777094067.72606
  0.97462573433797 -0.154102907786231 -0.140590825315636 0.996698955745882 1777094067.74822
 0.808604621969521 -0.193786927972609 -0.118369340943051 0.839884580760252 1777094067.76825
  0.740270815855397  -0.219932176091062 -0.0950945158666971 0.778083549392536 1777094067.78642
  0.81775914513071 -0.265873378178172 -0.189542187566893 0.880536719016547 1777094067.80562
  1.02838654670566 -0.201364789200802 -0.133351221249456 1.05636604261203 1777094067.826
   1.08523093895228 -0.0995488476899692 -0.0747373534999773 1.09234693936672 1777094067.84832
  0.880291872640474   -0.12516144087577 -0.0953682108046054 0.894245079914362 1777094067.86822
   0.85966104149449  -0.206871099505278 -0.0628085641067815 0.886429734270613 1777094067.88679
 0.917900210315608  -0.16727997491292 -0.126726585859835 0.941585372479838 1777094067.90616
    1.0989776767233  -0.045956250566937 -0.0912443554040837 1.1037161968982 1777094067.9261
  1.20988617908522 0.0237528316691878  -0.10042024258843 1.21427879355412 1777094067.94829
  0.986086518514959 -0.0876137744511721   -0.18420929654547 1.00696368375643 1777094067.96865
 0.915646063879602 -0.266673826490987 -0.208374988502413 0.976187881438268 1777094067.98798
 0.847265639598439 -0.171625540009312 -0.259303554412309 0.902525746645766 1777094068.00659
   0.952065865499107 -0.00945947102239871   -0.211350256930126 0.975288585468433 1777094068.02632
  1.02136560967536 0.0450015856365145  -0.16265089218992 1.03521406678401 1777094068.04821
   0.873764954901317 -0.00195806642630506    -0.16096948961763 0.888470712531139 1777094068.06825
 0.845776786280583 -0.146414775539426 -0.159751035137715 0.873095671696374 1777094068.08833
 0.916470560122438 -0.062190942110442 -0.152233399955656 0.931107409976839 1777094068.10802
  1.00326555121223 0.0886060916694729 -0.103942430414141 1.01252004156486 1777094068.12864
 0.898540866547145  0.119107054714527 -0.108036413811824 0.912816545669163 1777094068.14813
 0.935060541631627 0.0749499450789569 -0.214625527399764 0.962299240255024 1777094068.16819
  0.999400640850163 -0.0878263071654668  -0.265843016503227 1.03787649100728 1777094068.18803
 0.954699124569037 -0.132663961821508 -0.306879119966759 1.0115458168025 1777094068.20811
 0.880458162128139 -0.189164186754364   -0.2919491415987 0.946691061586998 1777094068.22773
  0.84135791726473 -0.246708954503115  -0.40459920952637 0.965633974922914 1777094068.24797
 0.748279447095386 -0.240803363060509 -0.497187417434554 0.930109519713603 1777094068.26713
 0.815951778422547 -0.260521997159447 -0.533908425253653 1.00931027056684 1777094068.28809
 0.820961125825368 -0.246930364486476 -0.458313183764688 0.972112518916614 1777094068.30823
 0.836849042000115 -0.197368932002088 -0.405100147874606 0.950461437526101 1777094068.32806
 0.763250650343035 -0.165518261147312 -0.403385787341179 0.879015326061587 1777094068.34816
  0.743725618189944 -0.0946907634668044  -0.400399667665033 0.849949427733327 1777094068.36825
  0.895950636006761 -0.0805539249847916  -0.282134809438893 0.942770665479413 1777094068.38795
   1.01150247796505 -0.0279828696212375   -0.25238048238458 1.04288839854049 1777094068.40819
 0.838017346347587 0.0317379201114196 -0.242677951246588 0.873025175108767 1777094068.42646
 0.839722929983556 0.0955988185860817 -0.265928989070742 0.885997720360165 1777094068.44628
  1.03394339877348  0.142760014909294 -0.325882215713263 1.09344345635352 1777094068.46959
  0.791601562232705 -0.0563992619019167  -0.167498623349424 0.811091671080583 1777094068.48776
 0.881377497940285 -0.138801867852307 -0.158856669311557 0.906271313558764 1777094068.50628
 0.946421119709178 -0.231180683186712 -0.324191361364427 1.02677041391616 1777094068.52608
  1.04225106426799 -0.211052841737603 -0.460491153378423 1.15882815176068 1777094068.54812
  0.764916232949054 -0.0581717081689489  -0.451912763557634 0.890340348926501 1777094068.56817
 0.725974402837858 0.0544659225483722 -0.354096219377338 0.809561302726454 1777094068.58665
 0.903147053839287 0.0757384424925027 -0.435376088158465 1.00546668302333 1777094068.60685
 0.845735701396252 0.0207013611050611 -0.416147195325851 0.942802159069115 1777094068.62608
 0.958070594740271 0.0541012916759818 -0.485007802366107 1.07520174042967 1777094068.64823
 0.816948951307269 0.0820423217035115 -0.443799265905311 0.933324338057592 1777094068.6683
 0.820222772827896 0.0708450130458742 -0.330148650374466 0.887007634850475 1777094068.6867
  1.00765383279351 0.0964317776958677 -0.370451401265056 1.07791445634256 1777094068.70644
   0.9598689491414  0.102143537293317 -0.371695763171447 1.03437877109703 1777094068.72581
  1.00224625330908  0.129064028323654 -0.373509926518791 1.07734151543849 1777094068.74806
 0.840425390756389  0.166930287914924 -0.351539965089037 0.926153823890065 1777094068.76822
 0.786513712313509  0.103075054412261 -0.273827815533618 0.839172186776457 1777094068.78597
 0.973927266443656 0.0966271914417739 -0.265171961310409 1.01399571178262 1777094068.80458
    1.07883825506429 -0.00995840925981388   -0.368523654868445 1.14008808199312 1777094068.82378
   1.06068029216945 -0.0127774526312311  -0.390107110428711 1.13021657353776 1777094068.84499
    1.088284066096  0.104959053911875 -0.454195066273902 1.18392219750458 1777094068.86818
 0.773209463189629 0.0834975173385155 -0.324422877560779 0.842659428744796 1777094068.88599
 0.743405385139717 0.0739674519475304 -0.240828973204349 0.784933974890247 1777094068.90411
   0.835057764371369 -0.00696408819284701   -0.391468027844632 0.922289100654362 1777094068.92251
  1.01675694679468  0.033009402670131 -0.531630684739874 1.14783077780519 1777094068.944
  1.00320195919266  0.139621039014227 -0.547836110983048 1.15153489307117 1777094068.9682
 0.609954432913345  0.196785326150126 -0.237663765494692 0.683559024699234 1777094068.98613
 0.540237795753489  0.125912285948047 -0.137222905168254 0.571437577882368 1777094069.00285
 0.741226742191565 0.0934386378997633 -0.308497138490013 0.808281106329357 1777094069.02087
 0.978249117191156 0.0942084095140773  -0.37002172983212 1.05012505934122 1777094069.04379
 0.888898933008696  0.204753275813542 -0.247379837854086 0.945125389161189 1777094069.06656
 0.680891637858107  0.231709946595695 -0.126954527632368 0.730356333540576 1777094069.08639
  0.70660125111488  0.237926069664787 0.0101268766014624 0.745651860007704 1777094069.1023
 0.914979054370451  0.148192173719476 -0.282983572498437 0.969137396137579 1777094069.12069
  1.05140251754508 0.0256776429525149 -0.462364356887925 1.14886352269019 1777094069.1426
  1.12094573700069  0.082265348738911 -0.489096890055185 1.22576616887758 1777094069.16825
   0.6171386014964  0.144058058010353 -0.241321397915074 0.678121519070389 1777094069.18633
  0.457206584448026   0.153794990746708 -0.0762823990619614 0.488374614868605 1777094069.2029
  0.65934024594491  0.121351915156211 -0.337049444190542 0.750372024441162 1777094069.22166
 0.759051965052634 0.0086295073694185 -0.514191123482498 0.916857058388 1777094069.24293
 0.822806680267193 0.0836276104898991 -0.566800205430656 1.00262998319659 1777094069.26827
  0.51543777261711  0.126352715257179 -0.263099995849044 0.592336655888454 1777094069.28751
 0.372871383982814  0.116695544400056 -0.016459422626262 0.391052210924928 1777094069.30408
    0.4849766802247 -0.0313967310625626   -0.33645815750814 0.591094093048609 1777094069.32419
  0.538904861165423 -0.0936108856742814  -0.492737139768091 0.736187025294039 1777094069.34604
 0.500410000973435 0.0352528433267935 -0.540333778440125 0.737301515094224 1777094069.36834
 0.370242819844206  0.145167120685743 -0.358749749551711 0.535588107950311 1777094069.38648
0.360159352679091 0.147676142479266 -0.27553630076635 0.476910112515748 1777094069.40593
 0.319106820495035 0.0474230062417697  -0.29208955143014 0.43519468110504 1777094069.42449
0.0530151529178394 -0.140228196096601 -0.220089610401385 0.26629680814092 1777094069.44608
-0.00337749092274807  -0.0947981379905518   -0.184302092364028 0.207280861782191 1777094069.46834
 0.0402422905542191  0.0407949262759245 -0.0582379510438041 0.0817026737670734 1777094069.48845
0.0207698512212522 0.0083061517917201 0.0288068187701945 0.0364720671884509 1777094069.50617
-0.0825973665588468  -0.161964918310735 -0.0521654485514393 0.189145958847744 1777094069.52488
 -0.38123828987507 -0.330789980878069 0.0163963938664634 0.5050084027499 1777094069.5461
  -0.409934195441357   -0.269638484945561 -0.00298866150800159 0.490672894353763 1777094069.56827
 -0.254766854055041 -0.0982469574790197  0.0331842038630017 0.275063276292944 1777094069.58876
 -0.275948967531726 -0.0938395373253646   0.168619584275938 0.336728756788983 1777094069.60621
-0.423712371648383 -0.209124013730885  0.136989317861523 0.491966564122988 1777094069.62439
-0.747906840761856 -0.420626555300328  0.223198902961197 0.886627933106826 1777094069.64612
-0.677746727511049 -0.341570307819489  0.210009974841603 0.787473867102145 1777094069.66829
-0.510940282457391 -0.179984317166449  0.211984176251408 0.581714378062378 1777094069.68869
 -0.342569037590365 -0.0460420579369312   0.334198901835193 0.48079343028218 1777094069.70605
-0.589532485770821   -0.1963332318253  0.229883657737687 0.662526818923543 1777094069.72377
 -1.08172588651607 -0.485805258007883  0.318877689737081 1.227933476732 1777094069.74418
 -1.14272174572223 -0.430643618716428  0.357497480573124 1.27242735081567 1777094069.7662
-0.886165555187812 -0.258649633569715  0.372630115116911 0.995511038029772 1777094069.78827
  -0.41519499821828 -0.0429898798345992   0.305694966595451 0.517382285080833 1777094069.8051
 -0.530215634815981 -0.0909833972853492   0.240681827097812 0.589350778297644 1777094069.82279
 -1.34827229051976 -0.467012532549165  0.439517855054451 1.49302204265478 1777094069.84437
-1.43579139891549 -0.44219012495605 0.519309420752793 1.58956324891178 1777094069.86819
-0.994394316406906 -0.208028351772138  0.451677606957789 1.11180416992855 1777094069.88987
 -0.416680530476515 -0.0165606838033494   0.360530483827327 0.551252347382749 1777094069.9063
-0.704377991162768 -0.116946847108353  0.370249461610438 0.804306896219286 1777094069.92301
 -1.47423661981877 -0.470855666060462  0.579710558751212 1.65261701594881 1777094069.94404
 -1.73892332009687 -0.492091024232134  0.692221483793739 1.93524635949332 1777094069.96783
-0.925810951992119 -0.223045207917492   0.47277776903106 1.06319984127797 1777094069.9884
-0.489934703308251  -0.09216977222558  0.319458082124518 0.592101973187503 1777094070.00631
 -0.888309954344682 -0.0957942538256946   0.475707619256729 1.01220988587979 1777094070.02443
 -1.40105244121865 -0.322331913561034  0.525129006779213 1.53055750604333 1777094070.04427
 -1.83332827416034 -0.395919334946169  0.601913429049347 1.96980822840445 1777094070.06821
-0.997076142791886 -0.195298216643409  0.369318705200971 1.08106361235598 1777094070.08795
 -0.716898985742265 -0.0903724072446711   0.292384904867348 0.779487177793049 1777094070.10611
  -1.01912237662925 -0.0902334247379031   0.252571292546255 1.05382386920437 1777094070.12478
 -1.35849755210729 -0.169599780680955  0.307040836501694 1.40305158849138 1777094070.14393
 -2.07775682319007 -0.266811181279428  0.405933369445025 2.13378619434975 1777094070.17076
 -0.889608959249495 -0.0663667557517466   0.108960514254261 0.898710765659639 1777094070.18584
-0.828504345112455 0.0405883240201161 0.0551379652407018 0.831328489303636 1777094070.20467
 -1.18569890603355 0.0139684226684144  0.148132499392345 1.19499801254112 1777094070.22495
 -1.28034604352721 -0.139498027956054  0.268506682902165 1.31561450651114 1777094070.24424
 -1.68307636058926 -0.245474425621899   0.41442595127397 1.75064348120858 1777094070.26991
-0.854474494644688 -0.142660818062284  0.333520764239734 0.928285985667968 1777094070.28749
-0.643135732038353 -0.124592387583763  0.417135449537351 0.776626561565505 1777094070.30594
 -0.975888543008415 -0.0973224072256298   0.540298200278288 1.11971078611722 1777094070.32686
 -1.06813617459533 -0.122249443240663  0.575792547016964 1.21958881228555 1777094070.34644
  -1.08445741466542 -0.0959346094916304   0.604253582595884 1.24514004256593 1777094070.36829
 -0.902509417722429 -0.0412511469507024   0.444610615964087 1.00692775611282 1777094070.38808
 -0.736017488571915 -0.0303315566305126   0.416415786267606 0.846193744874191 1777094070.40819
-0.704304034750077 0.0414835453836649  0.462218814010971 0.843452008076656 1777094070.42832
-0.706717441485859 0.0432880250445259  0.560008377315903 0.902736272604887 1777094070.44817
-0.676928805108872  0.101975528645568  0.629430608115586 0.92995403438096 1777094070.46818
-0.841426477671202  0.101956362272714  0.573390470036592 1.02331336757752 1777094070.48807
-0.671879228240974   0.12368997759951  0.569484601685579 0.889400708037292 1777094070.50821
-0.655743648991115  0.145692658731109  0.510983524203569 0.843996591229977 1777094070.52838
-0.68488114736479 0.186622719445296 0.505107598517947 0.871219783699519 1777094070.54824
-0.799846252302147  0.208664545920033    0.5402953643904 0.987529240492432 1777094070.56827
-0.902932707620862  0.241291464948915  0.488017263614586 1.05435757460864 1777094070.58814
-0.800171997884922  0.224755789039919  0.474637369351498 0.957115992600173 1777094070.60789
-0.774656297915281   0.23425507249822  0.509300013159139 0.956218762781224 1777094070.62786
-0.782239377515727  0.247539317877258  0.487620294561448 0.95443580679872 1777094070.64706
-0.920860195806192  0.261734318832829  0.532560750527057 1.09549500540945 1777094070.66835
-0.999345869232315   0.23217250079744  0.418638023107636 1.10808575068435 1777094070.68824
-0.826704480676011  0.151836697073837  0.415886538774601 0.937793310960365 1777094070.708
-0.782902752007693   0.17408753198509  0.483620763352542 0.936553378425157 1777094070.72718
-0.916103748167819  0.199557723909226  0.468388329350085 1.04807298870371 1777094070.74683
-1.06670396768862 0.216868516904225 0.496628493354115 1.19646528103328 1777094070.76826
-0.999475640859299  0.159263418017651  0.344415387253298 1.06908294905803 1777094070.78813
-0.783302880513873 0.0438588922874587   0.29846333475522 0.839385112595655 1777094070.80781
-0.708010135524064 0.0935172062384725  0.305196624257283 0.776639426842015 1777094070.82666
-0.845823808772081  0.175934905919046   0.33751815370694 0.927517930116822 1777094070.84625
-1.04565996292075 0.237400865713114 0.370951204505285 1.13462272373714 1777094070.86832
-0.95839775599408 0.193064473194364 0.277482877971654 1.01626615464244 1777094070.88856
-0.834072984528783 0.0912220362925677  0.201152695708226 0.862821888002848 1777094070.90806
-0.696068078457993 0.0795331423201105   0.25908426764198 0.746967836198517 1777094070.92688
-0.793188130294946  0.143188704220388  0.238634195024514 0.840593060935018 1777094070.9461
-0.894488604135189  0.139899415608057   0.21136318379823 0.929707537282838 1777094070.96836
-0.760643433060526 0.0627464107515714 0.0171337017163666 0.763419352685543 1777094070.98883
 -0.539088357464728 -0.0991213639980395 -0.0500320856642108 0.550403953066074 1777094071.00901
 -0.349547942593772 -0.0350698663503392  0.0294870219712251 0.352538145683699 1777094071.02658
-0.601401975921974  0.104093657524857 0.0736279658319226 0.614768983873051 1777094071.04609
-0.690915783997346  0.110070806825818  0.101941262843028 0.70701642425193 1777094071.06843
 -0.609868873300608 0.00759401897307653  0.0264989393637407 0.610491527813876 1777094071.08997
-0.307581724833013 -0.191450659469579 0.0118928540157916 0.362493189507374 1777094071.1085
-0.260830141815007 -0.158755868880263 0.0892111433543712 0.318110699099791 1777094071.12884
 -0.415715197399456 -0.0706621855959546  0.0540930660634603 0.425133308055499 1777094071.14621
 -0.548344197866501 -0.0640964377860966  0.0742780334731453 0.557052007381143 1777094071.16831
 -0.545655378758937 -0.0629826807732968 -0.0307605042971205 0.550138908886258 1777094071.19014
-0.239489597532355 -0.151924138024039 -0.117752482444509 0.307086076145437 1777094071.20864
 -0.209898350557503 -0.0862218025158036  -0.121010590032237 0.25716741569605 1777094071.22726
 -0.285082137039032 -0.0551920908905853  -0.131225603261938 0.318650514995779 1777094071.24626
 -0.330720359127689 0.00461539931066956 -0.0636482189205467 0.336820951878149 1777094071.26835
 -0.288914047917555  0.0129486133303545 -0.0561281234078832 0.294600339287953 1777094071.2898
  -0.11216111655082  -0.127349039598729 -0.0555492879883777 0.178559842486101 1777094071.30835
-0.0044297743111669  -0.110181277569555  0.0108100319683893 0.11079888816439 1777094071.32628
 0.0773546020188933 -0.0723561655520714 -0.0227569861332567 0.108337572267286 1777094071.34454
0.0822478750826216 0.0614521390504042 0.0833403248002453 0.132237241680576 1777094071.36848
0.0569528569861702  0.145426369930334 0.0429608715474655 0.161981768956014 1777094071.38833
  0.102112185412687  0.0762202762802312 0.00518187164521967 0.127527568469477 1777094071.40815
  0.28032122317474 0.0417997120974016  0.091228281726849 0.297741168601927 1777094071.42636
 0.424105439603331 0.0176193822941183  0.102981433451608 0.436784892331808 1777094071.44603
 0.496331026226907 0.0206924326100649  0.175310061167334 0.526788650133306 1777094071.46818
  0.37076558039819 0.0229973264928289 0.0498442550038204 0.374807206962073 1777094071.48996
  0.283945895671413  -0.091890045383016 -0.0990653034417714 0.314456652744292 1777094071.50865
  0.459698244339368  -0.126895989533718 -0.0809225306353792 0.483708097898797 1777094071.52883
  0.432083863911205 -0.0623144465464194 -0.0984770094177111 0.447523493332673 1777094071.54632
   0.548969509628143 -0.00226087072436642   -0.091003055860525 0.556465803274334 1777094071.56837
  0.466548334390896 -0.0247808918508475  -0.200505992289396 0.508413310081274 1777094071.59009
 0.425964034234787 -0.156310674234911 -0.213055494805136 0.501269417786492 1777094071.60879
 0.714122750432417 -0.203177130393901  -0.12179712197994 0.7523873921876 1777094071.62818
 0.715280896887639 -0.148552754087455 -0.126472795615843 0.741410851168392 1777094071.64656
  0.804081778740177 -0.0221223812236135 -0.0858954185484382 0.808959164346744 1777094071.66831
 0.762884015003923 0.0863301604335564  -0.10167260811291 0.774456090549665 1777094071.6902
 0.618179644583696 0.0496327965875637 -0.101099608157616 0.628355487160214 1777094071.70864
  0.849131885328738 0.00386738296677218 -0.0790539070986196 0.852812661468218 1777094071.72804
  0.963977802265685 -0.0301980800783614  -0.167042130644287 0.978809583479638 1777094071.74694
    1.10659724139337 -0.00155697038915244   -0.154360422853448 1.11731240884531 1777094071.76829
  0.95362230304006 0.0472012032675788  -0.22019285056891 0.979851183541153 1777094071.79045
   0.755823127264281 -0.00493088609227905   -0.205245658129791 0.783210503968342 1777094071.80893
   0.85369320494715 -0.0237468498452575  -0.226676516821747 0.883593936335549 1777094071.82865
  0.865226296274134 -0.0566298259785428  -0.341366467967567 0.931855432139164 1777094071.84844
  0.820791810482592 -0.0410141954469941  -0.301314689712238 0.87531245999348 1777094071.86834
   0.82566170296742 -0.0252899121790739   -0.31308002087313 0.88338888767915 1777094071.88984
  0.71079401379969 -0.110304903959463 -0.312350596693551 0.784192704088605 1777094071.90839
 0.902320271511111 -0.232727386516666 -0.278754605063607 0.972650008306652 1777094071.92825
  0.96590971075527 -0.203607038306287 -0.311268409526296 1.03504851004589 1777094071.94854
  0.851819041853021 -0.0389615872743636  -0.208622542793764 0.877859357020287 1777094071.96835
 0.752097790079185 0.0910807967640174 -0.214413716323358 0.787350010559951 1777094071.98835
  0.73945097686374    0.0228849735562 -0.296479593168864 0.797001642636313 1777094072.00837
  0.78737209794988 -0.100165720580026 -0.344060635516958 0.865081333240779 1777094072.02813
  0.699558359919542 -0.0851772252516795  -0.412768841924597 0.816709970245661 1777094072.04715
   0.668466164299578 -0.00285199378643652   -0.366949174808226 0.762565960146653 1777094072.06821
  0.56877671472289 0.0813253303258155 -0.297141225865358 0.646849030819661 1777094072.08828
 0.531071189021465 0.0430680117862526 -0.273352898864837 0.598843275628693 1777094072.10804
  0.541766624921243 -0.0788213681096315  -0.196641730063978 0.581714581175152 1777094072.12709
  0.607390078235044 -0.0986514266214596  -0.257357863703967 0.666999161261161 1777094072.14798
 0.548055451744601 0.0563404568143311 -0.175479830694078 0.578214662769329 1777094072.16832
 0.370872330720483  0.158227727253062 -0.073129190008497 0.409792847420513 1777094072.18805
  0.298585985033824   0.155887239653823 -0.0322723257452471 0.338372464829092 1777094072.20801
 0.435514283268904  0.100383089887425 0.0679109481185467 0.452063438624419 1777094072.22813
0.485152440300885 0.104229784675419 0.139285683823747 0.515400077669413 1777094072.2488
0.478161615797801 0.278190858853281 0.327842293609443 0.643046852298486 1777094072.26824
0.351433551860969 0.429335841059007 0.328104073954271 0.644582879959475 1777094072.2883
0.356491493653771 0.490209283772441 0.173996518062346 0.630607734841562 1777094072.30815
 0.509135478235225  0.339472060294411 0.0663457272947408 0.615517644303242 1777094072.32824
 0.558453246954648   0.24072513600485 -0.094295407726198 0.61539438091113 1777094072.34833
 0.496561912144743 0.0924206315379492 -0.175681491909682 0.534770317357207 1777094072.36841
 0.424194275690893  0.018392603881769 -0.277549641442217 0.507260164877133 1777094072.38821
  0.369246640789964 -0.0942925729278599  -0.390340543111458 0.545527185977543 1777094072.40703
 0.457152224825873 -0.305740930829846 -0.409102489706341 0.685441843289329 1777094072.4279
 0.409002570128131 -0.297430435518791 -0.361583835771295 0.621683871944092 1777094072.44842
 0.314642618860629 -0.203251029715699 -0.286834322005705 0.471789028024645 1777094072.46829
 0.277959612944834 -0.160619271107624 -0.280528421083052 0.426328853955414 1777094072.48864
 0.217560011036172 -0.108257156229356 -0.262215027643791 0.357503413968539 1777094072.50838
 0.345000727482736 -0.128783062893764 -0.177784522746952 0.408922872654829 1777094072.53232
  0.200045573545961 -0.0459622740410204  0.0490281566123786 0.211032040863851 1777094072.54852
 0.215206912702666 0.0852634535291176  0.140845837502353 0.270963875312677 1777094072.56827
0.307601337518926 0.165439095480724 0.141540955915899 0.376858752530041 1777094072.59002
  0.198054785967575   0.221508816893788 0.00632986877616842 0.297206866416426 1777094072.60815
 0.281754892508169  0.237702416932742 0.0091385516156789 0.368743503798494 1777094072.62813
  0.301716379183102   0.230172225068948 0.00967482822416973 0.379612472083991 1777094072.64835
  0.137275677606267   0.130042103285612 0.00550363885024009 0.189171483923449 1777094072.66821
  0.134822946670521    0.16045222760074 -0.0223090915283029 0.210760147693486 1777094072.68984
 0.0723923289488763   0.125465061290275 -0.0680447115400662 0.160038163147999 1777094072.70845
 0.0914946475218246  0.0126990995214384 -0.0857217156639983 0.126018848551229 1777094072.72818
 0.0694292842948481 0.00193644838374936 -0.0179006582358331 0.0717259291700977 1777094072.7483
 -0.064443407878376 -0.0131294629265535  -0.055885238588948 0.0863046667791616 1777094072.76827
 -0.0848756212269323 -0.00972443608090573  -0.0032328213897102 0.0854920281072281 1777094072.78881
-0.205687253992358 0.0393760227752767 -0.021903085554253 0.210564628514176 1777094072.80848
  -0.109301371834261 -0.00379543819204666  -0.0014882492899602 0.109377374817053 1777094072.82831
-0.0388649742852964  0.0306217229903005  0.0436600436325148 0.0659876924515818 1777094072.8484
-0.0922992640481152 -0.0123895320666593  0.0291205604035098 0.0975738780969012 1777094072.86826
 -0.124432566736265 0.00923688221216845   0.138422132341779 0.186358445957304 1777094072.88841
-0.115526381482332  0.103736712019254  0.148704439511474 0.21498990806405 1777094072.90832
0.0237041389999195  0.106559006953089  0.179539552523469 0.210121772048694 1777094072.92812
0.0657669258146417  0.131842528183141   0.19341914687138 0.243143388035297 1777094072.94841
-0.0221620310544593  0.0589949294861275  0.0619724438927113 0.0883863175359581 1777094072.96834
-0.0208851993503731  0.0602206224946305  0.0636630448194977 0.0900871700145753 1777094072.98866
-0.0620131360004012  0.0322781151269999  0.0760487224524207 0.103300115873127 1777094073.00867
 0.0310129177804421 -0.0759557175345587   0.121132381868868 0.146301490192928 1777094073.02836
  0.119100682433255 -0.0567115701070885      0.190101096075 0.231386260328903 1777094073.04842
0.0702885041535233 0.0348831483383999  0.139539080638944 0.160088921789424 1777094073.06828
0.0252002990912342 0.0774144990173136  0.157257947131834 0.177082245492054 1777094073.08839
-0.0616186858724845   0.075548456244589  0.0843650428221881 0.128925917254763 1777094073.10841
-0.0281435298230526  0.0163918599241783 0.00111979540767025 0.0325884225520349 1777094073.1287
 0.0144890160131712 -0.0454014815532363  0.0782695747286488 0.0916370691394172 1777094073.14835
-0.0788030217172279 -0.0619349071478408 -0.0339770443091006 0.105831415445321 1777094073.16829
  -0.14568155596815  -0.118556860871659 -0.0435429781061837 0.192807769426957 1777094073.18676
-0.256329729670246 -0.156306935307549 -0.121928650731701 0.324042256823571 1777094073.20804
-0.114760966628135 -0.119058316062447 -0.121161961103272 0.205000446105466 1777094073.22776
-0.0443303061514197 -0.0898357540293341   0.032780424568149 0.105404909659682 1777094073.24809
 -0.123106536951263 -0.0663952206777078 -0.0394794932141066 0.145334700444928 1777094073.26823
 -0.185417842098868   -0.11605585419952 -0.0178900284139061 0.219473894983507 1777094073.2868
   -0.15894197364873    -0.18036536977676 -0.00340621319696047 0.240428409075143 1777094073.30829
0.00510497176282968  -0.225857669239306  0.0233826533642765 0.227122204923396 1777094073.32796
0.0562204497635809 -0.273471257012205  0.164383841904307 0.323989683265802 1777094073.34825
0.0124648518131527 -0.307507612801116  0.121165146671757 0.330752622407371 1777094073.3683
-0.0153993729438375  -0.240388538286316   0.115205346907401 0.267013224358925 1777094073.38819
-0.126729500560985 -0.224261447102037 0.0350036669213262 0.259959265398784 1777094073.40828
 0.0231184225876786  -0.268377603255628 -0.0138680879744901 0.269728239634351 1777094073.4272
 0.110173365926299 -0.301852200179807 0.0458693730915427 0.324587308286587 1777094073.44814
  0.020081888216736  -0.311266519978414 0.00373499901591383 0.31193601733604 1777094073.46823
-0.0652352223645662   -0.33492661544848  0.0450900926857163 0.344186851043347 1777094073.48689
 -0.256734247261394  -0.439667564644607 -0.0279644908127137 0.509903965334462 1777094073.50692
 -0.168550220692268  -0.495650233062434 -0.0330338879880559 0.52456607609134 1777094073.52622
 -0.0936042594123623   -0.542977535561444 -0.00152015322455113 0.550988813289655 1777094073.54649
-0.115774292568454 -0.582430606548605 -0.122054307930487 0.606239517310355 1777094073.56822
-0.157772679709074 -0.449293061436643 -0.105012418245339 0.487631091608633 1777094073.58692
-0.259416437124964 -0.461412308679394 -0.178147832043763 0.558511285931942 1777094073.60665
-0.176728797945081 -0.535965745898907 -0.162928494153647 0.587399389689213 1777094073.62649
-0.0707980761131364  -0.656339107631725  -0.066209740018993 0.663458454962715 1777094073.64678
 -0.104146851887649  -0.782286828940918 -0.0601323264659186 0.791476560726058 1777094073.66828
  -0.165383778686727   -0.706549085272224 -0.00629940285748505 0.725674228995406 1777094073.68708
 -0.201294453629346  -0.813907672119983 -0.0209593834139237 0.838692107719393 1777094073.70792
-0.0799342152844292  -0.744309422705773 -0.0167148795560846 0.748775922890362 1777094073.72644
-0.0217402453780458  -0.784369882599312 0.00826780072539656 0.784714666313044 1777094073.74692
-0.099339990074288 -0.720291106791553 0.0404004764690779 0.728230671319115 1777094073.76829
 -0.12170140172268 -0.555999793764402 0.0623772115364808 0.572571321641584 1777094073.78704
-0.185037617720911 -0.499987108621779 0.0697940417164553 0.537677632991103 1777094073.80811
0.0141771137763432 -0.791614338123554 0.0465744721042565 0.79310997492757 1777094073.8281
 0.110277294519691 -0.870710849963351 0.0985648269186059 0.883183724394861 1777094073.84812
 0.106698680650631 -0.789173647191716   0.15803153850938 0.811882763111832 1777094073.8682
-0.0150768339440326  -0.684042769322294   0.190284097125602 0.710175935105375 1777094073.88637
-0.136091048825418 -0.408967758641902  0.178129530867471 0.466374882413332 1777094073.90814
0.0681237563945816 -0.510271408715685 0.0468702446645982 0.516928018753982 1777094073.92803
  0.101551483109332  -0.470721654845019 0.00303222460256233 0.481560769215868 1777094073.94822
 0.0577929009432148  -0.422746831493812 -0.0363576164890699 0.428225150142137 1777094073.96827
  -0.016077599277224   -0.449139745499665 -0.00824416041522613 0.449503021532642 1777094073.98621
 -0.113277033016436  0.0876898311980365 -0.0257370180907563 0.145545823728304 1777094074.00692
-0.00111058418963031   -0.837079324635669   -0.142398903548949 0.849105692397415 1777094074.02646
 0.0463763060619053  -0.882905628866351 -0.0981080462195154 0.889549492710127 1777094074.04659
 0.0369288332453579  -0.517674950085987 -0.0506097251036253 0.521452238413508 1777094074.06849
0.00457678038635537  -0.279031783574409 0.00503414719123267 0.279114717994884 1777094074.08647
-0.377453084057958  0.842703879422795 0.0661696098499261 0.925742446000389 1777094074.10843
 0.0236168865549618  -0.649168164929953 -0.0893524229253562 0.655714052900885 1777094074.12981
  0.205910322910614    -1.1032031979634 -0.0502192260039629 1.1233780876171 1777094074.14835
0.0859469114048355 -0.397118801190449  0.110643388364068 0.421108267821533 1777094074.1682
-0.0774758700094283  0.0314207811275126   0.176085016268729 0.194924880081377 1777094074.18626
-0.561377424202596  0.710949355712284   0.27062597321278 0.945426896258731 1777094074.20891
 0.134832886636731 -0.274440017131164  0.080072898095566 0.316083690390962 1777094074.22704
 0.262395782477189 -0.500498561336385  0.111137508861969 0.57593567560766 1777094074.24708
 0.128677595166155 -0.268320506098945  0.214830137015546 0.367022894736905 1777094074.26832
-0.0136925554158225  -0.104406187234006   0.100967187731553 0.145885266579516 1777094074.28619
-0.638206070214421  0.469557682566057   0.18118388995794 0.812784723832597 1777094074.31184
 0.0747307916446482  -0.572830183876921 -0.0569125787052762 0.580480966436616 1777094074.33007
 0.446289970686575 -0.678143928247804 -0.129856845556052 0.822141548452914 1777094074.34871
  0.21982759613266 -0.185731806191962 -0.199569856270214 0.350212226206491 1777094074.36845
-0.0355166396860663  0.0589244217789168 -0.0878657880773342 0.111597114169769 1777094074.38647
-0.593413691435013  0.484139489423606 0.0128863069679149 0.765961429387374 1777094074.41062
-0.00418572243633078   -0.206934821054171  -0.0926077358396585 0.226750376348935 1777094074.42981
   0.35185589938484  -0.430545638760396 -0.0199982418344002 0.556391993709452 1777094074.44819
 0.172651391665842 -0.113247956422859 0.0506635665431369 0.212603856157353 1777094074.46821
0.00385109059065485  0.0576112819769831   0.154328323663037 0.164775975780488 1777094074.48626
-0.354139023027472  0.372769641377025  0.263067786443059 0.577560657790382 1777094074.50968
-0.0923311380658733  0.0125733538264718  0.0846968841230172 0.125923351540264 1777094074.52847
  0.204863853606812 -0.0256949693589956  0.0619459828984895 0.215561440805755 1777094074.54811
0.146731028941061 0.154624742900891 0.128039077269791 0.248662042297107 1777094074.56835
0.00351009592997732   0.226804221875405   0.151560834005916 0.272806089078881 1777094074.58623
-0.310801564619524   0.58804422526508  0.286379379874078 0.724159355842769 1777094074.61072
-0.0441762987557073   0.113921766620118  0.0588947193380015 0.135640341519417 1777094074.63005
    0.1326788470436  0.0698690107989127 -0.0432663053363624 0.156068344965585 1777094074.64878
  0.114059715250458   0.384411064571102 -0.0563886605762029 0.404921185231498 1777094074.66824
0.00857843502440406   0.427488445106474 -0.0278944596900264 0.428483443237212 1777094074.68639
-0.209908382749472  0.928194296558477 0.0678910299336798 0.954052080998538 1777094074.70821
 -0.146161866093648   0.382904907380096 -0.0234419332571551 0.410522817186293 1777094074.72709
 0.233913633831911  0.130231142992672 0.0112696858094036 0.267960341311676 1777094074.74611
0.202198155601524 0.609142742466255 0.112932870351102 0.651684592447687 1777094074.76837
0.0752935382215963  0.658801994037066   0.21821931345211 0.698075105564331 1777094074.78655
-0.230285829453449   1.29079737446994  0.317070879825862 1.3489712257936 1777094074.80624
-0.237654092402264   0.84126676058102  0.187093812967895 0.893987318111892 1777094074.82587
 0.187706346244141 0.0787544091557472 0.0381741025642774 0.207106715217986 1777094074.8458
 0.241125160277913  0.304822125606391 0.0404143204700352 0.39075719888097 1777094074.86612
0.0971030614980637  0.772932384395131 0.0134364606590337 0.779123875820836 1777094074.88787
-0.102583756076498     1.011059248522 0.0192071357502486 1.01643157423231 1777094074.90695
-0.225265740364947  0.663481289304266  -0.12531463173407 0.711797606040976 1777094074.92682
0.0505575128920856  0.571844680499408 -0.227285254516947 0.617430957797013 1777094074.94621
0.104030025961342 0.744197130374602 -0.21658110842113 0.782022372879597 1777094074.96828
0.0719351626615746  0.721740589130493 -0.119870724543969 0.735155178331945 1777094074.98791
 -0.149117623396397   0.724231312165487 -0.0757299494991925 0.743291385917719 1777094075.00639
-0.110558737835355  0.803032548312256 -0.248312906792539 0.847787595946285 1777094075.02627
 0.177892276474117  0.898469437830288 -0.304779467362884 0.965289343394104 1777094075.04686
 0.196098126416575   0.93370412565429 -0.141650745736472 0.964532427249406 1777094075.06838
 0.116559202405039  0.886533563816869 -0.041554379348796 0.895128244377419 1777094075.08813
-0.0330372098111526   0.766069971726817  0.0162509413573508 0.766954204570672 1777094075.10691
-0.0143273276141001   0.909862237280261   0.162086686435052 0.924297926571676 1777094075.12703
0.218587429632896 0.880475555357636 0.344888864638035 0.970549327405447 1777094075.14682
0.336536866228548  1.03180406490789 0.514725016519701 1.20117381478393 1777094075.16829
 0.24417512679988 0.851165755650723 0.246930802850094 0.919282033728712 1777094075.18718
  0.18679522110243  0.792521039108792 0.0103759079145023 0.814303206135058 1777094075.2066
-0.016969891447144  0.871102158156976 -0.207255922475329 0.895579122446793 1777094075.22636
 0.171576117544585  0.899029730268048 -0.184631972462033 0.933692553934502 1777094075.24673
  0.257367556838891   0.890165515081854 -0.0902225653801667 0.931006345229688 1777094075.26825
  0.11405786842547  0.768249776805667 -0.268211885441686 0.821677876301841 1777094075.28841
 0.013498195551316  0.714405955590664 -0.280916075904622 0.767770742063152 1777094075.31123
-0.00164834885234139    0.533295320084049   -0.206862972724864 0.572013028664606 1777094075.3285
-0.0575552689194504   0.650400296050999  -0.178305337811553 0.67685001852383 1777094075.34808
-0.0116124479754817   0.783669152368161 -0.0637813891220971 0.786346141924636 1777094075.36841
-0.0657567004401497   0.814120439122205 -0.0998196445219332 0.82284870692114 1777094075.38817
-0.0543959021593868   0.776240064190305   0.118457774810149 0.787108503218504 1777094075.40684
-0.157888358556973  0.967315742913996   0.14549626761337 0.990857025078035 1777094075.42857
0.0311909309772629  0.853595591409338  0.123428671777587 0.86303704721493 1777094075.44819
0.112807937866196 0.853629759786399 0.249305949063393 0.896416674251995 1777094075.4683
-0.0574388564328931    1.04185872374075   0.190768726679836 1.06073631480311 1777094075.48714
-0.228173265894898   1.21749541172687  0.201315696518875 1.25494467069668 1777094075.50672
-0.310828980252699   1.40068902361587  0.119498153532897 1.43973060137676 1777094075.52839
 -0.124705771982103    1.28564875490095 -0.0984050263672641 1.29542572143615 1777094075.54833
  0.01960585924899   1.16599210110115 0.0958317602122012 1.17008790089144 1777094075.56825
-0.0536268681680772    1.29200389207243  0.0393371956717206 1.29371454080224 1777094075.58819
-0.207517688621851   1.17740920736348  0.121245881446085 1.20168905979996 1777094075.60812
-0.100773667727903   1.11967758087223 0.0755845348601107 1.12674142513944 1777094075.62803
0.0508948832447242   1.00186085233302 -0.130866685957124 1.01165287824992 1777094075.64717
  0.170237439915443   0.917662357685066 -0.0601039339702155 0.935252624449552 1777094075.66823
0.0487867545877843   1.01195294044365 -0.165466269736047 1.02655150261256 1777094075.68822
 -0.138403787594576   0.920195373474484 -0.0557285401938073 0.932212853363706 1777094075.70716
-0.0793939586737084    1.18503865076527  0.0135898341287675 1.18777299517757 1777094075.72823
0.0168458979318179    1.1509043379395 -0.121492071612382 1.15742166163838 1777094075.74809
  0.162587321814607    1.16002656034187 -0.0345341995331171 1.17187408404266 1777094075.76822
  0.133119079096241    1.02576966859285 -0.0649194700143223 1.03640659965646 1777094075.78687
-0.0557124450124476   0.923574310577523   0.121496290976197 0.93319597749293 1777094075.80654
0.0862130272365238   1.08652289488646  0.243905310771627 1.1168950209399 1777094075.82894
0.0506678482467579  0.978881509383795  0.106741713198135 0.985986832364371 1777094075.84849
 0.351835037696844    1.0391724347854 0.0119218438979241 1.0971824703899 1777094075.8683
  0.244692501594254   0.916603901894241 -0.0664793526097696 0.95102925172027 1777094075.88643
-0.0601430124316896    0.92858237037305  0.0889580891490798 0.93477052913378 1777094075.9102
-0.115084594577913  0.952221352996821  0.171864053289972 0.974426611821289 1777094075.92986
-0.0679731246562803    1.02109657870942  0.0530066455432553 1.02472838996456 1777094075.94868
 0.165922695669028   1.02689916502204 0.0456036340974669 1.04121656128969 1777094075.96842
 0.0783342391879824   0.892556191723971 -0.0296479843912876 0.89647744611475 1777094075.98702
-0.151172047895612  0.818273154910908 -0.023145168305384 0.832441975712836 1777094076.00666
 -0.204122989566899   0.925741615416329 -0.0459929390849214 0.949093822458577 1777094076.02857
-0.0592325968524636   0.920758101526458  -0.151678838749428 0.935045695236799 1777094076.04834
 0.193169732904612  0.883632565869144 -0.072947371164091 0.907437257409391 1777094076.06825
 0.148982029438415  0.820217939204057 -0.136534596142959 0.844745410660313 1777094076.08687
  -0.126193755798877     0.72358748274934 -0.00237476929641423 0.734513001058092 1777094076.10641
-0.200236220413581  0.869843107221415 0.0968695513378485 0.897833662279666 1777094076.12984
-0.0663167699281951   0.915037012356309  0.0801463695633338 0.920931098676688 1777094076.15348
 0.245770538132913  0.518387335658136 0.0694315387411823 0.577883488046553 1777094076.16849
  0.237495710249916   0.677196566767374 -0.0139250251156033 0.71776967667428 1777094076.18631
-0.0424618201338197   0.621110599193645  0.0456560962984417 0.624232217791567 1777094076.2053
-0.0722082723390498   0.613698999195717   0.131348701053862 0.631738060810453 1777094076.22995
-0.104409447130501  0.452281461083261 0.0764487256919992 0.470429867620708 1777094076.24886
0.245012976902924 0.547938575046301 0.021532925912374 0.600609446956133 1777094076.26822
  0.194817406013967    0.47704556355536 -0.0773475807307309 0.521065197109497 1777094076.28615
-0.150380739864597  0.343472753609658 -0.134645145142865 0.39839329123991 1777094076.30593
-0.166088245753985  0.125217630064451 -0.105700770338516 0.23331826569463 1777094076.32968
-0.0189581815730163 -0.0004331860331858 -0.0631869379108404 0.065971125662999 1777094076.34985
  0.268246068136019   0.195201649188718 -0.0384074154010219 0.333968211772042 1777094076.36833
 0.260445681924535  0.176525745231939 -0.141670756612597 0.345056365311543 1777094076.38639
  -0.104944560856526    0.147769542546807 0.000494377683814558 0.181244152918532 1777094076.40634
0.0241515860906685 0.0588606146083047 0.0763117069894919 0.0993546560882398 1777094076.42985
-0.141202693553381 0.0680146413777519 0.0760040705723772 0.174186138518669 1777094076.45004
  0.04554272346815  0.362571411778317 0.0828409557223905 0.374692930604272 1777094076.46825
  0.137439152890628   0.170306308407613 -0.0175289396829876 0.219547314165153 1777094076.48617
-0.0150448415269447  -0.121615290699084 -0.0810212480296459 0.146904965268962 1777094076.50482
  0.145242414935638  -0.382976500060995 -0.0454572727882339 0.412107658682351 1777094076.53027
 -0.153437704326888  -0.411840459429992 -0.0185871985754722 0.43988768689689 1777094076.54914
0.00839872851477868  -0.120484372384186 -0.0151491590481407 0.121723127011024 1777094076.56835
 0.0653903724883847  -0.201164983937565 -0.0881824086155214 0.229171090598281 1777094076.58655
-0.12631192090303 -0.51903161057622 -0.13851720133189 0.551847378542634 1777094076.60498
-0.0363209268889507  -0.949985574533243  -0.131382669067271 0.959715169872066 1777094076.63025
-0.147306442088523 -0.907321724772391 -0.044935887746202 0.920299480675864 1777094076.64978
0.0565907464964622 -0.543933098362083 0.0565675372267056 0.549786880846294 1777094076.66828
   0.164152518901702   -0.567044949640385 -0.00116149362723332 0.590328191298608 1777094076.68667
-0.137116178330563  -0.80223982796135 0.0126922284332193 0.813972162048578 1777094076.70631
-0.141691339106779  -1.11618717436705 0.0277292686240881 1.12548618656019 1777094076.72993
 -0.157934974161122  -0.905063557116138 -0.0474473265814684 0.919964535883161 1777094076.74868
 0.0908999625189988  -0.792057605616946 -0.0969597264590194 0.803130899889061 1777094076.7683
 0.204762556178198 -0.781584147862592 -0.165645053169778 0.824766493161757 1777094076.78696
0.00277212347401771   -1.05158308349729  -0.197638054093231 1.06999788158294 1777094076.80681
-0.128994858140076  -1.38370264572507 -0.101718540954257 1.39342001808033 1777094076.82996
-0.137169549164009  -1.06659220280822   -0.1018225052004 1.08018620379749 1777094076.84994
 0.103581607780244 -0.696764275860698 -0.120140503816371 0.714593133358609 1777094076.86841
  0.148165440253972  -0.830883037677653 -0.0806501488556353 0.847834928801906 1777094076.887
-0.0135340901688908   -1.09765931655034  -0.134383320365441 1.10593762192942 1777094076.90631
  -0.2139317513171  -1.45939876958898 -0.129373811991698 1.48065834888698 1777094076.92887
-0.171585273152487  -1.19360179206153 -0.182115766459885 1.21954618459843 1777094076.94896
0.0833403718356306 -0.928000249072379 -0.261283391504762 0.967677162349266 1777094076.96828
0.0894713353222826 -0.993842240631181 -0.208292991545673 1.01936916248933 1777094076.98818
-0.0671962293686067   -1.16723718840717  -0.204264095996982 1.18687902001658 1777094077.00671
-0.202633013767769  -1.61734851586859 0.0480800116807786 1.63070170404466 1777094077.02875
  -0.139138636403709    -1.68365304280602 -0.00027492555819006 1.68939255481795 1777094077.05341
 0.151918031548548 -0.712662503207139 -0.155530652312857 0.745088394484784 1777094077.06833
  0.274570281356655   -1.02754695998948 -0.0279610648898022 1.06396589021344 1777094077.08833
  0.122372880236462    -1.2177736116572 0.00227264549048128 1.22390884300405 1777094077.10823
-0.0767526873592777   -1.31187404990882   0.253712381613775 1.33838502323703 1777094077.12899
-0.0820071137262738   -1.11330632203029   0.244315735760949 1.14274507748436 1777094077.15003
  0.151407131122167  -0.863688634374085 -0.0575930889550958 0.878748621846434 1777094077.16823
0.264082189144301 -1.05786714225551 0.017966185854871 1.09047928780021 1777094077.18788
 0.168081681789242  -1.20671308686727 0.0651297870836959 1.22010237887458 1777094077.20631
-0.00655608832843747    -1.45423724852646    0.223934941677067 1.47139247497053 1777094077.22645
-0.0456017423730303   -1.35573899959574   0.156326457578707 1.36548369278854 1777094077.2467
 0.109663519309253  -1.17700589089719 -0.112905598705333 1.18748331731144 1777094077.27106
   0.183221199013841   -0.988086111782685 0.000809843640501775 1.00493026022337 1777094077.28646
 0.0553189492592557   -1.41848361979982 -0.0554507543571603 1.4206444847133 1777094077.30669
-0.0377243665637486   -1.43540144140503  0.0522385072565627 1.4368469951462 1777094077.32648
-0.0443460359952283   -1.39163623790089 0.00847346802759906 1.39236841001506 1777094077.34805
0.0713750155407427  -1.19684336781654 -0.148833222361929 1.20817207715148 1777094077.36827
  0.159004852830444   -1.15366036489909 -0.0935273826761759 1.16831594702503 1777094077.38812
-0.000177559225509296     -1.15519390918314    -0.132078100554605 1.16271992499794 1777094077.40798
-0.0533489366942019   -1.13254591622721 -0.0364787513981576 1.13438840822396 1777094077.42627
 -0.187984329052469   -1.31594519327612 -0.0560800521063354 1.33048668986957 1777094077.44656
-0.0529178460514624   -1.32715143131597 -0.0403299427258439 1.32881816828151 1777094077.46827
0.137283354197159  -1.0350751449487 0.101740323600045 1.04908453828871 1777094077.48618
 0.133368443389624  -1.19173151870525 0.0494146160703465 1.20018871793109 1777094077.5064
-0.0178945697509932   -1.26172907767808  0.0442044761939318 1.26262999996061 1777094077.52629
 -0.113019361241993   -1.12204694454509 -0.0134870233347187 1.12780522324423 1777094077.54705
 -0.0527799133768764   -0.978652061187134 -0.00979881096244863 0.98012325389115 1777094077.56643
-0.0160186360746623  -0.996260819503146  0.0417072509292946 0.997262107952995 1777094077.58645
-0.0389584228576704  -0.911646719368539 -0.0354075650600522 0.913165480792205 1777094077.60611
 -0.110559875162238  -0.910523326454711 -0.0313190398230169 0.917745659902283 1777094077.6268
-0.228404346307749 -0.734302348582312 -0.122249741197321 0.778661340872 1777094077.64635
-0.226192396221282 -0.890912130858753 -0.222356419279438 0.945690119549942 1777094077.67034
-0.113767092409531 -0.604819042947862 -0.172068050587252 0.639027730275129 1777094077.68734
-0.0645304703129221  -0.664489691549623  -0.192418069380555 0.694791655965052 1777094077.70663
-0.0985578083524538  -0.776234831989632  -0.146283903806923 0.796023326601805 1777094077.72613
 -0.056407675390831  -0.717809636378906 -0.0965533570084244 0.726467515220751 1777094077.74667
  0.099285887662531  -0.796922580992452 -0.0504910372779818 0.804669268973294 1777094077.76823
 0.161180848028379 -0.639566337566194 0.0335413924956908 0.660416074099906 1777094077.78635
 0.173592740789128 -0.550376815950393  0.117500605087558 0.588944370366435 1777094077.80604
  0.15039217380796 -0.519492656305285  0.211813927319822 0.580823179379449 1777094077.82412
0.0133090791736173 -0.626639022581474  0.305591878964205 0.697309108429818 1777094077.85311
0.0758862585768183 -0.604695946930186 0.0592476286262054 0.612312170361173 1777094077.86838
 0.156947342334762 -0.692774955315778 0.0136353346665003 0.710461490392119 1777094077.8865
 0.158785480210421 -0.672632671876659 -0.024988242650468 0.69157208754572 1777094077.90662
0.0963505456426827 -0.574731598654468 0.0363970054680518 0.583887472159323 1777094077.92584
-0.217881034788829 -0.238874046632491  0.105236157402912 0.340011182610459 1777094077.94833
-0.0689400638037383  -0.670720789563923 0.00308913413793621 0.67426156104307 1777094077.96625
 0.107199108916802 -0.773869318695199 0.0347115595338517 0.782029579834164 1777094077.98437
0.0806041546168312 -0.826904804940722 0.0544005402317421 0.832603149737648 1777094078.00634
0.0206769309198765 -0.661565136641038 0.0523875058177755 0.663958143452543 1777094078.02619
-0.404743296980359 -0.535638368926336 0.0520666562302676 0.673376963823086 1777094078.04809
0.0195545104378129 -0.736817876708953 -0.111359225194116 0.745442042919627 1777094078.06827
  0.20256593413692 -0.644313520862765 -0.103107543350112 0.683230587967951 1777094078.0864
  0.107986203263565  -0.419028641824224 0.00645839431572352 0.432767528381545 1777094078.10626
-0.0471059107414389  -0.336744701922239  0.0631242253465799 0.345833238606534 1777094078.12539
-0.286575045508694 -0.225972027438702 0.0772202803266062 0.373030274356904 1777094078.14875
-0.0718592452361545  -0.377783236468324  -0.019108960287931 0.385031267880516 1777094078.16834
 0.106478368855917 -0.295759942960792 0.0782120112492196 0.323927006589503 1777094078.18635
0.0111336215299837  -0.18298920396853 0.0783141052632808 0.199354220874797 1777094078.20578
-0.105804094870181 -0.159323427662647 0.0852149854999034 0.209380168228086 1777094078.22392
-0.229722804281391 -0.134336958614579  0.156010787623522 0.308477472616126 1777094078.24797
-0.0552804655209116   -0.17973993974806 -0.0353415051532873 0.191341050993625 1777094078.26829
  0.105649526828399  -0.141681732252951 -0.0578390834014929 0.18595939164771 1777094078.28608
   0.13468253264318 -0.0190436678967773  -0.118044959274972 0.180101799814365 1777094078.3061
  0.074463552160893 -0.0502399148815842 -0.0684612684753313 0.112941643909491 1777094078.32623
-0.291833350908256 0.0691286156550886 0.0710098256811715 0.308201014839343 1777094078.34818
-0.0587191891237234  0.0804754291761192 -0.0365424205413735 0.106111198143508 1777094078.36843
   0.189584610622036   0.0438254094918982 -0.00727818028684193 0.194720217260893 1777094078.38814
 0.113577145198658  0.180492153651807 0.0255980426930009 0.214784648499508 1777094078.40501
0.00995659190459986   0.347215571234608  0.0581272006702192 0.352188242404379 1777094078.42601
-0.212990795633528  0.502670812960545  0.148770832137833 0.565840777712248 1777094078.44966
-0.0993050520113728   0.286248344913137  0.0852525067410318 0.314750056753166 1777094078.46825
0.0339142328820102  0.298583621601239  0.192986379319187 0.357135964141413 1777094078.4871
-0.0525155415440807   0.441957275889758   0.280793420183178 0.526240496953371 1777094078.50624
-0.156825587627538  0.495471350791683  0.269013375972083 0.585195967896187 1777094078.52413
-0.388533426523495  0.762461238986218  0.348282030050705 0.92390786171497 1777094078.54624
-0.111603813748962  0.605510850119407  0.108280994025891 0.625158839434327 1777094078.56832
0.0428245788911507  0.456665910493298 0.0211643500781896 0.459157519897158 1777094078.58836
 0.0161209433841267   0.605588668875296 0.00400395645658056 0.605816434535291 1777094078.60984
-0.00239255083545129    0.531892533163016  0.00364390262438941 0.531910395800276 1777094078.62704
-0.199376339879794  0.910677559895655  0.107204994150652 0.938390885384235 1777094078.64872
-0.0232746372282062   0.560568558135478 -0.0566102944336613 0.563900294860767 1777094078.66841
 0.203159913471412  0.517488000326164 -0.164978173710049 0.579901352579891 1777094078.6884
 0.171316606968655  0.715997009144511 -0.163015447527622 0.754039211884746 1777094078.7082
  0.131072326634556   0.828821336332129 -0.0465152885764775 0.840409682500222 1777094078.72835
-0.150807628088393     1.030048841909 0.0115823524558041 1.04109447616252 1777094078.7484
-0.0747438446522796   0.726998110186841 -0.0986879106683842 0.737463353829011 1777094078.76835
  0.107709666648025   0.514239480770686 -0.0934821918622724 0.533650200101253 1777094078.78695
  0.168597017677195   0.848289872328463 -0.0249443092159489 0.86524151566308 1777094078.80836
0.123027753578335 0.881856323772423  0.12294929796257 0.898845333635011 1777094078.8284
-0.00172280739250021    0.850395191984568    0.184004431303772 0.870076192844746 1777094078.84993
-0.0143363171744668   0.773957153086804  0.0562340645568549 0.776129805394009 1777094078.86825
 0.0742878778600224   0.892905672113499 0.00493933992337891 0.896004255106126 1777094078.88819
 0.135399675277406  0.961205743851212 0.0729638338143268 0.973433754871216 1777094078.90828
0.171612790444208 0.962662594089938 0.141023666345538 0.987956423317118 1777094078.92845
 0.167961203978056  0.833315340550077 0.0728875002584878 0.853192833146048 1777094078.94839
-0.138450108693902  0.792068438033959 -0.135659032845361 0.815441117628641 1777094078.96831
-0.0133686279669721   0.778483677067081  -0.155230205767446 0.793921893170988 1777094078.98667
 0.0829222252574512   0.922177695059987 -0.0394913852323985 0.926740182691661 1777094079.00671
 0.0795635283321321   0.957258500331158 -0.0350148924027002 0.961197292020159 1777094079.02694
 0.0676534174247062   0.870367599945003 -0.0606612933399298 0.875098015329106 1777094079.04612
 -0.11358897963492   1.03972551881234 -0.210811883333761 1.06694576287589 1777094079.06883
0.00978197816192334   0.777914403997265  -0.170940638070219 0.796534499433034 1777094079.08603
0.0931729018273741  0.982396924200966   0.04132435284115 0.987670293393596 1777094079.10656
0.0685629569791768   1.09027452644829  0.116921360180584 1.09866738668182 1777094079.12689
0.0290180301750279   1.13211504398237  0.159167912909189 1.14361748123501 1777094079.14807
-0.000484074692557877      1.07454377900379    0.0894472470727549 1.07826034765865 1777094079.16836
0.0788104588032426  0.923101074331542  0.059179607531032 0.928347406845277 1777094079.18661
0.0807138028662933   1.08825871385526   0.28007118412845 1.1266151137075 1777094079.20672
-0.0455682458846464    1.21704093828191   0.318406587581195 1.25882797295827 1777094079.22606
-0.130515251239409    1.1164642067752  0.305822238513294 1.16492652016577 1777094079.24456
 -0.2788469401177  1.34554308680043 0.187927344952133 1.38692411523854 1777094079.26906
-0.119460770294947  0.859481508992095 -0.133518878285057 0.877955938984007 1777094079.28508
0.0347099600209446   1.05316373811003  -0.13860901558898 1.06281282444139 1777094079.30599
-0.0548956731428432    1.36131551007555  -0.185930834245589 1.3750504456293 1777094079.32608
 -0.151257422420866    1.45890311333471 -0.0759658566215069 1.46868918199439 1777094079.34697
-0.0956398311184561    1.32289372878622 -0.0913352144028842 1.32948746378004 1777094079.36836
0.0556331576985965  0.907041371844604 -0.185315324922494 0.927448579773773 1777094079.38794
0.202384866297074  0.69092824985549 0.113518732310835 0.728853883257758 1777094079.40841
0.113663270161183 0.883541893022114 0.118327448224515 0.898647317200781 1777094079.42818
-0.0528925843633352   0.856235607014207   0.150202824384911 0.870917865618121 1777094079.44655
-0.0880732644499249    1.13316450686921   0.115376140688664 1.14242301857903 1777094079.46972
0.0534855865423756  0.873001583332055 -0.137534880233163 0.885385969929956 1777094079.48753
  0.221152246561536   0.983147639252505 -0.0435527779250337 1.00865476809064 1777094079.50638
0.183948787157748  1.33565100202653 -0.11517518450242 1.35316890247909 1777094079.52791
-0.00689581335752372     1.00290319643883    -0.13550810997835 1.01203993080263 1777094079.54679
-0.00777100810258413     1.06745408990273   -0.209338211580417 1.08781483233346 1777094079.56841
 0.054839017588423  0.949181068759374 -0.256603516416001 0.984782912005639 1777094079.58642
0.198108132140189  1.13925329243918 -0.16117374554937 1.1675281035624 1777094079.60604
0.0986754968791311   1.02618545708944 -0.175009997288529 1.04566818120144 1777094079.62483
-0.0942548543928826   0.881240270752654  -0.112689980393061 0.89340216255269 1777094079.64308
-0.0264184124109841     1.1006205981583 -0.0607683660493325 1.10261345353526 1777094079.66899
0.0474560509026509  0.721905472496357 -0.105384339414366 0.731098794268781 1777094079.68588
 0.243270863155541  0.761893404923728 0.0725196267372923 0.803069965562671 1777094079.70508
0.129209289329733 0.771472651576322 0.109450267961481 0.789838245298451 1777094079.72476
-0.12953696230374  0.75401418106742 0.176624548817967 0.785183698951273 1777094079.74436
-0.233633875120738  0.945925403689455  0.255410959680053 1.0072707755483 1777094079.76828
  -0.03676820195869   0.830559945352351 0.00991158798168229 0.831432476557955 1777094079.78713
  0.225588524716526   0.883929251785916 0.00198584076379263 0.912263694449213 1777094079.80645
  0.101704704101088   0.895526382153492 -0.0391851865712394 0.902134594623127 1777094079.82615
-0.152203501187034  0.795990001868731  0.112890313133713 0.818236036634907 1777094079.84613
-0.24855153882966 0.840032969609692 0.205424870510971 0.899795885137467 1777094079.8683
-0.0901076831554208   0.712838253564279  0.0616606914008408 0.721151725486557 1777094079.88691
 0.202321557257018  0.982546815465236 0.0678915683744623 1.00545587778287 1777094079.9086
 0.145461787472527  0.723103049360744 0.0204011198856198 0.737870826975899 1777094079.92492
-0.110480349544994  0.672396688170931 0.0911547561198253 0.687482656844581 1777094079.94469
-0.134855076292278  0.785401313533969  0.060789886876979 0.799209938157175 1777094079.96827
-0.00943475911323018    0.589814173415754  -0.0864740399666803 0.596194207813019 1777094079.98675
 0.342657206236772   0.56210478544939 -0.176660850326077 0.681604582473612 1777094080.006
 0.305687945156399  0.520051654477872 -0.260967874124668 0.657269407826244 1777094080.0243
-0.0446888937595286   0.464534894710366 -0.0882217232020996 0.474945089535379 1777094080.044
-0.0363738044488213   0.601823600457943  0.0722890609726535 0.6072399921403 1777094080.06829
-0.0792962989655802   0.472141756418012   0.204160603962477 0.520468340433352 1777094080.08694
0.217670913455398 0.467364052602009 0.209423187550797 0.556478081970006 1777094080.10492
 0.215897549371371  0.521403111061364 0.0565329335402557 0.567158645022448 1777094080.1228
 -0.108684507576659   0.469692220609421 -0.0580001394936331 0.485579159838508 1777094080.14231
0.00386248668619496   0.579221394608854  -0.142648124675854 0.59654071969109 1777094080.1678
 -0.207959124420769   0.559668958225509 -0.0828877538522694 0.602782481472176 1777094080.18621
   0.14840260092363   0.607285921831548 -0.0661090004284797 0.628641330770849 1777094080.20436
  0.181363745392558   0.505824516610607 -0.0610005084046626 0.540807092938691 1777094080.22293
-0.0838617487294645   0.342488202009497 -0.0265331317628784 0.353602840057611 1777094080.24254
-0.0415399226278283   0.100895819440928  0.0758111354043813 0.132864065133819 1777094080.26823
  -0.114480468293663 -0.00517546397107332    0.109734601063616 0.158663939566126 1777094080.28818
0.0753435194424849  0.293060600818704  0.129563173098957 0.329162235831618 1777094080.30601
  0.187516723821468   0.161024841303303 -0.0645030178915399 0.255445024509398 1777094080.32421
-0.00876932158503539 -0.00035539406361042   -0.183244028318638 0.183454084774485 1777094080.34276
 0.0253210241804597  -0.284748406154299 -0.0884076562061055 0.299230216971512 1777094080.36697
0.00715927170384958  -0.258949515508844 -0.0163236091579244 0.259562260295165 1777094080.38799
0.0795895644381713 0.0159026868912482 0.0452668290206953 0.0929326639422746 1777094080.40614
  0.117379762123868  0.0422707563245998 0.00827419951183523 0.125033146701469 1777094080.42433
-0.0790172329815428  -0.188844774463181 -0.0397027369789821 0.208524289409486 1777094080.44253
-0.0640704283249435  -0.611880120714003  0.0738715068447138 0.619644496008988 1777094080.47125
-0.122973514275005 -0.469898845301156 0.0754168932174435 0.491543607232437 1777094080.48712
-0.0500581160749033 -0.0899851315005665   0.053801548938629 0.116179798348673 1777094080.50633
 0.0405154001050347   -0.24369948529076 -0.0298779250986344 0.248844584399283 1777094080.52498
-0.157844085293671 -0.540251708832815 -0.110187244309355 0.573522356118279 1777094080.5442
-0.0514315651887905  -0.915790755056837 -0.0121255660051963 0.917313982394407 1777094080.56836
-0.0766457268625882  -0.737101411842237  0.0738505692677291 0.744746242264626 1777094080.58827
 0.128954762766622 -0.372343613206405  0.100068601093032 0.406549901070598 1777094080.60634
 0.176876220767062 -0.464838007870584   0.17098790087925 0.525924360798227 1777094080.62498
0.00766468261009122  -0.832077564865034   0.119947313003852 0.840713494127507 1777094080.6441
-0.0509727727226127   -1.18137342905027   0.101257200009272 1.18680007708912 1777094080.66494
-0.0860028735627561   -1.23635410714686 -0.0227056911469722 1.23954972507376 1777094080.69001
  0.042926474780793  -0.652377638163608 -0.0586917178827396 0.65641753690853 1777094080.70606
  0.197242059105328   -0.91722521240217 -0.0453418344120039 0.939288242284636 1777094080.72614
  0.00011579947403347     -1.28986438384227 -0.000342612047728514 1.28986443454238 1777094080.74573
-0.0475611576879258     -1.589037460027   0.137312153519115 1.59566811730815 1777094080.76842
-0.104189341210942  -1.25681076141328 0.0946535352020038 1.26466912690728 1777094080.78858
0.0269289150066696 -0.898754322847442 0.0213450123877258 0.899410978837947 1777094080.80825
 0.111650023071659  -0.96992563764345 0.0238257865047632 0.976621287046584 1777094080.82679
-0.042755422080518  -1.25585213586066 -0.106130726008052 1.26105366430856 1777094080.8464
 -0.193751867689804   -1.47023530272053 -0.0107992342167094 1.48298626259945 1777094080.86841
-0.0859516600747859   -1.16974305079771 -0.0920027289463649 1.17649946659262 1777094080.88834
0.0560611561491975 -0.956711649582137 -0.117458839017677 0.965524009301861 1777094080.90905
 0.0958091481767329  -0.862931615373027 -0.0269139165607794 0.868651094852987 1777094080.92798
-0.0396153346122821   -1.09349798367414  0.0154223637757543 1.09432402164088 1777094080.94672
-0.145524289528672  -1.44078247601235  0.143748141466517 1.45523021896956 1777094080.96828
-0.10328442601525 -1.34864375023238 0.143324187173848 1.36016523272991 1777094080.98833
 0.118376920702682  -1.17497868332216 0.0275282062306849 1.18124756243338 1777094081.00819
 0.130177569147175   -1.1750709281657 0.0222909782821985 1.1824697769677 1777094081.0283
 -0.023831624391037   -1.23761463616991 -0.0638850238802276 1.2394915208501 1777094081.04795
-0.147032555437818  -1.41279251917828  0.026593695501339 1.42067184783999 1777094081.06827
 -0.128369753808667   -1.35622639545057 -0.0653533740774645 1.36385479172566 1777094081.08833
0.0452325208355358  -1.32923017299601 -0.214701340097576 1.34721768812017 1777094081.10818
  0.146611604517091   -1.61118625032251 -0.0693592528813903 1.61932912089163 1777094081.12881
  0.012470573427851   -1.43604640275354 -0.0283256998260931 1.4363798701366 1777094081.14783
-0.0362975187559904   -1.47599245862442   0.153108066930121 1.48435619981966 1777094081.16806
-0.0651279959575017   -1.39465315566548  0.0800565677945147 1.39846635086875 1777094081.18813
 0.0879077208644488    -1.2460828935972 -0.0629326780226147 1.25076411327886 1777094081.20698
0.175778842565614 -1.48137834877776  0.04776430074618 1.49253523983422 1777094081.22812
0.0306103210910067  -1.24518376118299 0.0277549165290579 1.24586914491958 1777094081.24702
-0.0340205573592876   -1.26109691180613   0.125186749947743 1.26775176657438 1777094081.26832
-0.0196495385213809   -1.03436033910275  0.0790057516123582 1.03755931120139 1777094081.2882
0.0949983386940319  -0.79576888732467  0.123020671284662 0.810806322096651 1777094081.30712
   0.2489162242581 -0.820730523857811  0.391314466758595 0.942700849360702 1777094081.32824
  0.21838355322216 -0.758740037337812  0.490717855656846 0.929613809298127 1777094081.34811
 0.206019718418175 -0.722828610810231  0.586577713968646 0.953414253883187 1777094081.36826
0.0108079745443922 -0.636097146108523  0.499362407405886 0.808763998661762 1777094081.38808
 0.140420422958345 -0.666002151114393  0.356123826359693 0.768180278433304 1777094081.40686
 0.163445883634364 -0.852257048149021  0.388824366980903 0.950915885530787 1777094081.42819
0.0410302078482699  -0.88096014850023  0.107603220301322 0.888455240414977 1777094081.44816
-0.0354690659358423  -0.841721052311831 0.00462447413881752 0.842480723995723 1777094081.46828
-0.200628757363518 -0.651397432547362 -0.105201390484803 0.689665024465109 1777094081.48674
-0.130154906720899 -0.760967197701019  -0.13503537522131 0.783738431035271 1777094081.50671
-0.027032342333465  -0.87818850894627 -0.171520043737305 0.895189884985836 1777094081.52897
-0.0939566905486809  -0.705117620507292  -0.228786691970022 0.747236287175155 1777094081.54859
-0.144152171332789 -0.661568112307988 -0.182037826055533 0.701134784358712 1777094081.56839
-0.266107315864177 -0.681704632355508 -0.179111789967334 0.753402510373238 1777094081.58803
-0.0325601228202876   -0.64812703065807  -0.189155331166484 0.675950108200614 1777094081.60823
 0.0858146694991763  -0.470397990568964 -0.0652452461914779 0.482592342648698 1777094081.62654
 0.0344721895671102  -0.371947467475187 -0.0463440015594781 0.376405389035945 1777094081.64621
-0.0318724221156044  -0.374463905335414  0.0695722667947039 0.382203307151466 1777094081.66615
-0.235309642950855 -0.234376131139892 0.0893865966816648 0.343937149171318 1777094081.68585
0.0769965376370929 -0.244447889892343 0.0872402137393978 0.270728817406302 1777094081.70467
 0.158396749658757 -0.222075983584225    0.1371434909943 0.305312315358328 1777094081.72419
 0.111513677257731 -0.185218035943381 0.0328404008685404 0.218676731691946 1777094081.74444
0.0640676235858604 -0.290963689438782  0.045697240399706 0.301417927044686 1777094081.7708
-0.0693177299033516  -0.244823032701893  0.0258829294442543 0.255760026307714 1777094081.78708
 0.0539031064424552  -0.616308696873908 -0.0510834599313029 0.62076684399629 1777094081.80676
 0.143058317087804 -0.656284825168174 -0.104687648778607 0.679805087978024 1777094081.82812
 0.0571233660419263  -0.503225196610156 -0.0977401159177585 0.515802101305246 1777094081.84832
-0.0649255036458227  -0.413944000429979 -0.0635666650035532 0.423799100300263 1777094081.86827
 -0.15636930729567 -0.337554170707255 -0.192945298953816 0.419072865757695 1777094081.88867
-0.0216796792878347  -0.599448898090097  -0.312123029920128 0.676187677883867 1777094081.90841
0.0292756916557622 -0.534104669417409 -0.345278946240854 0.636665072650131 1777094081.92653
0.0495930446171223 -0.571687817260017 -0.344756183057384 0.669435027642126 1777094081.94816
-0.0142559885159775  -0.523536385765822  -0.108433083428853 0.53483765201339 1777094081.96848
-0.0587616812312024  -0.255612683160227 -0.0165358783233282 0.262800712033685 1777094081.99198
 0.0123712912362619  -0.415803610567915 -0.0126692291092826 0.416180490622026 1777094082.0087
0.0867153431486202 -0.488078540818594 0.0282235903624574 0.496524706130459 1777094082.02852
  0.0399620762367831   -0.286877257953789 -0.00941882174842706 0.289800350019402 1777094082.04694
-0.078789037850406 -0.265212825467086  0.072383710271755 0.285980693037717 1777094082.06838
 -0.231613734384638 -0.0439664554074342  0.0993324687920706 0.255822028983078 1777094082.09238
 0.0106059763766068   -0.25137893474317 -0.0022898219026025 0.251612994203116 1777094082.11065
0.00670792793686983  -0.240025426832623 -0.0351845087417609 0.242683232792849 1777094082.12991
 -0.0522610292777218   -0.138770337902761 -0.00599017307559114 0.148405876016716 1777094082.14865
-0.060497453244185 -0.116603723300012 0.0699276951413234 0.148816170775343 1777094082.16828
-0.261679607697899 0.0665318496963173 0.0562835440294863 0.275808885711572 1777094082.19024
-0.0334325895398988 -0.0256726181880541 -0.0840484970849858 0.0940264389957305 1777094082.20882
 0.0697217003536511 -0.0161691304973796 -0.0995138607577897 0.122578810420751 1777094082.22873
-0.000246443218004438     0.117181567044011   -0.0161928815717902 0.118295349877955 1777094082.24814
-0.0345725286762037   0.160344692561006  0.0478257492665809 0.170859540162264 1777094082.26826
-0.191518209935801  0.354603278595031 0.0638806991043409 0.408048347191136 1777094082.29198
-0.104748892793838  0.119563841843118 -0.036091820720538 0.163004485646084 1777094082.31015
0.0610864098326262  0.193102037966959 0.0172879253112624 0.203270309919575 1777094082.3286
0.0643652410010804  0.359694863636205   0.08579496953396 0.375345249034443 1777094082.34854
0.0501636325729557  0.404212660258238  0.117849027965555 0.424019643576076 1777094082.36842
-0.114355668155127  0.577143502346637  0.149937029054857 0.607167978258031 1777094082.39006
-0.0800637500562835   0.278680962848818 -0.0185200489221098 0.290544790590878 1777094082.40859
 0.0777998542543934   0.443813993228773 -0.0507804969463456 0.453433938714111 1777094082.43043
  0.104066299254411    0.57003092567558 -0.0898211107006538 0.586372648402504 1777094082.44906
0.0172849789197759   0.65801899092166 0.0112492333298533 0.658342090527658 1777094082.47029
-0.225499547560562  0.717353991380225 0.0435249044782378 0.753220560134279 1777094082.49025
-0.0666837637592298   0.460720878118695 -0.0686741144098836 0.470559864282474 1777094082.5089
 0.0357036414955844   0.534228739843389 -0.0722349052871403 0.540271207850782 1777094082.52858
-0.00563906289129395    0.716174447712147  -0.0412075291259641 0.717381139313516 1777094082.54892
-0.0654792265697403   0.772016438501533 0.00906829897321082 0.774841367297223 1777094082.56843
 -0.165226626863714   0.819581018047733 -0.0274536973648115 0.836520525072707 1777094082.58851
-0.0878521360423945   0.705168222885281  -0.103431233851663 0.718107401793404 1777094082.609
 0.0461316829535825   0.721706117006151 -0.0783009598236744 0.727405589616642 1777094082.6281
 0.0472295269972738   0.799531881977005 -0.0915397074379706 0.806139799635217 1777094082.64825
 0.0351744871161239   0.798771842823226 -0.0626204603777671 0.801994403651932 1777094082.66835
 -0.00129207017533729     0.794114137500663 -4.60059175273823e-05 0.794115189969506 1777094082.68866
-0.0785070350534501   0.778558625866977 -0.0212478638907104 0.782795222382379 1777094082.7082
  0.0915217491040229    0.867875278579076 -0.00241715443751236 0.872690994776125 1777094082.7287
 0.119654246505677  0.892963055738789 0.0315140222109297 0.901495031166067 1777094082.74856
0.0986686094856976  0.819655765071466  0.087120872591911 0.830157282780744 1777094082.76837
0.0988671447366049  0.800399041140999  0.115698401379573 0.814738889123128 1777094082.78827
-0.00869250512282478    0.771526895450021   0.0611001005567975 0.773991299909831 1777094082.80688
0.0894631740021512  0.728285714502314 0.0918382126675575 0.739484955057678 1777094082.82652
 0.123357276790022  0.710968063632485 0.0790563865022872 0.725908064075041 1777094082.84841
0.0380601307517354   0.52431195287762 0.0363070560039916 0.526943829832801 1777094082.8683
-0.0255395225810554   0.494352759744596  0.0967418942993826 0.504376756396842 1777094082.88863
-0.0799539832806647   0.537030635511248  0.0368774918189794 0.544200783096569 1777094082.90727
 0.0602074880362961   0.422917969997289 0.00362468113565587 0.427197482758974 1777094082.9271
  0.169290299541392    0.41647519501476 -0.0378076886317043 0.451154313845128 1777094082.94719
0.0982545120486596  0.308945701156625 -0.141388869314417 0.353683768028853 1777094082.96839
-0.0554241923047662    0.25673297416015  -0.144053168075676 0.299557968257216 1777094082.98871
-0.160571861910936  0.247231927192631 -0.235610043551243 0.377384474088622 1777094083.00847
0.0116948417403802  0.264571286733664 -0.249595655581686 0.363913075297509 1777094083.02805
 0.125239578633304  0.256794875797534 -0.114834430448122 0.307921267061018 1777094083.04816
 0.0223731248873903   0.308258055062156 -0.0292336859906407 0.310448375135915 1777094083.06843
0.0264985890425967  0.263620987280538  0.128125560363229 0.294303175950253 1777094083.08993
0.0141162753671717  0.190555570595073 0.0764569638907365 0.205806613213583 1777094083.10871
  0.141959973418988    0.10081752563537 -0.0217222820220869 0.17546699138187 1777094083.12941
  0.243446860186278  0.0982079093067083 -0.0819557651790214 0.275005299278088 1777094083.14875
0.0981158507001539  0.195550753407987  -0.28166458777134 0.356653553636361 1777094083.16844
-0.0013276727358432   0.194606483933464   -0.21050073995487 0.286677532822834 1777094083.18682
-0.0787950914777059   0.170460243836258    -0.2513212515772 0.31373194396495 1777094083.20866
  0.06622704113261  0.106419887535053 -0.236798776487846 0.267926993761909 1777094083.22878
  0.130559774263385 -0.0824985652693361 -0.0928318921249907 0.180193307652395 1777094083.24893
-0.0378808190751664 -0.0691941756613033  -0.128674050385855 0.150929790438979 1777094083.26841
 -0.103541101633742 -0.0190860284564649 -0.0463368795990509 0.115031050680879 1777094083.28747
 -0.108212138044057  0.0705981914889581 -0.0992260918730563 0.162910370357377 1777094083.30838
0.0725712524760359  0.127049923508734 -0.106254942183842 0.180826940714063 1777094083.32803
 0.187150016969584 0.0734645399852371 0.0529322563918768 0.207903802884155 1777094083.34841
 0.0933362020176094   0.142333175624777 0.00332450871185546 0.170239336960295 1777094083.36829
 0.0192639261462679 -0.0116697539764208  0.0812374834261116 0.0843019022433468 1777094083.38665
0.0583975404063493 -0.118261524793051 0.0653765040619551 0.147207840332135 1777094083.40845
  0.114192751567021  -0.181096890855537 -0.0101737437821435 0.214335189482582 1777094083.42818
   0.18632695885733 -0.0712642738297547  0.0621636192717565 0.208951305050883 1777094083.44837
   0.0608059061373417    0.0459384653584744 -0.000665385847238804 0.0762111773888887 1777094083.46839
-0.0250969184388048   0.058446509531878  0.0440608959441798 0.0773770789251427 1777094083.48833
 -0.192213224133212 -0.0176506069738884  0.0339756910397517 0.195989323790506 1777094083.50853
-0.141115728516779 -0.189275553817887 0.0221281809807547 0.237125579601624 1777094083.52855
-0.0372412722914156  -0.228215862170761    0.17500015650129 0.289990425503503 1777094083.54863
 -0.14323838061517 -0.112110487953529  0.146027883550163 0.233259807863624 1777094083.56833
  -0.24208659221459 -0.0291040409541034   0.163289512675313 0.293456007400892 1777094083.58807
-0.327745906893626  0.018044049849311  0.127392154248497 0.352096191664384 1777094083.60827
 -0.170160474565174 -0.0672864525510666  0.0769151812794801 0.198489291681963 1777094083.62688
-0.0876487009119071  -0.158626789421754   0.261564323065512 0.318214783117501 1777094083.64826
  -0.1447914869634 -0.174145633345742  0.255622760524711 0.341517601316149 1777094083.66834
 -0.218076487420318 -0.0885110760907865   0.340717438277724 0.41410136162885 1777094083.68806
 -0.274239962727228 -0.0311079553783868   0.398066910097459 0.484388817954124 1777094083.70852
 -0.223136456566726 -0.0891439465501858   0.397037756299429 0.464085661686484 1777094083.72873
-0.066237176493966 -0.132844784872363  0.511588601214455 0.532689400411009 1777094083.74835
  -0.118020166725363 -0.00591704714422519    0.495305422921385 0.509206474012381 1777094083.76831
-0.195861203655356 0.0534202283028934  0.568048223508671 0.603236368367007 1777094083.78664
-0.256365254238362 0.0134756854128797  0.684656382215535 0.731203869920361 1777094083.8083
 -0.226073188341043 -0.0814979796674506   0.543734785954744 0.594473317007427 1777094083.82801
-0.139449707247985 -0.163529855622567  0.636368654667379 0.671679461629323 1777094083.84849
-0.196700109673971 -0.144078478603864  0.610059768780787 0.656979803820045 1777094083.86846
  -0.27724012505584 -0.0561955580841156   0.728991374459386 0.781951693984704 1777094083.88845
 -0.374644650601116 -0.0477635166593113   0.695589241029849 0.791507649984621 1777094083.90857
 -0.280557173939315 -0.0766886199260263   0.700083113510356 0.758096193168998 1777094083.9283
-0.272546893833544  -0.13946002581402  0.788697401606595 0.846034573430279 1777094083.94821
  -0.2997387373672 -0.110183198271493  0.886071367160597 0.941863108716796 1777094083.96833
  -0.275613484040954 0.000343669468164916    0.895979183428525 0.937412186730652 1777094083.9869
-0.320913354093637 0.0330349208398744  0.948489612433009 1.00185289924412 1777094084.00693
 -0.459248289986426 -0.0564801029070164    0.91331573066933 1.02383817948341 1777094084.02679
-0.461034077529563 -0.174282793307368  0.901213702515979 1.02718695975422 1777094084.04649
-0.492811049945304 -0.142650680750201   1.00718784532566 1.13032707807892 1777094084.06841
 -0.411746146240117 -0.0195781037703907   0.989325116515489 1.07176600863212 1777094084.08819
-0.378886223439891 0.0401359060186886  0.929850669858742 1.00488204755645 1777094084.10809
 -0.518316334682591 0.00941860264475317   0.946761317088411 1.07939683361105 1777094084.12899
-0.459948989364932 -0.105694205947455  0.824251006661467 0.949796851948419 1777094084.14829
-0.429206491615758 -0.147577682271811  0.981895984902255 1.08171951536292 1777094084.16845
 -0.332598898255128 -0.0352960842828882    1.09156937416609 1.14166174469655 1777094084.18738
-0.421005974596014 0.0299882260157608   1.20480004833194 1.27659252731862 1777094084.20834
-0.449714959277703 0.0335822270382291   1.08195719290942 1.17217860322539 1777094084.22814
 -0.417903208549236 -0.0505129134568286    1.07517468495291 1.15464074469301 1777094084.24797
 -0.371315095016521 -0.0684979563362055      1.101658411511 1.16456778482934 1777094084.26828
-0.250027475854173   0.03238881279756   1.09459462090343 1.1232542712971 1777094084.28705
-0.281619264852707 0.0989339639515847   1.06751623779881 1.10846211370686 1777094084.3071
-0.397117927099734   0.13641878136752   1.02450904834048 1.1072179198628 1777094084.32696
-0.383685769391326 0.0105514950732103   0.95655624768074 1.03069198049599 1777094084.34646
 -0.404818512071844 -0.0595070172569592    1.03301693345932 1.11109994943415 1777094084.36845
-0.265220217722063 -0.052190564825272  0.949991565704753 0.987699141366179 1777094084.38827
-0.320847508633875 0.0620263273323798  0.968282500105177 1.02194001247081 1777094084.40838
-0.370760132963713 0.0701697955486514  0.914442957890878 0.989238494822573 1777094084.42829
 -0.352356595670882 0.00490677660665561   0.899349362988935 0.965923663483841 1777094084.44831
-0.301545470915558 0.0192683253800872   0.90211578284938 0.951374702763632 1777094084.46823
-0.247583758316007 0.0448602545716261  0.922568244660776 0.956264778122971 1777094084.48817
-0.224589302278751 0.0901782535534455  0.908206110056715 0.939899361876768 1777094084.50864
-0.303636805697577  0.105152574752908  0.757703216035552 0.823022804873603 1777094084.52834
 -0.273143389409839 -0.0355664910800782   0.723512053665211 0.774171801517529 1777094084.54821
-0.249398565312285 -0.120884369833349  0.778193146439051 0.826073391663563 1777094084.56831
 -0.223758998634943 -0.0910103882131175   0.812939440442257 0.848069286119587 1777094084.58713
  -0.314662327386491 -0.00927806697255869    0.832917003916819 0.890420798396354 1777094084.60831
-0.335938036045855 0.0700774988138348  0.530761512323943 0.6320387669018 1777094084.62819
  -0.255897887162188 -0.00472971929151486    0.394039212782569 0.469864874308513 1777094084.64813
-0.279481337590658 0.0127969662566565  0.487469227284787 0.562049666805759 1777094084.66828
-0.220452888313255 0.0369933645862792  0.543906362500077 0.588049416424449 1777094084.68732
-0.202733912612667   0.15082801514964  0.584636771581401 0.636906809637285 1777094084.70684
-0.225432032959948  0.132769686766971  0.461055337295509 0.530112643932712 1777094084.72703
 -0.130448878696483 -0.0546019407357372   0.365704650392337 0.392094597264308 1777094084.74633
 -0.113432180705617 -0.0182988127511886    0.50846925229036 0.521289446174054 1777094084.77137
-0.0265989706968863  0.0696528613794327   0.264608553691098 0.274912191484792 1777094084.78635
-0.0249912016417008   0.207130697223679   0.442560194197649 0.489272124057895 1777094084.8067
-0.146567875178783  0.202898585123199  0.313136376611582 0.400879493410239 1777094084.82796
 -0.116966012931815 -0.0871113044593999   0.125477599385831 0.192390372663018 1777094084.8472
-0.108312527412524 -0.136264071046868 0.0731346334639029 0.188807243676333 1777094084.8683
-0.0525071776662239 -0.0564194339216002  0.0564730950772546 0.0955477194814761 1777094084.88711
-0.0650192617048431  -0.025791573746385  0.0424423705293201 0.0818172627573558 1777094084.90852
-0.0750478283394627 -0.0754805108009753  -0.129924950832884 0.167958259392543 1777094084.92854
-0.0765023491357493  -0.263702271879767  -0.287975055600638 0.397895878674345 1777094084.9538
0.0142003594642804 -0.191154395741528 -0.159608283370967 0.249432270047102 1777094084.96847
0.0769866353293653  -0.15573375798023  -0.27644773409985 0.326501600429344 1777094084.98813
 0.0510150988679745 -0.0781791817762498  -0.253693513060305 0.270323738033847 1777094085.00852
-0.0284647055184457  0.0300767705758464  -0.342526141270258 0.345020302362074 1777094085.02841
0.0305782212460483 -0.119689206787766 -0.393123715711557 0.412076194035664 1777094085.04824
0.0837871668969093 -0.132813463099385 -0.313121195010763 0.350292146760429 1777094085.06837
 0.0990594246064383 -0.0299119068465595  -0.396010560538909 0.409306554837443 1777094085.08717
 0.162862539111728 0.0960229655911238 -0.403732396821394 0.44580765449909 1777094085.10835
0.0769527957733742  0.143141970741475 -0.500085573419787 0.525829760766438 1777094085.12899
  0.118891748074871 -0.0631631980056513  -0.517312326233825 0.534543618628125 1777094085.14731
  0.185667786564558 -0.0948813983157332  -0.594271226901182 0.629788296046193 1777094085.16834
 0.219022023091717 0.0437648211155148 -0.611411711112586 0.650930323961084 1777094085.18682
 0.207735066128927  0.157077532851265 -0.633766742096441 0.685191573513399 1777094085.20812
 0.165346988057637   0.13742261337072 -0.640524852553406 0.675645386178233 1777094085.2272
   0.198241203372032 -0.00770651593925418    -0.76974521509639 0.794900409652745 1777094085.24618
  0.330180241504824 -0.0970116617025178  -0.893610768781322 0.957585745752522 1777094085.2683
  0.350061341671909 -0.0485157129018289  -0.758753832527512 0.837020964914678 1777094085.28833
 0.333980499759911 0.0243360361264852 -0.671723698976607 0.750565083547752 1777094085.3082
 0.400728910964256 0.0431341211136887 -0.813954151682747 0.90827615488266 1777094085.32846
  0.401885640934801 -0.0438372263148224  -0.965499178094539 1.04671984489728 1777094085.34819
 0.414651061458541 -0.048425497594792    -1.025831293151 1.10752443476153 1777094085.36841
  0.401576977489043 0.00274495350688924  -0.992878206881821 1.07101761765148 1777094085.38782
 0.427587727778106 0.0954324589371611 -0.872810561976226 0.976594540360785 1777094085.40655
0.428552976838598 0.139284481995074 -1.05944060794548 1.15129154545917 1777094085.42712
   0.41862131148329 0.00358947944608321   -1.15102095744367 1.22478811688603 1777094085.44667
  0.498403644219222 -0.0643746245041739   -1.37685127011224 1.46569768535695 1777094085.46833
  0.463020996559895 -0.0885662305215194   -1.19248965574422 1.28228857887025 1777094085.48817
 0.464574670989408 0.0134504358524149  -1.06604746033734 1.16295645956383 1777094085.50811
0.373280302719804 0.124810111485095 -1.13518737127858 1.20148496296786 1777094085.52818
 0.419161365154403 0.0254957350639652  -1.27298628810977 1.34046274556962 1777094085.54826
  0.459805600485864 -0.0571355946307134   -1.32364457279761 1.40239816796391 1777094085.56849
   0.41758023660955 -0.0551089778686133   -1.14611916605558 1.22106486160587 1777094085.58689
 0.398482204790967 0.0422519100799812  -1.09902142896475 1.16979544911245 1777094085.60627
 0.453393977916085 0.0930133337489343  -1.23256930705892 1.31660346200721 1777094085.62633
 0.333932874737177 0.0521318039844452  -1.25282930894997 1.29761711116221 1777094085.64518
 0.425789998932295 -0.007084138139476   -1.5495052330595 1.60695792585952 1777094085.66837
0.361188686382664 0.012018141741687 -1.15447096745108 1.20971274176524 1777094085.68614
0.458391038306755 0.121835981647667 -1.18214480540478 1.2737474990631 1777094085.70647
0.411030563021154 0.118900457561999 -1.24423975397751 1.31575681944801 1777094085.72635
 0.50980606352278 0.063002572534707 -1.53291714516128 1.6166961744496 1777094085.74806
  0.456153578201451 0.00588988337466357   -1.34853910223396 1.42361107325214 1777094085.76833
 0.506467811430307 0.0190586792106863  -1.25590237972468 1.35431298622821 1777094085.78824
