  -0.194054 -0.00161429   0.0857559 -0.00243651 0.000685689  0.00343475  0 -0  0 0 0 0 -1.37106e-12  3.85849e-13  1.93279e-12  -1.90571e-12 -1.72728e-14  8.42134e-13 0 0 0 0 0 0 0.00426664
-0.275312  -0.12082  0.187321 -0.000421623   0.00194372 -0.000228501  0 -0  0 0 0 0  0.0201109  0.0125566 -0.0365635  -0.0141351  -0.020838  0.0176064 0 0 0 0 0 0 0.00863263
-0.337751 -0.249318  0.316932  0.000604342   0.00382398 -0.000130014  0 -0  0 0 0 0  0.0107256  0.0328246 0.00625305  -0.00800972  -0.0218087   0.0215048 0 0 0 0 0 0 0.0107768
-0.342069 -0.278098  0.313013 0.00152422 0.00293487 0.00603271  0 -0  0 0 0 0 0.00921021 -0.0089022  0.0617041   -0.00076363  -0.00502379 -0.000715951 0 0 0 0 0 0 0.017071
-0.270819 -0.315437  0.380401 0.000835928  0.00352201  0.00273758  0 -0  0 0 0 0 -0.0185507   0.026532 -0.0671636   0.0654604 -0.0474874  0.0616304 0 0 0 0 0 0 0.020488
-0.183536 -0.353616  0.353676 -0.00128601  0.00415353   0.0014792  0 -0  0 0 0 0 -0.0663717  0.0285416 -0.0619034   0.0750791 -0.0372398 -0.0190648 0 0 0 0 0 0 0.0230346
-0.208999 -0.400807  0.344736   -0.0034059   0.00292918 -0.000389578  0 -0  0 0 0 0  -0.0831381 -0.00845182  -0.0733718  -0.00947398  -0.0445159   -0.010389 0 0 0 0 0 0 0.0261144
-0.175689 -0.433272  0.308475 -0.00591488  0.00390166   0.0020239  0 -0  0 0 0 0  -0.102538  0.0122783 0.00358435  0.00632975 -0.0245164 -0.0349989 0 0 0 0 0 0 0.029729
-0.292944 -0.400035  0.305792 -0.00665744  0.00439038 0.000739775  0 -0  0 0 0 0 -0.0731992  0.0180512 -0.0198555   -0.070933  0.0338404 0.00103004 0 0 0 0 0 0 0.0312908
-0.338634 -0.453044  0.372171 -0.00644082  0.00565628 9.42479e-05  0 -0  0 0 0 0 -0.0409263  0.0396242 -0.0252003  -0.0519887  -0.050363  0.0611415 0 0 0 0 0 0 0.0327282
-0.357074  -0.48314  0.344185  -0.00622883   0.00436608 -0.000248788  0 -0  0 0 0 0  -0.0219781 -0.00329475  -0.0195105  -0.00709727  -0.0259828  -0.0216583 0 0 0 0 0 0 0.03408
-0.335957 -0.523221  0.351668   -0.0025981   0.00455612 -0.000495875  0 -0  0 0 0 0   0.053467 0.00155107 -0.0204171   0.0177921 -0.0250799  0.0104166 0 0 0 0 0 0 0.0377241
-0.528178 -0.529841  0.250025  -0.00116769   0.00319282 -0.000252258  0 -0  0 0 0 0   0.0608469  -0.0262753 -0.00613468    -0.15029 0.00100693 -0.0894574 0 0 0 0 0 0 0.039715
 -0.55004 -0.382469  0.212088  0.00253254  0.00395452 -0.00151278  0 -0  0 0 0 0   0.106584  0.0036472 -0.0276053  -0.0387387   0.112078 -0.0317228 0 0 0 0 0 0 0.0436976
-0.521817  -0.28745  0.245449  0.00190128  0.00456437 -0.00111557  0 -0  0 0 0 0  0.0530652  0.0147384 -0.0122077  0.0137591 0.0906561 0.0272986 0 0 0 0 0 0 0.044661
-0.504652 -0.261615  0.188308 0.000791059  0.00381811 0.000729984  0 -0  0 0 0 0  0.0075704 -0.0105061  0.0324171   0.0110683  0.0179071 -0.0466351 0 0 0 0 0 0 0.0469404
-0.463833 -0.267088  0.154362 -0.000821876   0.00415922   0.00022801  0 -0  0 0 0 0 -0.0246436 0.00171069  0.0092407    0.0408419 -0.00958755  -0.0356627 0 0 0 0 0 0 0.0486637
-0.290589 -0.245927  0.114781 -0.00200286  0.00439804 0.000597338  0 -0  0 0 0 0 -0.0384174 0.00389011  0.0134589     0.14072  0.0155459 -0.0371446 0 0 0 0 0 0 0.049924
  -0.3315 -0.203437  0.122695 -0.00297489  0.00452878  0.00288873  0 -0  0 0 0 0 -0.0407175  0.0040785  0.0498052  -0.0108891  0.0321897  0.0090476 0 0 0 0 0 0 0.0524164
-0.362404 -0.254772  0.226505 -0.00193755  0.00449689 0.000685001  0 -0  0 0 0 0 -0.00316173  0.00397149 -0.00605509  -0.0179516 -0.0544842  0.0959946 0 0 0 0 0 0 0.0548523
-0.294836 -0.293827  0.294991 -0.00365157  0.00467779 0.000310006  0 -0  0 0 0 0 -0.0354904 0.00611979 -0.0104695   0.0578773 -0.0398723  0.0602812 0 0 0 0 0 0 0.0566162
-0.188402 -0.308875  0.388307 -0.00369168  0.00463907 -0.00135489  0 -0  0 0 0 0 -0.0213368 0.00545188 -0.0427221   0.0971434 -0.0137445  0.0824368 0 0 0 0 0 0 0.058282
-0.0343743  -0.352312   0.427643  -0.00307051   0.00377684 -0.000872987  0 -0  0 0 0 0 -0.0018834  -0.016809 -0.0166122   0.146191 -0.032661 0.0374808 0 0 0 0 0 0 0.0594489
-0.166521 -0.321062  0.389191 -0.00187932  0.00395737 0.000312136  0 -0  0 0 0 0  0.0219925 -0.0053753  0.0123116   -0.071612  0.0279431 -0.0250139 0 0 0 0 0 0 0.0611388
-0.270927 -0.351057  0.363068 -0.000548884   0.00429173 -0.000963015  0 -0  0 0 0 0  0.0407377  0.0061149 -0.0153075  -0.0901398   -0.02853 -0.0223671 0 0 0 0 0 0 0.0630118
 -0.28598 -0.363696  0.320111 -0.00283995  0.00266206 0.000128341  0 -0  0 0 0 0 -0.0208815 -0.0333305  0.0163461  -0.0103366  -0.019261 -0.0462672 0 0 0 0 0 0 0.0660277
-0.263465 -0.398037  0.303833 -0.00215467  0.00308704 0.000700807  0 -0  0 0 0 0 -0.000340156    -0.012774    0.0185465   0.0136811 -0.0267782 -0.0133268 0 0 0 0 0 0 0.0670166
-0.202436 -0.363138  0.227728 -0.00328582  0.00275754  0.00197102  0 -0  0 0 0 0 -0.0224962 -0.0165166  0.0370252   0.0494145  0.0319382 -0.0676871 0 0 0 0 0 0 0.0687491
-0.234807 -0.325974  0.139189 -0.00332607  0.00329127  0.00277741  0 -0  0 0 0 0 -0.0134944 0.00262869   0.036854   -0.017187  0.0318793 -0.0701794 0 0 0 0 0 0 0.069717
 -0.19939 -0.355728  0.124894  -0.00367005   0.00408759 -0.000173283  0 -0  0 0 0 0 -0.0138686  0.0215027 -0.0296393   0.0310547 -0.0367866 -0.0154999 0 0 0 0 0 0 0.0727925
-0.159292 -0.395772  0.124362 -0.00331822  0.00273209  0.00117951  0 -0  0 0 0 0 -0.00273839  -0.0186345   0.0103593   0.0404498 -0.0317068 -0.0051826 0 0 0 0 0 0 0.0747396
-0.186261 -0.433414  0.177459 -0.00231576  0.00340753  0.00295672  0 -0  0 0 0 0    0.0156888 -0.000554873    0.0421096  -0.0310241 -0.0321429  0.0452184 0 0 0 0 0 0 0.0768889
-0.140701 -0.393374  0.254386 -0.00154702  0.00384178  0.00241141  0 -0  0 0 0 0  0.0259382 0.00939103  0.0155004  0.0355319 0.0275657 0.0714398 0 0 0 0 0 0 0.0779267
-0.168591 -0.406723  0.233182 -0.00196187  0.00387229 0.000896707  0 -0  0 0 0 0 0.00654733 0.00658227 -0.0172032  -0.00829191  -0.0071914  -0.0141912 0 0 0 0 0 0 0.0794975
-0.133777 -0.447987  0.246508 -0.00188706  0.00444236 -0.00118909  0 -0  0 0 0 0 0.00630964  0.0178131  -0.049927   0.0302578 -0.0419774  0.0113296 0 0 0 0 0 0 0.0816611
-0.0787892  -0.456469   0.219916  -0.00234365    0.0026334 -0.000377457  0 -0  0 0 0 0 -0.0066891 -0.0314749 -0.0112061    0.0539374 -0.00674574  -0.0265531 0 0 0 0 0 0 0.0836956
-0.0451072  -0.454665   0.204537 -0.00363521   0.0034965 0.000197042  0 -0  0 0 0 0  -0.0289372 -0.00373271  0.00416212     0.020106 -0.00156045  -0.0136853 0 0 0 0 0 0 0.0853519
  0.10984 -0.445773  0.231794  -0.00304801   0.00403582 -0.000299747  0 -0  0 0 0 0 -0.00629887  0.00845824 -0.00841367    0.128813 0.00408353  0.0247281 0 0 0 0 0 0 0.0862913
-0.0829877  -0.395704   0.186351 -0.00205531  0.00427088  0.00126037  0 -0  0 0 0 0 0.0154145 0.0101904 0.0235057   -0.112223  0.0424645 -0.0276225 0 0 0 0 0 0 0.0881553
 -0.14711 -0.364163  0.212248 -0.000732092   0.00469259   0.00210961  0 -0  0 0 0 0 0.0364333 0.0151975 0.0304868  -0.0661802  0.0287213  0.0232511 0 0 0 0 0 0 0.0897832
 -0.07655 -0.355959  0.202567 -0.00322089   0.0043302  0.00291705  0 -0  0 0 0 0  -0.0279949 3.14555e-05   0.0381592    0.0608898 0.000954133  -0.0119189 0 0 0 0 0 0 0.0924247
-0.0039887  -0.384086   0.230713 -0.00242511  0.00472692  0.00288873  0 -0  0 0 0 0 -0.0020265 0.00894704  0.0191765   0.0619968 -0.0185126  0.0243827 0 0 0 0 0 0 0.0933143
0.0849333 -0.407086   0.26101 -0.00525849  0.00419702   0.0021837  0 -0  0 0 0 0  -0.0552617 -0.00456539  0.00132679  0.0861458 -0.027412 0.0241627 0 0 0 0 0 0 0.0962818
0.0165348 -0.415961  0.293972 -0.00643723  0.00477685  0.00360089  0 -0  0 0 0 0 -0.0548335 0.00958584  0.0262542   -0.0396289 -0.00705214   0.0274181 0 0 0 0 0 0 0.0982142
-0.0186682  -0.479477   0.401401 -0.00625606  0.00568795   0.0033543  0 -0  0 0 0 0 -0.0285983  0.0272125  0.0115992  -0.0322629 -0.0552151  0.0930092 0 0 0 0 0 0 0.0991753
-0.0762911  -0.476197   0.428749 -0.00691268  0.00370841  0.00214997  0 -0  0 0 0 0 -0.0305379 -0.0259757 -0.0110152   -0.0341087 -0.00546345    0.028913 0 0 0 0 0 0 0.101584
-0.0910752  -0.491474   0.441046 -0.00677852   0.0038092  0.00220199  0 -0  0 0 0 0  -0.0169629  -0.0144598 -0.00681609   -0.016974 -0.0120144  0.0138854 0 0 0 0 0 0 0.101759
-0.0324329  -0.463301   0.416282  -0.00592461   0.00371126 -5.81853e-05  0 -0  0 0 0 0  0.00724057 -0.00807066  -0.0487016   0.0531393  0.0141834 -0.0175902 0 0 0 0 0 0 0.104177
-0.212497 -0.435779  0.302475  -0.00347203   0.00425367 -0.000294904  0 -0  0 0 0 0  0.0515987 0.00843564 -0.0340363   -0.121368  0.0273641 -0.0859397 0 0 0 0 0 0 0.1067
-0.303699 -0.353104  0.253004 -0.00340228  0.00510495  5.6689e-05  0 -0  0 0 0 0  0.0326786  0.0242495 -0.0153334  -0.0962085  0.0736229 -0.0477748 0 0 0 0 0 0 0.107624
-0.337416 -0.295524  0.188076 -0.00290747  0.00435897  0.00180805  0 -0  0 0 0 0     0.02823 -0.00558535   0.0243399  -0.0339214  0.0595188 -0.0618365 0 0 0 0 0 0 0.109591
-0.400294 -0.310259   0.10607 -0.00320927  0.00438037  0.00298842  0 -0  0 0 0 0   0.0113775 -0.00393724    0.040343   -0.057377 -0.0132563 -0.0722542 0 0 0 0 0 0 0.110809
-0.428327 -0.313591 0.0448524 -0.00328545  0.00410292  0.00277396  0 -0  0 0 0 0  0.00667632 -0.00665175   0.0214476   -0.0228042 -0.00802812  -0.0552804 0 0 0 0 0 0 0.111168
  -0.462574   -0.279949 0.000931718 -0.00420555  0.00427169  0.00486578  0 -0  0 0 0 0  -0.0145623 -0.00147701   0.0506463  -0.0346676  0.0221548 -0.0360152 0 0 0 0 0 0 0.11346
-0.407442 -0.254575 0.0434731 -0.00511951  0.00570409  0.00398949  0 -0  0 0 0 0 -0.026016 0.0336161 0.0159392  0.0362691 0.0165021 0.0332731 0 0 0 0 0 0 0.115372
-0.331463 -0.261575 0.0800118 -0.00584464  0.00580415  0.00368036  0 -0  0 -2.51629e-07 -2.61156e-07 -1.94807e-07 -0.0307014  0.0222196 0.00514929    0.0744468 -0.00869111   0.0334609 0 0 0 0 0 0 0.116166
-0.268781 -0.272495  0.162725 -0.00564915  0.00625836  0.00345778  0 -0  0 -2.51629e-07 -2.61156e-07 -1.94807e-07  -0.0151869   0.0231184 -0.00283257     0.056959 -0.00793802   0.0702998 0 0 0 0 0 0 0.116708
-0.246931  -0.34859  0.200905 -0.0063563 0.00468975 0.00166655  0 -0  0 -2.51629e-07 -2.61156e-07 -1.94807e-07  -0.022038 -0.0137858 -0.0335251   0.0398004 -0.0730568  0.0337357 0 0 0 0 0 0 0.119192
-0.163778 -0.357184   0.17057 -0.00697145  0.00387475  0.00365823  0 -0  0 -2.51629e-07 -2.61156e-07 -1.94807e-07 -0.0261729   -0.02757  0.0161872   0.0547321 -0.0126287  -0.022874 0 0 0 0 0 0 0.12143
-0.156253 -0.422682   0.19577 -0.00732627  0.00392359  0.00354494  0 -0  0 -2.51629e-07 -2.61156e-07 -1.94807e-07  -0.022447 -0.0129268 0.00807543   0.0106777 -0.0557592  0.0203956 0 0 0 0 0 0 0.121806
-0.109144 -0.490609  0.241616 -0.00762415  0.00205838  0.00274061  0 -0  0 -2.51629e-07 -2.61156e-07 -1.94807e-07  -0.0198827  -0.0482068 -0.00817796   0.0572552 -0.0655812  0.0411205 0 0 0 0 0 0 0.123859
-0.0415493  -0.512715   0.238011 -0.0075068 0.00266498 0.00288687  0 -0  0 -2.51629e-07 -2.61156e-07 -1.94807e-07   -0.010189  -0.0179777 -0.00506376   0.0497859 -0.0190051 0.00377015 0 0 0 0 0 0 0.124494
0.0287166 -0.553115   0.22388 -0.00697028  0.00153125  0.00247087  0 -0  0 -2.51629e-07 -2.61156e-07 -1.94807e-07 0.00396128 -0.0330376 -0.0105855   0.0699431 -0.0352653 -0.0118921 0 0 0 0 0 0 0.125815
-0.0187711  -0.540899   0.126139 -0.0071868 0.00215176 0.00569414  0 -0  0 -2.51629e-07 -2.61156e-07 -1.94807e-07  -0.0034088 -0.00633467    0.052698  -0.0421569 0.00912497 -0.0795299 0 0 0 0 0 0 0.129105
-0.0827713  -0.570012   0.113645 -0.00712369   0.0030322  0.00394148  0 -0  0 -2.51629e-07 -2.61156e-07 -1.94807e-07  0.00113529   0.0186219 0.000765716  -0.0497548 -0.0245358 -0.0133649 0 0 0 0 0 0 0.131067
-0.0998521  -0.563019   0.127422 -0.00752255   0.0020352  0.00386043  0 -0  0 -2.51629e-07 -2.61156e-07 -1.94807e-07 -0.00747294  -0.0117236 0.000796432  -0.00732799  0.00414578  0.00990702 0 0 0 0 0 0 0.132144
-0.0526602  -0.552116  0.0627436 -0.00758691  0.00382705  0.00371832  0 -0  0 -2.51629e-07 -2.61156e-07 -1.94807e-07 -0.00563206   0.0275921 -0.00599973   0.0299168   0.010379 -0.0453798 0 0 0 0 0 0 0.133943
-0.0499454   -0.56387  0.0189941 -0.00758143  0.00288325  0.00165264  0 -0  0 -2.51629e-07 -2.61156e-07 -1.94807e-07 -0.00173589  0.00187031  -0.0430072   0.0201688 -0.0204732 -0.0407588 0 0 0 0 0 0 0.136214
 -0.123909  -0.583293 -0.0555643 -0.00588247  0.00279357  0.00286644  0 -0  0 -2.51629e-07 -2.61156e-07 -1.94807e-07   0.0307458 -0.00230837 -0.00444314  -0.0546863 -0.0141418 -0.0590491 0 0 0 0 0 0 0.138304
 -0.188695  -0.636869 -0.0465564 -0.00651376  0.00333497  0.00355648  0 -0  0 -2.51629e-07 -2.61156e-07 -1.94807e-07 0.00508021  0.0105319 0.00959404  -0.0615491 -0.0466867 0.00448577 0 0 0 0 0 0 0.139385
 -0.219773  -0.629149 -0.0272993 -0.00577197  0.00239185  0.00359141  0 -0  0 -2.51629e-07 -2.61156e-07 -1.94807e-07  0.0179531 -0.0147072 0.00832102  -0.0206649 0.00576515  0.0176578 0 0 0 0 0 0 0.140585
  -0.197252   -0.617192 -0.00781201 -0.00630912  0.00363672  0.00432128  0 -0  0 -2.51629e-07 -2.61156e-07 -1.94807e-07 0.000895785   0.0144422     0.01797  0.00937446 0.00840064  0.0179333 0 0 0 0 0 0 0.142125
-0.154043 -0.602881 0.0017156 -0.00610551  0.00366423  0.00284704  0 -0  0 -2.51629e-07 -2.61156e-07 -1.94807e-07 0.00626038  0.0120351 -0.0176153   0.0434928 0.00469516  0.0107034 0 0 0 0 0 0 0.143613
 -0.298633  -0.592154 -0.0531871 -0.00601228  0.00318969  0.00399205  0 -0  0 -2.51629e-07 -2.61156e-07 -1.94807e-07  0.00447821 -0.00451919   0.0112341   -0.107028  0.0137776 -0.0449946 0 0 0 0 0 0 0.144856
 -0.316675   -0.59867 -0.0156128 -0.00682744  0.00449058  0.00440463  0 -0  0 -2.51629e-07 -2.61156e-07 -1.94807e-07 -0.0133317  0.0270368  0.0138931   -0.0350048 -0.00992565   0.0258075 0 0 0 0 0 0 0.146446
-0.314833 -0.587425 0.0958817 -0.00689107  0.00367976  0.00481296  0 -0  0 -2.51629e-07 -2.61156e-07 -1.94807e-07 -0.00967448 -0.00282994    0.017764   0.010088 0.0108765 0.0976574 0 0 0 0 0 0 0.147356
-0.299629 -0.644325 0.0898456 -0.0068954 0.00395069 0.00769422  0 -0  0 -2.51629e-07 -2.61156e-07 -1.94807e-07 -0.00768902  3.9778e-05   0.0702385     0.0060035   -0.0523644 -0.000686617 0 0 0 0 0 0 0.15025
-0.250797 -0.652377 0.0399873 -0.0072937 0.00341259 0.00622571  0 -0  0 -2.51629e-07 -2.61156e-07 -1.94807e-07  -0.0100566 -0.00583402   0.0147674   0.0536974 -0.0199736 -0.0401164 0 0 0 0 0 0 0.151864
 -0.345642  -0.556963 -0.0195517 -0.00864451  0.00344527  0.00645218  0 -0  0 -2.51629e-07 -2.61156e-07 -1.94807e-07  -0.0331636 -0.00180057   0.0138128  -0.0700694  0.0811571 -0.0509601 0 0 0 0 0 0 0.153234
-0.388792 -0.536349 0.0354098 -0.0090497  0.0041762 0.00401747  0 -0  0 -2.51629e-07 -2.61156e-07 -1.94807e-07 -0.0264887  0.0169492 -0.0357043  -0.0368385  0.0212066  0.0435393 0 0 0 0 0 0 0.155808
-0.402627 -0.521949    0.1563 -0.0100023 0.00304693 0.00408407  0 -0  0 1.09464e-07 9.90822e-07 1.49938e-06 -0.0355689  -0.016482 -0.0207759  -0.00500415   0.0164351    0.103071 0 0 0 0 0 0 0.157287
-0.386239 -0.532482  0.178169 -0.00909682  0.00338226  0.00502451  0 -0  0 1.09464e-07 9.90822e-07 1.49938e-06 -0.00600094 -0.00508317  0.00583437  0.00831128 -0.0075046   0.025769 0 0 0 0 0 0 0.158635
-0.265574 -0.524805  0.167152 -0.00695493   0.0041659  0.00349093  0 -0  0 1.09464e-07 9.90822e-07 1.49938e-06  0.0382948  0.0146785 -0.0320117     0.105587   0.0070799 -0.00157859 0 0 0 0 0 0 0.161383
-0.368164 -0.493505   0.09748 -0.00591769  0.00441465  0.00503533  0 -0  0 1.09464e-07 9.90822e-07 1.49938e-06  0.0421073  0.0131307 0.00995922   -0.071984  0.0330274 -0.0591934 0 0 0 0 0 0 0.16326
-0.467968 -0.534403  0.120405 -0.00564835  0.00528127  0.00370498  0 -0  0 1.09464e-07 9.90822e-07 1.49938e-06  0.0301177  0.0266623 -0.0178365  -0.0749974 -0.0306451  0.0152906 0 0 0 0 0 0 0.16487
-0.515943 -0.572331  0.162446 -0.00575076  0.00393994  0.00367959  0 -0  0 1.09464e-07 9.90822e-07 1.49938e-06  0.0160507 -0.0158867 -0.0104318  -0.0344763  -0.035423  0.0354739 0 0 0 0 0 0 0.166216
-0.537267 -0.589929 0.0823922 -0.00728233  0.00452919  0.00518568  0 -0  0 1.09464e-07 9.90822e-07 1.49938e-06   -0.0207606 -0.000452377    0.0264177  -0.0293826 -0.0199604  -0.062111 0 0 0 0 0 0 0.168443
-0.508132 -0.567875 0.0549982 -0.00729703   0.0045602   0.0036866  0 -0  0 1.09464e-07 9.90822e-07 1.49938e-06 -0.0115474 0.00363539 -0.0154688   0.0304478   0.014449 -0.0219582 0 0 0 0 0 0 0.169943
-0.610882 -0.538464 0.0118787 -0.00706055  0.00470667  0.00515353  0 -0  0 1.09464e-07 9.90822e-07 1.49938e-06 -0.00360342  0.00445846   0.0181744  -0.0832257  0.0310369 -0.0370785 0 0 0 0 0 0 0.171436
-0.525561 -0.516593 0.0518505 -0.00730708   0.0063891  0.00412243  0 -0  0 1.09464e-07 9.90822e-07 1.49938e-06 -0.00582398   0.0400634 -0.00828899  0.0475207 0.0152613 0.0260093 0 0 0 0 0 0 0.173424
-0.420683 -0.542072   0.16315 -0.00684247  0.00637798  0.00515318  0 -0  0 1.09464e-07 9.90822e-07 1.49938e-06 0.00567357  0.0223048  0.0122786    0.102923 -0.0160912   0.102726 0 0 0 0 0 0 0.174555
-0.399122 -0.555674  0.231924 -0.00842911  0.00634988  0.00515715  0 -0  0 1.09464e-07 9.90822e-07 1.49938e-06 -0.0266135  0.0129835  0.0101839   0.0240656 -0.0164578  0.0615748 0 0 0 0 0 0 0.176142
-0.417723 -0.600745  0.285772 -0.00795852  0.00553877  0.00343248  0 -0  0 1.09464e-07 9.90822e-07 1.49938e-06 -0.00689576 -0.00385593    -0.02858  -0.00218938  -0.0415831   0.0529149 0 0 0 0 0 0 0.178105
-0.500829  -0.57552  0.288703 -0.00934596  0.00531052  0.00535902  0 -0  0 1.09464e-07 9.90822e-07 1.49938e-06  -0.0332814 -0.00965914   0.0203822   -0.072785  0.0272482 0.00329667 0 0 0 0 0 0 0.18049
 -0.56401 -0.531921  0.295077 -0.00935609  0.00686016  0.00648831  0 -0  0 1.09464e-07 9.90822e-07 1.49938e-06 -0.0186074  0.0291665  0.0318889    -0.05911  0.0322479 0.00266763 0 0 0 0 0 0 0.182408
 -0.57873 -0.521867  0.341418 -0.00971245  0.00545778  0.00521826  0 -0  0 1.09464e-07 9.90822e-07 1.49938e-06  -0.0184914  -0.0141902 0.000378209  0.00517158 0.00349379  0.0402245 0 0 0 0 0 0 0.184333
-0.574875 -0.514872  0.279897 -0.00918564  0.00605051  0.00470021  0 -0  0 1.09464e-07 9.90822e-07 1.49938e-06 -0.000920081   0.00407523   -0.0124555  3.81223e-05  0.00848892  -0.0428007 0 0 0 0 0 0 0.18528
-0.551948 -0.547018  0.196788 -0.00882333  0.00734374  0.00383937  0 -0  0 1.09464e-07 9.90822e-07 1.49938e-06 0.00660629  0.0288346 -0.0283091    0.013326 -0.0261608 -0.0703008 0 0 0 0 0 0 0.186875
-0.760355 -0.594324 0.0408312 -0.00733149  0.00709482  0.00534607  0 -0  0 1.09464e-07 9.90822e-07 1.49938e-06 0.0323876 0.0103694 0.0125686   -0.163582 -0.0312172  -0.133908 0 0 0 0 0 0 0.18901
  -0.764862   -0.554389 -0.00277438 -0.00637861  0.00815544  0.00417576  0 -0  0 1.09464e-07 9.90822e-07 1.49938e-06 0.0379115 0.0291567 -0.014941  -0.0258751   0.029098   -0.03877 0 0 0 0 0 0 0.190855
-0.675005 -0.545976 0.0992605 -0.00800522  0.00735557  0.00538575  0 -0  0 1.09464e-07 9.90822e-07 1.49938e-06  -0.0110668 -0.00370358   0.0113406  0.0895381 0.0143164 0.0894358 0 0 0 0 0 0 0.193034
-0.646223 -0.503201  0.108415 -0.00807389  0.00734175  0.00693231  0 -0  0 1.09464e-07 9.90822e-07 1.49938e-06 -0.00874172 -0.00460446   0.0384931  0.0226642 0.0342912 0.0125967 0 0 0 0 0 0 0.194582
-0.648829 -0.525786  0.116652 -0.00713723  0.00726868  0.00657779  0 -0  0 1.09464e-07 9.90822e-07 1.49938e-06  0.0133217 -0.0020379  0.0139897  0.00176033 -0.0188207 0.00992247 0 0 0 0 0 0 0.195587
 -0.73357 -0.518653 0.0843806 -0.00818751  0.00654288  0.00761131  0 -0  0 1.09464e-07 9.90822e-07 1.49938e-06 -0.0132012 -0.0174066  0.0305717  -0.0649701 0.00834423 -0.0285689 0 0 0 0 0 0 0.197229
 -0.73537 -0.531658 0.0873326 -0.00939077  0.00725921  0.00695426  0 -0  0 1.09464e-07 9.90822e-07 1.49938e-06 -0.0308815  0.0074093 0.00645713   -0.0107029  -0.0102498 -0.00206364 0 0 0 0 0 0 0.198776
-0.672611 -0.630748  0.143082 -0.00800139  0.00751915  0.00691157  0 -0  0 1.09464e-07 9.90822e-07 1.49938e-06 0.00985155  0.0102921 0.00269656   0.0549399 -0.0872677  0.0493233 0 0 0 0 0 0 0.20019
-0.657915 -0.735943   0.14567 -0.00915292   0.0071428  0.00582871  0 -0  0 1.09464e-07 9.90822e-07 1.49938e-06   -0.0155722 -0.000314322   -0.0185677   0.0203363 -0.0994325 0.00333419 0 0 0 0 0 0 0.201815
-0.668927 -0.833873  0.154216 -0.00904356  0.00729754  0.00497084  0 -0  0 1.09464e-07 9.90822e-07 1.49938e-06 -0.00720951  0.00389052  -0.0295749  -0.00812125  -0.0872907  0.00774068 0 0 0 0 0 0 0.202693
-0.729681 -0.876891 0.0660754 -0.0102099 0.00719158 0.00710741  0 -0  0 1.09464e-07 9.90822e-07 1.49938e-06  -0.0292074 -0.00310703   0.0240649  -0.0569652   -0.03317  -0.078495 0 0 0 0 0 0 0.20513
 -0.823062  -0.860769 -0.0185382  -0.010856 0.00848819 0.00650161  0 -0  0 1.09464e-07 9.90822e-07 1.49938e-06 -0.0291017  0.0276738 0.00340097   -0.075384  0.0152761 -0.0713091 0 0 0 0 0 0 0.2067
 -0.825765  -0.920216 -0.0370026 -0.00976425  0.00866867  0.00787582  0 -0  0 1.09464e-07 9.90822e-07 1.49938e-06 0.0046322 0.0186059 0.0251091  -0.0042787 -0.0451146 -0.0168272 0 0 0 0 0 0 0.208465
-0.803716 -0.956255 -0.105833 -0.0119159 0.00771002 0.00871091  0 -0  0 1.09464e-07 9.90822e-07 1.49938e-06  -0.0388979 -0.00951516   0.0350004   0.0232918 -0.0374967 -0.0635721 0 0 0 0 0 0 0.210964
-0.781674 -0.987288 -0.186254 -0.0113076 0.00755111 0.00715987  0 -0  0 1.09464e-07 9.90822e-07 1.49938e-06  -0.0108695 -0.00492579  -0.0147321   0.0252248 -0.0266507 -0.0658811 0 0 0 0 0 0 0.212637
-0.825021 -0.983447 -0.295435 -0.0117425 0.00762658  0.0087395  0 -0  0 1.09464e-07 9.90822e-07 1.49938e-06  -0.0165852 -0.00280929   0.0218924  -0.0402802  0.0088108 -0.0969795 0 0 0 0 0 0 0.214277
-0.898758 -0.984237  -0.34783 -0.0120358 0.00788172  0.0082149  0 -0  0 1.09464e-07 9.90822e-07 1.49938e-06 -0.0151195 0.00440021 0.00422446  -0.0551629 0.00353332 -0.0429638 0 0 0 0 0 0 0.21493
-0.792228  -0.99851 -0.275242 -0.0128838 0.00715232 0.00625503  0 -0  0 1.09464e-07 9.90822e-07 1.49938e-06 -0.0267009 -0.0145619 -0.0299171    0.102601 -0.0219431  0.0649161 0 0 0 0 0 0 0.217187
-0.642171   -1.0324  -0.26848 -0.0110268 0.00594448 0.00886652  0 -0  0 1.09464e-07 9.90822e-07 1.49938e-06  0.0179766 -0.0367777  0.0351858    0.124116 -0.0256227 0.00589589 0 0 0 0 0 0 0.220612
 -0.49999  -1.01219 -0.216768 -0.0105692 0.00679476 0.00887274  0 -0  0 1.09464e-07 9.90822e-07 1.49938e-06   0.0209763 -0.00500031   0.0168868   0.124038 0.0172302 0.0485354 0 0 0 0 0 0 0.221577
-0.445379 -0.949917 -0.166069  -0.010892 0.00624273 0.00944506  0 -0  0 1.09464e-07 9.90822e-07 1.49938e-06 0.00643854 -0.0142735  0.0229695  0.0604526 0.0565309 0.0462345 0 0 0 0 0 0 0.222435
-0.567393  -0.94434 -0.132319 -0.0108005 0.00578513 0.00889675  0 -0  0 1.09464e-07 9.90822e-07 1.49938e-06 0.00521578 -0.0169757 0.00416992  -0.0686638 0.00959701  0.0297606 0 0 0 0 0 0 0.223155
 -0.566855  -0.976908 -0.0552925 -0.0100336 0.00568287  0.0069871  0 -0  0 1.09464e-07 9.90822e-07 1.49938e-06  0.0193334 -0.0111203 -0.0311875  0.000657095  -0.0365657   0.0713103 0 0 0 0 0 0 0.225216
-0.542673  -1.03291 -0.105817 -0.00955666  0.00388411  0.00796261  0 -0  0 1.09464e-07 9.90822e-07 1.49938e-06  0.0198732   -0.04632 0.00380862   0.0243145 -0.0490508  -0.042781 0 0 0 0 0 0 0.227317
-0.522313  -1.05722 -0.147312 -0.0121518 0.00496357 0.00695318  0 -0  0 1.09464e-07 9.90822e-07 1.49938e-06   -0.034659 -0.00594313  -0.0205735  0.00895936 -0.0288172 -0.0379001 0 0 0 0 0 0 0.230303
-0.584199  -1.04475 -0.236694 -0.0118751  0.0048544 0.00795249  0 -0  0 1.09464e-07 9.90822e-07 1.49938e-06  -0.0173746 -0.00659937  0.00622444  -0.0533933  0.0161567 -0.0781806 0 0 0 0 0 0 0.231346
-0.742543 -0.990818 -0.300616 -0.0120979 0.00527221 0.00984432  0 -0  0 1.09464e-07 9.90822e-07 1.49938e-06 -0.0138743 0.00476741  0.0375075   -0.122151  0.0411157 -0.0491345 0 0 0 0 0 0 0.233296
-0.775004 -0.925071 -0.325041 -0.0105793  0.0065545 0.00852903  0 -0  0 1.09464e-07 9.90822e-07 1.49938e-06  0.0238241  0.0335202 0.00166326  -0.0421574   0.055476 -0.0219665 0 0 0 0 0 0 0.235679
-0.784067  -0.86444 -0.437123 -0.0106125 0.00578787 0.00945758  0 -0  0 1.09464e-07 9.90822e-07 1.49938e-06  0.0128542 0.00210604  0.0223259  -0.00479719   0.0546338  -0.0971425 0 0 0 0 0 0 0.236884
 -0.77837 -0.848311 -0.489279 -0.00934725  0.00589964  0.00994483  0 -0  0 1.09464e-07 9.90822e-07 1.49938e-06 0.0316868 0.0035585  0.021985  0.00382665  0.0182655 -0.0468249 0 0 0 0 0 0 0.238245
-0.830772 -0.803999 -0.538466  -0.010126 0.00549434 0.00944805  0 -0  0 1.09464e-07 9.90822e-07 1.49938e-06  0.00490786 -0.00500581  0.00571099  -0.0393828  0.0376611 -0.0449759 0 0 0 0 0 0 0.239253
-0.908972 -0.768105 -0.508659 -0.0104416 0.00630141 0.00962224  0 -0  0 1.09464e-07 9.90822e-07 1.49938e-06 -0.00320952   0.0144251  0.00657444  -0.0624825  0.0276798  0.0211518 0 0 0 0 0 0 0.240137
-0.855258 -0.796915 -0.380172 -0.0115875 0.00704163 0.00825111  0 -0  0 1.09464e-07 9.90822e-07 1.49938e-06 -0.0253913  0.0253103 -0.0207344   0.0430233 -0.0328966   0.116134 0 0 0 0 0 0 0.242071
-0.825697 -0.785181 -0.222759 -0.0127484 0.00411169 0.00855693  0 -0  0 1.09464e-07 9.90822e-07 1.49938e-06  -0.0389307  -0.0482357 -0.00126509  0.0451468 0.0060613   0.13196 0 0 0 0 0 0 0.245238
-0.841684  -0.77395 -0.148576 -0.0116597 0.00569957 0.00924032  0 -0  0 1.09464e-07 9.90822e-07 1.49938e-06  -0.00446083 -5.43522e-05   0.00797497  -0.0251583   0.013475  0.0740402 0 0 0 0 0 0 0.247281
-0.929842 -0.756735 -0.159447 -0.0104301 0.00509768 0.00875348  0 -0  0 1.09464e-07 9.90822e-07 1.49938e-06    0.021508  -0.0108077 -0.00424704   -0.0690554   0.0152438 -0.00542035 0 0 0 0 0 0 0.248734
-0.997436 -0.713709 -0.249155 -0.00806612  0.00576251  0.00879453  0 -0  0 1.09464e-07 9.90822e-07 1.49938e-06   0.0590354  0.00961024 -0.00205612  -0.0569885  0.0372173  -0.069148 0 0 0 0 0 0 0.25119
  -0.9439  -0.70605 -0.289678 -0.00814561  0.00588308  0.00859181  0 -0  0 1.09464e-07 9.90822e-07 1.49938e-06   0.0348877  0.00714218 -0.00517106     0.04211 0.00756788 -0.0400728 0 0 0 0 0 0 0.251438
-0.907857 -0.658498 -0.343257 -0.00717532  0.00403895   0.0100709  0 -0  0 1.09464e-07 9.90822e-07 1.49938e-06 0.0392616 -0.037175 0.0291246   0.0368095  0.0449273 -0.0494628 0 0 0 0 0 0 0.253994
-0.937885 -0.603165 -0.315327 -0.00852018  0.00490739   0.0106806  0 -0  0 1.09464e-07 9.90822e-07 1.49938e-06 -0.000502742  -0.00561497    0.0279573  -0.0326351  0.0419342  0.0211983 0 0 0 0 0 0 0.255707
-0.877351 -0.522548 -0.312731 -0.00977531  0.00502371   0.0107186  0 -0  0 1.09464e-07 9.90822e-07 1.49938e-06  -0.0244715 -0.00124004   0.0191295   0.0497423  0.0698208 0.00254649 0 0 0 0 0 0 0.256968
-0.989953 -0.503168 -0.366717 -0.00914325  0.00618987   0.0106411  0 -0  0 1.09464e-07 9.90822e-07 1.49938e-06 -0.0018884  0.0255879  0.0113093  -0.0650932  0.0242044 -0.0390462 0 0 0 0 0 0 0.258297
 -1.00317 -0.557465 -0.379144 -0.0087483 0.00732141 0.00918758  0 -0  0 1.09464e-07 9.90822e-07 1.49938e-06 0.00732152  0.0413109 -0.0190398  -0.0166251 -0.0514502 -0.0130629 0 0 0 0 0 0 0.260181
-0.953318 -0.596014 -0.370426 -0.00893245  0.00613555  0.00893338  0 -0  0 1.09464e-07 9.90822e-07 1.49938e-06 0.000572351 -0.00134652  -0.0135812   0.0537611 -0.0372887 0.00348209 0 0 0 0 0 0 0.261407
 -0.89706 -0.621721 -0.291196 -0.00774677  0.00610704  0.00840701  0 -0  0 1.09464e-07 9.90822e-07 1.49938e-06    0.0228586 -0.000946644   -0.0204631   0.050748 -0.020849 0.0655257 0 0 0 0 0 0 0.262705
-0.865523 -0.605288 -0.208269 -0.0084846 0.00595735 0.00780694  0 -0  0 1.09464e-07 9.90822e-07 1.49938e-06 9.38205e-05 -0.00341674  -0.0229544  0.0302792 0.0107108 0.0728228 0 0 0 0 0 0 0.263668
-0.977282 -0.555639 -0.204988 -0.00795577  0.00618088  0.00852197  0 -0  0 1.09464e-07 9.90822e-07 1.49938e-06   0.0100736  0.00288957 -0.00129024  -0.0755501  0.0414514 0.00703088 0 0 0 0 0 0 0.264585
 -1.00754 -0.512779 -0.150743 -0.00653872  0.00641621  0.00899792  0 -0  0 1.09464e-07 9.90822e-07 1.49938e-06  0.0348857 0.00662177 0.00735412  -0.0331539  0.0374253  0.0485752 0 0 0 0 0 0 0.266098
-0.982746  -0.44193 -0.125686 -0.00756477  0.00543261  0.00976282  0 -0  0 1.09464e-07 9.90822e-07 1.49938e-06 0.000513823  -0.0183793   0.0220992  0.0241363 0.0591651 0.0196681 0 0 0 0 0 0 0.267712
-0.982075 -0.387584 -0.150153 -0.00732617  0.00644656  0.00958902  0 -0  0 1.09464e-07 9.90822e-07 1.49938e-06 0.00531701 0.00907088 0.00612519  -0.00541347   0.0492267   -0.014935 0 0 0 0 0 0 0.268768
 -1.03122 -0.340407  -0.20805 -0.00777921   0.0062094  0.00826464  0 -0  0 1.09464e-07 9.90822e-07 1.49938e-06 -0.00470941  0.00321667  -0.0208719  -0.0352682  0.0376519 -0.0500316 0 0 0 0 0 0 0.270188
 -1.09122 -0.276811 -0.302581 -0.00754065  0.00645887  0.00969629  0 -0  0 1.09464e-07 9.90822e-07 1.49938e-06 0.00167404 0.00586097  0.0127469  -0.0560169   0.052828 -0.0775398 0 0 0 0 0 0 0.27166
  -1.0679 -0.269892 -0.325163 -0.00834441  0.00791638  0.00797747  0 -0  0 1.09464e-07 9.90822e-07 1.49938e-06 -0.0143222   0.037875 -0.0229026  0.00904865 0.00202774 -0.0234388 0 0 0 0 0 0 0.274053
 -1.02092  -0.29556 -0.278059 -0.00757061  0.00603875  0.00865925  0 -0  0 1.09464e-07 9.90822e-07 1.49938e-06 0.00615201 -0.0205412 0.00170413   0.0524433 -0.0179084  0.0362761 0 0 0 0 0 0 0.276195
-0.984575 -0.296103 -0.222754 -0.00617045   0.0070235  0.00907644  0 -0  0 1.09464e-07 9.90822e-07 1.49938e-06  0.0297125 0.00621542 0.00629182    0.0242806 0.000778627    0.049882 0 0 0 0 0 0 0.277957
-0.982354 -0.309662   -0.1492 -0.00661229  0.00625536  0.00758343  0 -0  0 1.09464e-07 9.90822e-07 1.49938e-06   0.0110477 -0.00928354  -0.0235033   0.0133043 -0.0197779  0.0637559 0 0 0 0 0 0 0.279693
 -1.03755 -0.276816 -0.105016 -0.0059305 0.00682626 0.00799153  0 -0  0 1.09464e-07 9.90822e-07 1.49938e-06   0.0194473  0.00736006 -0.00724547  -0.0404778  0.0242607  0.0352462 0 0 0 0 0 0 0.280672
  -1.06671  -0.302954 -0.0523551 -0.00507913  0.00816969  0.00673812  0 -0  0 1.09464e-07 9.90822e-07 1.49938e-06  0.0302825  0.0371567 -0.0284634   -0.030859 -0.0272045  0.0461887 0 0 0 0 0 0 0.282697
  -1.08492  -0.301523 -0.0273459 -0.00391369  0.00644473  0.00746966  0 -0  0 1.09464e-07 9.90822e-07 1.49938e-06  0.0411874  -0.018586 -0.0010299  -0.00720671  0.00365918   0.0193578 0 0 0 0 0 0 0.284903
   -1.07881   -0.252302 -0.00046611 -0.00414241  0.00803494  0.00673032  0 -0  0 1.09464e-07 9.90822e-07 1.49938e-06  0.0225239  0.0205135 -0.0193294  -0.00352272   0.0408057   0.0271571 0 0 0 0 0 0 0.286672
  -1.0616 -0.229122 0.0256175 -0.00557469  0.00798125  0.00644153  0 -0  0 1.09464e-07 9.90822e-07 1.49938e-06 -0.0135264  0.0112912 -0.0154268  0.0175418 0.0172917  0.020699 0 0 0 0 0 0 0.288134
  -1.22257  -0.175467 -0.0989862 -0.00456509  0.00797812  0.00714664  0 -0  0 1.09464e-07 9.90822e-07 1.49938e-06  0.0111233 0.00643767 0.00356462   -0.117048  0.0507176 -0.0986634 0 0 0 0 0 0 0.289365
 -1.31538 -0.177118 -0.150711 -0.00447155  0.00941768  0.00769865  0 -0  0 1.09464e-07 9.90822e-07 1.49938e-06 0.0087331 0.0373439 0.0119515    -0.0944588 -0.000856464   -0.0496056 0 0 0 0 0 0 0.29091
-1.33369 -0.17568 -0.14865 -0.0055373 0.00772564  0.0079617  0 -0  0 1.09464e-07 9.90822e-07 1.49938e-06 -0.0161956 -0.0163897  0.0155351  -0.00490514 -0.00147181 -0.00448163 0 0 0 0 0 0 0.292927
  -1.3185 -0.120002 -0.213539 -0.00621843  0.00899962  0.00844651  0 -0  0 1.09464e-07 9.90822e-07 1.49938e-06 -0.0228304  0.0143959  0.0164068  0.00382649  0.0479705 -0.0491077 0 0 0 0 0 0 0.294451
  -1.24796 -0.0892022   -0.24489 -0.00559448  0.00953374  0.00834278  0 -0  0 1.09464e-07 9.90822e-07 1.49938e-06 -0.00192278   0.0196937  0.00641908   0.0604023  0.0290817 -0.0265207 0 0 0 0 0 0 0.295279
   -1.26684 -0.00729031   -0.260679 -0.00555149  0.00987545  0.00938709  0 -0  0 1.09464e-07 9.90822e-07 1.49938e-06 -0.00084606    0.017562   0.0237794  -0.0109083  0.0703409 -0.0117128 0 0 0 0 0 0 0.296378
 -1.29983 0.0227028  -0.18895 -0.00617801   0.0109401  0.00993522  0 -0  0 1.09464e-07 9.90822e-07 1.49938e-06 -0.0130982  0.0342625  0.0253879  -0.0307209  0.0255805  0.0602565 0 0 0 0 0 0 0.29773
  -1.27505  0.0471083 -0.0611007 -0.0055233 0.00811186 0.00843358  0 -0  0 1.09464e-07 9.90822e-07 1.49938e-06  0.00579299  -0.0406166 -0.00812862  0.0467163 0.0131764  0.107048 0 0 0 0 0 0 0.300998
  -1.15908  0.0605227 -0.0294931 -0.00665994  0.00885687  0.00843022  0 -0  0 1.09464e-07 9.90822e-07 1.49938e-06  -0.0177598  -0.0112103 -0.00636522   0.0935043 0.00915089  0.0356536 0 0 0 0 0 0 0.302357
   -1.0678  0.0466681 0.00615562 -0.0036668 0.00755539  0.0074692  0 -0  0 1.09464e-07 9.90822e-07 1.49938e-06  0.0464551 -0.0305018 -0.0231244   0.0896328 -0.0069398   0.034056 0 0 0 0 0 0 0.30576
  -1.08528  0.0695329 -0.0305526 -0.00304353   0.0078248  0.00864276  0 -0  0 1.09464e-07 9.90822e-07 1.49938e-06  0.0399532 -0.0120484 0.00774238  -0.0127969  0.0221741 -0.0330061 0 0 0 0 0 0 0.307115
    -1.1646 -0.00196147  -0.0262156 -0.00326775  0.00858185  0.00787889  0 -0  0 1.09464e-07 9.90822e-07 1.49938e-06   0.0185037    0.011708 -0.00874832    -0.0598062   -0.0563902 -0.000516993 0 0 0 0 0 0 0.308214
  -1.16753 -0.0426042  0.0558698 -0.00255213  0.00695009  0.00873174  0 -0  0 1.09464e-07 9.90822e-07 1.49938e-06  0.0250907 -0.0310715  0.0112109  0.00675875 -0.0340529  0.0718408 0 0 0 0 0 0 0.310189
 -1.16689 -0.070644 0.0260213 -0.00319745  0.00774522   0.0101288  0 -0  0 1.09464e-07 9.90822e-07 1.49938e-06  0.00250038 -0.00522653   0.0347772  -0.00934865  -0.0280631  -0.0189366 0 0 0 0 0 0 0.311922
  -1.17048 -0.0323481 -0.0432775 -0.00383142  0.00717442  0.00802657  0 -0  0 1.09464e-07 9.90822e-07 1.49938e-06 -0.0079194 -0.0100819 -0.0177772  0.00576943  0.0183309 -0.0581397 0 0 0 0 0 0 0.31419
  -1.2541 0.0395749  -0.22199 -0.00453935   0.0075404  0.00871681  0 -0  0 1.09464e-07 9.90822e-07 1.49938e-06 -0.0193618 0.00217282 0.00147401  -0.0704412  0.0636857  -0.151356 0 0 0 0 0 0 0.315245
 -1.26893 0.0509077 -0.307058 -0.00587963  0.00906167  0.00876875  0 -0  0 1.09464e-07 9.90822e-07 1.49938e-06 -0.0374119  0.0358964 0.00150677  -0.0253261 0.00854013 -0.0741383 0 0 0 0 0 0 0.317273
 -1.24016 0.0580028 -0.274995 -0.00456106  0.00760349    0.008653  0 -0  0 1.09464e-07 9.90822e-07 1.49938e-06   0.00357565   -0.0119424 -0.000367623  0.0423663 0.0095411 0.0292159 0 0 0 0 0 0 0.319242
 -1.22184 0.0685314 -0.313748 -0.00538147  0.00857867  0.00999213  0 -0  0 1.09464e-07 9.90822e-07 1.49938e-06 -0.0140246 0.00990266  0.0264204  0.00713127 0.00606102 -0.0291587 0 0 0 0 0 0 0.321091
 -1.19641 0.0977209 -0.359756 -0.00447034  0.00808408  0.00796654  0 -0  0 1.09464e-07 9.90822e-07 1.49938e-06   0.0112766 0.000757738  -0.0236602   0.0346669  0.0179484 -0.0365902 0 0 0 0 0 0 0.323366
 -1.12323  0.170918 -0.450718 -0.00313611  0.00780932  0.00943151  0 -0  0 1.09464e-07 9.90822e-07 1.49938e-06   0.0319929 -0.00831325   0.0114068   0.0592347  0.0685506 -0.0818816 0 0 0 0 0 0 0.325367
 -1.19641  0.162297 -0.477598 -0.00483536  0.00798332  0.00889134  0 -0  0 1.09464e-07 9.90822e-07 1.49938e-06   -0.0152137 -0.000542381  -0.00151941    -0.043097 -0.00356763  -0.0240488 0 0 0 0 0 0 0.327158
 -1.21587  0.197465 -0.416688 -0.00384936  0.00507462  0.00776166  0 -0  0 1.09464e-07 9.90822e-07 1.49938e-06  0.0108621 -0.0645941 -0.0186478  0.00825866   0.029624   0.057607 0 0 0 0 0 0 0.330431
 -1.20535  0.260248 -0.349884 -0.00357521  0.00473473   0.0074174  0 -0  0 1.09464e-07 9.90822e-07 1.49938e-06  0.0122023 -0.0460594 -0.0200278  0.00437629  0.0538852  0.0619904 0 0 0 0 0 0 0.330987
 -1.26421   0.27408 -0.327177 -0.00418355   0.0046155  0.00716265  0 -0  0 1.09464e-07 9.90822e-07 1.49938e-06 -0.0042694 -0.0271721 -0.0165644   -0.044554 0.00880335  0.0165979 0 0 0 0 0 0 0.331657
 -1.36511  0.303925 -0.450326 -0.0014202 0.00388561    0.00914  0 -0  0 1.09464e-07 9.90822e-07 1.49938e-06  0.0531496 -0.0378164  0.0264135  -0.123615 0.0533754 -0.151811 0 0 0 0 0 0 0.335132
 -1.26822  0.293476 -0.581705 -0.00178945  0.00516065   0.0082259  0 -0  0 1.09464e-07 9.90822e-07 1.49938e-06   0.0213534   0.0114754 -0.00146195    0.0366327 -0.00639559   -0.109178 0 0 0 0 0 0 0.336744
 -1.10677  0.231628 -0.565533 -0.00237189  0.00374461  0.00794243  0 -0  0 1.09464e-07 9.90822e-07 1.49938e-06 0.000891703  -0.0270993   -0.005136    0.159906 -0.0570962  0.0101931 0 0 0 0 0 0 0.338301
 -1.00002   0.22485 -0.545285 -0.00517303  0.00421871  0.00882219  0 -0  0 1.09464e-07 9.90822e-07 1.49938e-06  -0.0522083 -0.00768481   0.0140165   0.0819723 -0.0152466  0.0146102 0 0 0 0 0 0 0.341275
-0.976951  0.263674 -0.504873 -0.00455131  0.00337869  0.00704054  0 -0  0 1.09464e-07 9.90822e-07 1.49938e-06 -0.0187966 -0.0173217 -0.0285882  0.0322688 0.0309851 0.0400977 0 0 0 0 0 0 0.343341
-0.969025  0.305616 -0.517117 -0.00553924  0.00245647  0.00802694  0 -0  0 1.09464e-07 9.90822e-07 1.49938e-06 -0.0326915 -0.0324776 0.00246474    0.0105287   0.0419275 -0.00895001 0 0 0 0 0 0 0.345014
-0.909477   0.34943 -0.503334 -0.00649962   0.0028501   0.0062889  0 -0  0 1.09464e-07 9.90822e-07 1.49938e-06 -0.0358895 -0.0067727 -0.0300978    0.041616  0.0336798 0.00830281 0 0 0 0 0 0 0.347038
-0.764747  0.380267 -0.375464  -0.005612 0.00159112 0.00701082  0 -0  0 1.09464e-07 9.90822e-07 1.49938e-06 -0.00419085  -0.0340617 -0.00720181   0.136165 0.0360946   0.11782 0 0 0 0 0 0 0.348739
-0.562892  0.448178 -0.327849 -0.00661114  0.00215877  0.00906439  0 -0  0 1.09464e-07 2.53159e-06 1.05745e-06 -0.0231392 -0.0120135  0.0373877   0.163839 0.0554575 0.0465057 0 0 0 0 0 0 0.351093
-0.351234  0.505487 -0.251784 -0.00416227  0.00126447  0.00810741  0 -0  0  1.09464e-07 -3.51696e-06  2.79234e-06  0.0333523 -0.0217695 0.00145264   0.198052 0.0566749 0.0733794 0 0 0 0 0 0 0.35387
-0.155828  0.529762  -0.17777  -0.00494039 -0.000205838   0.00786606  0 -0  0  1.09464e-07 -5.54407e-06  3.37378e-06  0.00605443  -0.0455145 -0.00165037   0.192752 0.0249739 0.0704583 0 0 0 0 0 0 0.355551
-0.0374658   0.527182 -0.0817378  -0.00560199 -7.91822e-06   0.00639925  0 -0  0  1.09464e-07 -5.91306e-06  3.47961e-06 -0.00870036  -0.0187386  -0.0273578     0.106938 0.000349768   0.0746915 0 0 0 0 0 0 0.357172
0.0479584  0.434564  0.102648 -0.00465641 -0.00277032  0.00652215  0 -0  0  1.09464e-07 -5.83661e-06  3.45769e-06   0.013577 -0.0719685 -0.0158177   0.0943922 -0.0712425   0.162632 0 0 0 0 0 0 0.360094
0.137852 0.352678 0.156751 -0.00718489 -0.00407881   0.0058775  0 -0  0  1.09464e-07 -5.79545e-06  3.44588e-06 -0.0399004 -0.0697163  -0.019857   0.0772368 -0.0770503  0.0537593 0 0 0 0 0 0 0.363013
0.251659 0.206106 0.208139 -0.00882172 -0.00323024  0.00690504  0 -0  0 1.09464e-07 -6.5604e-06 3.66529e-06 -0.0571389 -0.0293403 0.00569389  0.0825108 -0.126786 0.0453802 0 0 0 0 0 0 0.365124
0.284329  0.10704 0.162821  -0.0105425 -0.00341462  0.00940368  0 -0  0  1.09464e-07 -7.53496e-06  3.94482e-06  -0.071531 -0.0235679  0.0524735   0.0269872  -0.088221 -0.0408576 0 0 0 0 0 0 0.368164
  0.269643 0.00449295  0.0935363  -0.0101366 -0.00170243   0.0111687  0 -0  0  1.09464e-07 -7.89066e-06  4.04685e-06 -0.0324374  0.0254817  0.0629099  -0.0131803 -0.0793965 -0.0557143 0 0 0 0 0 0 0.370656
  0.262261 -0.0240604  0.0500007 -0.00979931 -0.00125966  0.00824249  0 -0  0  1.09464e-07 -7.26913e-06  3.86857e-06  -0.0115706   0.0274155 -0.00935931   0.0025193  -0.041611 -0.0364814 0 0 0 0 0 0 0.373634
   0.22503   0.012239 -0.0489211  -0.0108191 -0.00216697  0.00801928  0 -0  0  1.09464e-07 -7.20081e-06  3.84898e-06  -0.0267018 -0.00227915 -0.00734501  -0.0244922  0.0266588 -0.0850169 0 0 0 0 0 0 0.375018
 0.238413 0.0140206 -0.155678    -0.010255 -0.000830345   0.00783726  0 -0  0  1.09464e-07 -7.25782e-06  3.86533e-06 -0.00598435   0.0245166  -0.0118112  0.00416996 0.00484455 -0.0901711 0 0 0 0 0 0 0.37648
   0.11269 -0.0232126  -0.351292 -0.0104159 -0.0016507 0.00730302  0 -0  0  1.09464e-07 -7.25471e-06  3.86444e-06 -0.00676571 -0.00142643  -0.0168224  -0.0929605 -0.0310603  -0.179924 0 0 0 0 0 0 0.377472
-0.0355031 -0.0941323  -0.498229  -0.00957473 -0.000817274   0.00807276  0 -0  0  1.09464e-07 -7.22251e-06   3.8552e-06  0.0123553  0.0168286 0.00379936     -0.1139 -0.0530488  -0.112592 0 0 0 0 0 0 0.378884
-0.0338627  -0.167674  -0.509347  -0.00917877 -0.000691733   0.00864794  0 -0  0  1.09464e-07 -7.21253e-06  3.85234e-06 0.0157602  0.011374   0.01262  -0.00300596  -0.0672722  -0.0130965 0 0 0 0 0 0 0.379594
-0.0483329  -0.257987  -0.499612 -0.00905976  -0.0012268   0.0102264  0 -0  0 1.09464e-07 -7.1979e-06 3.84814e-06   0.0106492 -0.00595887   0.0417842  -0.0126899 -0.0788314 0.00380146 0 0 0 0 0 0 0.381265
-0.111734 -0.324116 -0.446024   -0.0117779 -0.000233324    0.0102083  0 -0  0  1.09464e-07 -7.21126e-06  3.85197e-06 -0.0443167   0.017316  0.0239632  -0.0594621 -0.0665885  0.0452052 0 0 0 0 0 0 0.384159
-0.251278 -0.327426 -0.454601    -0.012331 -0.000585864    0.0107719  0 -0  0  1.09464e-07 -7.21178e-06  3.85212e-06 -0.0360715 0.00209835  0.0249378    -0.100393 -0.00228988 -0.00455916 0 0 0 0 0 0 0.385023
-0.348824 -0.322297  -0.44453 -0.0146584 0.00136042  0.0120937  0 -0  0  1.09464e-07 -7.21112e-06  3.85193e-06 -0.0683267  0.0452453   0.040207    -0.100127 -0.00269314  0.00244717 0 0 0 0 0 0 0.388333
-0.440078 -0.345053 -0.456562 -0.0129838 0.00157749  0.0101337  0 -0  0  1.09464e-07 -7.21114e-06  3.85194e-06 -0.00788745   0.0330419 -0.00722887   -0.0736603    -0.02503 -0.00782456 0 0 0 0 0 0 0.39092
-0.518947 -0.334555  -0.58607 -0.0141387 0.00185408  0.0109067  0 -0  0  1.09464e-07 -7.21196e-06  3.85217e-06 -0.0281041  0.0236166  0.0132598    -0.07101 0.00749733  -0.109517 0 0 0 0 0 0 0.392337
-0.620904 -0.223856  -0.67339 -0.0132391 0.00216203 0.00977115  0 -0  0  1.09464e-07 -7.21045e-06  3.85174e-06 0.000390793   0.0231004  -0.0180243  -0.0844165  0.0976522 -0.0744598 0 0 0 0 0 0 0.393818
 -0.768728 -0.0823205  -0.790316 -0.0126228 0.00269045 0.00894699  0 -0  0  1.09464e-07 -7.21015e-06  3.85165e-06  0.0124237  0.0256554 -0.0275075   -0.125391   0.124492 -0.0995574 0 0 0 0 0 0 0.394975
-0.837697  0.102952 -0.856927 -0.0138194 0.00334706  0.0101183  0 -0  0 1.09464e-07  -7.211e-06  3.8519e-06 -0.0168187  0.0266546  0.0038471  -0.0801206   0.144509 -0.0578768 0 0 0 0 0 0 0.396773
 -0.73698  0.174125 -0.832459 -0.0137255 0.00291119 0.00956944  0 -0  0  1.09464e-07 -7.21067e-06   3.8518e-06 -0.00798742   0.0036388 -0.00706197  0.0871112 0.0617259 0.0210574 0 0 0 0 0 0 0.397481
-0.578147  0.223466 -0.883504 -0.0138732 0.00173851 0.00965461  0 -0  0  1.09464e-07 -7.21058e-06  3.85178e-06  -0.00834951    -0.022744 -0.000528543    0.149575  0.0454853 -0.0449634 0 0 0 0 0 0 0.398666
-0.451064  0.213354 -0.867274 -0.0137234 0.00226754  0.0101852  0 -0  0  1.09464e-07 -7.21072e-06  3.85182e-06 -0.00284095 -0.00453748  0.00898118     0.105855 -0.00541919   0.0118326 0 0 0 0 0 0 0.39943
-0.286537  0.228251 -0.853989 -0.0141241 0.00176138  0.0111577  0 -0  0 1.09464e-07 -7.2107e-06 3.85181e-06 -0.0102783 -0.0153538   0.025432   0.152618 0.0160023 0.0119387 0 0 0 0 0 0 0.400597
-0.150279   0.29092 -0.793351 -0.0121918 0.00202912  0.0120421  0 -0  0  1.09464e-07 -7.21071e-06  3.85182e-06   0.0321165 -0.00221995   0.0305411   0.112199 0.0521795 0.0492138 0 0 0 0 0 0 0.402739
0.0539719   0.26614 -0.624107 -0.0119524 0.00161588   0.012552  0 -0  0  1.09464e-07 -7.21072e-06  3.85182e-06  0.0243932 -0.0112524  0.0287261    0.181335 -0.0207924   0.149261 0 0 0 0 0 0 0.403437
 0.287379  0.139308 -0.529069   -0.0110529 -0.000228121    0.0134748  0 -0  0  1.09464e-07 -7.21073e-06  3.85182e-06  0.0314759 -0.0457273  0.0379393   0.208081 -0.106544 0.0837709 0 0 0 0 0 0 0.405687
  0.485526 -0.0460199  -0.473551  -0.0118104 0.000914221   0.0129691  0 -0  0  1.09464e-07 -7.21076e-06  3.85183e-06  0.00670709 -0.00396806  0.00783087   0.167785 -0.165751 0.0541326 0 0 0 0 0 0 0.407148
 0.558125 -0.225837 -0.481884    -0.014819 -0.000839199    0.0122874  0 -0  0  1.09464e-07 -7.21081e-06  3.85184e-06  -0.0542245  -0.0377396 -0.00401011    0.0930864   -0.172658 -0.00732728 0 0 0 0 0 0 0.410696
 0.571814 -0.399296 -0.529841 -0.0172674 -0.0012818  0.0134457  0 -0  0 1.09464e-07 -7.2108e-06 3.85184e-06 -0.0784119 -0.0302902  0.0181595   0.0195606  -0.142411 -0.0359231 0 0 0 0 0 0 0.413441
 0.565902 -0.549728 -0.536395  -0.0177089 -0.00166184   0.0118868  0 -0  0  1.09464e-07 -7.21081e-06  3.85184e-06 -0.0573833 -0.0246634 -0.0151441  -0.00261032   -0.146807 -0.00441696 0 0 0 0 0 0 0.415105
 0.533866 -0.708389 -0.651556  -0.0188811 -0.00433058    0.012574  0 -0  0  1.09464e-07 -7.21081e-06  3.85184e-06 -0.0599718 -0.0732045  0.0071793  -0.0207336  -0.143667   -0.10193 0 0 0 0 0 0 0.4181
 0.520962 -0.722111 -0.729159  -0.0198256 -0.00212475   0.0125665  0 -0  0  1.09464e-07 -7.21081e-06  3.85184e-06  -0.0492129 5.10227e-05 -0.00472698  -0.0240382 -0.0098439 -0.0493756 0 0 0 0 0 0 0.420499
0.500657  -0.7542 -0.88819  -0.0199768 -0.00247913   0.0125841  0 -0  0  1.09464e-07 -7.21081e-06  3.85184e-06  -0.0394934  -0.0079436 -0.00334591  -0.0237006 -0.0416904  -0.209876 0 0 0 0 0 0 0.420885
 0.238527 -0.809285  -1.20243 -0.0199618 -0.0022683  0.0132986  0 -0  0  1.09464e-07 -7.21081e-06  3.85184e-06  -0.0209171 0.000800762    0.012067  -0.164746 -0.038136 -0.231932 0 0 0 0 0 0 0.42163
 0.100646 -0.899899  -1.40645  -0.0194224 -0.00188534   0.0133655  0 -0  0  1.09464e-07 -7.21081e-06  3.85184e-06 -0.000660426   0.00951541   0.00828319   -0.127637 -0.0803768  -0.179017 0 0 0 0 0 0 0.422295
0.0222298 -0.955698  -1.59009  -0.0212824 -0.00426625     0.01455  0 -0  0  1.09464e-07 -7.21081e-06  3.85184e-06 -0.0378754 -0.0468904  0.0324962  -0.0618553 -0.0537675  -0.168464 0 0 0 0 0 0 0.42554
-0.0050662  -0.969615   -1.73457 -0.0210864 -0.0023562   0.015186  0 -0  0  1.09464e-07 -7.21081e-06  3.85184e-06  -0.019642 0.00858471  0.0248542  -0.0395649 -0.0101932  -0.121886 0 0 0 0 0 0 0.427563
0.0327448 -0.961378  -1.88087  -0.0226435 -0.00302817   0.0157768  0 -0  0  1.09464e-07 -7.21081e-06  3.85184e-06 -0.0435295 -0.0101349   0.029366   0.0356642 0.00660393   -0.13949 0 0 0 0 0 0 0.429359
-0.0819377  -0.958986   -2.04526   -0.022969 -0.00231689   0.0162396  0 -0  0  1.09464e-07 -7.21081e-06  3.85184e-06 -0.0308778 0.00995998  0.0262761   -0.074522 0.00612177  -0.130472 0 0 0 0 0 0 0.430268
-0.147535  -1.05824  -2.09086 -0.0243095 -0.0016377   0.016309  0 -0  0  1.09464e-07 -7.21081e-06  3.85184e-06 -0.045233 0.0214099  0.017931  -0.0612658 -0.0874379 -0.0435134 0 0 0 0 0 0 0.431772
-0.161147  -1.18537  -2.07165  -0.0238481 -0.00453997     0.01823  0 -0  0  1.09464e-07 -7.21081e-06  3.85184e-06  -0.019028 -0.0518484  0.0523015  0.00178134  -0.105723  0.0110339 0 0 0 0 0 0 0.435283
-0.116218  -1.29817  -2.09597  -0.0237856 -0.00357744   0.0207478  0 -0  0  1.09464e-07 -7.21081e-06  3.85184e-06 -0.0121599 -0.0158132  0.0804829   0.0243392 -0.0977091 -0.0168463 0 0 0 0 0 0 0.437979
0.0304613  -1.41572  -2.15855  -0.0239805 -0.00463741     0.01831  0 -0  0  1.09464e-07 -7.21081e-06  3.85184e-06 -0.00865025  -0.0280506  0.00343319    0.144748  -0.127651 -0.0583908 0 0 0 0 0 0 0.440645
-0.0377863   -1.57211   -2.24948  -0.0241043 -0.00457726   0.0204365  0 -0  0  1.09464e-07 -7.21081e-06  3.85184e-06 -0.00764887   -0.014717   0.0408863   -0.033799  -0.121891 -0.0706355 0 0 0 0 0 0 0.442776
-0.00750043     -1.6461    -2.24964 -0.0263386 -0.0039112  0.0173618  0 -0  0  1.09464e-07 -7.21081e-06  3.85184e-06 -0.0494149 0.00841558   -0.02909   0.0228031 -0.0750698  -0.005138 0 0 0 0 0 0 0.446634
0.0562711  -1.72634  -2.26181  -0.026779 -0.0076595   0.018495  0 -0  0  1.09464e-07 -7.21081e-06  3.85184e-06 -0.0399384 -0.0780466 0.00906791   0.0711932  -0.066426 -0.0157998 0 0 0 0 0 0 0.450575
0.142482 -1.79289 -2.31569  -0.0286496 -0.00587676   0.0191976  0 -0  0  1.09464e-07 -7.21081e-06  3.85184e-06 -0.0606622 -0.0146156  0.0153721   0.0566871 -0.0612211  -0.040824 0 0 0 0 0 0 0.453253
0.200258 -1.87114  -2.3843  -0.0292076 -0.00733662   0.0176677  0 -0  0  1.09464e-07 -7.21081e-06  3.85184e-06 -0.0485024 -0.0364887  -0.019333   0.0694803  -0.080486 -0.0630233 0 0 0 0 0 0 0.45544
0.147987 -1.91461 -2.51844  -0.0274601 -0.00714204   0.0191349  0 -0  0  1.09464e-07 -7.21081e-06  3.85184e-06 0.00577709  -0.015328  0.0134374  -0.0355241 -0.0322256  -0.104085 0 0 0 0 0 0 0.45773
0.069651 -1.92516 -2.57509 -0.0284713 -0.0065296  0.0180137  0 -0  0  1.09464e-07 -7.21081e-06  3.85184e-06 -0.0165917 0.00662352 -0.0108305  -0.0741704 -0.0133377 -0.0558659 0 0 0 0 0 0 0.459359
-0.0132399    -1.9166   -2.59377 -0.0287697 -0.0097368  0.0191193  0 -0  0  1.09464e-07 -7.21081e-06  3.85184e-06 -0.0171174 -0.0672231  0.0174636  -0.0583672  0.0118961 -0.0228417 0 0 0 0 0 0 0.462764
0.0270705  -1.90149   -2.7703   -0.028891 -0.00894646   0.0211441  0 -0  0  1.09464e-07 -7.21081e-06  3.85184e-06 -0.0130033 -0.0251975  0.0459637  0.0108373 0.0102039 -0.115249 0 0 0 0 0 0 0.464941
0.204568 -1.83001 -2.93637 -0.0294977 -0.0100562  0.0202801  0 -0  0  1.09464e-07 -7.21081e-06  3.85184e-06 -0.0202497 -0.0403943  0.0160185   0.219474 0.0752243 -0.203584 0 0 0 0 0 0 0.466473
0.249486 -1.76736 -3.07396  -0.0307803 -0.00967698   0.0216267  0 -0  0  1.09464e-07 -7.21081e-06  3.85184e-06 -0.0378842 -0.0137118  0.0357831  0.0618302 0.0562321 -0.115304 0 0 0 0 0 0 0.468371
0.168361 -1.84161 -3.00158  -0.0303272 -0.00929799   0.0227231  0 -0  0  1.09464e-07 -7.21081e-06  3.85184e-06  -0.012088 0.00243906  0.0423945  -0.0595206 -0.0584945  0.0607937 0 0 0 0 0 0 0.469616
0.115816 -1.90954  -2.9333 -0.0295888 -0.0132387  0.0236895  0 -0  0  1.09464e-07 -7.21081e-06  3.85184e-06 0.00725873 -0.0847835  0.0478718  -0.0171637 -0.0549067  0.0599565 0 0 0 0 0 0 0.473741
0.156957 -1.92439   -2.936 -0.0283026 -0.0130577  0.0245049  0 -0  0  1.09464e-07 -7.21081e-06  3.85184e-06  0.0280633 -0.0463586  0.0383288   0.0244222 -0.0101809 0.00711803 0 0 0 0 0 0 0.475274
0.321484 -1.81945 -3.00244 -0.0287227 -0.0140199   0.022157  0 -0  0  1.09464e-07 -7.21081e-06  3.85184e-06  0.0131274 -0.0446172 -0.0192695     0.15453  0.0787768 -0.0604152 0 0 0 0 0 0 0.477846
0.241528 -1.69477 -3.11177 -0.0288877   -0.01436  0.0229428  0 -0  0  3.30673e-06 -7.68411e-06   5.1966e-06 0.00407742 -0.0312559 0.00242835  -0.0403004   0.102955 -0.0876906 0 0 0 0 0 0 0.478718
0.145541 -1.64772 -3.09381 -0.0301937 -0.0137008  0.0215485  0 -0  0  3.30673e-06 -7.68411e-06   5.1966e-06  -0.0237816 0.000124022  -0.0231342  -0.0834924  0.0398474  0.0108861 0 0 0 0 0 0 0.480739
0.104352 -1.60161 -2.96999 -0.0300677 -0.0179968   0.020856  0 -0  0  3.30673e-06 -7.68411e-06   5.1966e-06 -0.0124371 -0.0953658 -0.0229982  -0.00939107   0.0450134    0.111591 0 0 0 0 0 0 0.485092
0.200094 -1.61098 -2.82935 -0.0308912 -0.0181063  0.0216522  0 -0  0  3.30673e-06 -7.68411e-06   5.1966e-06 -0.0237467 -0.0609947 0.00163729    0.0687116 -0.00877135    0.118128 0 0 0 0 0 0 0.486243
0.383615 -1.68297 -2.74175 -0.0299465 -0.0195796  0.0203082  0 -0  0  3.30673e-06 -7.68411e-06   5.1966e-06 0.00410448 -0.0666086 -0.0272122     0.18038 -0.0719362    0.08784 0 0 0 0 0 0 0.48845
0.448227 -1.77449 -2.80782 -0.0295482 -0.0203706  0.0216533  0 -0  0  3.30673e-06 -7.68411e-06   5.1966e-06 0.00946023 -0.0517062 0.00738552   0.0613619 -0.0704079 -0.0471281 0 0 0 0 0 0 0.49006
0.504162 -1.83219 -2.85932  -0.030191 -0.0197916  0.0203536  0 -0  0  3.30673e-06 -7.68411e-06   5.1966e-06 -0.00689643  -0.0129027  -0.0187075   0.0412814 -0.0538229 -0.0485293 0 0 0 0 0 0 0.491622
0.533226 -1.92398 -2.80932 -0.0304718 -0.0237506   0.021325  0 -0  0  3.30673e-06 -7.68411e-06   5.1966e-06 -0.0113224 -0.0961612 0.00899313   0.0446141 -0.0715584  0.0379681 0 0 0 0 0 0 0.495708
 0.55916  -2.0165 -2.67945 -0.0316495 -0.0229855  0.0231415  0 -0  0  3.30673e-06 -7.68411e-06   5.1966e-06 -0.0305246  -0.045619  0.0410818   0.0101251 -0.0832675   0.108688 0 0 0 0 0 0 0.498004
 0.61381 -2.12198 -2.50733 -0.0317796   -0.02408  0.0225683  0 -0  0  3.30673e-06 -7.68411e-06   5.1966e-06 -0.0202443 -0.0476235  0.0132373  0.0570573  -0.09576  0.152984 0 0 0 0 0 0 0.499246
0.518437 -2.21426 -2.45581 -0.0325093 -0.0248299  0.0231848  0 -0  0  3.30673e-06 -7.68411e-06   5.1966e-06 -0.0267699 -0.0418838  0.0197487  -0.0642437 -0.0763977  0.0471522 0 0 0 0 0 0 0.50046
0.467671 -2.34333 -2.45546 -0.0327015 -0.0247871  0.0255018  0 -0  0  3.30673e-06 -7.68411e-06   5.1966e-06 -0.0196217 -0.0214825  0.0536897   -0.0533467   -0.108577 0.000966685 0 0 0 0 0 0 0.502786
0.361044  -2.3719 -2.35813 -0.0314161 -0.0276729  0.0252705  0 -0  0  3.30673e-06 -7.68411e-06   5.1966e-06  0.0145048 -0.0747272  0.0331035  -0.0713786 -0.0270216  0.0885249 0 0 0 0 0 0 0.505953
0.300042 -2.36006 -2.32679 -0.0313393 -0.0250327   0.026688  0 -0  0  3.30673e-06 -7.68411e-06   5.1966e-06   0.010574 0.00464812   0.043109  -0.0766392 0.00919302    0.03949 0 0 0 0 0 0 0.508951
0.266695 -2.29758 -2.38006 -0.0304722 -0.0249446  0.0234929  0 -0  0  3.30673e-06 -7.68411e-06   5.1966e-06  0.0265428   0.011183 -0.0404977  -0.0210142  0.0481253 -0.0425345 0 0 0 0 0 0 0.512263
-0.0639156   -2.18911   -2.61294 -0.0313575 -0.0256672  0.0231113  0 -0  0  3.30673e-06 -7.68411e-06   5.1966e-06 -0.00168318 -0.00837605  -0.0308586  -0.257168   0.10051 -0.200225 0 0 0 0 0 0 0.513468
-0.185546  -2.13243  -2.85117 -0.0329064 -0.0248623  0.0234688  0 -0  0  3.30673e-06 -7.68411e-06   5.1966e-06 -0.0323301  0.0128727 -0.0127138  -0.129768 0.0417875 -0.195589 0 0 0 0 0 0 0.515249
-0.217433  -2.10906  -3.04751 -0.033626 -0.027144 0.0241317  0 -0  0  3.30673e-06 -7.68411e-06   5.1966e-06  -0.034659 -0.0449772  0.0057363  -0.0231043  0.0266756  -0.176202 0 0 0 0 0 0 0.517732
-0.211071  -2.02116  -3.26575 -0.0338961 -0.0257849  0.0259176  0 -0  0  3.30673e-06 -7.68411e-06   5.1966e-06  -0.0284147 -0.00258226   0.0372049  -0.0173372   0.075074  -0.186445 0 0 0 0 0 0 0.519993
-0.195411  -1.82678  -3.48078 -0.0325756 -0.0266462  0.0241393  0 -0  0  3.30673e-06 -7.68411e-06   5.1966e-06 0.00978016 -0.0143258 -0.0140418  0.0222309  0.175347 -0.194306 0 0 0 0 0 0 0.522369
-0.272489  -1.60058  -3.70886 -0.0315433 -0.0265263  0.0265057  0 -0  0  3.30673e-06 -7.68411e-06   5.1966e-06   0.0242791 -0.00706793   0.0353031  -0.0652699   0.184864  -0.182375 0 0 0 0 0 0 0.524954
-0.292991  -1.45549  -3.90959 -0.0311073 -0.0254326  0.0263999  0 -0  0  3.30673e-06 -7.68411e-06   5.1966e-06 0.0235003 0.0222734 0.0202291  -0.0300564   0.125157  -0.174507 0 0 0 0 0 0 0.526136
-0.328184   -1.3426  -4.04967 -0.0305112  -0.028076  0.0265995  0 -0  0  3.30673e-06 -7.68411e-06   5.1966e-06 0.0258089 -0.045802 0.0193837  -0.0115697   0.104741  -0.126528 0 0 0 0 0 0 0.528853
-0.415682  -1.19313  -4.28225 -0.032216 -0.027662 0.0276983  0 -0  0  3.30673e-06 -7.68411e-06   5.1966e-06 -0.0165633 -0.0213914  0.0353362  -0.0886017   0.127016  -0.197704 0 0 0 0 0 0 0.530923
-0.475965   -1.0166  -4.49597 -0.0314429  -0.028637  0.0269692  0 -0  0  3.30673e-06 -7.68411e-06   5.1966e-06 0.00560867 -0.0303205 0.00579757  -0.050356  0.155286 -0.184274 0 0 0 0 0 0 0.532365
-0.699632 -0.853282  -4.70965 -0.0300249 -0.0300959  0.0286944  0 -0  0  3.30673e-06 -7.68411e-06   5.1966e-06  0.0301614 -0.0508635  0.0371996  -0.188442  0.159029 -0.190399 0 0 0 0 0 0 0.535033
-0.513297 -0.670742  -4.79514 -0.0302492 -0.0284046  0.0284443  0 -0  0  3.30673e-06 -7.68411e-06   5.1966e-06  0.013906 0.0121122 0.0171563    0.103149   0.139061 -0.0801299 0 0 0 0 0 0 0.536757
-0.331613 -0.644258  -4.74926 -0.0299965 -0.0304453  0.0290537  0 -0  0  3.30673e-06 -7.68411e-06   5.1966e-06  0.0133556 -0.0393967  0.0225182   0.187787 0.0337348 0.0391587 0 0 0 0 0 0 0.538902
-0.258298 -0.745828  -4.66567  -0.029771 -0.0290636  0.0301833  0 -0  0  3.30673e-06 -7.68411e-06   5.1966e-06   0.011755 0.00263333  0.0338881   0.0523486 -0.0811064  0.0680065 0 0 0 0 0 0 0.540701
-0.296683 -0.885059  -4.53839 -0.0307501 -0.0304728  0.0297899  0 -0  0  3.30673e-06 -7.68411e-06   5.1966e-06 -0.0107237 -0.0240685  0.0156427  -0.0186819  -0.132044   0.113389 0 0 0 0 0 0 0.542461
-0.257183 -0.978433  -4.50199 -0.0322682 -0.0322684  0.0314938  0 -0  0  3.30673e-06 -7.68411e-06   5.1966e-06 -0.0380144 -0.0555044  0.0447895  0.0327766 -0.083351 0.0339152 0 0 0 0 0 0 0.545365
-0.307554  -1.06722  -4.54653 -0.0326321  -0.031215  0.0300906  0 -0  0  3.30673e-06 -7.68411e-06   5.1966e-06  -0.0280419 -0.00322368  0.00172239  -0.0305784 -0.0678498  -0.038284 0 0 0 0 0 0 0.547157
-0.276179  -1.22398   -4.5868  -0.032933 -0.0332467  0.0314845  0 -0  0  3.30673e-06 -7.68411e-06   5.1966e-06 -0.0240365 -0.0490978  0.0255448   0.0413457  -0.133857 -0.0387615 0 0 0 0 0 0 0.549639
-0.195933  -1.38374  -4.81493 -0.0323853 -0.0322165  0.0335973  0 -0  0  3.30673e-06 -7.68411e-06   5.1966e-06 -0.00541088  -0.0110543   0.0544549  0.0486749  -0.13311 -0.176526 0 0 0 0 0 0 0.552053
-0.128842  -1.46627  -4.99141 -0.0318294 -0.0321833  0.0310703  0 -0  0  3.30673e-06 -7.68411e-06   5.1966e-06    0.0111508 -0.000338698   -0.0223914   0.0650293 -0.0830567  -0.159011 0 0 0 0 0 0 0.55464
-0.138139  -1.54539  -5.23408 -0.0337301 -0.0331041  0.0314495  0 -0  0  3.30673e-06 -7.68411e-06   5.1966e-06  -0.0315176  -0.0206466 -0.00371997  -0.000161297   -0.0685759    -0.219187 0 0 0 0 0 0 0.556786
-0.176109  -1.65518  -5.27096   -0.03567 -0.0324829  0.0306292  0 -0  0  3.30673e-06 -7.68411e-06   5.1966e-06 -0.0551491 0.00295984 -0.0166625  -0.0297794 -0.0825878 -0.0333166 0 0 0 0 0 0 0.558982
-0.109465  -1.82251  -4.93203 -0.0357843 -0.0340368  0.0316203  0 -0  0  3.30673e-06 -7.68411e-06   5.1966e-06 -0.0362551 -0.0349846 0.00501064  0.0813335 -0.146698  0.313692 0 0 0 0 0 0 0.560829
-0.064574  -2.01148  -4.37261 -0.0374819 -0.0355184  0.0327337  0 -0  0  3.30673e-06 -7.68411e-06   5.1966e-06 -0.0555768 -0.0515165  0.0281487     0.0575 -0.168606  0.472109 0 0 0 0 0 0 0.563342
-0.0615635   -2.20754   -3.85809 -0.0358025 -0.0354797  0.0323711  0 -0  0  3.30673e-06 -7.68411e-06   5.1966e-06 -0.00149408  -0.0286835  0.00326852  0.0173461 -0.167259  0.455347 0 0 0 0 0 0 0.565061
-0.172089  -2.33146  -3.51454 -0.0361696 -0.0371241  0.0336706  0 -0  0  3.30673e-06 -7.68411e-06   5.1966e-06 -0.00936795  -0.0540261    0.029028  -0.0720289    -0.1142   0.330162 0 0 0 0 0 0 0.567188
0.0121696  -2.39928   -3.2839 -0.0383209 -0.0351565  0.0353792  0 -0  0  3.30673e-06 -7.68411e-06   5.1966e-06 -0.0470813  0.0157763  0.0459247    0.104628 -0.0722516   0.174978 0 0 0 0 0 0 0.570568
0.156428 -2.48742 -3.11381 -0.0381869 -0.0364493  0.0354912  0 -0  0  3.30673e-06 -7.68411e-06   5.1966e-06 -0.0258261 -0.0199421  0.0337478    0.148862 -0.0778485   0.153802 0 0 0 0 0 0 0.571872
0.215994 -2.59651 -2.97991 -0.0406025 -0.0352767    0.03704  0 -0  0  3.30673e-06 -7.68411e-06   5.1966e-06 -0.0623308  0.0102505  0.0512012  0.0492099 -0.100059   0.11926 0 0 0 0 0 0 0.574972
0.118407 -2.76317 -2.74411 -0.0404809 -0.0346717  0.0369252  0 -0  0  3.30673e-06 -7.68411e-06   5.1966e-06 -0.036503 0.0208174  0.025236  -0.0745188  -0.148817   0.215018 0 0 0 0 0 0 0.5756
-0.157845  -2.84991  -2.56088 -0.0422877 -0.0345296  0.0388918  0 -0  0  3.30673e-06 -7.68411e-06   5.1966e-06 -0.0594843  0.0151582  0.0554023   -0.227077 -0.0750346   0.167125 0 0 0 0 0 0 0.578274
-0.364391  -2.96903   -2.4204 -0.0440367 -0.0330012  0.0406593  0 -0  0  3.30673e-06 -7.68411e-06   5.1966e-06 -0.0684279  0.0414076  0.0652442   -0.174379 -0.0996374    0.10994 0 0 0 0 0 0 0.581193
-0.455258  -3.00708  -2.24511 -0.0436138 -0.0329361  0.0386651  0 -0  0  3.30673e-06 -7.68411e-06   5.1966e-06 -0.0342151   0.025827  0.0133189  -0.0723175  -0.052864   0.167495 0 0 0 0 0 0 0.583233
-0.410171   -2.8895  -2.22962 -0.0420066 -0.0317612  0.0418893  0 -0  0  3.30673e-06 -7.68411e-06   5.1966e-06 0.00826095  0.0338792  0.0663948  0.0252118 0.0849734 0.0232423 0 0 0 0 0 0 0.587022
-0.348284   -2.6666  -2.19059 -0.0443268 -0.0306045  0.0420657  0 -0  0  3.30673e-06 -7.68411e-06   5.1966e-06 -0.0368825  0.0450829   0.044543  0.0570071  0.193489 0.0360708 0 0 0 0 0 0 0.58962
-0.382859   -2.1523  -2.24392 -0.0465435 -0.0306321  0.0435702  0 -0  0  3.30673e-06 -7.68411e-06   5.1966e-06 -0.0666794  0.0255575  0.0588854  -0.0182099    0.44626 -0.0420202 0 0 0 0 0 0 0.5923
-0.47304 -1.85532 -2.30201 -0.0455553 -0.0289535  0.0428697  0 -0  0  3.30673e-06 -7.68411e-06   5.1966e-06 -0.019999 0.0493319 0.0258671  -0.0595496   0.240612 -0.0422106 0 0 0 0 0 0 0.59437
-0.439283  -1.61246  -2.27872 -0.0466793 -0.0289498  0.0400868  0 -0  0  3.30673e-06 -7.68411e-06   5.1966e-06  -0.036121  0.0320267 -0.0261589  0.0458113  0.245001 0.0251752 0 0 0 0 0 0 0.597371
-0.389228  -1.13381  -2.18946 -0.0451127 -0.0280039  0.0434419  0 -0  0  3.30673e-06 -7.68411e-06   5.1966e-06 0.00564587  0.0346567  0.0446399  0.0361197  0.413381 0.0750481 0 0 0 0 0 0 0.601193
-0.424516 -0.455607  -1.94686 -0.0445729 -0.0269852  0.0425896  0 -0  0  3.30673e-06 -7.68411e-06   5.1966e-06   0.015475  0.0437284 0.00685842  -0.0230684   0.576272   0.209831 0 0 0 0 0 0 0.602626
-0.491925  0.302775  -1.71557 -0.0421213 -0.0268086   0.041383  0 -0  0  3.30673e-06 -7.68411e-06   5.1966e-06  0.0571323  0.0307948 -0.0196176  -0.0485112    0.66053    0.21245 0 0 0 0 0 0 0.605364
-0.474494  0.789162  -1.51598 -0.0404679 -0.0245762  0.0396395  0 -0  0  3.30673e-06 -7.68411e-06   5.1966e-06  0.0644868  0.0645749 -0.0420039  0.0119081  0.385638  0.156771 0 0 0 0 0 0 0.608644
-0.325926   1.03886  -1.27374 -0.0385003 -0.0237918  0.0393716  0 -0  0  3.30673e-06 -7.68411e-06   5.1966e-06   0.080657  0.0542412 -0.0340945  0.134017 0.244062  0.23087 0 0 0 0 0 0 0.610779
-0.0924585    1.34637   -1.16065  -0.036362 -0.0255345  0.0412288  0 -0  0  3.30673e-06 -7.68411e-06   5.1966e-06  0.0900929 -0.0049354  0.0210086  0.215011  0.27986  0.10776 0 0 0 0 0 0 0.614105
0.192183  1.74741 -1.06858 -0.0346782  -0.025475  0.0388622  0 -0  0  3.30673e-06 -7.68411e-06   5.1966e-06  0.0896731 0.00263203 -0.0392287     0.2512  0.343632 0.0849624 0 0 0 0 0 0 0.61701
 0.454489   2.11979 -0.991341 -0.0316295 -0.0270409  0.0365734  0 -0  0  3.30673e-06 -7.68411e-06   5.1966e-06   0.117898 -0.0304494 -0.0691593   0.262838   0.35013 0.0748549 0 0 0 0 0 0 0.621131
 0.574861   2.32569 -0.822067 -0.0307534 -0.0264842  0.0342587  0 -0  0  3.30673e-06 -7.68411e-06   5.1966e-06   0.0838171 -0.00459742  -0.0814702  0.113575  0.17047 0.128164 0 0 0 0 0 0 0.623668
 0.637655   2.30253 -0.626882 -0.0312888  -0.026579  0.0351156  0 -0  0  3.30673e-06 -7.68411e-06   5.1966e-06    0.038338 -0.00507474  -0.0373058     0.050509 -0.00877838     0.17661 0 0 0 0 0 0 0.624683
 0.646151   2.31604 -0.612425 -0.0290906 -0.0282846   0.036558  0 -0  0  3.30673e-06 -7.68411e-06   5.1966e-06  0.0642265 -0.0417155 0.00895952  0.0114029 0.0166487 0.0196739 0 0 0 0 0 0 0.627817
 0.688462   2.36072 -0.669998 -0.0301045 -0.0271423   0.037191  0 -0  0  3.30673e-06 -7.68411e-06   5.1966e-06   0.0200834 -0.00434138   0.0165914  0.0263286 0.0325782 -0.046788 0 0 0 0 0 0 0.62947
 0.789689   2.41992 -0.802052 -0.0295485  -0.027658  0.0378905  0 -0  0  3.30673e-06 -7.68411e-06   5.1966e-06 0.0232319 -0.014864 0.0246056  0.0965151 0.0536468 -0.120677 0 0 0 0 0 0 0.630502
 0.836409   2.42072 -0.907165 -0.0295761 -0.0255996  0.0383776  0 -0  0  3.30673e-06 -7.68411e-06   5.1966e-06 0.0137154 0.0361452 0.0240299   0.0453447 0.00151571 -0.0907875 0 0 0 0 0 0 0.632617
 0.782663   2.28745 -0.965816 -0.0273839 -0.0257769  0.0373795  0 -0  0  3.30673e-06 -7.68411e-06   5.1966e-06   0.0532061   0.0179416 -0.00392909  -0.0269817  -0.113858 -0.0478633 0 0 0 0 0 0 0.635032
0.655453  2.17483 -1.09053 -0.0273779 -0.0274022  0.0374357  0 -0  0  3.30673e-06 -7.68411e-06   5.1966e-06  0.0321767 -0.0239403 0.00362068  -0.0968595  -0.104518  -0.108617 0 0 0 0 0 0 0.636659
0.494702  2.05629 -1.13791 -0.0267813 -0.0257102  0.0383339  0 -0  0  3.30673e-06 -7.68411e-06   5.1966e-06 0.0303945 0.0169092 0.0173778   -0.151223  -0.102709 -0.0416769 0 0 0 0 0 0 0.638665
0.332298  1.91627 -1.18515 -0.0298121 -0.0264253  0.0384251  0 -0  0  3.30673e-06 -7.68411e-06   5.1966e-06  -0.0404031 -0.00459017   0.0161569   -0.140925  -0.130411 -0.0463766 0 0 0 0 0 0 0.64178
0.300257  1.78454  -1.2284 -0.0294626 -0.0238079  0.0400561  0 -0  0  3.30673e-06 -7.68411e-06   5.1966e-06 -0.0157411  0.0536006  0.0382516  -0.0526066   -0.11076 -0.0412765 0 0 0 0 0 0 0.644884
0.29938 1.55952 -1.2045 -0.0290575 -0.0235703    0.03866  0 -0  0  3.30673e-06 -7.68411e-06   5.1966e-06  0.00025391   0.0355398 -0.00206807  0.00710317  -0.201781  0.0220757 0 0 0 0 0 0 0.646357
 0.27423  1.34829 -1.19383 -0.0295199 -0.0238265  0.0402902  0 -0  0  3.30673e-06 -7.68411e-06   5.1966e-06 -0.010248 0.0129263 0.0335976  -0.0228062  -0.184686 0.00618757 0 0 0 0 0 0 0.648071
0.175104  1.32853 -1.19934 -0.0306206 -0.0209278  0.0386652  0 -0  0  3.30673e-06 -7.68411e-06   5.1966e-06 -0.0237793  0.0640219 -0.0208167  -0.0763094 -0.0175977 0.00060268 0 0 0 0 0 0 0.651571
-0.025849   1.32642  -1.26403 -0.0331958 -0.0209066  0.0387083  0 -0  0  3.30673e-06 -7.68411e-06   5.1966e-06   -0.070774   0.0438666 -0.00979092    -0.220283 -0.00163721  -0.0789382 0 0 0 0 0 0 0.654147
-0.374556    1.2539   -1.3815 -0.0349603  -0.019193  0.0396944  0 -0  0  3.30673e-06 -7.68411e-06   5.1966e-06 -0.0759868  0.0601399  0.0133709   -0.270575 -0.0537373 -0.0952367 0 0 0 0 0 0 0.656797
-0.492214   1.11611  -1.41245 -0.0361231  -0.016976  0.0390974  0 -0  0  3.30673e-06 -7.68411e-06   5.1966e-06  -0.0684221   0.0834554 -0.00294151  -0.121935 -0.125391 -0.031132 0 0 0 0 0 0 0.659371
-0.543839   1.01896  -1.45214 -0.0353435 -0.0175318  0.0410376  0 -0  0  3.30673e-06 -7.68411e-06   5.1966e-06 -0.0271332  0.0343553  0.0383491  -0.0395524 -0.0802187 -0.0373885 0 0 0 0 0 0 0.661534
-0.534656   1.06425  -1.51416 -0.0385944 -0.0143867  0.0413957  0 -0  0  3.30673e-06 -7.68411e-06   5.1966e-06 -0.0772552  0.0819612  0.0274759  -0.00409395      0.0303  -0.0494785 0 0 0 0 0 0 0.666072
-0.592654     1.172  -1.65084 -0.0401187 -0.0144223  0.0408076  0 -0  0  3.30673e-06 -7.68411e-06   5.1966e-06 -0.0766012  0.0496023 0.00787508  -0.0291819   0.093417  -0.117128 0 0 0 0 0 0 0.667706
-0.580585   1.33602  -1.82347 -0.0415701 -0.0135696  0.0417038  0 -0  0  3.30673e-06 -7.68411e-06   5.1966e-06 -0.0748659  0.0459278  0.0212768  0.00459048    0.13932   -0.14677 0 0 0 0 0 0 0.669613
-0.300677    1.4671  -1.92107 -0.0408753 -0.0109017   0.039891  0 -0  0  3.30673e-06 -7.68411e-06   5.1966e-06 -0.0283126  0.0866674 -0.0207888    0.220913   0.106267 -0.0875815 0 0 0 0 0 0 0.672912
0.00905239    1.56797   -1.96376 -0.0381865 -0.0146997  0.0396034  0 -0  0  3.30673e-06 -7.68411e-06   5.1966e-06  0.0363739 -0.0318214 -0.0126974     0.30368  0.0978307 -0.0417658 0 0 0 0 0 0 0.677575
0.257289  1.67833 -1.90805 -0.0388556 -0.0134423  0.0400243  0 -0  0  3.30673e-06 -7.68411e-06   5.1966e-06   0.00972867   0.00423275 -0.000484394   0.204136 0.0937759 0.0417301 0 0 0 0 0 0 0.67906
0.472579  1.79921 -1.95417 -0.0421717 -0.0159836  0.0386316  0 -0  0  3.30673e-06 -7.68411e-06   5.1966e-06 -0.0588198 -0.0479182 -0.0220354    0.229203   0.105158 -0.0451803 0 0 0 0 0 0 0.683464
0.542892  2.00818 -2.28104 -0.0423775 -0.0164208  0.0409554  0 -0  0  3.30673e-06 -7.68411e-06   5.1966e-06 -0.0389577 -0.0357205  0.0298221  0.0797473  0.168508 -0.261368 0 0 0 0 0 0 0.685837
0.687964  2.19295 -2.67143 -0.0411558 -0.0158093  0.0386295  0 -0  0  3.30673e-06 -7.68411e-06   5.1966e-06  0.00422073 -0.00366363  -0.0261666    0.13605  0.153637 -0.346861 0 0 0 0 0 0 0.688535
0.857868  2.28687 -3.04285 -0.0412421 -0.0194552  0.0371693  0 -0  0  3.30673e-06 -7.68411e-06   5.1966e-06 0.00105555 -0.0797668 -0.0399871   0.182879 0.0791644 -0.330921 0 0 0 0 0 0 0.692463
1.04434 2.29908 -3.2237 -0.0402007 -0.0168913  0.0366318  0 -0  0  3.30673e-06 -7.68411e-06   5.1966e-06    0.0200528 -1.01005e-05   -0.0437822   0.156576 0.0151051 -0.169789 0 0 0 0 0 0 0.695282
1.18564 2.30422 -3.1775 -0.0410071 -0.0187749  0.0369141  0 -0  0  3.30673e-06 -7.68411e-06   5.1966e-06 -0.0032462 -0.0393498 -0.0176727   0.139608 0.0105754 0.0305266 0 0 0 0 0 0 0.697351
 1.28189  2.42323 -3.05166 -0.0427924 -0.0194154  0.0381045  0 -0  0  3.30673e-06 -7.68411e-06   5.1966e-06 -0.0385883 -0.0364415  0.0125287  0.0748296 0.0966068 0.0964535 0 0 0 0 0 0 0.69959
 1.35246  2.57643 -2.96629 -0.0427474 -0.0196515  0.0374823  0 -0  0  3.30673e-06 -7.68411e-06   5.1966e-06  -0.0221785  -0.0253703 -0.00447741  0.0619938  0.141833 0.0768585 0 0 0 0 0 0 0.700257
  1.4691  2.75923 -2.97201 -0.0410082 -0.0235266  0.0371213  0 -0  0  3.30673e-06 -7.68411e-06   5.1966e-06   0.0213456   -0.100149 -0.00743279     0.129217    0.174495 -0.00420716 0 0 0 0 0 0 0.70452
  1.6261  2.95723 -3.09125 -0.0404942 -0.0221968  0.0372034  0 -0  0  3.30673e-06 -7.68411e-06   5.1966e-06   0.0218178  -0.0349289 -0.00816986    0.118659   0.162873 -0.0904995 0 0 0 0 0 0 0.705948
 1.77608  3.05936 -3.19853 -0.0421004 -0.0239651  0.0371135  0 -0  0  3.30673e-06 -7.68411e-06   5.1966e-06  -0.0178287  -0.0566936 -0.00448463   0.147465 0.0887082 -0.101198 0 0 0 0 0 0 0.708338
 1.97634  3.11994 -3.37253 -0.0421312  -0.024672  0.0379524  0 -0  0  3.30673e-06 -7.68411e-06   5.1966e-06 -0.0114977 -0.0453087  0.0127446   0.162338 0.0443793 -0.139897 0 0 0 0 0 0 0.709436
 2.10482  3.04665 -3.53451 -0.0428622 -0.0247788  0.0373974  0 -0  0  3.30673e-06 -7.68411e-06   5.1966e-06  -0.0204113  -0.0261238 -0.00249274    0.123829 -0.0680989  -0.141241 0 0 0 0 0 0 0.71036
 2.21442  3.03717 -3.60471 -0.0420869 -0.0277509  0.0369509  0 -0  0  3.30673e-06 -7.68411e-06   5.1966e-06  0.00397736  -0.0786559 -0.00927944     0.116465 -0.00798324  -0.0632064 0 0 0 0 0 0 0.713464
2.27224 3.09772 -3.6566 -0.0442553 -0.0256208  0.0367085  0 -0  0  3.30673e-06 -7.68411e-06   5.1966e-06 -0.0392255 -0.0068448 -0.0153726   0.0387109  0.0432039 -0.0432254 0 0 0 0 0 0 0.716513
 2.35407  3.13294 -3.64197 -0.0459223 -0.0265311  0.0367123  0 -0  0  3.30673e-06 -7.68411e-06   5.1966e-06  -0.0547586  -0.0224858 -0.00763385    0.068923  0.0310441 0.00770496 0 0 0 0 0 0 0.718412
 2.42581   3.1672 -3.69361 -0.0469628 -0.0279242  0.0385063  0 -0  0  3.30673e-06 -7.68411e-06   5.1966e-06 -0.0571603 -0.0457007  0.0303322    0.071207  0.0315001 -0.0463351 0 0 0 0 0 0 0.720911
 2.53513  3.17767 -3.80241 -0.0476828  -0.027763   0.036971  0 -0  0  3.30673e-06 -7.68411e-06   5.1966e-06  -0.046759 -0.0204897 -0.0112651    0.098301 0.00271672 -0.0961892 0 0 0 0 0 0 0.722614
 2.64838  3.20439 -3.85058 -0.0457232 -0.0311801  0.0378842  0 -0  0  3.30673e-06 -7.68411e-06   5.1966e-06 0.00924735 -0.0847804 0.00866421    0.119613  0.0351698 -0.0443734 0 0 0 0 0 0 0.726658
2.65942 3.23422 -3.8726 -0.0468429 -0.0296601  0.0385711  0 -0  0  3.30673e-06 -7.68411e-06   5.1966e-06 -0.0161001 -0.0234723  0.0157395  -0.00245913   0.0218058  -0.0171532 0 0 0 0 0 0 0.728666
 2.63756  3.25554 -3.87906 -0.0457373 -0.0293206  0.0374697  0 -0  0  3.30673e-06 -7.68411e-06   5.1966e-06    0.012653 -0.00559571  -0.0138604   -0.0215984   0.0129817 -0.00357254 0 0 0 0 0 0 0.730264
 2.59572  3.27503 -3.92876 -0.0464833  -0.028429  0.0388138  0 -0  0  3.30673e-06 -7.68411e-06   5.1966e-06 -0.00845308   0.0158765   0.0171547  -0.0406031  0.0132723 -0.0475295 0 0 0 0 0 0 0.732041
 2.57596   3.2842 -4.01049 -0.0469563 -0.0260325  0.0369782  0 -0  0  3.30673e-06 -7.68411e-06   5.1966e-06 -0.0121019  0.0634725 -0.0239453  -0.0213908 0.00068611  -0.070812 0 0 0 0 0 0 0.735096
 2.53147  3.27769 -4.10368 -0.0451608 -0.0273944   0.037606  0 -0  0  3.30673e-06 -7.68411e-06   5.1966e-06   0.0272529  0.00592429 -0.00403272  -0.0198441 0.00380288 -0.0818554 0 0 0 0 0 0 0.737436
 2.39901  3.32513 -4.20628 -0.0477735 -0.0226296  0.0393945  0 -0  0  3.30673e-06 -7.68411e-06   5.1966e-06 -0.0346605  0.0939596  0.0295721   -0.131393  0.0274133 -0.0884101 0 0 0 0 0 0 0.743157
 2.0782 3.39599 -4.2355 -0.0474569 -0.0227789  0.0384227  0 -0  0  3.30673e-06 -7.68411e-06   5.1966e-06 -0.0139453  0.0586537  0.0023212   -0.272201  0.0608053 -0.0281215 0 0 0 0 0 0 0.744189
 1.74437  3.50748 -4.25625 -0.0480464 -0.0205431  0.0410625  0 -0  0  3.30673e-06 -7.68411e-06   5.1966e-06 -0.0225473  0.0799872  0.0511047  -0.297151 0.0944236 -0.024246 0 0 0 0 0 0 0.747699
 1.61172  3.54401 -4.23332 -0.0490768 -0.0163091  0.0401112  0 -0  0  3.30673e-06 -7.68411e-06   5.1966e-06 -0.0308868   0.137462  0.0127403  -0.13321 0.025083  0.01086 0 0 0 0 0 0 0.752159
  1.5772  3.49549 -4.16093 -0.0446386 -0.0171816  0.0408243  0 -0  0  3.30673e-06 -7.68411e-06   5.1966e-06 0.0702781 0.0581601 0.0189626  -0.0162109  -0.023267  0.0694859 0 0 0 0 0 0 0.756738
 1.49147  3.51815 -4.14674 -0.0448099 -0.0122268  0.0404753  0 -0  0  3.30673e-06 -7.68411e-06   5.1966e-06    0.039826    0.132717 -0.00143085  -0.0894206  0.0159784  0.0218393 0 0 0 0 0 0 0.761708
 1.37177  3.54621 -4.10857 -0.0456236 -0.0106358  0.0402976  0 -0  0  3.30673e-06 -7.68411e-06   5.1966e-06  0.00852588    0.112309 -0.00118907  -0.0999465  0.0221974  0.0293738 0 0 0 0 0 0 0.763504
 1.20963   3.5959 -4.10957  -0.0443801 -0.00852786   0.0426143  0 -0  0  3.30673e-06 -7.68411e-06   5.1966e-06  0.027854  0.110639 0.0432791     -0.151152    0.0492269 -0.000861043 0 0 0 0 0 0 0.766874
1.30565  3.7167 -4.0341  -0.0450429 -0.00345161   0.0414669  0 -0  0  3.30673e-06 -7.68411e-06   5.1966e-06 0.00596806   0.172453 0.00475775  0.0472404 0.0906064 0.0500442 0 0 0 0 0 0 0.77212
 1.45948  3.81739 -3.89115  -0.0424199 -0.00259885   0.0430214  0 -0  0  3.30673e-06 -7.68411e-06   5.1966e-06 0.0553533  0.114492 0.0311022  0.137447 0.105373 0.123813 0 0 0 0 0 0 0.775286
 1.51393  3.86332 -3.77097 -0.0428161 0.00294146  0.0447221  0 -0  0  3.30673e-06 -7.68411e-06   5.1966e-06 0.0252748  0.176354 0.0502031  0.0242269  0.040747  0.105969 0 0 0 0 0 0 0.781095
 1.32429  3.89078 -3.66918 -0.0431228 0.00484745  0.0431087  0 -0  0  3.30673e-06 -7.68411e-06   5.1966e-06  0.0115931   0.151035 0.00295849  -0.147596 0.0156497 0.0914115 0 0 0 0 0 0 0.783611
0.954052  3.92152 -3.70665 -0.0433503 0.00782248  0.0451295  0 -0  0  3.30673e-06 -7.68411e-06   5.1966e-06 0.00050674   0.153624   0.041322  -0.325818 0.0347141 -0.032332 0 0 0 0 0 0 0.787215
0.687517  3.91003 -3.84661 -0.0418979  0.0146174  0.0438655  0 -0  0  3.30673e-06 -7.68411e-06   5.1966e-06  0.0316934   0.232877 -0.0018796   -0.226151 -0.0143031  -0.119047 0 0 0 0 0 0 0.794277
0.397666  3.85347 -3.98998 -0.0390541  0.0167768  0.0435719  0 -0  0  3.30673e-06 -7.68411e-06   5.1966e-06   0.0764331    0.179841 -0.00672687   -0.230737 -0.0424803  -0.124009 0 0 0 0 0 0 0.79786
0.0129932   3.81846  -4.17222 -0.036031 0.0246915  0.043969  0 -0  0  3.30673e-06 -7.68411e-06   5.1966e-06     0.10133    0.257231 -0.00290459   -0.318536 -0.0259478  -0.137519 0 0 0 0 0 0 0.806342
-0.414593   3.73734  -4.28879 -0.0373666    0.03005   0.044085  0 -0  0  3.30673e-06 -7.68411e-06   5.1966e-06    0.03695   0.268909 0.00220825   -0.393999 -0.0857227  -0.114322 0 0 0 0 0 0 0.811865
-1.01017  3.59503 -4.47406 -0.0381295  0.0355931  0.0456973  0 -0  0  3.30673e-06 -7.68411e-06   5.1966e-06 0.00574942   0.272744   0.034472  -0.505297 -0.118125 -0.164094 0 0 0 0 0 0 0.817688
-1.42799  3.47397 -4.65106 -0.0373342  0.0442664  0.0457079  0 -0  0  3.30673e-06 -7.68411e-06   5.1966e-06 0.0209264   0.34483 0.0199202  -0.373033 -0.107254 -0.163475 0 0 0 0 0 0 0.826398
-1.74136  3.32492 -4.76172 -0.0357832  0.0479781  0.0451908  0 -0  0  3.30673e-06 -7.68411e-06   5.1966e-06   0.044723   0.277038 0.00415518  -0.252981 -0.127012 -0.103972 0 0 0 0 0 0 0.830454
-2.11122  3.22081 -4.80168 -0.0349173  0.0568406  0.0449987  0 -0  0  3.30673e-06 -7.68411e-06   5.1966e-06    0.044071     0.34143 -0.00699136   -0.330091 -0.0876758 -0.0370662 0 0 0 0 0 0 0.839361
 -2.5029  3.07086 -4.75484 -0.0343313  0.0653356  0.0459865  0 -0  0  3.30673e-06 -7.68411e-06   5.1966e-06 0.0369485  0.372573 0.0128536   -0.35785 -0.128946 0.0324911 0 0 0 0 0 0 0.847933
-3.10863  2.94093 -4.87125 -0.0344584  0.0732781   0.049148  0 -0  0  3.30673e-06 -7.68411e-06   5.1966e-06  0.016799  0.385584 0.0706072  -0.530551  -0.10474 -0.107706 0 0 0 0 0 0 0.856483
 -3.7515  2.78835 -5.03729 -0.0321924  0.0835776  0.0493401  0 -0  0  3.30673e-06 -7.68411e-06   5.1966e-06 0.0572442  0.443494 0.0451282  -0.542813 -0.119289 -0.154309 0 0 0 0 0 0 0.86703
-4.08791  2.60662 -5.08027 -0.0329216  0.0971619  0.0442953  0 -0  0  3.30673e-06 -7.68411e-06   5.1966e-06   0.023007   0.552882 -0.0672404   -0.32035 -0.181654 -0.050855 0 0 0 0 0 0 0.881539
-4.73877  2.49858  -5.1028 -0.0323852   0.105964  0.0457578  0 -0  0  3.30673e-06 -7.68411e-06   5.1966e-06   0.0228047    0.503067 -0.00371221   -0.550285 -0.0962753  -0.034607 0 0 0 0 0 0 0.890478
-5.48954  2.47609  -5.0736 -0.0325771   0.112727  0.0452858  0 -0  0  3.30673e-06 -7.68411e-06   5.1966e-06  0.0115581   0.439174 -0.0042843   -0.632053 -0.0282809  0.0201328 0 0 0 0 0 0 0.897261
-6.19747  2.42546 -5.08886 -0.0325568   0.120861  0.0479718  0 -0  0  3.30673e-06 -7.68411e-06   5.1966e-06 0.00445992   0.422602  0.0514614   -0.623976 -0.0400795  -0.016049 0 0 0 0 0 0 0.905826
 -6.8874  2.25118 -5.11328 -0.0315483   0.131045  0.0464866  0 -0  0  3.30673e-06 -7.68411e-06   5.1966e-06  0.0255842   0.462732 0.00163091   -0.593344  -0.145216 -0.0414632 0 0 0 0 0 0 0.916167
-6.96176  2.01457 -4.98994 -0.0294252   0.141584   0.046588  0 -0  0  3.30673e-06 -7.68411e-06   5.1966e-06    0.0581075     0.491022 -0.000739879  -0.102224 -0.218509 0.0791323 0 0 0 0 0 0 0.926919
-7.64743  1.96942 -4.91187 -0.026306  0.152583 0.0478487  0 -0  0  3.30673e-06 -7.68411e-06   5.1966e-06 0.0953278   0.51253 0.0230446  -0.588712 -0.050255 0.0685818 0 0 0 0 0 0 0.93842
-8.59421   2.1155 -4.73538 -0.0265057   0.160635   0.044699  0 -0  0  3.30673e-06 -7.68411e-06   5.1966e-06  0.0594748   0.477885 -0.0436554  -0.803405 0.0804592  0.169063 0 0 0 0 0 0 0.947069
-9.04474  2.33267 -4.56153 -0.0268766   0.171765  0.0498371  0 -0  0  3.30673e-06 -7.68411e-06   5.1966e-06 0.0236335  0.504787 0.0730321  -0.464745  0.156099  0.175192 0 0 0 0 0 0 0.959334
-9.66247  2.26699 -4.40638 -0.0257262   0.183019  0.0460593  0 -0  0  3.30673e-06 -7.68411e-06   5.1966e-06  0.0400092   0.529863 -0.0312987   -0.510222 -0.0669401   0.123886 0 0 0 0 0 0 0.97126
-9.87205    2.178 -4.11642 -0.0240117   0.196952  0.0355505  0 -0  0  3.30673e-06 -7.68411e-06   5.1966e-06 0.0642453  0.618047 -0.219898  -0.197243 -0.161476  0.234332 0 0 0 0 0 0 0.988796
 -10.552  2.20092 -3.96584 -0.0251148   0.207372  0.0338505  0 -0  0  3.30673e-06 -7.68411e-06   5.1966e-06 0.0179288  0.574381  -0.15883   -0.578779 -0.0198426   0.131727 0 0 0 0 0 0 0.999411
-11.5167  2.27887 -3.73479 -0.0249178   0.213329  0.0311675  0 -0  0  3.30673e-06 -7.68411e-06   5.1966e-06 0.0149184  0.464618   -0.1356  -0.805163 0.0228983  0.203598 0 0 0 0 0 0 1.00595
-12.1474  2.39232 -3.43613 -0.0257709   0.223711  0.0342399  0 -0  0  3.30673e-06 -7.68411e-06   5.1966e-06 -0.0121598   0.490841 -0.0241757  -0.633689 0.0458874  0.284925 0 0 0 0 0 0 1.01681
-12.9346  2.36945 -3.25234 -0.025535  0.234472 0.0299362  0 -0  0  3.30673e-06 -7.68411e-06   5.1966e-06 -3.27707e-05     0.504004   -0.0972856   -0.642134 -0.0460607   0.149138 0 0 0 0 0 0 1.0284
-13.3543  2.33633 -2.98993 -0.025683  0.246761 0.0251741  0 -0  0  3.30673e-06 -7.68411e-06   5.1966e-06 -0.000982651     0.559446    -0.152832   -0.394186 -0.0918308   0.214173 0 0 0 0 0 0 1.04158
-14.0239  2.37521 -2.88923 -0.0243332   0.258255  0.0218095  0 -0  0  3.30673e-06 -7.68411e-06   5.1966e-06 0.0262929  0.566628 -0.159865  -0.579362 0.0099571  0.103506 0 0 0 0 0 0 1.05363
 -14.826  2.40994 -2.66727 -0.0245152   0.268028  0.0193865  0 -0  0  3.30673e-06 -7.68411e-06   5.1966e-06 0.0125262  0.536245 -0.139685   -0.698951 -0.0209441   0.189191 0 0 0 0 0 0 1.0637
-15.5044  2.42177 -2.33879 -0.0254762   0.281461   0.021474  0 -0  0  3.30673e-06 -7.68411e-06   5.1966e-06 -0.0137774   0.602359  -0.046605   -0.672563 -0.0643632   0.285713 0 0 0 0 0 0 1.07733
-16.3174  2.25561 -2.05914 -0.0253083   0.291873  0.0194897  0 -0  0  3.30673e-06 -7.68411e-06   5.1966e-06 -0.00441759    0.548003  -0.0646033  -0.662459 -0.188045   0.18948 0 0 0 0 0 0 1.08793
-16.7089  2.04904  -1.7705 -0.0256658   0.304798   0.012668  0 -0  0  3.30673e-06 -7.68411e-06   5.1966e-06 -0.00635155    0.578638   -0.167795   -0.32616 -0.241964  0.174419 0 0 0 0 0 0 1.10255
-17.4562  1.90388  -1.6207 -0.0259954   0.313577 0.00681645  0 -0  0  3.30673e-06 -7.68411e-06   5.1966e-06 -0.00819551    0.548255   -0.222466  -0.683229 -0.185045  0.108006 0 0 0 0 0 0 1.11311
-18.4536  1.73684 -1.38935 -0.0276208    0.32228 0.00361463  0 -0  0  3.30673e-06 -7.68411e-06   5.1966e-06 -0.0367794   0.512505  -0.194383  -0.898089  -0.21568  0.148045 0 0 0 0 0 0 1.12252
-19.4212  1.54271 -1.18929 -0.0252654   0.337174 0.00465638  0 -0  0  3.30673e-06 -7.68411e-06   5.1966e-06 0.0199406   0.60558 -0.102147  -0.872113 -0.205345  0.109378 0 0 0 0 0 0 1.13764
-20.4819  1.23909 -1.07769 -0.0288034   0.347055 0.00100877  0 -0  0  3.30673e-06 -7.68411e-06   5.1966e-06 -0.0575424   0.542433  -0.126971   -0.873113   -0.26746 0.00765285 0 0 0 0 0 0 1.14875
  -21.281  0.953361 -0.944977  -0.0309997    0.358089 -0.00906876  0 -0  0  3.30673e-06 -7.68411e-06   5.1966e-06 -0.075477  0.555935 -0.273342  -0.679339 -0.292177 0.0171283 0 0 0 0 0 0 1.16385
-22.0346 0.746639 -0.78177 -0.0338573   0.368829 -0.0151003  0 -0  0  3.30673e-06 -7.68411e-06   5.1966e-06 -0.101108  0.551922 -0.285627  -0.665953 -0.229821 0.0645687 0 0 0 0 0 0 1.1765
 -22.9167  0.622709 -0.511968 -0.0354577   0.376166 -0.0182668  0 -0  0  3.30673e-06 -7.68411e-06   5.1966e-06 -0.0988534   0.491548  -0.233867  -0.805456 -0.209875  0.180421 0 0 0 0 0 0 1.18465
 -23.7137  0.613717 -0.169827 -0.0360235   0.395038 -0.0161503  0 -0  0  3.30673e-06 -7.68411e-06   5.1966e-06 -0.0755166   0.677923  -0.107259  -0.755077 -0.113818  0.266594 0 0 0 0 0 0 1.20364
-24.6765 0.514837 0.107487 -0.0384408   0.404622 -0.0222942  0 -0  0  3.30673e-06 -7.68411e-06   5.1966e-06 -0.0893706   0.570789  -0.177305    -0.7409 -0.159189  0.180602 0 0 0 0 0 0 1.21528
-25.2433 0.429794 0.398738 -0.0390801    0.41389 -0.0321722  0 -0  0  3.30673e-06 -7.68411e-06   5.1966e-06 -0.0630174   0.533023  -0.301106  -0.481093 -0.192984   0.20143 0 0 0 0 0 0 1.22884
-25.7787 0.492589 0.735655 -0.0395748   0.423779 -0.0397868  0 -0  0  3.30673e-06 -7.68411e-06   5.1966e-06 -0.0478426   0.536225  -0.344197   -0.495155 -0.0888353   0.310203 0 0 0 0 0 0 1.24133
-26.4911 0.706526  1.17822 -0.0419021   0.429427 -0.0458193  0 -0  0  3.30673e-06 -7.68411e-06   5.1966e-06 -0.0736228   0.440428  -0.322032   -0.589637 -0.0167117   0.430526 0 0 0 0 0 0 1.24992
-27.1594 0.982127  1.67364 -0.0428581    0.44445 -0.0468321  0 -0  0  3.30673e-06 -7.68411e-06   5.1966e-06 -0.0670727   0.565447  -0.217213  -0.628756  0.032417  0.490673 0 0 0 0 0 0 1.26501
-27.9272  1.14293  2.04991 -0.0447161   0.454903 -0.0535968  0 -0  0  3.30673e-06 -7.68411e-06   5.1966e-06 -0.0742109   0.526822   -0.25519   -0.602891 -0.0225742   0.329834 0 0 0 0 0 0 1.2776
-28.4705    1.125  2.34565 -0.0456731   0.462503 -0.0631033  0 -0  0  3.30673e-06 -7.68411e-06   5.1966e-06 -0.0627856    0.46857  -0.341214  -0.45962  -0.1441 0.222606 0 0 0 0 0 0 1.2898
-28.9165  1.08143  2.62172 -0.0478517   0.471482  -0.072446  0 -0  0  3.30673e-06 -7.68411e-06   5.1966e-06 -0.0804285   0.480159  -0.405997  -0.426418 -0.165081   0.21303 0 0 0 0 0 0 1.30294
-29.6452  1.13895  2.95668 -0.0514441   0.478796 -0.0804233  0 -0  0  3.30673e-06 -7.68411e-06   5.1966e-06 -0.116773   0.44839 -0.409893  -0.651339 -0.118908  0.293316 0 0 0 0 0 0 1.31435
-30.4379  1.32014   3.3427 -0.0533791    0.49401 -0.0811901  0 -0  0  3.30673e-06 -7.68411e-06   5.1966e-06   -0.1132  0.563245 -0.256564   -0.717352 -0.0153862   0.353635 0 0 0 0 0 0 1.3297
-31.3607  1.40325  3.60414 -0.0557496   0.504204 -0.0869721  0 -0  0  3.30673e-06 -7.68411e-06   5.1966e-06 -0.111603  0.518561 -0.256749   -0.726127 -0.0477157   0.215585 0 0 0 0 0 0 1.34166
-31.895 1.40908 3.89024 -0.0568635   0.509879 -0.0958766  0 -0  0  3.30673e-06 -7.68411e-06   5.1966e-06 -0.088393  0.422389 -0.328022  -0.449606 -0.132959  0.215429 0 0 0 0 0 0 1.35228
-32.3763  1.60668   4.1641 -0.0596209   0.516964  -0.109421  0 -0  0  3.30673e-06 -7.68411e-06   5.1966e-06 -0.104899  0.421514 -0.489814    -0.440455 -0.00296719    0.323896 0 0 0 0 0 0 1.36781
-32.8332   1.8338  4.50348 -0.0601625   0.522378  -0.115244  0 -0  0  3.30673e-06 -7.68411e-06   5.1966e-06 -0.0848561   0.373178  -0.422921   -0.427194 0.00433802   0.383409 0 0 0 0 0 0 1.37578
-33.2716  2.17281    4.794 -0.0619684    0.53437  -0.116495  0 -0  0  3.30673e-06 -7.68411e-06   5.1966e-06 -0.0945603   0.469979   -0.28679  -0.466229  0.130486  0.395133 0 0 0 0 0 0 1.38797
-33.9992  2.57548   5.0042 -0.0642969   0.545888  -0.120606  0 -0  0  3.30673e-06 -7.68411e-06   5.1966e-06 -0.101281  0.495033 -0.246105  -0.600851  0.179449  0.322551 0 0 0 0 0 0 1.40042
-34.3316  2.67149  5.12431 -0.0674052   0.549952  -0.128769  0 -0  0  3.30673e-06 -7.68411e-06   5.1966e-06 -0.117872  0.346863 -0.280622   -0.232808 0.00351264   0.115996 0 0 0 0 0 0 1.41005
-33.954  2.7024 5.40819 -0.0687606   0.561636  -0.140458  0 -0  0  3.10891e-06 -7.33352e-06  4.89098e-06  -0.09925  0.488582 -0.450931   0.315339 -0.126077  0.278597 0 0 0 0 0 0 1.42664
-34.7825  3.02887  5.59549 -0.0702485   0.561772  -0.145451  0 -0  0  3.10891e-06 -7.33352e-06  4.89098e-06 -0.0948887   0.302567  -0.374295  -0.617466   0.10775  0.317036 0 0 0 0 0 0 1.43185
-35.7366  3.49374  5.87383 -0.0729516   0.570615  -0.148194  0 -0  0  3.10891e-06 -7.33352e-06  4.89098e-06 -0.116119  0.365858 -0.283383  -0.919031  0.208701    0.4536 0 0 0 0 0 0 1.44149
-36.5501  3.91956  6.05828 -0.0740006   0.578136   -0.15212  0 -0  0  3.10891e-06 -7.33352e-06  4.89098e-06 -0.0850309   0.344677  -0.230084  -0.628403  0.176955  0.302312 0 0 0 0 0 0 1.45004
-36.5777  3.87576   6.1813 -0.0770508   0.580747  -0.157719  0 -0  0  3.10891e-06 -7.33352e-06  4.89098e-06 -0.112049  0.247856  -0.23598  -0.0317332 -0.0865899  0.0605895 0 0 0 0 0 0 1.45693
-36.3971  3.87799  6.35881 -0.0794374   0.588631  -0.169716  0 -0  0  3.10891e-06 -7.33352e-06  4.89098e-06 -0.111572  0.328544  -0.41176   0.140885 -0.105235  0.139001 0 0 0 0 0 0 1.47148
-37.0466  4.07577  6.49004 -0.0798648   0.588955   -0.17393  0 -0  0  3.10891e-06 -7.33352e-06  4.89098e-06 -0.0858928   0.219429  -0.343374  -0.508941 0.0355811  0.221876 0 0 0 0 0 0 1.47573
-37.8942  4.37931   6.7885 -0.0817491   0.596404  -0.174558  0 -0  0  3.10891e-06 -7.33352e-06  4.89098e-06 -0.0952935   0.278469   -0.21362  -0.781238 0.0653102  0.362776 0 0 0 0 0 0 1.48344
-38.6116   4.6197  7.00325 -0.0817523   0.601064  -0.175413  0 -0  0  3.10891e-06 -7.33352e-06  4.89098e-06 -0.0564238    0.24773  -0.136982   -0.59704 0.0481777    0.2554 0 0 0 0 0 0 1.48818
-38.7041  4.62793  7.20811 -0.0830102   0.601191   -0.18105  0 -0  0  3.10891e-06 -7.33352e-06  4.89098e-06 -0.0585645   0.151204  -0.184596  -0.0814579  -0.103686   0.134708 0 0 0 0 0 0 1.49396
-38.2139  4.76681  7.56202 -0.0783048   0.610879  -0.187811  0 -0  0  3.10891e-06 -7.33352e-06  4.89098e-06 0.0637886  0.293261  -0.27446     0.36475 -0.0727332   0.350355 0 0 0 0 0 0 1.50667
-38.8154  5.02432  7.62692 -0.0839788   0.609601  -0.190436  0 -0  0  3.10891e-06 -7.33352e-06  4.89098e-06 -0.0599465   0.170393    -0.2186  -0.445207 0.0857819  0.213721 0 0 0 0 0 0 1.51305
-39.5073  5.33672    7.845 -0.088073  0.613176 -0.190513  0 -0  0  3.10891e-06 -7.33352e-06  4.89098e-06  -0.11743  0.170521 -0.125108  -0.624591 0.0949679  0.311418 0 0 0 0 0 0 1.51849
-39.9454  5.51848  8.01527 -0.089571    0.6169 -0.191081  0 -0  0  3.10891e-06 -7.33352e-06  4.89098e-06 -0.0973756   0.169086 -0.0826914  -0.376478 0.0281749  0.199702 0 0 0 0 0 0 1.52254
-39.7527  5.44795  8.18333 -0.0911651   0.615223  -0.193619  0 -0  0  3.10891e-06 -7.33352e-06  4.89098e-06  -0.087896  0.0724759 -0.0924347   0.139524 -0.133276 0.0715842 0 0 0 0 0 0 1.52598
-39.6553  5.52622  8.28951 -0.0903734   0.616647  -0.198044  0 -0  0  3.10891e-06 -7.33352e-06  4.89098e-06 -0.0360587  0.0790103  -0.154193     0.095712 -0.00967694    0.128644 0 0 0 0 0 0 1.53069
-39.7415   5.5077  8.32504 -0.0928508   0.617138  -0.201684  0 -0  0  3.10891e-06 -7.33352e-06  4.89098e-06 -0.0681234   0.062682  -0.170569  -0.0578241 -0.0409696  0.0256881 0 0 0 0 0 0 1.53512
-39.8442  5.51954  8.38748 -0.0956296   0.617358  -0.199313  0 -0  0  3.10891e-06 -7.33352e-06  4.89098e-06  -0.100715  0.0391579 -0.0462423     -0.1076 -0.0210087  0.0474861 0 0 0 0 0 0 1.53878
-39.9932  5.50623     8.38 -0.0966385    0.62179   -0.19652  0 -0  0  3.10891e-06 -7.33352e-06  4.89098e-06 -0.0783039   0.101676  0.0267608   -0.135895  0.0028711 -0.0114698 0 0 0 0 0 0 1.54412
-40.0265   5.3883  8.45321 -0.0968424   0.620989  -0.198513  0 -0  0  3.10891e-06 -7.33352e-06  4.89098e-06 -0.0473957  0.0509431 -0.0225807   -0.019913  -0.114592 -0.0117417 0 0 0 0 0 0 1.54628
-39.9796  5.39836  8.59245 -0.096355   0.62225 -0.201247  0 -0  0  3.10891e-06 -7.33352e-06  4.89098e-06 -0.0172046  0.0597569 -0.0741101   0.0343292 -0.0734801   0.103232 0 0 0 0 0 0 1.54933
-39.9897  5.35984  8.69583 -0.0988146   0.620862  -0.201635  0 -0  0  3.10891e-06 -7.33352e-06  4.89098e-06 -0.0569438  0.0106939 -0.0510342   0.013857 -0.107869 0.0552298 0 0 0 0 0 0 1.55218
-39.9525  5.39056  8.84236 -0.0998473   0.622423  -0.197441  0 -0  0  3.10891e-06 -7.33352e-06  4.89098e-06 -0.0623352  0.0346947  0.0605393  -0.00188174  -0.0549138    0.111944 0 0 0 0 0 0 1.55677
-39.9328   5.4112  8.89184  -0.10101  0.623956 -0.193131  0 -0  0  3.10891e-06 -7.33352e-06  4.89098e-06 -0.0599369  0.0458421   0.120184   -0.0004766 -0.00841246   0.0420275 0 0 0 0 0 0 1.56149
-39.7901  5.33205    8.941 -0.100209  0.620994 -0.193991  0 -0  0  3.10891e-06 -7.33352e-06  4.89098e-06 -0.0167375 -0.0189472  0.0531483     0.126623  -0.0810171 -0.00376087 0 0 0 0 0 0 1.56468
-39.587 5.35221 8.98149 -0.0993371   0.620562  -0.194788  0 -0  0  3.10891e-06 -7.33352e-06  4.89098e-06 0.00924157 -0.0176976  0.0131305    0.180578 -0.0122622  0.0386928 0 0 0 0 0 0 1.56593
-39.3914  5.29924  9.00125 -0.0997084   0.617825  -0.192523  0 -0  0  3.10891e-06 -7.33352e-06  4.89098e-06 -0.00289563  -0.0670267   0.0582013    0.217955 -0.0621738 -0.0167401 0 0 0 0 0 0 1.56951
-39.1236  5.28302  9.04023  -0.10052  0.616436 -0.187274  0 -0  0  3.10891e-06 -7.33352e-06  4.89098e-06  -0.021459 -0.0713749   0.149278   0.230661 -0.032379 0.0122478 0 0 0 0 0 0 1.575
-38.8632  5.26841  9.06788 -0.102333  0.617782 -0.179932  0 -0  0  3.10891e-06 -7.33352e-06  4.89098e-06 -0.0493443 -0.0222945   0.231712     0.18966 -0.0146275 0.00561802 0 0 0 0 0 0 1.58268
-38.459 5.09008 9.12908 -0.102433  0.612513 -0.176253  0 -0  0  3.10891e-06 -7.33352e-06  4.89098e-06 -0.0306147  -0.105769   0.209524    0.327593  -0.145432 -0.0463947 0 0 0 0 0 0 1.58911
-38.1538  5.07846   9.1611 -0.101485  0.608987 -0.176375  0 -0  0  3.10891e-06 -7.33352e-06  4.89098e-06 0.00313763  -0.128546   0.123148    0.304223 -0.0428197  0.0150436 0 0 0 0 0 0 1.59276
-37.8583  4.99208  9.11065 -0.101132  0.605569 -0.173609  0 -0  0  3.10891e-06 -7.33352e-06  4.89098e-06 0.00782465  -0.148603   0.133099     0.29397 -0.0392572 -0.0787217 0 0 0 0 0 0 1.59717
-37.4908  4.99084  9.08623 -0.101285  0.601709 -0.167744  0 -0  0  3.10891e-06 -7.33352e-06  4.89098e-06 -0.00147248   -0.173231     0.20791    0.346424 0.00986086 -0.0267659 0 0 0 0 0 0 1.60419
-37.031 4.96014 9.06898 -0.101997  0.598421 -0.157976  0 -0  0  3.10891e-06 -7.33352e-06  4.89098e-06 -0.0171976  -0.168981   0.313548     0.347666 -0.00177663   -0.028488 0 0 0 0 0 0 1.61452
-36.5905  4.76214  9.15401 -0.101368   0.59281 -0.154451  0 -0  0  3.10891e-06 -7.33352e-06  4.89098e-06 0.00317108   -0.19968   0.249504    0.362574  -0.170716 -0.0367868 0 0 0 0 0 0 1.62118
 -36.09 4.60597 9.23988 -0.100438  0.589371 -0.151116  0 -0  0  3.10891e-06 -7.33352e-06  4.89098e-06 0.0225213 -0.186715  0.214043    0.435926  -0.157189 -0.0212811 0 0 0 0 0 0 1.62606
-35.6242  4.35117  9.20082 -0.0992075   0.585048  -0.145952  0 -0  0  3.10891e-06 -7.33352e-06  4.89098e-06 0.0359011 -0.205849  0.241367   0.459412 -0.180197 -0.163311 0 0 0 0 0 0 1.63291
-35.0789  4.16852  9.17983 -0.0999562    0.57963  -0.139692  0 -0  0  3.10891e-06 -7.33352e-06  4.89098e-06 0.00884818  -0.238629   0.280429   0.511789 -0.135277 -0.120918 0 0 0 0 0 0 1.64122
-34.5079   3.9893  9.09726 -0.100343  0.576251  -0.12948  0 -0  0  3.10891e-06 -7.33352e-06  4.89098e-06 -0.00407287   -0.211468    0.366687    0.460642 -0.0760068  -0.143249 0 0 0 0 0 0 1.65198
-33.977 3.74363 9.00639 -0.0994308   0.566969  -0.123733  0 -0  0  3.10891e-06 -7.33352e-06  4.89098e-06 0.0148112 -0.295066  0.325418   0.440291 -0.123008 -0.163795 0 0 0 0 0 0 1.66294
-33.3286  3.53844  8.97092 -0.0987819   0.560577  -0.118886  0 -0  0  3.10891e-06 -7.33352e-06  4.89098e-06 0.0232688 -0.313529   0.30117   0.612814 -0.145699 -0.135224 0 0 0 0 0 0 1.67098
-32.7575  3.28713  8.81028 -0.0992296    0.55349  -0.113572  0 -0  0  3.10891e-06 -7.33352e-06  4.89098e-06 0.00714636  -0.333284   0.292747   0.544338 -0.120143 -0.236863 0 0 0 0 0 0 1.67985
-32.0729  3.13798  8.67021 -0.0987106   0.546176  -0.107298  0 -0  0  3.10891e-06 -7.33352e-06  4.89098e-06 0.0129911  -0.36651  0.318747    0.693923 -0.0542607  -0.203575 0 0 0 0 0 0 1.6895
-31.201 3.05378 8.48003  -0.099487   0.541096 -0.0964265  0 -0  0  3.10891e-06 -7.33352e-06  4.89098e-06 -0.00897253   -0.319011    0.399381   0.711214 0.0329567 -0.175487 0 0 0 0 0 0 1.70153
-30.4325  2.99392  8.32177 -0.0977206   0.528036 -0.0899111  0 -0  0  3.10891e-06 -7.33352e-06  4.89098e-06 0.0284267 -0.434257  0.364336   0.648969 0.0221563 -0.126268 0 0 0 0 0 0 1.71623
-29.5494  2.94953  8.29419 -0.0957419   0.519091 -0.0802394  0 -0  0  3.10891e-06 -7.33352e-06  4.89098e-06  0.057169 -0.443102  0.411491    0.758378 -0.0109212 -0.0393643 0 0 0 0 0 0 1.72955
-28.7709  2.87238  8.17292 -0.0947565   0.509016 -0.0740899  0 -0  0  3.10891e-06 -7.33352e-06  4.89098e-06 0.0564369 -0.476201  0.377431   0.743725 -0.011282 -0.123357 0 0 0 0 0 0 1.7414
-27.8089  2.88539  8.00065 -0.0950758   0.497875 -0.0668311  0 -0  0  3.10891e-06 -7.33352e-06  4.89098e-06 0.0322663 -0.519687  0.381421   0.892895 0.0733309 -0.136935 0 0 0 0 0 0 1.7547
-26.6084  2.99201  7.85331 -0.0948201    0.48737 -0.0548386  0 -0  0  3.10891e-06 -7.33352e-06  4.89098e-06 0.0216706 -0.515418  0.461118   0.982452  0.141128 -0.071548 0 0 0 0 0 0 1.77064
-25.5848  2.97366  7.74348 -0.0926526   0.473969 -0.0482664  0 -0  0  3.10891e-06 -7.33352e-06  4.89098e-06 0.0553776 -0.542253  0.385287    0.813073   0.025477 -0.0731299 0 0 0 0 0 0 1.78572
 -24.55 2.81858 7.76952 -0.0913528   0.464567 -0.0411191  0 -0  0  3.10891e-06 -7.33352e-06  4.89098e-06 0.0609832 -0.523671  0.379509    0.947934  -0.133411 -0.0383277 0 0 0 0 0 0 1.79761
-23.4321   2.7202   7.7373 -0.0909367   0.453041  -0.034763  0 -0  0  3.10891e-06 -7.33352e-06  4.89098e-06 0.0475268 -0.552818  0.360737     1.02152 -0.0767697 -0.0622282 0 0 0 0 0 0 1.81078
-22.2861  2.75193  7.68186 -0.0901388   0.439185 -0.0276452  0 -0  0  3.10891e-06 -7.33352e-06  4.89098e-06 0.0453441 -0.614469  0.366181     1.04418  0.0324205 -0.0380228 0 0 0 0 0 0 1.82637
-21.0795  2.76998  7.60573 -0.0894301   0.426556  -0.016796  0 -0  0  3.10891e-06 -7.33352e-06  4.89098e-06 0.0387961 -0.619746  0.433962     1.02096   0.042723 -0.0550759 0 0 0 0 0 0 1.84304
-19.9831  2.68611   7.4792  -0.0883932    0.410288 -0.00952281  0 -0  0  3.10891e-06 -7.33352e-06  4.89098e-06 0.0420541 -0.680175  0.395938    0.916542 -0.0257537  -0.111899 0 0 0 0 0 0 1.86089
-18.7309  2.56524  7.32897  -0.0846938    0.396749 -0.00206712  0 -0  0  3.10891e-06 -7.33352e-06  4.89098e-06  0.103107 -0.692219  0.392512      1.1482 -0.0566352  -0.159015 0 0 0 0 0 0 1.87678
-17.0945  2.55857  7.10186 -0.0828853   0.380729 0.00781926  0 -0  0  3.10891e-06 -7.33352e-06  4.89098e-06 0.0966199 -0.743561  0.438923     1.4395 0.0479331 -0.196576 0 0 0 0 0 0 1.89569
-15.837  2.7709 7.07851 -0.0830197   0.361724  0.0138485  0 -0  0  3.10891e-06 -7.33352e-06  4.89098e-06 0.0595924 -0.773798  0.363753   0.990329  0.142038 0.0221486 0 0 0 0 0 0 1.91563
-14.6941  2.94557  7.16643 -0.0817329    0.34824  0.0223782  0 -0  0  3.10891e-06 -7.33352e-06  4.89098e-06 0.0635993 -0.787331  0.412105   1.15749 0.155691 0.132615 0 0 0 0 0 0 1.93164
-13.1661  3.00252  7.15793 -0.081164  0.331049  0.029399  0 -0  0  3.10891e-06 -7.33352e-06  4.89098e-06 0.0489862 -0.798015  0.379902     1.25908  0.0466633 0.00998877 0 0 0 0 0 0 1.95022
-11.7062  3.00741  7.13499 -0.0783594   0.316036  0.0322622  0 -0  0  3.10891e-06 -7.33352e-06  4.89098e-06 0.0877312 -0.769311  0.289755      1.28932 -0.00324255  -0.0118862 0 0 0 0 0 0 1.96576
-10.5242  3.12919  6.99414 -0.0754907   0.299306  0.0383599  0 -0  0  3.10891e-06 -7.33352e-06  4.89098e-06  0.109084 -0.799394  0.299366     1.07015   0.120769 -0.0959356 0 0 0 0 0 0 1.98379
-9.40952  3.36991  6.94762 -0.0749967   0.281516  0.0432356  0 -0  0  3.10891e-06 -7.33352e-06  4.89098e-06 0.080384 -0.84903 0.288175     1.04178   0.211769 -0.0127979 0 0 0 0 0 0 2.00224
-8.29698  3.55963  6.81101 -0.0751672   0.262287  0.0504323  0 -0  0  3.10891e-06 -7.33352e-06  4.89098e-06  0.043657 -0.876156  0.311066    0.931203   0.173856 -0.0842354 0 0 0 0 0 0 2.02278
-7.29066  3.58838  6.58503 -0.0756843   0.246882  0.0551429  0 -0  0  3.10891e-06 -7.33352e-06  4.89098e-06 0.0171051 -0.829719  0.283861    0.90574 0.0521952 -0.194657 0 0 0 0 0 0 2.03889
-6.24899  3.52669  6.36117 -0.0721665   0.230512  0.0548014  0 -0  0  3.10891e-06 -7.33352e-06  4.89098e-06 0.0842637 -0.819881  0.171066    0.947624 -0.0402053  -0.192287 0 0 0 0 0 0 2.05564
-5.04571  3.50128  6.09507 -0.0704385   0.211903  0.0590841  0 -0  0  3.10891e-06 -7.33352e-06  4.89098e-06 0.0855294 -0.884175  0.197597      1.12513 -0.00498908   -0.247338 0 0 0 0 0 0 2.07481
-3.80225  3.55017  5.99542 -0.0677934   0.193119  0.0634036  0 -0  0  3.10891e-06 -7.33352e-06  4.89098e-06  0.101273 -0.884789   0.19991      1.0313  0.0493746 -0.0847589 0 0 0 0 0 0 2.09427
-2.73473  3.57634  5.94652 -0.0693358   0.173687  0.0676415  0 -0  0  3.10891e-06 -7.33352e-06  4.89098e-06 0.0320647 -0.924954  0.210522    0.950879  0.0280593 -0.0434378 0 0 0 0 0 0 2.11422
-1.75756  3.56919  5.83157 -0.067636  0.157594 0.0722323  0 -0  0  3.10891e-06 -7.33352e-06  4.89098e-06 0.0536333 -0.868346  0.216842     0.867375 0.000693198   -0.100781 0 0 0 0 0 0 2.13104
-0.507991   3.49658   5.74875  -0.06462  0.139413 0.0732925  0 -0  0  3.10891e-06 -7.33352e-06  4.89098e-06 0.0950248 -0.907749  0.160246     1.15577 -0.0714854 -0.0757897 0 0 0 0 0 0 2.1495
0.83988 3.52417 5.68681 -0.060927  0.119684 0.0767178  0 -0  0  3.10891e-06 -7.33352e-06  4.89098e-06  0.127765 -0.922346  0.161249     1.13223  0.0228478 -0.0532792 0 0 0 0 0 0 2.16986
2.01228 3.63157 5.71102 -0.0595199    0.10418  0.0781652  0 -0  0  3.10891e-06 -7.33352e-06  4.89098e-06  0.107742 -0.863328  0.119396    1.01711 0.0912028 0.0206599 0 0 0 0 0 0 2.1855
2.91091  3.6954 5.62219 -0.0616644  0.0844327  0.0792606  0 -0  0  3.10891e-06 -7.33352e-06  4.89098e-06 0.0280836 -0.938202  0.104761    0.882106  0.0587015 -0.0831473 0 0 0 0 0 0 2.20539
3.94051 3.72756 5.43037 -0.0610822  0.0679492  0.0806323  0 -0  0  3.10891e-06 -7.33352e-06  4.89098e-06  0.029811 -0.859105  0.088261   0.855553 0.0166466 -0.162531 0 0 0 0 0 0 2.22194
5.03364 3.64102 5.26015 -0.0595806   0.052141  0.0802971  0 -0  0  3.10891e-06 -7.33352e-06  4.89098e-06  0.050606 -0.855293 0.0505523     1.02897 -0.0943499  -0.150165 0 0 0 0 0 0 2.23782
6.13476 3.58114 5.07029 -0.0589336  0.0335416  0.0816468  0 -0  0  3.10891e-06 -7.33352e-06  4.89098e-06  0.043203 -0.881931 0.0595372    0.964433 -0.0700932  -0.160293 0 0 0 0 0 0 2.25648
 7.1038 3.60985 4.96535 -0.0589775  0.0154617  0.0793963  0 -0  0  3.10891e-06 -7.33352e-06  4.89098e-06  0.0293773  -0.887115 -0.0129683    0.866685 0.00174288 -0.0949794 0 0 0 0 0 0 2.2747
7.95261 3.62837 4.78589  -0.0594468 -0.00673385   0.0803306  0 -0  0  3.10891e-06 -7.33352e-06  4.89098e-06 0.00823945  -0.993831  0.0172919    0.818328 0.00297354  -0.159858 0 0 0 0 0 0 2.29692
8.97071  3.6578 4.55747 -0.0589955 -0.0243422  0.0793096  0 -0  0  3.10891e-06 -7.33352e-06  4.89098e-06  0.0157134  -0.907028 -0.0108699      0.81162 -0.00538393   -0.192495 0 0 0 0 0 0 2.31457
9.94589 3.63936 4.37461 -0.0581031 -0.0397603  0.0691832  0 -0  0  3.10891e-06 -7.33352e-06  4.89098e-06 0.0355657 -0.874282 -0.199489    0.934601 -0.0707811  -0.161977 0 0 0 0 0 0 2.33303
10.9337 3.62597 4.18547  -0.059455 -0.0564925  0.0646246  0 -0  0  3.10891e-06 -7.33352e-06  4.89098e-06 -0.00385984   -0.860761   -0.209974    0.877283 -0.0500566  -0.162125 0 0 0 0 0 0 2.35043
12.0907 3.71872 3.90142 -0.0577066 -0.0742621  0.0622471  0 -0  0  3.10891e-06 -7.33352e-06  4.89098e-06 0.0295715 -0.876962 -0.171564    1.03527 0.0337931  -0.25544 0 0 0 0 0 0 2.36844
 13.274 3.88883 3.47749 -0.0598425 -0.0953534  0.0652349  0 -0  0  3.10891e-06 -7.33352e-06  4.89098e-06   -0.02823  -0.976332 -0.0400582    1.15166 0.0908655 -0.423568 0 0 0 0 0 0 2.38985
14.4387 4.10762 3.13234 -0.0606802  -0.114108  0.0645587  0 -0  0  3.10891e-06 -7.33352e-06  4.89098e-06 -0.0297546  -0.881603 -0.0344556   0.871737 0.0948482 -0.289945 0 0 0 0 0 0 2.40863
15.3452 4.28003 2.97619 -0.0584773  -0.127496  0.0552744  0 -0  0  3.10891e-06 -7.33352e-06  4.89098e-06 0.0332408 -0.833954 -0.202742   0.895096 0.0955183 -0.186523 0 0 0 0 0 0 2.42508
16.3267 4.49391 2.78711 -0.0584104  -0.141421  0.0491724  0 -0  0  3.10891e-06 -7.33352e-06  4.89098e-06 0.0241253 -0.784068  -0.24638   0.879866  0.127704 -0.210452 0 0 0 0 0 0 2.44028
17.6733 4.60282 2.49795 -0.0576878  -0.157964  0.0456847  0 -0  0  3.10891e-06 -7.33352e-06  4.89098e-06 0.0278685 -0.818574 -0.219062    1.25825 0.0214307 -0.278486 0 0 0 0 0 0 2.4572
19.2185 4.76352 2.18648 -0.0576566  -0.179057  0.0437937  0 -0  0  3.10891e-06 -7.33352e-06  4.89098e-06 0.0165755 -0.921844 -0.169172    1.42835 0.0613924 -0.309949 0 0 0 0 0 0 2.47838
 20.281  5.0299 1.84226 -0.0569913  -0.198606  0.0415434  0 -0  0  3.10891e-06 -7.33352e-06  4.89098e-06 0.0232154 -0.869812 -0.136863   0.846939   0.10006 -0.302283 0 0 0 0 0 0 2.49807
21.0429   5.197 1.60035 -0.0571355  -0.211267  0.0291082  0 -0  0  3.10891e-06 -7.33352e-06  4.89098e-06  0.020998 -0.790231 -0.325887   0.698828 0.0321828 -0.255232 0 0 0 0 0 0 2.51581
21.9967 5.38415 1.32158 -0.0596553  -0.221652  0.0225904  0 -0  0  3.10891e-06 -7.33352e-06  4.89098e-06 -0.0370677  -0.694378  -0.329443    0.86842 0.0459675 -0.296238 0 0 0 0 0 0 2.52833
 23.2625  5.54368 0.815568 -0.0594815  -0.239357  0.0183099  0 -0  0  3.10891e-06 -7.33352e-06  4.89098e-06 -0.0224172  -0.790408  -0.288711      1.2409 -0.0375794  -0.480023 0 0 0 0 0 0 2.54655
 24.8247  5.72415 0.136478 -0.0591911  -0.260433  0.0162182  0 -0  0  3.10891e-06 -7.33352e-06  4.89098e-06 -0.0109562  -0.900035  -0.215733     1.46971 -0.0746578  -0.613423 0 0 0 0 0 0 2.56773
  26.1808   5.94506 -0.516928 -0.0627476  -0.280564  0.0100852  0 -0  0  3.10891e-06 -7.33352e-06  4.89098e-06 -0.0695692  -0.867111  -0.231637     1.06064 -0.0608538  -0.499425 0 0 0 0 0 0 2.58907
  26.9542   6.00557 -0.694121  -0.0647667    -0.29305 -0.00658078  0 -0  0  3.10891e-06 -7.33352e-06  4.89098e-06 -0.0701476  -0.749827  -0.448258    0.605961 -0.0535239  -0.142904 0 0 0 0 0 0 2.60999
 27.7028  5.89007 -1.02041 -0.0643991  -0.302385  -0.012712  0 -0  0  3.10891e-06 -7.33352e-06  4.89098e-06 -0.043488  -0.68763 -0.421132   0.803727 -0.254294 -0.232753 0 0 0 0 0 0 2.62117
 28.8634  5.76055 -1.62507 -0.0660518  -0.316258 -0.0183623  0 -0  0  3.10891e-06 -7.33352e-06  4.89098e-06 -0.0623233  -0.724605  -0.379056    1.17828 -0.397858 -0.438855 0 0 0 0 0 0 2.63624
 30.4941  5.72213 -2.32332 -0.0710974   -0.32964 -0.0245946  0 -0  0  3.10891e-06 -7.33352e-06  4.89098e-06 -0.134961 -0.700951 -0.342527    1.43947 -0.337774 -0.504625 0 0 0 0 0 0 2.65184
 31.6263  5.73998 -2.84836 -0.0754477   -0.35336 -0.0298821  0 -0  0  3.10891e-06 -7.33352e-06  4.89098e-06 -0.153648 -0.816166 -0.293953    0.96034 -0.179209  -0.33273 0 0 0 0 0 0 2.67653
 32.5583  5.82597 -2.87973 -0.0782718  -0.363062 -0.0394933  0 -0  0  3.10891e-06 -7.33352e-06  4.89098e-06 -0.142924 -0.675562 -0.345688    0.689322   0.024341 -0.0616867 0 0 0 0 0 0 2.69047
  33.252  5.79878 -3.09754 -0.0791972  -0.369507 -0.0436769  0 -0  0  3.10891e-06 -7.33352e-06  4.89098e-06 -0.115434  -0.56666 -0.300679   0.665542 -0.129034 -0.146095 0 0 0 0 0 0 2.69821
33.9556  5.7275  -3.725 -0.0787671  -0.379313 -0.0492932  0 -0  0  3.10891e-06 -7.33352e-06  4.89098e-06 -0.0734653  -0.582578  -0.322262   0.830213 -0.414485 -0.492378 0 0 0 0 0 0 2.70952
   35.16  5.76059 -4.38651 -0.0852668  -0.389021 -0.0569295  0 -0  0  3.10891e-06 -7.33352e-06  4.89098e-06 -0.164999 -0.543471 -0.337663    1.05373  -0.32987 -0.483282 0 0 0 0 0 0 2.72348
 36.0776  5.85644 -4.77034 -0.0884061  -0.409625 -0.0627301  0 -0  0  3.10891e-06 -7.33352e-06  4.89098e-06 -0.149337 -0.669677 -0.304093   0.782365 -0.097635   -0.2707 0 0 0 0 0 0 2.74511
 36.9317  6.03801 -4.62158 -0.0919024   -0.41424 -0.0709346  0 -0  0  3.10891e-06 -7.33352e-06  4.89098e-06 -0.155033 -0.503088 -0.317246   0.600387  0.160565 0.0059948 0 0 0 0 0 0 2.75516
 37.4091  5.99443 -4.51443 -0.0935781  -0.419782 -0.0727055  0 -0  0  3.10891e-06 -7.33352e-06  4.89098e-06 -0.138236 -0.432789 -0.228007   0.433899 0.0399841  0.107081 0 0 0 0 0 0 2.76121
 37.9529   5.9298 -4.83163 -0.0930998  -0.426014 -0.0766806  0 -0  0  3.10891e-06 -7.33352e-06  4.89098e-06 -0.0884009   -0.41577  -0.237495   0.597378 -0.233964 -0.196271 0 0 0 0 0 0 2.76862
 38.8454  5.92582 -5.16154 -0.0984863  -0.433374 -0.0824204  0 -0  0  3.10891e-06 -7.33352e-06  4.89098e-06 -0.154132  -0.40034 -0.253996   0.795276 -0.207214 -0.223985 0 0 0 0 0 0 2.77939
 39.7431  5.98215 -5.28941  -0.100853  -0.445993 -0.0881313  0 -0  0  3.10891e-06 -7.33352e-06  4.89098e-06 -0.130829 -0.452675 -0.253091     0.70991 -0.0271989  -0.103624 0 0 0 0 0 0 2.79345
 40.6229  6.00063 -5.10107  -0.101147   -0.45245 -0.0949856  0 -0  0  3.10891e-06 -7.33352e-06  4.89098e-06 -0.0820579   -0.40905  -0.279731  0.692328 0.101503 0.104592 0 0 0 0 0 0 2.80287
 41.3383   5.8489 -4.91675  -0.103918  -0.455056 -0.0990661  0 -0  0  3.10891e-06 -7.33352e-06  4.89098e-06 -0.108163  -0.31717 -0.244865    0.603225 0.00137985    0.21472 0 0 0 0 0 0 2.80845
41.6799  5.6369 -5.1433 -0.105752  -0.46173 -0.102375  0 -0  0  3.10891e-06 -7.33352e-06  4.89098e-06 -0.108465 -0.336431 -0.220455    0.392194  -0.287678 -0.0130391 0 0 0 0 0 0 2.81612
  42.173  5.41419 -5.40169 -0.110321  -0.46878  -0.10538  0 -0  0  3.10891e-06 -7.33352e-06  4.89098e-06 -0.157376 -0.350069 -0.191652    0.483841  -0.321193 -0.0392859 0 0 0 0 0 0 2.82504
 42.9153  5.27889 -5.58322 -0.113572 -0.476354 -0.108678  0 -0  0  3.10891e-06 -7.33352e-06  4.89098e-06 -0.151099  -0.34025 -0.168947    0.55672 -0.167835 -0.034937 0 0 0 0 0 0 2.83392
 43.6903  5.25813 -5.56751 -0.115514 -0.479658 -0.115842  0 -0  0  3.10891e-06 -7.33352e-06  4.89098e-06 -0.127695 -0.292375 -0.232406    0.624572 -0.0252507  0.0194536 0 0 0 0 0 0 2.84204
 44.2245  5.21758 -5.63856  -0.11672 -0.483872 -0.121578  0 -0  0  3.10891e-06 -7.33352e-06  4.89098e-06 -0.101528 -0.266687 -0.253881    0.475775 -0.0599858 -0.0153161 0 0 0 0 0 0 2.84926
 44.5586  5.17051 -5.99801 -0.118508 -0.488904 -0.125575  0 -0  0  3.10891e-06 -7.33352e-06  4.89098e-06 -0.102571 -0.272141  -0.24163   0.376745 -0.267858  -0.20412 0 0 0 0 0 0 2.85593
 44.8374  5.12055 -6.34026 -0.122944 -0.491638 -0.128696  0 -0  0  3.10891e-06 -7.33352e-06  4.89098e-06 -0.151464 -0.236832 -0.210393   0.301007 -0.270536 -0.203279 0 0 0 0 0 0 2.862
 45.2589  5.15498 -6.67858 -0.125075 -0.494703 -0.129137  0 -0  0  3.10891e-06 -7.33352e-06  4.89098e-06 -0.129563  -0.19561 -0.125531   0.321331 -0.155784 -0.203018 0 0 0 0 0 0 2.86576
 45.7673  5.24007 -6.67219 -0.124035 -0.494778 -0.133155  0 -0  0  3.10891e-06 -7.33352e-06  4.89098e-06 -0.0573324  -0.140065  -0.147034   0.400209 0.0370719  -0.05851 0 0 0 0 0 0 2.86991
 46.0591  5.33287 -6.53502 -0.124177 -0.495419 -0.135277  0 -0  0  3.10891e-06 -7.33352e-06  4.89098e-06 -0.0382439  -0.105302  -0.127831   0.244258  0.143497 0.0223254 0 0 0 0 0 0 2.87213
  46.088  5.44307 -6.71322 -0.125567 -0.498374 -0.136917  0 -0  0  3.10891e-06 -7.33352e-06  4.89098e-06  -0.05225 -0.123216 -0.110954   0.0724587 -0.0400555  -0.183774 0 0 0 0 0 0 2.87579
45.8922  5.4237 -6.9746 -0.129013 -0.495252 -0.136671  0 -0  0  3.10891e-06 -7.33352e-06  4.89098e-06 -0.0983034 -0.0362363 -0.0573944  -0.133148  -0.16586 -0.149786 0 0 0 0 0 0 2.88045
 45.7516  5.44818 -7.16347 -0.131554 -0.497265 -0.133235  0 -0  0  3.10891e-06 -7.33352e-06  4.89098e-06  -0.111319 -0.0515204  0.0328514  -0.0829972 -0.0843324  -0.123269 0 0 0 0 0 0 2.88517
45.9331 5.48429 -7.1402 -0.129969 -0.496591  -0.13497  0 -0  0  3.10891e-06 -7.33352e-06  4.89098e-06  -0.0353217  -0.0329352 -0.00916476    0.125501  0.0185759 -0.0187633 0 0 0 0 0 0 2.88761
 46.0708  5.51856 -7.01352 -0.129544 -0.493814 -0.135653  0 -0  0  3.10891e-06 -7.33352e-06  4.89098e-06 -0.0128892  0.0196768 -0.0170103  0.0982899  0.096885 0.0568064 0 0 0 0 0 0 2.8905
 45.9465  5.55319 -7.12409 -0.128371 -0.494553 -0.134896  0 -0  0  3.10891e-06 -7.33352e-06  4.89098e-06  0.0107743 0.00234882 0.00676689  -0.0889163 -0.0377246 -0.0886847 0 0 0 0 0 0 2.89208
 45.5106  5.51081 -7.29825  -0.12987 -0.492469 -0.133179  0 -0  0  3.10891e-06 -7.33352e-06  4.89098e-06 -0.0228118   0.033048  0.0408275   -0.338551  -0.124533 -0.0847982 0 0 0 0 0 0 2.89517
 45.2389  5.49547 -7.40433 -0.132135 -0.490387 -0.129305  0 -0  0  3.10891e-06 -7.33352e-06  4.89098e-06 -0.0575334  0.0549436  0.0979139   -0.192753 -0.0585962 -0.0478799 0 0 0 0 0 0 2.90012
 45.4258  5.52639 -7.35778 -0.131221  -0.48858 -0.129876  0 -0  0  3.10891e-06 -7.33352e-06  4.89098e-06 -0.0163482  0.0586819  0.0547963   0.147588 0.0380363 0.0058816 0 0 0 0 0 0 2.90222
 45.5435  5.42454 -7.20259 -0.131188 -0.486032 -0.128773  0 -0  0  3.10891e-06 -7.33352e-06  4.89098e-06 -0.00944311   0.0813414   0.0573822  0.0980726 0.0363551   0.15593 0 0 0 0 0 0 2.905
 45.4036   5.3715 -7.33151 -0.129991 -0.486511  -0.12644  0 -0  0  3.10891e-06 -7.33352e-06  4.89098e-06 0.0134794 0.0505482 0.0888273  -0.0956328   -0.11076 -0.0371175 0 0 0 0 0 0 2.90767
 44.9014   5.2744 -7.43439 -0.131795 -0.482076 -0.122385  0 -0  0  3.10891e-06 -7.33352e-06  4.89098e-06 -0.0263179   0.101722   0.136245   -0.393892  -0.116221 -0.0126744 0 0 0 0 0 0 2.91394
   44.45  5.24496 -7.42019 -0.133405 -0.479485 -0.116855  0 -0  0  3.10891e-06 -7.33352e-06  4.89098e-06 -0.0480126     0.1077    0.18411    -0.344693 -0.00634281   0.0215476 0 0 0 0 0 0 2.92026
44.3669 5.23674 -7.2627 -0.132148 -0.478192 -0.114895  0 -0  0  3.10891e-06 -7.33352e-06  4.89098e-06 -0.00246719   0.0870809    0.150624  -0.0924864   0.082292  0.0988115 0 0 0 0 0 0 2.92292
 44.2799   5.1471 -7.03926 -0.131847 -0.472557 -0.112659  0 -0  0  3.10891e-06 -7.33352e-06  4.89098e-06 0.00439642   0.147294   0.140599  -0.109523 0.0765536  0.199617 0 0 0 0 0 0 2.92899
 43.8557  5.10321 -7.08234 -0.129865  -0.47115 -0.108284  0 -0  0  3.10891e-06 -7.33352e-06  4.89098e-06 0.0366728  0.129452  0.186615    -0.40774 -0.0396893  0.0136476 0 0 0 0 0 0 2.93399
  42.983  5.04431 -7.21961 -0.129802 -0.465834 -0.103124  0 -0  0  3.10891e-06 -7.33352e-06  4.89098e-06 0.0224626  0.174002  0.215498  -0.725237  -0.10734   -0.0523 0 0 0 0 0 0 2.9414
  42.119  5.00165 -7.29403  -0.129692  -0.458209 -0.0931691  0 -0  0  3.10891e-06 -7.33352e-06  4.89098e-06 0.0099526  0.228471  0.304236   -0.609125 -0.0522286   -0.02099 0 0 0 0 0 0 2.95394
 41.8009  5.04388 -7.07049  -0.128829  -0.448872 -0.0906616  0 -0  0  3.10891e-06 -7.33352e-06  4.89098e-06 0.0225358   0.29544  0.246593  -0.35085 0.137394 0.112358 0 0 0 0 0 0 2.96365
 41.4569  4.95014 -6.81599  -0.126478  -0.442031 -0.0851064  0 -0  0  3.10891e-06 -7.33352e-06  4.89098e-06 0.0600328  0.310149  0.256496   -0.31664 0.0912809  0.215013 0 0 0 0 0 0 2.97277
40.6736 4.86255 -6.8954  -0.124878  -0.438586 -0.0794149  0 -0  0  3.10891e-06 -7.33352e-06  4.89098e-06 0.0689256  0.277863  0.290816   -0.765053  -0.101408 0.00801044 0 0 0 0 0 0 2.97961
 39.3772  4.69959 -7.04171  -0.125088  -0.426707 -0.0721993  0 -0  0  3.10891e-06 -7.33352e-06  4.89098e-06 0.0374663  0.394014  0.324797     -1.14994   -0.188773 -0.00611568 0 0 0 0 0 0 2.99351
 38.0171   4.6702 -7.20739  -0.125564   -0.41564 -0.0602455  0 -0  0  3.10891e-06 -7.33352e-06  4.89098e-06 0.00752464   0.426546   0.412375    -1.02465 -0.0906373 -0.0849485 0 0 0 0 0 0 3.00981
 37.0952  4.72536 -7.45958  -0.123536  -0.407806 -0.0519832  0 -0  0  3.10891e-06 -7.33352e-06  4.89098e-06 0.0457774  0.389395  0.387268   -0.678292 -0.0816837  -0.173867 0 0 0 0 0 0 3.02138
 36.4004  4.63521 -7.60589  -0.121158  -0.402163 -0.0438107  0 -0  0  3.10891e-06 -7.33352e-06  4.89098e-06 0.0760462  0.356319  0.395687   -0.598491   -0.13276 -0.0601308 0 0 0 0 0 0 3.03159
  35.495  4.67417 -7.98128  -0.118906  -0.395858 -0.0380899  0 -0  0  3.10891e-06 -7.33352e-06  4.89098e-06 0.0941878  0.355633   0.36458  -0.827306 -0.174114 -0.297995 0 0 0 0 0 0 3.04039
 34.0189  4.62889 -8.44312  -0.119089  -0.384113 -0.0298903  0 -0  0  3.10891e-06 -7.33352e-06  4.89098e-06 0.0581882  0.477791  0.417043   -1.52045 -0.301008 -0.376336 0 0 0 0 0 0 3.05472
  32.114  4.50433 -8.94429  -0.118329  -0.369117 -0.0192618  0 -0  0  3.10891e-06 -7.33352e-06  4.89098e-06 0.0458703  0.558428  0.446588   -1.51106 -0.306303 -0.286049 0 0 0 0 0 0 3.07312
 31.0675  4.26828 -9.03443   -0.116124   -0.354182 -0.00983737  0 -0  0  3.10891e-06 -7.33352e-06  4.89098e-06 0.0658016   0.56396  0.417915   -0.76632 -0.185548 0.0239164 0 0 0 0 0 0 3.09091
 30.7945  4.09668 -8.85646   -0.11389  -0.346133 -0.0026425  0 -0  0  3.10891e-06 -7.33352e-06  4.89098e-06 0.0888598  0.514426  0.398443    -0.26805 -0.0585794   0.213296 0 0 0 0 0 0 3.10194
 30.0804  4.01869 -8.90127   -0.112556   -0.337824 0.000701196  0 -0  0  3.10891e-06 -7.33352e-06  4.89098e-06 0.0908593  0.512659  0.326066   -0.715038 -0.0855923  0.0131588 0 0 0 0 0 0 3.11099
 28.5911  3.76797 -8.87948   -0.11192  -0.323864 0.00878662  0 -0  0  3.10891e-06 -7.33352e-06  4.89098e-06 0.0695884  0.616985   0.37783   -1.43831 -0.185877  0.134823 0 0 0 0 0 0 3.12714
 26.7509  3.52281 -8.77704 -0.111385 -0.306448 0.0204368  0 -0  0  3.10891e-06 -7.33352e-06  4.89098e-06 0.046724 0.688296 0.442753   -1.47864 -0.136541  0.156803 0 0 0 0 0 0 3.1481
 25.6112  3.32097 -8.63468 -0.109019 -0.291468 0.0290232  0 -0  0  3.10891e-06 -7.33352e-06  4.89098e-06 0.071182 0.643074 0.400408   -0.827421 -0.0868937   0.152176 0 0 0 0 0 0 3.16553
 24.9942  3.29895 -8.51542 -0.106724 -0.277546 0.0356018  0 -0  0  3.10891e-06 -7.33352e-06  4.89098e-06 0.0917368  0.672375  0.379099  -0.585611 0.0169742  0.111105 0 0 0 0 0 0 3.18109
 23.9672  3.26253 -8.64791   -0.1044 -0.268224 0.0420133  0 -0  0  3.10891e-06 -7.33352e-06  4.89098e-06 0.105337 0.615247 0.370548   -0.954153 -0.0706222  -0.091419 0 0 0 0 0 0 3.19264
 22.5836  3.13265 -8.64636 -0.101112 -0.253256 0.0497134  0 -0  0  3.10891e-06 -7.33352e-06  4.89098e-06 0.128981 0.694512 0.389307   -1.32995 -0.106776 0.0535504 0 0 0 0 0 0 3.20979
 20.7458  2.95236 -8.61974 -0.0994667  -0.236211  0.0573091  0 -0  0  3.10891e-06 -7.33352e-06  4.89098e-06 0.110307 0.764741 0.388193   -1.62882 -0.142946 0.0776984 0 0 0 0 0 0 3.22853
19.4947 2.74098 -8.6294 -0.098928 -0.217443 0.0635855  0 -0  0  3.10891e-06 -7.33352e-06  4.89098e-06 0.0699104  0.762615  0.335385  -0.979929 -0.159805 0.0396845 0 0 0 0 0 0 3.24832
 18.565 2.55874 -8.4994 -0.0959329  -0.201806  0.0675221  0 -0  0  3.10891e-06 -7.33352e-06  4.89098e-06 0.107026 0.794573 0.292882  -0.902993 -0.135586  0.173974 0 0 0 0 0 0 3.26473
 17.3927  2.36025 -8.36637 -0.0943812  -0.186198  0.0727694  0 -0  0  3.10891e-06 -7.33352e-06  4.89098e-06 0.0967955  0.791697  0.281571   -1.03009 -0.129938   0.16321 0 0 0 0 0 0 3.28126
 15.9414  2.15262 -8.25024 -0.0927604   -0.17191  0.0768722  0 -0  0  3.10891e-06 -7.33352e-06  4.89098e-06 0.0951461  0.789839  0.256863   -1.37185 -0.155122  0.164183 0 0 0 0 0 0 3.29622
14.2127  1.9386 -8.1927 -0.0910187   -0.15546  0.0826991  0 -0  0  3.10891e-06 -7.33352e-06  4.89098e-06 0.0918129  0.811839  0.273136    -1.5301 -0.166573 0.0997501 0 0 0 0 0 0 3.31376
 12.9542  1.75881 -8.10794 -0.0890234  -0.136937  0.0891094  0 -0  0  3.10891e-06 -7.33352e-06  4.89098e-06 0.0889275  0.821928  0.280528   -1.07834 -0.140228 0.0942899 0 0 0 0 0 0 3.33346
 11.8819  1.69909 -7.86311 -0.0883628  -0.120382  0.0877112  0 -0  0  3.10891e-06 -7.33352e-06  4.89098e-06 0.0715896  0.846262  0.164352    -1.01232 -0.0444414   0.235791 0 0 0 0 0 0 3.35009
10.6128 1.66039 -7.5269  -0.08793 -0.097769 0.0909616  0 -0  0  3.10891e-06 -7.33352e-06  4.89098e-06 0.0514281  0.960475  0.162337   -1.13342 0.0164408  0.299583 0 0 0 0 0 0 3.37294
  9.1565  1.50514 -7.14136  -0.085679 -0.0808931    0.09415  0 -0  0  3.10891e-06 -7.33352e-06  4.89098e-06 0.0754941  0.920196  0.161678    -1.27996 -0.0680064   0.355516 0 0 0 0 0 0 3.39026
 7.58348  1.41702 -6.73532 -0.0841807 -0.0624346  0.0972611  0 -0  0  3.10891e-06 -7.33352e-06  4.89098e-06 0.0756781  0.930867  0.160822    -1.40342 -0.0246118   0.369582 0 0 0 0 0 0 3.40904
 6.60566  1.43651 -6.41278 -0.0804997 -0.0446189   0.101252  0 -0  0  3.10891e-06 -7.33352e-06  4.89098e-06 0.113191 0.870072 0.167301  -0.851272  0.034997  0.253295 0 0 0 0 0 0 3.42766
 5.61817  1.50773 -6.08783 -0.0787178 -0.0296894  0.0995521  0 -0  0  3.10891e-06 -7.33352e-06  4.89098e-06  0.107927  0.841395 0.0828988  -0.907235 0.0829721   0.29598 0 0 0 0 0 0 3.44279
 4.50764  1.58573 -5.81588 -0.0754236 -0.0123946   0.101544  0 -0  0  3.10891e-06 -7.33352e-06  4.89098e-06   0.12711  0.830756 0.0879385  -0.921137 0.0859859  0.223782 0 0 0 0 0 0 3.46051
 3.31063  1.69155 -5.47077 -0.0739923 0.00270015    0.10062  0 -0  0  3.10891e-06 -7.33352e-06  4.89098e-06  0.111619  0.827424 0.0335271   -1.1152 0.110434 0.312908 0 0 0 0 0 0 3.4757
 1.97592  1.84367 -5.08954 -0.0711664  0.0195054  0.0999944  0 -0  0  3.10891e-06 -7.33352e-06  4.89098e-06   0.125425   0.845063 0.00774228  -1.20228 0.149156 0.335736 0 0 0 0 0 0 3.49275
0.920661  1.92357 -4.80515 -0.0691064  0.0383115  0.0993065  0 -0  0  3.10891e-06 -7.33352e-06  4.89098e-06     0.10968    0.835748 -0.00757272  -0.852417 0.0618257  0.212239 0 0 0 0 0 0 3.51168
-0.00730287     1.94932    -4.50596 -0.0661993  0.0528953  0.0973488  0 -0  0  3.10891e-06 -7.33352e-06  4.89098e-06   0.130751   0.832717 -0.0411811   -0.91711 0.0233758  0.294391 0 0 0 0 0 0 3.52668
-1.07286  1.99283 -4.10879 -0.0634567   0.069118  0.0967376  0 -0  0  3.10891e-06 -7.33352e-06  4.89098e-06   0.133101   0.822907 -0.0363482   -0.93694 0.0343139  0.340965 0 0 0 0 0 0 3.54315
 -2.0483  2.13805 -3.63755 -0.062713 0.0870717 0.0944923  0 -0  0  3.10891e-06 -7.33352e-06  4.89098e-06  0.0978881    0.85429 -0.0696517  -0.872532  0.104034  0.413165 0 0 0 0 0 0 3.56126
-3.08552  2.30111 -3.16338 -0.0643159   0.102452  0.0914155  0 -0  0  3.10891e-06 -7.33352e-06  4.89098e-06  0.0304162   0.827698 -0.0989633  -0.921492  0.126348  0.425811 0 0 0 0 0 0 3.57702
-3.99936  2.46689 -2.65581 -0.0627956   0.119221  0.0891839  0 -0  0  3.10891e-06 -7.33352e-06  4.89098e-06 0.0490157    0.8282 -0.104148  -0.81416 0.113469 0.444332 0 0 0 0 0 0 3.59401
-4.80289  2.67787 -2.09795 -0.0614079   0.135955  0.0848382  0 -0  0  3.10891e-06 -7.33352e-06  4.89098e-06 0.0589682  0.836089 -0.146075  -0.733372  0.141088   0.50248 0 0 0 0 0 0 3.61135
-5.63772  2.93762 -1.74955 -0.059154  0.151098 0.0821311  0 -0  0  3.10891e-06 -7.33352e-06  4.89098e-06 0.0783457  0.786492 -0.135253  -0.698751   0.18876  0.315567 0 0 0 0 0 0 3.6269
-6.49422  3.18525  -1.3884 -0.0594797   0.164865  0.0772506  0 -0  0  3.10891e-06 -7.33352e-06  4.89098e-06 0.0456107  0.763633 -0.179849  -0.776072   0.17887  0.346922 0 0 0 0 0 0 3.64151
 -7.46044   3.39695 -0.982011 -0.0598745   0.179033  0.0742923  0 -0  0  3.10891e-06 -7.33352e-06  4.89098e-06   0.01959  0.742639 -0.165217  -0.861193   0.14474  0.376141 0 0 0 0 0 0 3.65599
 -8.58133   3.50423 -0.600742 -0.0593367   0.195554  0.0701666  0 -0  0  3.10891e-06 -7.33352e-06  4.89098e-06 0.0227536  0.777129 -0.180318  -0.970146 0.0522071  0.337342 0 0 0 0 0 0 3.67303
 -9.57484   3.53716 -0.226115 -0.0578767   0.211605   0.063076  0 -0  0  3.10891e-06 -7.33352e-06  4.89098e-06 0.0456516  0.790561  -0.24618   -0.885984 -0.0309501    0.32572 0 0 0 0 0 0 3.69063
-10.5028  3.59608 0.107752 -0.0571519   0.227134  0.0583293  0 -0  0  3.10891e-06 -7.33352e-06  4.89098e-06 0.0419919  0.784251 -0.242201     -0.82829 -0.00169191    0.295881 0 0 0 0 0 0 3.70689
-11.4259  3.70587  0.42145 -0.0575094   0.241169  0.0529218  0 -0  0  3.10891e-06 -7.33352e-06  4.89098e-06 0.0204927  0.753875 -0.250168   -0.81463 0.0348299  0.286511 0 0 0 0 0 0 3.72193
-12.4167  3.80683 0.665205 -0.0579906   0.254656  0.0494843  0 -0  0  3.10891e-06 -7.33352e-06  4.89098e-06 0.00169389   0.720592  -0.217076  -0.882724 0.0459364  0.229659 0 0 0 0 0 0 3.73586
-13.5636  3.89045   0.7676 -0.0576234   0.270182  0.0457471  0 -0  0  3.10891e-06 -7.33352e-06  4.89098e-06 0.00748491   0.738201  -0.203533  -0.976596 0.0532276  0.103207 0 0 0 0 0 0 3.75183
-14.5256  3.96345 0.889641 -0.0579408   0.286623  0.0388086  0 -0  0  3.10891e-06 -7.33352e-06  4.89098e-06 0.000628528    0.783486   -0.260592  -0.860835 0.0287175  0.116682 0 0 0 0 0 0 3.76968
-15.6397  4.03382   1.0054 -0.0568166   0.300342  0.0309607  0 -0  0  3.10891e-06 -7.33352e-06  4.89098e-06 0.0235891  0.747773 -0.311529  -0.956264 0.0287725  0.119745 0 0 0 0 0 0 3.78553
-16.7488  4.12499  1.24242 -0.0567155   0.313743  0.0236241  0 -0  0  3.10891e-06 -7.33352e-06  4.89098e-06 0.0180874   0.71766 -0.331312  -0.963236 0.0137233  0.214934 0 0 0 0 0 0 3.8008
-17.8457  4.19512  1.48281 -0.0561745   0.327664  0.0200231  0 -0  0  3.10891e-06 -7.33352e-06  4.89098e-06 0.0196548  0.707873 -0.271953   -0.994417 0.00259112   0.219707 0 0 0 0 0 0 3.81519
-19.0233  4.26925  1.60006 -0.0565103   0.342272  0.0147372  0 -0  0  3.10891e-06 -7.33352e-06  4.89098e-06 0.00492972   0.709372  -0.265305  -1.00868 0.028655  0.11659 0 0 0 0 0 0 3.83073
-20.0801  4.32757   1.6441 -0.0570609   0.356695 0.00517356  0 -0  0  3.10891e-06 -7.33352e-06  4.89098e-06 -0.00479598    0.719582   -0.349072  -0.915637 0.0271684 0.0544878 0 0 0 0 0 0 3.84805
-21.0789  4.32555  1.66283  -0.0561223     0.37075 -0.00224708  0 -0  0  3.10891e-06 -7.33352e-06  4.89098e-06 0.0152728  0.718469 -0.361425    -0.888005 -0.00314139   0.0178664 0 0 0 0 0 0 3.86397
-22.0799  4.35331  1.79684  -0.0573717    0.383759 -0.00956857  0 -0  0  3.10891e-06 -7.33352e-06  4.89098e-06 -0.0123162   0.691456  -0.359963   -0.872208 -0.0265038   0.109525 0 0 0 0 0 0 3.87895
-23.1127  4.40846  1.96967 -0.0581887   0.399412 -0.0137741  0 -0  0  3.10891e-06 -7.33352e-06  4.89098e-06 -0.0256021   0.730088  -0.302586   -0.937117 -0.0064484   0.154969 0 0 0 0 0 0 3.89518
-24.2399  4.43532  2.08205 -0.0596283   0.412491 -0.0199289  0 -0  0  3.10891e-06 -7.33352e-06  4.89098e-06 -0.0434196   0.669085  -0.290219   -0.902611 -0.0151291  0.0958532 0 0 0 0 0 0 3.9097
-25.1072  4.44706  2.21626 -0.0603804   0.425255 -0.0291174  0 -0  0  3.10891e-06 -7.33352e-06  4.89098e-06 -0.0386336   0.668176  -0.364356   -0.778288 -0.0457207   0.114286 0 0 0 0 0 0 3.92545
-26.0404  4.52914  2.36367 -0.0598334    0.43775 -0.0356229  0 -0  0  3.10891e-06 -7.33352e-06  4.89098e-06 -0.0137999   0.659474  -0.353447  -0.845168  0.008897  0.151371 0 0 0 0 0 0 3.93955
-27.0445  4.69597  2.54094 -0.0612424   0.448073  -0.043572  0 -0  0  3.10891e-06 -7.33352e-06  4.89098e-06 -0.0327794   0.607276  -0.370878   -0.87101 0.0505527  0.203183 0 0 0 0 0 0 3.95265
-27.9826  4.91847   2.6575  -0.062484   0.463482 -0.0497393  0 -0  0  3.10891e-06 -7.33352e-06  4.89098e-06 -0.0450969   0.675745  -0.349429  -0.845486  0.131206  0.177274 0 0 0 0 0 0 3.96929
-28.8029  5.09517  2.72895 -0.0623709   0.476018 -0.0566446  0 -0  0  3.10891e-06 -7.33352e-06  4.89098e-06 -0.0242757   0.629823  -0.333478  -0.662866 0.0982254  0.120127 0 0 0 0 0 0 3.98361
-29.2349  5.13378  2.88251 -0.0623524   0.485978 -0.0659248  0 -0  0  3.10891e-06 -7.33352e-06  4.89098e-06 -0.0131063   0.573737  -0.384767    -0.38011 -0.0362694   0.135322 0 0 0 0 0 0 3.99722
-29.7936  5.10919   3.1492 -0.0613384   0.495688 -0.0736805  0 -0  0  3.10891e-06 -7.33352e-06  4.89098e-06 0.0117676  0.557415 -0.398891  -0.529469 -0.139796  0.204985 0 0 0 0 0 0 4.00969
-30.6546  5.21848  3.48039  -0.063707    0.50272 -0.0816643  0 -0  0  3.10891e-06 -7.33352e-06  4.89098e-06 -0.0335165   0.480859  -0.396115   -0.730146 -0.0855415    0.29428 0 0 0 0 0 0 4.02059
-31.5123  5.43193  3.72811 -0.0677427   0.514934 -0.0881213  0 -0  0  3.10891e-06 -7.33352e-06  4.89098e-06 -0.098688  0.535173 -0.366548  -0.788735 0.0505717  0.277004 0 0 0 0 0 0 4.03498
-32.3224  5.61187   3.7443  -0.069092   0.526188 -0.0940872  0 -0  0  3.10891e-06 -7.33352e-06  4.89098e-06 -0.0843328    0.52268  -0.325215  -0.653609  0.116073 0.0905886 0 0 0 0 0 0 4.04779
-32.822 5.67711 3.73939 -0.0688986   0.534296  -0.103336  0 -0  0  3.10891e-06 -7.33352e-06  4.89098e-06 -0.0435084   0.474462  -0.378611  -0.420813 0.0452423 0.0333079 0 0 0 0 0 0 4.06009
-33.3243  5.73837  3.76643 -0.0687739   0.543125  -0.111246  0 -0  0  3.10891e-06 -7.33352e-06  4.89098e-06 -0.0240551   0.467864  -0.391389  -0.447726 0.0349746 0.0515063 0 0 0 0 0 0 4.07195
-34.1603  5.96885  3.73886 -0.0711651   0.548576  -0.120242  0 -0  0  3.10891e-06 -7.33352e-06  4.89098e-06 -0.0563232   0.407388  -0.427735  -0.725773   0.16936   0.10128 0 0 0 0 0 0 4.08273
-35.0768  6.30486  3.67864 -0.0736524   0.559463  -0.126723  0 -0  0  3.10891e-06 -7.33352e-06  4.89098e-06 -0.084004  0.462628 -0.386283  -0.814938  0.278984  0.118547 0 0 0 0 0 0 4.09564
-35.9814  6.55468  3.51041 -0.0748989   0.566504  -0.133894  0 -0  0  3.10891e-06 -7.33352e-06  4.89098e-06 -0.0740075     0.3998  -0.355843  -0.700872  0.239314 0.0109332 0 0 0 0 0 0 4.10577
-36.5736  6.61967  3.49157 -0.075125  0.574102 -0.142889  0 -0  0  3.10891e-06 -7.33352e-06  4.89098e-06 -0.0460616   0.389349  -0.391579  -0.496667 0.0549104 0.0219387 0 0 0 0 0 0 4.11755
-37.1221  6.73809  3.58053 -0.0747044   0.580866  -0.151185  0 -0  0  3.10891e-06 -7.33352e-06  4.89098e-06 -0.0196544    0.37516  -0.408094  -0.497577 0.0405837  0.126182 0 0 0 0 0 0 4.12826
-38.0347  7.00351  3.69205 -0.0760158   0.584981  -0.158595  0 -0  0  3.10891e-06 -7.33352e-06  4.89098e-06 -0.0358157   0.322457  -0.407189  -0.819508  0.115035  0.235334 0 0 0 0 0 0 4.13684
-38.9352  7.26817  3.80342 -0.0780205    0.59087  -0.162616  0 -0  0  3.10891e-06 -7.33352e-06  4.89098e-06 -0.06291 0.311253 -0.32217  -0.828523  0.126547  0.220604 0 0 0 0 0 0 4.14424
-39.7988  7.35026  3.78393 -0.079302  0.598315 -0.167087  0 -0  0  3.10891e-06 -7.33352e-06  4.89098e-06 -0.0633884   0.324375  -0.273821  -0.719326  0.068174 0.0314891 0 0 0 0 0 0 4.15302
-40.2157  7.24055  3.83958 -0.0797956   0.601244  -0.174166  0 -0  0  3.10891e-06 -7.33352e-06  4.89098e-06 -0.0460867   0.253237  -0.296435    -0.34749   -0.10121 -0.0162461 0 0 0 0 0 0 4.1607
-40.5491  7.18597   3.9304 -0.07948 0.605053 -0.18226  0 -0  0  3.10891e-06 -7.33352e-06  4.89098e-06 -0.0204218   0.232302  -0.347158  -0.302409  -0.08858 0.0315201 0 0 0 0 0 0 4.16965
-40.9122  7.26967  3.99709 -0.0797134   0.607686  -0.186286  0 -0  0  3.10891e-06 -7.33352e-06  4.89098e-06 -0.0197232   0.200432  -0.299888     -0.33007 0.000741427   0.0938042 0 0 0 0 0 0 4.17447
-41.2087  7.57587  4.11852 -0.0832626   0.610913  -0.187319  0 -0  0  3.10891e-06 -7.33352e-06  4.89098e-06 -0.0820756    0.18483  -0.192332  -0.290065  0.125794  0.243429 0 0 0 0 0 0 4.17937
-41.444 7.94282 4.19905 -0.084703  0.615884 -0.188569  0 -0  0  3.10891e-06 -7.33352e-06  4.89098e-06 -0.0777789    0.19987  -0.133241  -0.213144  0.183331  0.242606 0 0 0 0 0 0 4.1847
-41.3606  8.23712   4.3708 -0.0848347   0.615373  -0.193379  0 -0  0  3.10891e-06 -7.33352e-06  4.89098e-06 -0.0465544   0.119124  -0.171026   0.055929 0.0809655  0.273706 0 0 0 0 0 0 4.18954
-41.3041  8.49838  4.46092 -0.0829612    0.61732  -0.197161  0 -0  0  3.10891e-06 -7.33352e-06  4.89098e-06 0.00900781   0.113019  -0.182655  0.0463348  0.125485  0.221112 0 0 0 0 0 0 4.19419
-41.2222  8.76402  4.62895 -0.0834057   0.618334   -0.19944  0 -0  0  3.10891e-06 -7.33352e-06  4.89098e-06 -0.00278887   0.0917749   -0.158892  0.0636824  0.081527   0.27771 0 0 0 0 0 0 4.19672
-41.0996  9.08811   4.8618 -0.0852024   0.620076  -0.197979  0 -0  0  3.10891e-06 -7.33352e-06  4.89098e-06 -0.0390659  0.0901049 -0.0596876  0.0660145 0.0819986  0.335947 0 0 0 0 0 0 4.19962
-41.122 9.21336  4.9292 -0.0850569   0.622244  -0.195544  0 -0  0  3.10891e-06 -7.33352e-06  4.89098e-06 -0.0221136  0.0888779  0.0175839  -0.0365476  0.0451338   0.106145 0 0 0 0 0 0 4.20288
-41.1084  9.09212  4.96293 -0.0852541   0.620028    -0.1976  0 -0  0  3.10891e-06 -7.33352e-06  4.89098e-06 -0.0170678  0.0208468 -0.0288777   0.0224486  -0.106592 -0.0400438 0 0 0 0 0 0 4.20591
-41.1272  9.02087  4.96045 -0.0839477   0.620626  -0.198978  0 -0  0  3.10891e-06 -7.33352e-06  4.89098e-06 0.0165902 0.0262318 -0.048208  -0.0105437  -0.047234 -0.0416681 0 0 0 0 0 0 4.2079
-41.1721  8.94058  4.99757 -0.0845828   0.619654  -0.199305  0 -0  0  3.10891e-06 -7.33352e-06  4.89098e-06 -0.000344658  -0.00177642   -0.0352104  -0.0301307 -0.0859559 -0.0272543 0 0 0 0 0 0 4.20911
-41.1771  8.93089  5.08466 -0.0867277   0.619294  -0.196721  0 -0  0  3.10891e-06 -7.33352e-06  4.89098e-06  -0.0416062 -0.00860415   0.0358787  -0.0238029 -0.0624455  0.0407423 0 0 0 0 0 0 4.21248
-41.2224  8.82769  5.10356 -0.089355  0.622025 -0.193537  0 -0  0  3.10891e-06 -7.33352e-06  4.89098e-06 -0.0780799  0.0426543  0.0862675  -0.0570668 -0.0689552 -0.0525332 0 0 0 0 0 0 4.21743
-41.1646  8.52235  5.17551 -0.088717  0.618639 -0.192888  0 -0  0  3.10891e-06 -7.33352e-06  4.89098e-06 -0.0313123 -0.0305668  0.0651553  0.0470711 -0.226505 -0.109517 0 0 0 0 0 0 4.22094
-41.156 8.37605 5.27219 -0.0870997   0.618474  -0.193334  0 -0  0  3.10891e-06 -7.33352e-06  4.89098e-06  0.0149504 -0.0191861  0.0275183  0.00386358   -0.16228   -0.02295 0 0 0 0 0 0 4.22263
-41.1002  8.22721  5.42714 -0.0887063   0.616437  -0.192854  0 -0  0  3.10891e-06 -7.33352e-06  4.89098e-06 -0.0190353 -0.0537086  0.0296333  0.0472398 -0.212818  0.011109 0 0 0 0 0 0 4.22526
-40.7842  8.15887  5.65089 -0.0916712   0.614981  -0.187799  0 -0  0  3.10891e-06 -7.33352e-06  4.89098e-06 -0.0658566 -0.0588494   0.120748   0.201405 -0.157365 0.0824333 0 0 0 0 0 0 4.2313
 -40.55 8.07977 5.73199 -0.092368   0.61513 -0.181112  0 -0  0  3.10891e-06 -7.33352e-06  4.89098e-06 -0.0596002 -0.0408282   0.219302    0.194357  -0.100571 0.00748001 0 0 0 0 0 0 4.23803
-40.2917  7.85715  5.83033 -0.0922366   0.609791   -0.17823  0 -0  0  3.10891e-06 -7.33352e-06  4.89098e-06 -0.0301894  -0.117168     0.1831    0.206318  -0.189361 -0.0476167 0 0 0 0 0 0 4.2441
-39.9748  7.69516  5.88406 -0.0901182   0.607277  -0.177106  0 -0  0  3.10891e-06 -7.33352e-06  4.89098e-06   0.02767 -0.114966  0.122946   0.265419 -0.134234 -0.050398 0 0 0 0 0 0 4.24757
-39.5635  7.49061  5.88134 -0.0904446   0.604362  -0.173556  0 -0  0  3.10891e-06 -7.33352e-06  4.89098e-06 0.0109935 -0.132274  0.152807   0.392841 -0.153724 -0.128709 0 0 0 0 0 0 4.25218
-38.9028  7.31183  5.89707 -0.0933486   0.601287  -0.166343  0 -0  0  3.10891e-06 -7.33352e-06  4.89098e-06 -0.048373 -0.142329  0.243744    0.560441  -0.134302 -0.0966235 0 0 0 0 0 0 4.26054
  -38.3 7.09548 5.88171 -0.0945253   0.598192  -0.157207  0 -0  0  3.10891e-06 -7.33352e-06  4.89098e-06 -0.0529921  -0.145849   0.322307   0.469403 -0.121656 -0.118299 0 0 0 0 0 0 4.27026
-37.8056  6.79872  5.95597 -0.0946697   0.593197  -0.152697  0 -0  0  3.10891e-06 -7.33352e-06  4.89098e-06 -0.0313275  -0.175729   0.272134    0.403877  -0.227601 -0.0962691 0 0 0 0 0 0 4.27699
-37.3618  6.61683  6.01082 -0.0939132   0.588631  -0.150114  0 -0  0  3.10891e-06 -7.33352e-06  4.89098e-06 -0.00172617   -0.196979    0.217402    0.426615  -0.172882 -0.0597975 0 0 0 0 0 0 4.28229
-36.871 6.33212 6.01342 -0.0937386   0.583103  -0.144741  0 -0  0  3.10891e-06 -7.33352e-06  4.89098e-06 0.000670061   -0.237168    0.248931    0.48864 -0.221719 -0.157914 0 0 0 0 0 0 4.29
-36.1928  6.12179  6.01008 -0.0956967   0.577353  -0.136968  0 -0  0  3.10891e-06 -7.33352e-06  4.89098e-06 -0.0373872  -0.261198   0.313395   0.597195 -0.153888 -0.118248 0 0 0 0 0 0 4.29986
-35.4743  5.88246  5.92528 -0.0962398   0.572254  -0.126334  0 -0  0  3.10891e-06 -7.33352e-06  4.89098e-06 -0.0343419  -0.253951   0.390865   0.569589 -0.111262 -0.167923 0 0 0 0 0 0 4.31167
-34.8837  5.56463  5.83167 -0.0955663   0.564457  -0.120622  0 -0  0  3.10891e-06 -7.33352e-06  4.89098e-06 -0.00448262   -0.291109    0.333809   0.493907 -0.168003 -0.199966 0 0 0 0 0 0 4.32136
-34.2578  5.33228  5.70387 -0.0944278   0.558682  -0.116056  0 -0  0  3.10891e-06 -7.33352e-06  4.89098e-06 0.0221064 -0.297223  0.298297   0.606324 -0.114362  -0.21959 0 0 0 0 0 0 4.32881
-33.5954  5.05398   5.5206 -0.0940191   0.549768  -0.110351  0 -0  0  3.10891e-06 -7.33352e-06  4.89098e-06 0.0220068 -0.368328  0.304966   0.674762 -0.127709 -0.284821 0 0 0 0 0 0 4.3394
-32.7282  4.75569   5.3851 -0.0950668   0.540692   -0.10083  0 -0  0  3.10891e-06 -7.33352e-06  4.89098e-06 -0.00813393   -0.412934    0.385348   0.789073 -0.157948 -0.254611 0 0 0 0 0 0 4.35259
-31.8595  4.41315  5.23788 -0.0963795   0.532642 -0.0883201  0 -0  0  3.10891e-06 -7.33352e-06  4.89098e-06 -0.0323217  -0.399307    0.46796   0.690742 -0.162502 -0.249232 0 0 0 0 0 0 4.36753
-31.1413   3.9443  5.12003 -0.0959032    0.52248 -0.0812514  0 -0  0  3.10891e-06 -7.33352e-06  4.89098e-06 -0.0074246  -0.427465   0.409535   0.612941  -0.27892 -0.277102 0 0 0 0 0 0 4.37992
-30.297 3.42784 5.00588 -0.0938816   0.514826 -0.0720803  0 -0  0  3.10891e-06 -7.33352e-06  4.89098e-06 0.0369298  -0.41793  0.434483   0.759508 -0.338383 -0.325607 0 0 0 0 0 0 4.39203
-29.3073  2.79357    4.779 -0.0950666   0.503273  -0.065524  0 -0  0  3.10891e-06 -7.33352e-06  4.89098e-06 0.00326441  -0.499706   0.408082   0.972382 -0.416085 -0.472635 0 0 0 0 0 0 4.40537
-28.5301  2.43415  4.58628 -0.0955371   0.492049 -0.0582815  0 -0  0  3.10891e-06 -7.33352e-06  4.89098e-06 -0.00273249   -0.481308    0.360328   0.600409 -0.178614 -0.256264 0 0 0 0 0 0 4.41873
-27.6949  2.01203   4.2814 -0.0970869   0.484136 -0.0483596  0 -0  0  3.10891e-06 -7.33352e-06  4.89098e-06 -0.0364928   -0.47272   0.436005   0.809886 -0.219961 -0.462722 0 0 0 0 0 0 4.43152
-26.5964  1.37294  3.84241 -0.0972802    0.47024 -0.0415394  0 -0  0  3.10891e-06 -7.33352e-06  4.89098e-06 -0.0256161   -0.56431   0.400363    0.98017 -0.319837  -0.58388 0 0 0 0 0 0 4.447
-25.4655 0.832847  3.56273 -0.0964386   0.459391 -0.0333962  0 -0  0  3.10891e-06 -7.33352e-06  4.89098e-06 0.00269417  -0.559814    0.40563    1.01072 -0.317993 -0.437761 0 0 0 0 0 0 4.46059
-24.3908 0.378322  3.17609 -0.0962997   0.447262 -0.0233528  0 -0  0  3.10891e-06 -7.33352e-06  4.89098e-06 0.00195345  -0.598936   0.461836    1.03619 -0.246392  -0.51018 0 0 0 0 0 0 4.47634
  -23.344 0.0572792   2.77394 -0.0979857   0.432861 -0.0153341  0 -0  0  3.10891e-06 -7.33352e-06  4.89098e-06 -0.0270666  -0.653163   0.447202   0.968108 -0.132876 -0.453294 0 0 0 0 0 0 4.49291
 -22.259 -0.22575  2.35866  -0.0981669    0.420893 -0.00409963  0 -0  0  3.10891e-06 -7.33352e-06  4.89098e-06 -0.0214197   -0.63381   0.492837    0.941188 -0.0847337  -0.433932 0 0 0 0 0 0 4.50932
  -21.225 -0.431272   2.00748  -0.098066   0.405837 0.00307361  0 -0  0  3.10891e-06 -7.33352e-06  4.89098e-06 -0.0101858  -0.675719   0.437441    0.900936 -0.0477922  -0.340546 0 0 0 0 0 0 4.526
 -20.0961 -0.694806   1.78642 -0.096961  0.393663  0.010007  0 -0  0  3.10891e-06 -7.33352e-06  4.89098e-06 0.0174586 -0.663387  0.411184    1.05451 -0.154188 -0.279551 0 0 0 0 0 0 4.54005
-18.5088 -1.11775  1.41108 -0.094421  0.379058 0.0188041  0 -0  0  3.10891e-06 -7.33352e-06  4.89098e-06 0.0584848 -0.712755  0.435003   1.45151 -0.24412 -0.45251 0 0 0 0 0 0 4.55729
 -17.615 -1.36229  1.14988 -0.0962969   0.361165  0.0263519  0 -0  0  3.10891e-06 -7.33352e-06  4.89098e-06 0.00515801  -0.702675   0.372765   0.657112 -0.120648 -0.228716 0 0 0 0 0 0 4.5768
-16.9157 -1.62267 0.906436 -0.0976257   0.349259  0.0335024  0 -0  0  3.10891e-06 -7.33352e-06  4.89098e-06 -0.0258569  -0.746239   0.412066   0.818421 -0.206571 -0.368268 0 0 0 0 0 0 4.59075
-15.5923 -1.94935 0.376414 -0.0974754   0.332161  0.0403283  0 -0  0  3.10891e-06 -7.33352e-06  4.89098e-06 -0.0102733  -0.776421   0.376556     1.0609  -0.14308 -0.494422 0 0 0 0 0 0 4.60916
-14.2562 -2.16713 -0.10291 -0.0970241   0.316403  0.0458919  0 -0  0  3.10891e-06 -7.33352e-06  4.89098e-06 0.00385945  -0.773825   0.338429     1.14125 -0.0808264  -0.447696 0 0 0 0 0 0 4.62588
-13.0411 -2.29257 -0.52591 -0.0962271   0.298653  0.0537015  0 -0  0  3.10891e-06 -7.33352e-06  4.89098e-06 0.0168296 -0.824592  0.363622   1.06872 -0.02167 -0.39291 0 0 0 0 0 0 4.64529
 -12.0406   -2.3373 -0.784969 -0.0965703   0.279524  0.0596883  0 -0  0  3.10891e-06 -7.33352e-06  4.89098e-06 0.00558273  -0.858035   0.333005    0.846474 0.00633699  -0.224124 0 0 0 0 0 0 4.66534
-11.0507 -2.35929 -1.01171 -0.0975835   0.262678  0.0675567  0 -0  0  3.10891e-06 -7.33352e-06  4.89098e-06 -0.0177616  -0.870812   0.363912   0.889835 0.0254721 -0.207405 0 0 0 0 0 0 4.68396
 -9.9144 -2.40401 -1.32751 -0.0977627   0.245514  0.0740436  0 -0  0  3.10891e-06 -7.33352e-06  4.89098e-06 -0.0140829  -0.864298    0.34936   0.976129 0.0126163 -0.276585 0 0 0 0 0 0 4.70231
-8.72372  -2.4953 -1.55861 -0.096848  0.229415  0.076527  0 -0  0  3.10891e-06 -7.33352e-06  4.89098e-06 0.0107377  -0.81761  0.265339     1.00136 -0.0554773  -0.205317 0 0 0 0 0 0 4.71862
-7.56641 -2.52035 -1.66485 -0.0964104   0.212972  0.0817253  0 -0  0  3.10891e-06 -7.33352e-06  4.89098e-06 0.0151084 -0.838493  0.269681      1.06622 -0.00854979   -0.107705 0 0 0 0 0 0 4.73587
-6.33961 -2.39325 -1.71637 -0.0990783   0.194989  0.0856025  0 -0  0  3.10891e-06 -7.33352e-06  4.89098e-06 -0.038696 -0.861342  0.241821     1.08207   0.105067 -0.0384679 0 0 0 0 0 0 4.75446
-5.17844 -2.24242 -1.80171 -0.098377  0.175419 0.0893241  0 -0  0  3.10891e-06 -7.33352e-06  4.89098e-06 -0.00973464   -0.911338    0.222338     1.03436   0.139688 -0.0563286 0 0 0 0 0 0 4.7744
-4.06655 -2.10162 -1.90906 -0.0994711   0.158055  0.0936838  0 -0  0  3.10891e-06 -7.33352e-06  4.89098e-06 -0.028242 -0.886991  0.219649    0.964499   0.127451 -0.0832424 0 0 0 0 0 0 4.79233
-2.77041  -2.0468 -1.93956 -0.0985574   0.140933  0.0987681  0 -0  0  3.10891e-06 -7.33352e-06  4.89098e-06 0.0031324 -0.877815  0.231743     1.12634  0.0530615 -0.0231398 0 0 0 0 0 0 4.81022
-1.49005 -1.99702 -2.02915 -0.0967617   0.121333   0.102211  0 -0  0  3.10891e-06 -7.33352e-06  4.89098e-06 0.0373294 -0.894756  0.202648     1.05826  0.0440131 -0.0661022 0 0 0 0 0 0 4.8302
-0.508684  -1.92165  -2.11925 -0.0982749   0.103297   0.105289  0 -0  0  3.10891e-06 -7.33352e-06  4.89098e-06 -0.0042644   -0.89401   0.183515    0.857535  0.0612266 -0.0776648 0 0 0 0 0 0 4.84856
0.495843 -1.69092 -2.20787 -0.0991013  0.0852752   0.105342  0 -0  0  3.10891e-06 -7.33352e-06  4.89098e-06 -0.0179893   -0.92376   0.120495    0.952379    0.20121 -0.0843517 0 0 0 0 0 0 4.8666
 1.66461 -1.50259 -2.28251 -0.0986775  0.0668936   0.105515  0 -0  0  3.10891e-06 -7.33352e-06  4.89098e-06 -0.00294558    -0.91316   0.0797582    0.994921   0.170459 -0.0690964 0 0 0 0 0 0 4.88498
 2.87956 -1.46999 -2.31711 -0.0985346  0.0496486   0.105477  0 -0  0  3.10891e-06 -7.33352e-06  4.89098e-06 0.00135098  -0.906182  0.0511236     1.09878  0.0269636 -0.0320479 0 0 0 0 0 0 4.90223
 4.41322 -1.41336 -2.25973 -0.0993484   0.027991   0.107575  0 -0  0  3.10891e-06 -7.33352e-06  4.89098e-06 -0.0153481  -0.984285   0.076116    1.35384 0.0526924 0.0346843 0 0 0 0 0 0 4.924
   5.173 -1.37298 -2.28818 -0.101122 0.0121327  0.108165  0 -0  0  3.10891e-06 -7.33352e-06  4.89098e-06 -0.0396096   -0.82093  0.0383716      0.51702   0.0253328 -0.00735678 0 0 0 0 0 0 4.93997
  5.7823 -1.29291 -2.35994   -0.102048 -0.00347815    0.104329  0 -0  0  3.10891e-06 -7.33352e-06  4.89098e-06 -0.0437942   -0.89725 -0.0462934    0.759211  0.0653177 -0.0880464 0 0 0 0 0 0 4.95607
 6.95829  -1.1792 -2.51769  -0.103091 -0.0226256   0.103161  0 -0  0  3.10891e-06 -7.33352e-06  4.89098e-06 -0.0471579  -0.917649 -0.0508859   0.953609 0.0762491  -0.14736 0 0 0 0 0 0 4.97529
 8.01822 -1.15641 -2.63633  -0.103921 -0.0390585  0.0988281  0 -0  0  3.10891e-06 -7.33352e-06  4.89098e-06 -0.0451099  -0.877847   -0.11011    0.935897 0.00131468  -0.106612 0 0 0 0 0 0 4.9923
 9.10733 -1.12535 -2.68123  -0.105196 -0.0578963  0.0978499  0 -0  0  3.10891e-06 -7.33352e-06  4.89098e-06 -0.0538214  -0.925813 -0.0864499     1.01069  0.0239875 -0.0525621 0 0 0 0 0 0 5.01121
 10.0906 -1.10221 -2.59847  -0.107367 -0.0733026  0.0969091  0 -0  0  3.10891e-06 -7.33352e-06  4.89098e-06 -0.0746399  -0.849729  -0.068596   0.812211  0.027792 0.0641366 0 0 0 0 0 0 5.02679
 11.0643 -1.06061 -2.50134  -0.108678 -0.0905358  0.0930106  0 -0  0  3.10891e-06 -7.33352e-06  4.89098e-06 -0.0713262  -0.882715   -0.12134   0.936078 0.0451636 0.0847768 0 0 0 0 0 0 5.04451
 12.2205 -0.95287 -2.49725 -0.110341 -0.110313 0.0904482  0 -0  0  3.10891e-06 -7.33352e-06  4.89098e-06 -0.0728402  -0.890146  -0.119927    0.923284  0.0817981 -0.0113523 0 0 0 0 0 0 5.06452
  13.2763 -0.896783  -2.49889 -0.111582 -0.125219 0.0869125  0 -0  0  3.10891e-06 -7.33352e-06  4.89098e-06 -0.0691529  -0.826463  -0.140749    0.902971  0.0419641 -0.0129536 0 0 0 0 0 0 5.07989
  14.5576 -0.766048  -2.52592 -0.110395 -0.141508 0.0831708  0 -0  0  3.10891e-06 -7.33352e-06  4.89098e-06 -0.0167373    -0.8255   -0.16218     1.12655   0.107186 -0.0452863 0 0 0 0 0 0 5.09665
  15.5375 -0.677739  -2.48984 -0.111851 -0.158016 0.0790734  0 -0  0  3.10891e-06 -7.33352e-06  4.89098e-06 -0.0361941  -0.772451  -0.168955    0.733007  0.0703612 0.00939239 0 0 0 0 0 0 5.11372
  16.1406 -0.612243  -2.45389 -0.116347 -0.175588 0.0749557  0 -0  0  3.10891e-06 -7.33352e-06  4.89098e-06 -0.114637 -0.864074 -0.189436   0.658918 0.0697793 0.0107783 0 0 0 0 0 0 5.13232
  17.4209 -0.552567  -2.43535 -0.119114 -0.191891 0.0717957  0 -0  0  3.10891e-06 -7.33352e-06  4.89098e-06  -0.12292 -0.818181 -0.171817     0.951304   0.0411096 -0.00405986 0 0 0 0 0 0 5.14915
  18.6098 -0.466216  -2.39745 -0.119537 -0.206372 0.0638852  0 -0  0  3.10891e-06 -7.33352e-06  4.89098e-06 -0.0794051  -0.773721  -0.252486    1.01197 0.0681786 0.0117148 0 0 0 0 0 0 5.16566
  19.6513 -0.389978   -2.3631 -0.121128 -0.219031 0.0590841  0 -0  0  3.10891e-06 -7.33352e-06  4.89098e-06 -0.0800635  -0.714827  -0.247789   0.900438 0.0713607 0.0105468 0 0 0 0 0 0 5.17929
  20.4329 -0.391945  -2.46255 -0.122848 -0.234138 0.0541476  0 -0  0  3.10891e-06 -7.33352e-06  4.89098e-06 -0.0823961   -0.73224  -0.247074    0.694928 -0.0287732 -0.0772762 0 0 0 0 0 0 5.19528
 21.3419 -0.40866 -2.61792 -0.124591  -0.24831 0.0480111  0 -0  0  3.10891e-06 -7.33352e-06  4.89098e-06 -0.0848098  -0.744705  -0.279123    0.848277 -0.0725936  -0.128747 0 0 0 0 0 0 5.21082
  22.3124 -0.342568  -2.82451 -0.128629 -0.266374 0.0433047  0 -0  0  3.10891e-06 -7.33352e-06  4.89098e-06 -0.124295 -0.758153 -0.247858    0.757099 -0.0164224  -0.161298 0 0 0 0 0 0 5.22992
  23.1712 -0.280084  -2.82386 -0.130054 -0.278778 0.0347971  0 -0  0  3.10891e-06 -7.33352e-06  4.89098e-06 -0.100232  -0.69594  -0.30732    0.699118  0.0380883 -0.0210754 0 0 0 0 0 0 5.24503
  24.086 -0.22106 -2.78967 -0.129254  -0.28963 0.0309476  0 -0  0  3.10891e-06 -7.33352e-06  4.89098e-06 -0.0487714  -0.657297  -0.270848   0.857278 0.0708938  0.014038 0 0 0 0 0 0 5.25657
  24.8555 -0.283294  -2.69831 -0.130355 -0.303098 0.0258968  0 -0  0  3.10891e-06 -7.33352e-06  4.89098e-06 -0.0517328  -0.673626  -0.265231    0.706239 -0.0135456  0.0932191 0 0 0 0 0 0 5.27099
   25.764 -0.357566  -2.51427 -0.133867 -0.316267 0.0183138  0 -0  0  3.10891e-06 -7.33352e-06  4.89098e-06 -0.0985804  -0.688888  -0.319686     0.851528 -0.00626734      0.1824 0 0 0 0 0 0 5.28659
  26.8832 -0.434513  -2.37494 -0.136035 -0.333582 0.0113177  0 -0  0  3.10891e-06 -7.33352e-06  4.89098e-06 -0.0954296  -0.709329  -0.311112     0.846012 -0.00483475    0.120608 0 0 0 0 0 0 5.30539
  27.7729 -0.437826  -2.26777  -0.137525  -0.343013 0.00110748  0 -0  0  3.10891e-06 -7.33352e-06  4.89098e-06 -0.0835467  -0.597403  -0.366771   0.664504  0.021212 0.0807931 0 0 0 0 0 0 5.31937
   28.508 -0.407262  -2.17584   -0.137481   -0.351428 -0.00296658  0 -0  0  3.10891e-06 -7.33352e-06  4.89098e-06 -0.0554844  -0.549391  -0.312502   0.700425 0.0720316 0.0734734 0 0 0 0 0 0 5.32872
 29.2419  -0.3418 -2.12427    -0.13899   -0.363345 -0.00925128  0 -0  0  3.10891e-06 -7.33352e-06  4.89098e-06 -0.0629794  -0.576835  -0.317633   0.675921 0.0736786 0.0138797 0 0 0 0 0 0 5.34228
 30.3356 -0.23918 -1.89957 -0.143314   -0.3733 -0.016257  0 -0  0  3.10891e-06 -7.33352e-06  4.89098e-06 -0.124362 -0.578549 -0.345149   1.07629 0.178515 0.138383 0 0 0 0 0 0 5.3552
   31.5945 -0.0940298   -1.74619  -0.147361  -0.390048 -0.0247702  0 -0  0  3.10891e-06 -7.33352e-06  4.89098e-06 -0.139707 -0.609782 -0.341622   0.897968  0.140706 0.0435351 0 0 0 0 0 0 5.37441
   32.2651 -0.0780795   -1.69576  -0.147099  -0.397923 -0.0322345  0 -0  0  3.10891e-06 -7.33352e-06  4.89098e-06 -0.0734709  -0.512241  -0.338618   0.507864 0.0332096 0.0321512 0 0 0 0 0 0 5.38527
   32.9207 -0.0307375    -1.7478  -0.146615  -0.404697 -0.0364731  0 -0  0  3.10891e-06 -7.33352e-06  4.89098e-06 -0.0405677  -0.476965  -0.309804    0.670624  0.0172448 -0.0608311 0 0 0 0 0 0 5.39327
  33.6792 0.0664499  -1.96433  -0.146546  -0.413467 -0.0409966  0 -0  0  3.10891e-06 -7.33352e-06  4.89098e-06 -0.0268976  -0.486013  -0.290005    0.748414 -0.0349381  -0.219017 0 0 0 0 0 0 5.40314
 34.7716 0.143948 -2.08131  -0.149968  -0.422214 -0.0481013  0 -0  0  3.10891e-06 -7.33352e-06  4.89098e-06 -0.0802773  -0.481414  -0.321886     1.00123 -0.0212682  -0.135575 0 0 0 0 0 0 5.41492
 35.7796 0.153768 -2.18945  -0.152647   -0.43563 -0.0559641  0 -0  0  3.10891e-06 -7.33352e-06  4.89098e-06 -0.0919242  -0.499625   -0.31898    0.727664 -0.0361551 -0.0639987 0 0 0 0 0 0 5.4307
 36.3692 0.143956 -2.15221  -0.153665  -0.442018 -0.0641336  0 -0  0  3.10891e-06 -7.33352e-06  4.89098e-06 -0.0724179  -0.420745  -0.333472    0.437533 0.00517409  0.0283822 0 0 0 0 0 0 5.44112
 36.8283 0.112147 -2.12089  -0.153537  -0.448467 -0.0686939  0 -0  0  3.10891e-06 -7.33352e-06  4.89098e-06 -0.0456192  -0.399918  -0.302877      0.442035 -0.000418268    0.0466479 0 0 0 0 0 0 5.44902
 37.3791 0.181877 -2.26095   -0.15336  -0.453273 -0.0730419  0 -0  0  3.10891e-06 -7.33352e-06  4.89098e-06 -0.0289188  -0.365853  -0.291269    0.561918 -0.0310963  -0.143489 0 0 0 0 0 0 5.4555
 38.1241 0.260427 -2.29249  -0.156742  -0.459801 -0.0797405  0 -0  0  3.10891e-06 -7.33352e-06  4.89098e-06 -0.0803117  -0.363666  -0.317654    0.701032    0.01976 -0.0764057 0 0 0 0 0 0 5.46545
 38.8507 0.427978 -2.34911 -0.159075  -0.47093 -0.084739  0 -0  0  3.10891e-06 -7.33352e-06  4.89098e-06 -0.0915588   -0.41308  -0.281916   0.611951 0.0779169 -0.113482 0 0 0 0 0 0 5.47787
 39.5468 0.584804 -2.40431  -0.158241  -0.474205 -0.0927421  0 -0  0  3.10891e-06 -7.33352e-06  4.89098e-06 -0.0377243  -0.330477  -0.313895   0.539003 0.0656369 -0.122946 0 0 0 0 0 0 5.48655
 40.3196 0.751933 -2.34697  -0.156055  -0.476982 -0.0982788  0 -0  0  3.10891e-06 -7.33352e-06  4.89098e-06  0.019513 -0.266079 -0.298891    0.653663   0.147355 -0.0475137 0 0 0 0 0 0 5.49312
 40.5475 0.913264 -2.37331 -0.156044 -0.479904 -0.100812  0 -0  0  3.10891e-06 -7.33352e-06  4.89098e-06 0.00810067  -0.216065  -0.213491   0.180878 0.0833245 -0.092766 0 0 0 0 0 0 5.49699
 40.7267  1.00749 -2.33857 -0.159101 -0.482642 -0.103294  0 -0  0  3.10891e-06 -7.33352e-06  4.89098e-06 -0.0533202  -0.211472  -0.196145    0.220425  0.0993234 -0.0511609 0 0 0 0 0 0 5.50179
 41.2306   1.1452 -2.27563 -0.161594 -0.487039 -0.106261  0 -0  0  3.10891e-06 -7.33352e-06  4.89098e-06 -0.0808287  -0.210397  -0.168131     0.38688   0.115844 -0.0380688 0 0 0 0 0 0 5.50765
 41.7471  1.25088 -2.13183 -0.160782 -0.491228 -0.112099  0 -0  0  3.10891e-06 -7.33352e-06  4.89098e-06 -0.0272814  -0.203756  -0.204079   0.379948  0.127816 0.0263038 0 0 0 0 0 0 5.51488
 42.1607   1.2961 -1.88818  -0.15914 -0.491759 -0.115315  0 -0  0  3.10891e-06 -7.33352e-06  4.89098e-06 0.0147572 -0.143383 -0.182862  0.338086 0.173494 0.131591 0 0 0 0 0 0 5.51853
42.2099 1.35221 -2.0155 -0.159098 -0.495128 -0.117496  0 -0  0  3.10891e-06 -7.33352e-06  4.89098e-06 0.00923907  -0.156039  -0.155084  0.0821038  -0.03359 -0.113085 0 0 0 0 0 0 5.52254
 42.1275  1.41039 -2.18836 -0.161212 -0.494857 -0.118983  0 -0  0  3.10891e-06 -7.33352e-06  4.89098e-06 -0.0360892 -0.0997707  -0.118712  -0.061356 -0.065086 -0.146003 0 0 0 0 0 0 5.52514
 42.1266  1.54013 -2.33246 -0.162355 -0.497946 -0.117287  0 -0  0  3.10891e-06 -7.33352e-06  4.89098e-06  -0.046765  -0.111277 -0.0360016   0.0154394 0.00672663  -0.156467 0 0 0 0 0 0 5.52884
 42.4282  1.61476 -2.37732 -0.161333 -0.498697 -0.120245  0 -0  0  3.10891e-06 -7.33352e-06  4.89098e-06 -0.00619074  -0.0924642  -0.0738282    0.225468   0.012813 -0.0746981 0 0 0 0 0 0 5.53206
 42.4968  1.59544 -2.35873 -0.159802 -0.498089 -0.120865  0 -0  0  3.10891e-06 -7.33352e-06  4.89098e-06  0.0246221 -0.0532224 -0.0568547   0.0700412 0.00608533  0.0198951 0 0 0 0 0 0 5.53382
 42.3782  1.57798 -2.54232 -0.159434 -0.499447 -0.121087  0 -0  0  3.10891e-06 -7.33352e-06  4.89098e-06  0.0220819 -0.0598451  -0.037418  -0.0888244  -0.125718  -0.109361 0 0 0 0 0 0 5.53525
 42.0401  1.55824 -2.72303 -0.163661 -0.496731 -0.119768  0 -0  0  3.10891e-06 -7.33352e-06  4.89098e-06 -0.0657262  0.0040116  0.0110292  -0.282641   -0.1278 -0.106341 0 0 0 0 0 0 5.54044
 41.9036   1.5606 -2.84058 -0.165134   -0.4945 -0.116657  0 -0  0  3.10891e-06 -7.33352e-06  4.89098e-06 -0.0665908  0.0378395    0.06528   -0.109727 -0.0523394  -0.069203 0 0 0 0 0 0 5.54454
 42.0458  1.57325 -2.79424 -0.164589  -0.49385 -0.115757  0 -0  0  3.10891e-06 -7.33352e-06  4.89098e-06 -0.0295838  0.0334383  0.0588208    0.11928 0.0334568 0.0178074 0 0 0 0 0 0 5.54578
42.0627 1.51578 -2.7108 -0.162853 -0.491559 -0.115258  0 -0  0  3.10891e-06 -7.33352e-06  4.89098e-06 0.0171927 0.0593561 0.0449337   0.019531 0.0199081 0.0935722 0 0 0 0 0 0 5.5487
 41.8468  1.53532 -2.79177 -0.162053 -0.490005 -0.111498  0 -0  0  3.10891e-06 -7.33352e-06  4.89098e-06 0.0228608 0.0670548  0.110381    -0.20005 -0.0342079 -0.0568965 0 0 0 0 0 0 5.55284
 41.3051  1.46825 -2.83949 -0.163542 -0.486611 -0.108938  0 -0  0  3.10891e-06 -7.33352e-06  4.89098e-06 -0.0139264    0.10237   0.118552    -0.45569 -0.0695271 0.00347532 0 0 0 0 0 0 5.55735
 40.8713  1.36629 -2.84803 -0.165431 -0.483662 -0.103619  0 -0  0  3.10891e-06 -7.33352e-06  4.89098e-06 -0.0474292   0.116579   0.175319  -0.361674 -0.063265 0.0468666 0 0 0 0 0 0 5.56372
 40.7816  1.24714 -2.72816 -0.162742  -0.47797 -0.103314  0 -0  0  3.10891e-06 -7.33352e-06  4.89098e-06 0.0262329  0.158198   0.11624   -0.11893 -0.020654  0.128469 0 0 0 0 0 0 5.57002
 40.6844     1.13 -2.50404 -0.160443 -0.475007 -0.100699  0 -0  0  3.10891e-06 -7.33352e-06  4.89098e-06 0.0618151   0.15578  0.119806  -0.089823 0.0536668  0.215101 0 0 0 0 0 0 5.57459
  40.321  1.00389 -2.42673  -0.159603  -0.473447 -0.0957259  0 -0  0  3.10891e-06 -7.33352e-06  4.89098e-06 0.0533336  0.134914  0.186116   -0.344608 -0.0400644   0.149129 0 0 0 0 0 0 5.57987
 39.5935 0.776541 -2.49716 -0.161813 -0.468516 -0.090906  0 -0  0  3.10891e-06 -7.33352e-06  4.89098e-06 -0.00830611    0.165688    0.198863  -0.535536 -0.164554 0.0704571 0 0 0 0 0 0 5.58711
 39.0345  0.62712 -2.50136  -0.164306  -0.464606 -0.0851644  0 -0  0  3.10891e-06 -7.33352e-06  4.89098e-06 -0.0579275   0.185824   0.247504  -0.552962 -0.113994 0.0907063 0 0 0 0 0 0 5.59449
 38.6259 0.507736 -2.34971  -0.164223  -0.457637 -0.0823627  0 -0  0  3.10891e-06 -7.33352e-06  4.89098e-06 -0.0309194   0.227289   0.202582    -0.362007 -0.00854341    0.146254 0 0 0 0 0 0 5.602
 38.3925 0.418086 -2.05376  -0.162981  -0.450993 -0.0753336  0 -0  0  3.10891e-06 -7.33352e-06  4.89098e-06 0.00410566   0.261328   0.259353  -0.206333 0.0988612  0.240477 0 0 0 0 0 0 5.61176
 37.8273 0.368819 -2.05436  -0.162263  -0.448701 -0.0715662  0 -0  0  3.10891e-06 -7.33352e-06  4.89098e-06 0.0167051  0.226939  0.252927   -0.574007 -0.0263193  0.0412247 0 0 0 0 0 0 5.61622
 36.7091 0.140796 -2.04796    -0.1637  -0.442358 -0.0657844  0 -0  0  3.10891e-06 -7.33352e-06  4.89098e-06 -0.0182694   0.267301    0.27718   -1.00838 -0.149983  0.126881 0 0 0 0 0 0 5.62492
   35.6038 -0.0882668   -1.93495   -0.16492  -0.434234 -0.0571589  0 -0  0  3.10891e-06 -7.33352e-06  4.89098e-06 -0.0369112   0.304703   0.326752   -0.889035 -0.0922555   0.172674 0 0 0 0 0 0 5.63684
 34.8242 -0.27244 -1.77975  -0.163215  -0.424655 -0.0507822  0 -0  0  3.10891e-06 -7.33352e-06  4.89098e-06 0.0123692  0.340199  0.306702   -0.616366 -0.0492029   0.170109 0 0 0 0 0 0 5.64847
 34.4273 -0.38956 -1.55542  -0.162329  -0.416052 -0.0458481  0 -0  0  3.10891e-06 -7.33352e-06  4.89098e-06 0.0267892  0.369646  0.283763  -0.367504 0.0166805  0.219931 0 0 0 0 0 0 5.65843
  33.6671 -0.408449   -1.4865  -0.162096  -0.410633 -0.0403185  0 -0  0  3.10891e-06 -7.33352e-06  4.89098e-06 0.0221216  0.361022  0.310055  -0.808916 0.0263824 0.0850624 0 0 0 0 0 0 5.66617
   32.371 -0.567206  -1.36271  -0.161539  -0.398722 -0.0323613  0 -0  0  3.10891e-06 -7.33352e-06  4.89098e-06 0.0215483  0.452562  0.346092    -1.10944 -0.0460079   0.163251 0 0 0 0 0 0 5.68051
   30.998 -0.697922  -1.15211  -0.161823  -0.387987 -0.0234385  0 -0  0  3.10891e-06 -7.33352e-06  4.89098e-06 0.00533622   0.483563   0.386138      -1.19017 -0.000203549     0.212258 0 0 0 0 0 0 5.69447
  29.9325 -0.866923  -1.01555  -0.160391   -0.37401 -0.0154432  0 -0  0  3.10891e-06 -7.33352e-06  4.89098e-06 0.0302589  0.530019  0.375399     -0.8695 -0.0588042   0.151922 0 0 0 0 0 0 5.71063
    29.32 -0.993661 -0.849339   -0.158133   -0.363171 -0.00768282  0 -0  0  3.10891e-06 -7.33352e-06  4.89098e-06 0.0638959  0.523525  0.370641   -0.513752 -0.0254543    0.17162 0 0 0 0 0 0 5.72416
  28.5823  -1.04904 -0.737381  -0.158521  -0.354705 -0.0026716  0 -0  0  3.10891e-06 -7.33352e-06  4.89098e-06 0.0373873   0.52763  0.354106    -0.79542 0.00164425   0.136593 0 0 0 0 0 0 5.734
  27.1269  -1.25725 -0.670237   -0.15899  -0.340753 0.00483596  0 -0  0  3.10891e-06 -7.33352e-06  4.89098e-06 0.0131405  0.618501  0.374852   -1.34509 -0.128892  0.149551 0 0 0 0 0 0 5.74985
  25.5052  -1.46831 -0.566254 -0.160124 -0.323928 0.0151019  0 -0  0  3.10891e-06 -7.33352e-06  4.89098e-06 -0.016713   0.68309  0.418618   -1.32138 -0.114493  0.147142 0 0 0 0 0 0 5.76959
  24.4611  -1.63215 -0.449007 -0.158412 -0.308569  0.022931  0 -0  0  3.10891e-06 -7.33352e-06  4.89098e-06 0.023464  0.67533 0.391166    -0.85435 -0.0778476   0.137056 0 0 0 0 0 0 5.78692
 23.5615 -1.76031 -0.20508 -0.155982 -0.296434 0.0288873  0 -0  0  3.10891e-06 -7.33352e-06  4.89098e-06 0.0664344  0.648858  0.355699   -0.779656 -0.0187444   0.243255 0 0 0 0 0 0 5.80065
   22.3021   -1.78631 -0.0128346 -0.154336 -0.283901 0.0367129  0 -0  0  3.10891e-06 -7.33352e-06  4.89098e-06 0.0741385  0.667554  0.387526   -1.20402 0.0504167  0.188363 0 0 0 0 0 0 5.81552
  21.1791  -1.76948 0.0877817 -0.154091  -0.27129 0.0435779  0 -0  0  3.10891e-06 -7.33352e-06  4.89098e-06 0.0499643   0.60644  0.341453  -0.831104 0.0341286 0.0648237 0 0 0 0 0 0 5.82988
 19.8652 -1.71049 0.359569 -0.154536 -0.259037 0.0495791  0 -0  0  3.10891e-06 -7.33352e-06  4.89098e-06 0.0228658  0.678863  0.360107  -1.49617 0.170802 0.265322 0 0 0 0 0 0 5.84353
 18.6701 -1.63022  0.80954 -0.153273 -0.240323 0.0549898  0 -0  0  3.10891e-06 -7.33352e-06  4.89098e-06 0.0340298  0.726771  0.308437  -1.01995 0.166195 0.294613 0 0 0 0 0 0 5.86305
 17.7079 -1.64788  1.18422 -0.151412 -0.226315 0.0596824  0 -0  0  3.10891e-06 -7.33352e-06  4.89098e-06 0.0601569  0.732821  0.287598  -0.885511 0.0893483  0.336393 0 0 0 0 0 0 5.87794
 16.8579 -1.64803  1.38526  -0.15111 -0.210722 0.0654536  0 -0  0  3.10891e-06 -7.33352e-06  4.89098e-06 0.0424591  0.761459  0.292977  -0.774911  0.053887  0.187269 0 0 0 0 0 0 5.89457
 15.8983 -1.68465  1.50059  -0.15028  -0.19815 0.0702683  0 -0  0  3.10891e-06 -7.33352e-06  4.89098e-06 0.044156 0.736698 0.280688    -0.90256 0.00208387   0.118631 0 0 0 0 0 0 5.90806
 14.5882 -1.68333  1.65381 -0.148343 -0.183219 0.0756971  0 -0  0  3.10891e-06 -7.33352e-06  4.89098e-06 0.0653703   0.76377  0.283738   -1.20114 0.0418383  0.140893 0 0 0 0 0 0 5.92407
 13.5498 -1.66448  1.76946 -0.146708 -0.165654 0.0822381  0 -0  0  3.10891e-06 -7.33352e-06  4.89098e-06 0.0675504  0.776782  0.289758   -0.89069 0.0343343 0.0836496 0 0 0 0 0 0 5.94288
 12.7485 -1.66335  1.92943  -0.14517 -0.148986 0.0821074  0 -0  0  3.10891e-06 -7.33352e-06  4.89098e-06 0.0725144   0.81493  0.193323     -0.7501 0.00676447   0.145343 0 0 0 0 0 0 5.95962
 11.8656 -1.63652  1.94906 -0.144396 -0.131259 0.0853403  0 -0  0  3.10891e-06 -7.33352e-06  4.89098e-06 0.0603502   0.86036  0.183413  -0.813881 0.0260439 0.0225875 0 0 0 0 0 0 5.97765
 10.7621 -1.68939  1.94202 -0.144536 -0.116206 0.0890343  0 -0  0  3.10891e-06 -7.33352e-06  4.89098e-06 0.0354531   0.82416  0.188381    -0.965408  -0.0475871 -0.00141932 0 0 0 0 0 0 5.99315
9.45026 -1.8082  2.0354 -0.144224 -0.097694 0.0918317  0 -0  0  3.10891e-06 -7.33352e-06  4.89098e-06 0.027673 0.869519 0.167417    -1.14574 -0.0906875  0.0970036 0 0 0 0 0 0 6.01188
 8.48863 -1.91793  2.20571  -0.142965 -0.0792499  0.0960886  0 -0  0  3.10891e-06 -7.33352e-06  4.89098e-06 0.0374716  0.813208  0.171323   -0.738442 -0.0617243   0.133002 0 0 0 0 0 0 6.03085
7.71475 -1.9604 2.41861   -0.14107 -0.0644563  0.0954715  0 -0  0  3.10891e-06 -7.33352e-06  4.89098e-06 0.0619145   0.79672  0.104836   -0.690326 -0.0255338   0.201916 0 0 0 0 0 0 6.04578
 6.71274 -1.96152  2.71277  -0.140804 -0.0479194  0.0987179  0 -0  0  3.10891e-06 -7.33352e-06  4.89098e-06 0.0413454  0.806847  0.130175   -0.85919 0.0273537  0.249358 0 0 0 0 0 0 6.06263
 5.70537 -2.02869  2.98699  -0.14173 -0.030427  0.101342  0 -0  0  3.10891e-06 -7.33352e-06  4.89098e-06 0.0069826  0.802074  0.126623   -0.792942 -0.0316475   0.219541 0 0 0 0 0 0 6.08034
  4.6269 -1.98616  3.21427  -0.142208 -0.0155496   0.100121  0 -0  0  3.10891e-06 -7.33352e-06  4.89098e-06 -0.00345392    0.816545   0.0560942   -1.01804 0.0476971  0.217765 0 0 0 0 0 0 6.09528
 3.42542 -1.95544  3.43097  -0.141053 0.00261397   0.101371  0 -0  0  3.10891e-06 -7.33352e-06  4.89098e-06 0.0216579  0.854214  0.058553  -1.03574 0.043485 0.184426 0 0 0 0 0 0 6.11352
 2.38555 -1.85762  3.75363  -0.13982 0.0211436 0.0982248  0 -0  0  3.10891e-06 -7.33352e-06  4.89098e-06  0.0372898   0.892452 -0.0160003  -0.918512  0.082601  0.279861 0 0 0 0 0 0 6.13236
 1.42623 -1.73535  4.09866 -0.137256  0.038651 0.0991961  0 -0  0  3.10891e-06 -7.33352e-06  4.89098e-06  0.0722565   0.886925 0.00896071  -0.836496  0.120687  0.299742 0 0 0 0 0 0 6.15008
0.442373 -1.59581  4.53341 -0.136397 0.0559381 0.0992345  0 -0  0  3.10891e-06 -7.33352e-06  4.89098e-06  0.0611827   0.873947 0.00744398  -0.833674  0.124247   0.36637 0 0 0 0 0 0 6.16739
-0.633512  -1.43354   4.98334 -0.135977 0.0726298  0.096015  0 -0  0  3.10891e-06 -7.33352e-06  4.89098e-06  0.0472652   0.865289 -0.0567514  -0.922319  0.131861  0.395699 0 0 0 0 0 0 6.18439
-1.65477 -1.29092  5.39014 -0.135044  0.090221 0.0959067  0 -0  0  3.10891e-06 -7.33352e-06  4.89098e-06  0.0470602   0.869193 -0.0381684  -0.887198  0.114997  0.354902 0 0 0 0 0 0 6.20201
-2.58122 -1.16707  5.77463 -0.132931  0.108372 0.0943626  0 -0  0  3.10891e-06 -7.33352e-06  4.89098e-06 0.0711896  0.892898 -0.052386  -0.822237 0.0936924  0.344924 0 0 0 0 0 0 6.22035
 -3.59283 -0.926616   6.09095 -0.131965  0.124967 0.0934111  0 -0  0  3.10891e-06 -7.33352e-06  4.89098e-06  0.0621268   0.861941 -0.0477028  -0.860057  0.188256  0.285893 0 0 0 0 0 0 6.237
-4.57359 -0.61377  6.33765 -0.130786  0.142307 0.0905914  0 -0  0  3.10891e-06 -7.33352e-06  4.89098e-06  0.0622489   0.861571 -0.0877224  -0.835849  0.251533   0.23656 0 0 0 0 0 0 6.2546
 -5.57769 -0.287392   6.52911 -0.131486  0.156953 0.0856848  0 -0  0  3.10891e-06 -7.33352e-06  4.89098e-06 0.0255036  0.811558 -0.145703  -0.854983  0.263133  0.191509 0 0 0 0 0 0 6.27007
   -6.6778 -0.0690461    6.65114 -0.130482  0.173755 0.0816049  0 -0  0  3.10891e-06 -7.33352e-06  4.89098e-06 0.0350788  0.828758 -0.166778  -0.946205  0.186304  0.129297 0 0 0 0 0 0 6.28739
  -7.71823 0.00670601    6.73723 -0.130165  0.191085 0.0763882  0 -0  0  3.10891e-06 -7.33352e-06  4.89098e-06 0.0278903  0.847393 -0.201017  -0.908972 0.0558838 0.0825736 0 0 0 0 0 0 6.30549
-8.74778 0.119814  6.75765 -0.129214   0.20881 0.0738035  0 -0  0  3.10891e-06 -7.33352e-06  4.89098e-06 0.0352692  0.864648 -0.174379  -0.913459 0.0989021 0.0339833 0 0 0 0 0 0 6.32342
-9.78313 0.394577  6.78684 -0.128318  0.224641 0.0697847  0 -0  0  3.10891e-06 -7.33352e-06  4.89098e-06 0.0392341  0.832685 -0.182182  -0.880784  0.222913 0.0620424 0 0 0 0 0 0 6.33978
-10.8615  0.71982  6.85654 -0.127807  0.239864  0.065057  0 -0  0  3.10891e-06 -7.33352e-06  4.89098e-06   0.03426  0.800787 -0.199993  -0.920983  0.261775  0.108298 0 0 0 0 0 0 6.35573
-11.9481  1.01824  6.86693 -0.127633  0.255196 0.0619827  0 -0  0  3.10891e-06 -7.33352e-06  4.89098e-06 0.0233705  0.784334 -0.182338  -0.949988  0.254512 0.0611302 0 0 0 0 0 0 6.37137
-12.9689  1.28674  6.94373 -0.126588  0.272153 0.0577069  0 -0  0  3.10891e-06 -7.33352e-06  4.89098e-06 0.0359522  0.818022 -0.195204  -0.907768  0.214567  0.113872 0 0 0 0 0 0 6.38889
-13.9825  1.60478  7.10633 -0.125545  0.289122 0.0525619  0 -0  0  3.10891e-06 -7.33352e-06  4.89098e-06 0.0433635  0.836997 -0.222649  -0.895252  0.237927   0.20553 0 0 0 0 0 0 6.40665
-14.921 1.89168 7.39696 -0.124252  0.302666 0.0489322  0 -0  0  3.10891e-06 -7.33352e-06  4.89098e-06 0.0497991  0.769469 -0.199619  -0.805019  0.176112  0.294295 0 0 0 0 0 0 6.42073
-15.8733  2.23702  7.74381 -0.124133  0.317833 0.0441871  0 -0  0  3.10891e-06 -7.33352e-06  4.89098e-06 0.0337245   0.76872 -0.214397  -0.844894  0.207598  0.371845 0 0 0 0 0 0 6.43662
-17.0469  2.56503  7.99848 -0.124923  0.333723 0.0380485  0 -0  0  3.10891e-06 -7.33352e-06  4.89098e-06 0.00486731   0.776959  -0.248035  -1.00313 0.210227 0.290792 0 0 0 0 0 0 6.45368
-18.0154  2.80136  8.23927 -0.122723  0.349987 0.0306648  0 -0  0  3.10891e-06 -7.33352e-06  4.89098e-06 0.0494279  0.793473 -0.294637  -0.851165  0.127377  0.259779 0 0 0 0 0 0 6.47167
-18.8875   3.0757    8.468 -0.120481  0.365915 0.0238423  0 -0  0  3.10891e-06 -7.33352e-06  4.89098e-06 0.0751993  0.802241 -0.316736  -0.783698  0.166708   0.27398 0 0 0 0 0 0 6.48915
-19.8624   3.4866   8.7212 -0.119452  0.378753 0.0169894  0 -0  0  3.10891e-06 -7.33352e-06  4.89098e-06 0.0670551  0.738368  -0.32268  -0.829639  0.251642  0.324466 0 0 0 0 0 0 6.50373
-20.907 3.90799 8.94308  -0.12087   0.39388 0.0107138  0 -0  0  3.10891e-06 -7.33352e-06  4.89098e-06 0.0143514  0.747123 -0.318013  -0.928843   0.27583  0.307577 0 0 0 0 0 0 6.52017
-22.0232  4.24142  9.03424  -0.122136   0.408533 0.00471355  0 -0  0  3.10891e-06 -7.33352e-06  4.89098e-06 -0.0172061   0.736834  -0.307735  -0.967402  0.241095   0.18001 0 0 0 0 0 0 6.53606
-22.9464  4.40954  9.17679   -0.121851     0.42387 -0.00307051  0 -0  0  3.10891e-06 -7.33352e-06  4.89098e-06 -0.00306176     0.74866   -0.340301  -0.807297 0.0871507   0.16779 0 0 0 0 0 0 6.55326
-23.7388  4.53452  9.33817   -0.118085    0.438382 -0.00894086  0 -0  0  3.10891e-06 -7.33352e-06  4.89098e-06 0.0716332  0.745163 -0.327638  -0.721883 0.0584775  0.180239 0 0 0 0 0 0 6.56936
-24.6988  4.77699  9.52076  -0.120121   0.449253 -0.0179915  0 -0  0  3.10891e-06 -7.33352e-06  4.89098e-06 0.0142217  0.691081 -0.386503  -0.877288  0.118507  0.248051 0 0 0 0 0 0 6.58365
-25.7123  5.12284  9.71625 -0.120824  0.462728 -0.025622  0 -0  0  3.10891e-06 -7.33352e-06  4.89098e-06 -0.00365309    0.695411   -0.389185  -0.932549  0.202565  0.291344 0 0 0 0 0 0 6.59915
-26.6634  5.58412  9.82998 -0.121239  0.478606 -0.031551  0 -0  0  3.10891e-06 -7.33352e-06  4.89098e-06 -0.011138  0.727195 -0.350338  -0.835994  0.310529  0.258084 0 0 0 0 0 0 6.61611
-27.5997  6.10365  10.0684  -0.120167   0.492213 -0.0416013  0 -0  0  3.10891e-06 -7.33352e-06  4.89098e-06 0.0165781  0.702429 -0.406831  -0.805613  0.294839  0.381484 0 0 0 0 0 0 6.63306
-28.2375  6.65557  10.4489  -0.118311   0.507665 -0.0497848  0 -0  0  3.10891e-06 -7.33352e-06  4.89098e-06 0.0433919  0.670154 -0.376469  -0.505668  0.232643  0.429914 0 0 0 0 0 0 6.65064
-28.5115  7.01315  10.7817  -0.117837    0.51317 -0.0550664  0 -0  0  3.10891e-06 -7.33352e-06  4.89098e-06 0.0337224  0.495386 -0.315656  -0.195066  0.108502  0.381164 0 0 0 0 0 0 6.65828
-29.011 7.57929 11.2221  -0.118983   0.522512 -0.0609111  0 -0  0  3.10891e-06 -7.33352e-06  4.89098e-06 0.00676247   0.570109   -0.35597  -0.738015  0.371512  0.878371 0 0 0 0 0 0 6.66936
-30.1138  8.43778  11.6623  -0.119065   0.537157 -0.0694225  0 -0  0  3.10891e-06 -7.33352e-06  4.89098e-06 0.00168914   0.612123  -0.370286   -0.9001   0.4196 0.643784 0 0 0 0 0 0 6.6863
-30.824 8.78892 11.7535   -0.11916   0.546867 -0.0804495  0 -0  0  3.10891e-06 -7.33352e-06  4.89098e-06 -0.0023411   0.534978  -0.421972  -0.55756 0.198799 0.208251 0 0 0 0 0 0 6.70099
-31.211 8.79316 11.6011  -0.116459   0.557592 -0.0879945  0 -0  0  3.10891e-06 -7.33352e-06  4.89098e-06 0.0526971  0.537687 -0.411205   -0.341826  0.0898323 -0.0999029 0 0 0 0 0 0 6.71438
-31.9856  8.95821  11.4753  -0.116678   0.563651 -0.0954572  0 -0  0  3.10891e-06 -7.33352e-06  4.89098e-06 0.0318735  0.467192 -0.409991   -0.669422   0.170164 -0.0181035 0 0 0 0 0 0 6.724
-32.8934  9.15408  11.4685 -0.119206  0.572798 -0.100461  0 -0  0  3.10891e-06 -7.33352e-06  4.89098e-06 -0.0273069   0.480212   -0.35538  -0.878781  0.161182 0.0810062 0 0 0 0 0 0 6.73473
-34.2784  9.18509  11.1587 -0.121819  0.585091 -0.107763  0 -0  0  3.10891e-06 -7.33352e-06  4.89098e-06 -0.0671134   0.524863   -0.35493   -1.11523  0.169213 -0.196447 0 0 0 0 0 0 6.74926
-35.6827  8.87966   10.716 -0.122426  0.594822 -0.118743  0 -0  0  3.10891e-06 -7.33352e-06  4.89098e-06 -0.0497744   0.499195  -0.419777      -1.06431 -0.000749094     -0.42516 0 0 0 0 0 0 6.76395
-36.5713  8.44673  10.3489 -0.121986  0.604669 -0.130361  0 -0  0  3.10891e-06 -7.33352e-06  4.89098e-06 -0.0176268    0.46446  -0.458709   -0.637852 -0.0947975  -0.412268 0 0 0 0 0 0 6.77918
-37.2959  8.08499  10.0146 -0.123967  0.609305 -0.136754  0 -0  0  3.10891e-06 -7.33352e-06  4.89098e-06 -0.0496291   0.388598  -0.415926  -0.617221 -0.109646 -0.472326 0 0 0 0 0 0 6.78732
-38.4239  7.71035  9.66045 -0.125846  0.613797  -0.14217  0 -0  0  3.10891e-06 -7.33352e-06  4.89098e-06 -0.072267  0.359534 -0.389723   -1.15504 -0.122523 -0.588624 0 0 0 0 0 0 6.79461
-39.984 7.14686 9.21692 -0.127902  0.623361 -0.148095  0 -0  0  3.10891e-06 -7.33352e-06  4.89098e-06 -0.0825295    0.38849  -0.336455   -1.20103 -0.120203 -0.555634 0 0 0 0 0 0 6.80604
-40.9977  6.62515  8.96665 -0.129396  0.627642 -0.158407  0 -0  0  3.10891e-06 -7.33352e-06  4.89098e-06 -0.0744519   0.306072  -0.383103  -0.736304 -0.181961 -0.397704 0 0 0 0 0 0 6.81731
-41.4891  6.45139  8.85278 -0.129132  0.634536 -0.166927  0 -0  0  3.10891e-06 -7.33352e-06  4.89098e-06 -0.036228  0.320535 -0.403856   -0.432844 -0.0468467  -0.176886 0 0 0 0 0 0 6.82827
-42.0901   6.2475  8.65723 -0.130432  0.638329 -0.175085  0 -0  0  3.10891e-06 -7.33352e-06  4.89098e-06 -0.0470456   0.281906   -0.42155   -0.526013 -0.0300405  -0.260844 0 0 0 0 0 0 6.83736
-42.9005  6.17428  8.41737 -0.131867   0.64264 -0.180352  0 -0  0  3.10891e-06 -7.33352e-06  4.89098e-06 -0.0589966   0.257719  -0.355217  -0.665173 0.0764707 -0.205015 0 0 0 0 0 0 6.84432
-43.703 6.22377 8.18674 -0.133825  0.649283 -0.183813  0 -0  0  3.10891e-06 -7.33352e-06  4.89098e-06 -0.0761356   0.279389  -0.276148  -0.682851   0.17092 -0.117109 0 0 0 0 0 0 6.85206
-44.2621  6.25804  7.97325  -0.13354   0.64908 -0.191159  0 -0  0  3.10891e-06 -7.33352e-06  4.89098e-06 -0.0389341   0.175505  -0.303554  -0.444164  0.137357 -0.103118 0 0 0 0 0 0 6.85941
-44.5282  6.42938  7.90488 -0.132751  0.652347 -0.198399  0 -0  0  3.10891e-06 -7.33352e-06  4.89098e-06 -0.00538019    0.166406    -0.32153  -0.223202  0.141943 0.0567379 0 0 0 0 0 0 6.8674
-44.8282  6.62416  7.83763 -0.131882  0.654532 -0.202012  0 -0  0  3.10891e-06 -7.33352e-06  4.89098e-06 0.0102591  0.151572 -0.276827  -0.268622  0.169912 0.0838635 0 0 0 0 0 0 6.87171
-45.0221  6.96759  7.77344 -0.132492  0.657792 -0.203614  0 -0  0  3.10891e-06 -7.33352e-06  4.89098e-06 -0.00892939    0.157295   -0.192909  -0.175788  0.250737  0.166756 0 0 0 0 0 0 6.87539
-45.096 7.36097 7.59413 -0.132845  0.662061 -0.202444  0 -0  0  3.10891e-06 -7.33352e-06  4.89098e-06 -0.0155926   0.172673 -0.0857914  -0.0722184   0.346744   0.126718 0 0 0 0 0 0 6.87983
-44.9756  7.62261  7.41347 -0.131101  0.659627 -0.205221  0 -0  0  3.10891e-06 -7.33352e-06  4.89098e-06  0.0252804  0.0669978 -0.0983441   0.12414 0.243205 0.056171 0 0 0 0 0 0 6.88391
-44.754 7.95556  7.4029 -0.129012  0.659145 -0.209336  0 -0  0  3.10891e-06 -7.33352e-06  4.89098e-06 0.0592674 0.0368408 -0.145074  0.209827  0.21147 0.200849 0 0 0 0 0 0 6.88855
-44.585 8.30051 7.45422 -0.127639  0.658236 -0.209607  0 -0  0  3.10891e-06 -7.33352e-06  4.89098e-06   0.062901 0.00619728 -0.0955306  0.178524 0.192507 0.260016 0 0 0 0 0 0 6.89022
-44.4227  8.68692  7.59966 -0.127085  0.658358 -0.207769  0 -0  0  3.10891e-06 -7.33352e-06  4.89098e-06  0.0459663 0.00722845  -0.015866  0.129927 0.152632 0.321648 0 0 0 0 0 0 6.89215
-44.3623  8.80861  7.68507 -0.127405  0.659073 -0.203234  0 -0  0  3.10891e-06 -7.33352e-06  4.89098e-06 0.0171071 0.0139791 0.0877354  0.0204374 0.0360254  0.122215 0 0 0 0 0 0 6.89675
-44.309  8.4789 7.70874 -0.126322  0.655993 -0.200076  0 -0  0  3.10891e-06 -7.33352e-06  4.89098e-06  0.0297891 -0.0460298   0.117669  0.0387607  -0.20225 -0.165633 0 0 0 0 0 0 6.90129
-44.141 8.08333   7.665 -0.124938  0.654503 -0.199734  0 -0  0  3.10891e-06 -7.33352e-06  4.89098e-06  0.0475433 -0.0547879  0.0740135   0.157181 -0.224418 -0.265151 0 0 0 0 0 0 6.90335
-43.9159  7.79935  7.57325 -0.124735  0.652134 -0.197413  0 -0  0  3.10891e-06 -7.33352e-06  4.89098e-06  0.0345746 -0.0835233  0.0953988  0.238218  -0.1479 -0.25786 0 0 0 0 0 0 6.90667
-43.5042  7.68466   7.5668 -0.127155  0.650345 -0.190899  0 -0  0  3.10891e-06 -7.33352e-06  4.89098e-06 -0.0260585 -0.0845907   0.198478    0.356234 -0.0792658 -0.0907071 0 0 0 0 0 0 6.91385
-43.0128  7.52257  7.56722 -0.128923  0.647503   -0.1825  0 -0  0  3.10891e-06 -7.33352e-06  4.89098e-06 -0.0543838  -0.108349   0.292929    0.403898 -0.0955258 -0.0983575 0 0 0 0 0 0 6.92289
-42.4849  7.21425  7.64179 -0.128443  0.640774 -0.176203  0 -0  0  3.10891e-06 -7.33352e-06  4.89098e-06 -0.021086 -0.181213  0.290333    0.40655 -0.216761 -0.113664 0 0 0 0 0 0 6.93212
-41.9282  7.01184   7.7624 -0.127018  0.636657 -0.172455  0 -0  0  3.10891e-06 -7.33352e-06  4.89098e-06 0.0185197 -0.189349  0.249545    0.494226  -0.208775 -0.0416972 0 0 0 0 0 0 6.93787
-41.3252  6.84826  7.78589 -0.127725  0.631593 -0.167371  0 -0  0  3.10891e-06 -7.33352e-06  4.89098e-06 -0.00151286   -0.223491     0.26305   0.590349 -0.145166 -0.087744 0 0 0 0 0 0 6.94508
-40.4482  6.68853  7.83074 -0.129316  0.625255 -0.158859  0 -0  0  3.10891e-06 -7.33352e-06  4.89098e-06 -0.0336466  -0.269648   0.346191    0.829937  -0.150088 -0.0749114 0 0 0 0 0 0 6.95581
-39.4187  6.47846  7.83503 -0.130503  0.619706 -0.146122  0 -0  0  3.10891e-06 -7.33352e-06  4.89098e-06 -0.0460505  -0.268214    0.45511   0.811306 -0.124195 -0.107653 0 0 0 0 0 0 6.96975
-38.6341  6.18797  7.82561  -0.13067  0.611807 -0.137964  0 -0  0  3.10891e-06 -7.33352e-06  4.89098e-06 -0.028754 -0.300496  0.418638   0.633345 -0.176791 -0.145335 0 0 0 0 0 0 6.98111
-37.9208  5.91266  7.85657 -0.128829   0.60554 -0.131309  0 -0  0  3.10891e-06 -7.33352e-06  4.89098e-06 0.0229636 -0.303566   0.38341   0.635866 -0.208174 -0.125685 0 0 0 0 0 0 6.99043
-37.2497  5.59878  7.82317 -0.128178  0.597445 -0.124715  0 -0  0  3.10891e-06 -7.33352e-06  4.89098e-06 0.0280376 -0.356587  0.376499   0.675149 -0.225322 -0.203022 0 0 0 0 0 0 7.0009
-36.2887  5.30101  7.79232 -0.129931   0.58824  -0.11552  0 -0  0  3.10891e-06 -7.33352e-06  4.89098e-06 -0.0136299  -0.399337     0.4153   0.844058 -0.202259 -0.187399 0 0 0 0 0 0 7.01402
-35.141 5.05402 7.77321 -0.131396  0.579174 -0.101483  0 -0  0  3.10891e-06 -7.33352e-06  4.89098e-06 -0.0406849  -0.425104   0.535506   0.974626 -0.154103 -0.140591 0 0 0 0 0 0 7.0308
-34.134 4.76477 7.78332  -0.131328    0.56784 -0.0914241  0 -0  0  3.10891e-06 -7.33352e-06  4.89098e-06 -0.0213649  -0.458102   0.502102   0.808605 -0.193787 -0.118369 0 0 0 0 0 0 7.04595
-33.3136  4.50275  7.82763  -0.130762   0.559069 -0.0845492  0 -0  0  3.10891e-06 -7.33352e-06  4.89098e-06 7.03722e-05   -0.447276    0.439564    0.740271  -0.219932 -0.0950945 0 0 0 0 0 0 7.05711
-32.462 4.15091 7.80658   -0.12903   0.549521 -0.0768836  0 -0  0  3.10891e-06 -7.33352e-06  4.89098e-06 0.0335287 -0.475598  0.429749   0.817759 -0.265873 -0.189542 0 0 0 0 0 0 7.06948
-31.3406  3.90173  7.80216  -0.130999   0.537724 -0.0697048  0 -0  0  3.10891e-06 -7.33352e-06  4.89098e-06 -0.0105379  -0.530348   0.409948    1.02839 -0.201365 -0.133351 0 0 0 0 0 0 7.08343
-30.0489   3.7498   7.7976  -0.132406   0.528467 -0.0572646  0 -0  0  3.10891e-06 -7.33352e-06  4.89098e-06 -0.0359586  -0.503314   0.492237     1.08523 -0.0995488 -0.0747374 0 0 0 0 0 0 7.099
-28.9485  3.54609  7.76423 -0.133047  0.513264 -0.046113  0 -0  0  3.10891e-06 -7.33352e-06  4.89098e-06 -0.0348495  -0.580288   0.501007    0.880292  -0.125161 -0.0953682 0 0 0 0 0 0 7.11786
-27.9924  3.30923   7.8119   -0.13258   0.502908 -0.0389535  0 -0  0  3.10891e-06 -7.33352e-06  4.89098e-06 -0.00941771   -0.554018     0.44554    0.859661  -0.206871 -0.0628086 0 0 0 0 0 0 7.13046
-26.9957  3.08048  7.76693  -0.131505   0.493344 -0.0320408  0 -0  0  3.10891e-06 -7.33352e-06  4.89098e-06 0.0164973 -0.535383  0.410617     0.9179  -0.16728 -0.126727 0 0 0 0 0 0 7.14231
-25.8245  3.01498  7.69897  -0.132015   0.477616 -0.0246572  0 -0  0  3.10891e-06 -7.33352e-06  4.89098e-06 0.00344142  -0.646165    0.40333     1.09898 -0.0459563 -0.0912444 0 0 0 0 0 0 7.15969
-24.4366  2.98777   7.5849  -0.131807   0.464501 -0.0148049  0 -0  0  3.10891e-06 -7.33352e-06  4.89098e-06  0.004765 -0.652866  0.439941    1.20989 0.0237528  -0.10042 0 0 0 0 0 0 7.1761
-23.226 2.78386 7.40428  -0.131238   0.446803 -0.0048319  0 -0  0  3.10891e-06 -7.33352e-06  4.89098e-06 0.0120171  -0.71766  0.448625    0.986087 -0.0876138  -0.184209 0 0 0 0 0 0 7.19642
-22.1923   2.4097  7.30048  -0.128848   0.435065 0.00186978  0 -0  0  3.10891e-06 -7.33352e-06  4.89098e-06  0.059301 -0.656731  0.400019   0.915646 -0.266674 -0.208375 0 0 0 0 0 0 7.21014
-21.2379  2.12062  7.09036  -0.127292   0.423499 0.00895685  0 -0  0  3.10891e-06 -7.33352e-06  4.89098e-06 0.0676705 -0.625026  0.380515   0.847266 -0.171626 -0.259304 0 0 0 0 0 0 7.2238
-20.2789  2.06115   6.8786 -0.127862  0.407185 0.0144365  0 -0  0  3.10891e-06 -7.33352e-06  4.89098e-06 0.0368602 -0.720633   0.35442     0.952066 -0.00945947    -0.21135 0 0 0 0 0 0 7.24102
-19.1222  2.04872   6.6939  -0.12954   0.39187 0.0225252  0 -0  0  3.10891e-06 -7.33352e-06  4.89098e-06 -0.0106243   -0.74644    0.37949    1.02137 0.0450016 -0.162651 0 0 0 0 0 0 7.25842
-18.0556  1.97703   6.4995 -0.129149  0.374725 0.0295525  0 -0  0  3.10891e-06 -7.33352e-06  4.89098e-06 0.00151139  -0.761758   0.355809     0.873765 -0.00195807   -0.160969 0 0 0 0 0 0 7.27695
-17.1053  1.76567  6.37447  -0.12788  0.360758 0.0347465  0 -0  0  3.10891e-06 -7.33352e-06  4.89098e-06 0.0285705 -0.732841    0.3185   0.845777 -0.146415 -0.159751 0 0 0 0 0 0 7.29191
-16.0387  1.64496   6.2258 -0.125841  0.345888 0.0417153  0 -0  0  3.10891e-06 -7.33352e-06  4.89098e-06 0.0565176 -0.733108  0.326983    0.916471 -0.0621909  -0.152233 0 0 0 0 0 0 7.30845
-14.9514  1.72885  6.08575 -0.125146  0.326907 0.0460757  0 -0  0  3.10891e-06 -7.33352e-06  4.89098e-06 0.0512501 -0.822831  0.289501    1.00327 0.0886061 -0.103942 0 0 0 0 0 0 7.32794
-13.901 1.83301 5.92653 -0.123854  0.309322 0.0526491  0 -0  0  3.10891e-06 -7.33352e-06  4.89098e-06 0.0552879 -0.837462  0.302412   0.898541  0.119107 -0.108036 0 0 0 0 0 0 7.34676
-12.8625  1.86059  5.67175 -0.124405   0.29259 0.0579111  0 -0  0  3.10891e-06 -7.33352e-06  4.89098e-06 0.0222621 -0.846826  0.290917   0.935061 0.0749499 -0.214626 0 0 0 0 0 0 7.36431
-11.7356   1.6995  5.39419 -0.122192  0.277353 0.0616803  0 -0  0  3.10891e-06 -7.33352e-06  4.89098e-06 0.0598079 -0.807987  0.250936    0.999401 -0.0878263  -0.265843 0 0 0 0 0 0 7.38016
-10.6557  1.47893  5.07205 -0.120304  0.260674 0.0658028  0 -0  0  3.10891e-06 -7.33352e-06  4.89098e-06 0.0732943 -0.816304  0.233105   0.954699 -0.132664 -0.306879 0 0 0 0 0 0 7.39745
-9.66622  1.20981  4.78136 -0.120115  0.242805 0.0690184  0 -0  0  3.10891e-06 -7.33352e-06  4.89098e-06 0.0511872  -0.84318  0.205283   0.880458 -0.189164 -0.291949 0 0 0 0 0 0 7.4156
-8.73396 0.864813  4.37547 -0.124589  0.225381 0.0724676  0 -0  0  3.10891e-06 -7.33352e-06  4.89098e-06 -0.0550776  -0.861909   0.197858   0.841358 -0.246709 -0.404599 0 0 0 0 0 0 7.43392
-7.88891 0.503724    3.842 -0.125832  0.208337 0.0753279  0 -0  0  3.10891e-06 -7.33352e-06  4.89098e-06 -0.057762 -0.851917  0.176355   0.748279 -0.240803 -0.497187 0 0 0 0 0 0 7.45125
 -6.9663 0.139161  3.27624  -0.12618  0.191747 0.0762627  0 -0  0  3.10891e-06 -7.33352e-06  4.89098e-06 -0.0404551  -0.842623    0.12898   0.815952 -0.260522 -0.533908 0 0 0 0 0 0 7.46787
  -6.0099 -0.207934   2.78272 -0.126655  0.174922 0.0788077  0 -0  0  3.10891e-06 -7.33352e-06  4.89098e-06 -0.0335122  -0.836412   0.126657   0.820961  -0.24693 -0.458313 0 0 0 0 0 0 7.48489
 -5.05998 -0.476646   2.34324 -0.127147  0.155946 0.0800503  0 -0  0  3.10891e-06 -7.33352e-06  4.89098e-06 -0.0291698  -0.876113   0.101948   0.836849 -0.197369   -0.4051 0 0 0 0 0 0 7.50391
 -4.21291 -0.700874    1.9019  -0.12932  0.136266 0.0813625  0 -0  0  3.10891e-06 -7.33352e-06  4.89098e-06 -0.0606912  -0.925487  0.0916607   0.763251 -0.165518 -0.403386 0 0 0 0 0 0 7.52375
 -3.33602 -0.830385   1.44993 -0.129456  0.118712 0.0865637  0 -0  0  3.10891e-06 -7.33352e-06  4.89098e-06 -0.0377141  -0.903189   0.151568    0.743726 -0.0946908    -0.4004 0 0 0 0 0 0 7.54206
 -2.28137 -0.933615   1.13228 -0.128719  0.102302 0.0881858  0 -0  0  3.10891e-06 -7.33352e-06  4.89098e-06 -0.00675131   -0.862209    0.126121    0.895951 -0.0805539  -0.282135 0 0 0 0 0 0 7.55857
 -1.13609 -0.971502  0.851333  -0.12908 0.0845027  0.090489  0 -0  0  3.10891e-06 -7.33352e-06  4.89098e-06 -0.0110259  -0.879392   0.123397      1.0115 -0.0279829   -0.25238 0 0 0 0 0 0 7.57652
-0.165723 -0.936045   0.56751 -0.129426 0.0669732 0.0919019  0 -0  0  3.10891e-06 -7.33352e-06  4.89098e-06 -0.0124253  -0.871759  0.0991869   0.838017 0.0317379 -0.242678 0 0 0 0 0 0 7.59411
 0.689732 -0.806468  0.286925 -0.130242 0.0493091  0.087601  0 -0  0  3.10891e-06 -7.33352e-06  4.89098e-06 -0.0198174  -0.901319 -0.0177783   0.839723 0.0955988 -0.265929 0 0 0 0 0 0 7.61231
   1.90404  -0.624442 -0.0733078 -0.133653 0.0285801 0.0857845  0 -0  0  3.10891e-06 -7.33352e-06  4.89098e-06 -0.0802286  -0.965925  -0.044501    1.03394   0.14276 -0.325882 0 0 0 0 0 0 7.6334
  2.93355 -0.697752  -0.29684  -0.132296 0.00890859   0.084786  0 -0  0  3.10891e-06 -7.33352e-06  4.89098e-06 -0.0171012  -0.909427 -0.0460103    0.791602 -0.0563993  -0.167499 0 0 0 0 0 0 7.65314
  3.86648 -0.836169 -0.467866  -0.133656 -0.0101855   0.084617  0 -0  0  3.10891e-06 -7.33352e-06  4.89098e-06 -0.0389005  -0.958793 -0.0293421   0.881377 -0.138802 -0.158857 0 0 0 0 0 0 7.67228
  4.89968  -1.04711 -0.849456  -0.137085 -0.0245361  0.0849459  0 -0  0  3.10891e-06 -7.33352e-06  4.89098e-06 -0.0934604  -0.891997 -0.0127276   0.946421 -0.231181 -0.324191 0 0 0 0 0 0 7.68704
 6.08265 -1.21906 -1.39718  -0.138794 -0.0434921   0.081576  0 -0  0  3.10891e-06 -7.33352e-06  4.89098e-06 -0.0887149  -0.916302 -0.0727083    1.04225 -0.211053 -0.460491 0 0 0 0 0 0 7.70637
 7.01966 -1.22097 -1.97194  -0.141285 -0.0617462  0.0809845  0 -0  0  3.10891e-06 -7.33352e-06  4.89098e-06 -0.0977196  -0.873886 -0.0558163    0.764916 -0.0581717  -0.451913 0 0 0 0 0 0 7.7248
 7.87496 -1.09493 -2.35721 -0.143336 -0.075914  0.076869  0 -0  0  3.10891e-06 -7.33352e-06  4.89098e-06 -0.100411 -0.799114  -0.10881   0.725974 0.0544659 -0.354096 0 0 0 0 0 0 7.7397
   8.8396 -0.955961  -2.81345 -0.143232 -0.094206 0.0762269  0 -0  0  3.10891e-06 -7.33352e-06  4.89098e-06 -0.0607498  -0.873238 -0.0798363   0.903147 0.0757384 -0.435376 0 0 0 0 0 0 7.758
   9.8317 -0.851609  -3.28742 -0.145518 -0.110116 0.0753141  0 -0  0  3.10891e-06 -7.33352e-06  4.89098e-06 -0.0817563  -0.839959 -0.0637427   0.845736 0.0207014 -0.416147 0 0 0 0 0 0 7.7741
  10.8834 -0.679527  -3.80381 -0.147367 -0.127652 0.0705953  0 -0  0  3.10891e-06 -7.33352e-06  4.89098e-06 -0.0848314  -0.867462  -0.133166   0.958071 0.0541013 -0.485008 0 0 0 0 0 0 7.79235
  11.8949 -0.465831  -4.33666 -0.149672  -0.14687 0.0685989  0 -0  0  3.10891e-06 -7.33352e-06  4.89098e-06 -0.0926384    -0.8665  -0.116039   0.816949 0.0820423 -0.443799 0 0 0 0 0 0 7.81181
   12.848 -0.301119  -4.68116 -0.151648 -0.162162 0.0627232  0 -0  0  3.10891e-06 -7.33352e-06  4.89098e-06 -0.0954134  -0.823432  -0.180054   0.820223  0.070845 -0.330149 0 0 0 0 0 0 7.82831
  13.9362 -0.106443  -5.04755 -0.152228 -0.176681 0.0588223  0 -0  0  3.10891e-06 -7.33352e-06  4.89098e-06 -0.0704932  -0.805562  -0.192198    1.00765 0.0964318 -0.370451 0 0 0 0 0 0 7.84336
 15.0197 0.113666 -5.42361 -0.154096 -0.192925  0.055687  0 -0  0  3.10891e-06 -7.33352e-06  4.89098e-06 -0.0799207    -0.8123  -0.176234   0.959869  0.102144 -0.371696 0 0 0 0 0 0 7.86001
 16.1155 0.375502 -5.78465 -0.155591 -0.210434 0.0493997  0 -0  0  3.10891e-06 -7.33352e-06  4.89098e-06 -0.0758795  -0.847525  -0.233949   1.00225 0.129064 -0.37351 0 0 0 0 0 0 7.87867
 17.1466  0.71143 -6.15425 -0.158856 -0.229633   0.04669  0 -0  0  3.10891e-06 -7.33352e-06  4.89098e-06 -0.106345 -0.851755 -0.188978  0.840425  0.16693 -0.35154 0 0 0 0 0 0 7.89833
 18.0558 0.921244 -6.41266 -0.161236 -0.244886 0.0404727  0 -0  0  3.10891e-06 -7.33352e-06  4.89098e-06 -0.111502 -0.815231 -0.232823   0.786514  0.103075 -0.273828 0 0 0 0 0 0 7.91498
 19.0789  1.10646 -6.64361 -0.162338 -0.257056 0.0366992  0 -0  0  3.10891e-06 -7.33352e-06  4.89098e-06 -0.0936094  -0.761523  -0.224664   0.973927 0.0966272 -0.265172 0 0 0 0 0 0 7.92777
 20.2251  1.23135 -7.02331 -0.166633 -0.271214 0.0316045  0 -0  0  3.10891e-06 -7.33352e-06  4.89098e-06 -0.141138 -0.761076 -0.241677      1.07884 -0.00995841   -0.368524 0 0 0 0 0 0 7.94341
 21.3792  1.37775 -7.42808 -0.169739 -0.286111 0.0248047  0 -0  0  3.10891e-06 -7.33352e-06  4.89098e-06 -0.146263 -0.766371 -0.287612     1.06068 -0.0127775  -0.390107 0 0 0 0 0 0 7.96008
 22.6785  1.70424 -7.89273 -0.173904 -0.303741  0.020298  0 -0  0  3.10891e-06 -7.33352e-06  4.89098e-06 -0.167736 -0.793769 -0.256709    1.08828  0.104959 -0.454195 0 0 0 0 0 0 7.97875
 23.7018  1.98053 -8.23482 -0.176616 -0.319156 0.0102518  0 -0  0  3.10891e-06 -7.33352e-06  4.89098e-06  -0.14435  -0.74131 -0.330091   0.773209 0.0834975 -0.324423 0 0 0 0 0 0 7.99735
 24.4783  2.14677 -8.43626  -0.178057  -0.329275 0.00696872  0 -0  0  3.10891e-06 -7.33352e-06  4.89098e-06 -0.123632 -0.672266 -0.274608   0.743405 0.0739675 -0.240829 0 0 0 0 0 0 8.00808
 25.3347  2.31501 -8.82087  -0.181309  -0.341289 0.00152149  0 -0  0  3.10891e-06 -7.33352e-06  4.89098e-06 -0.142628 -0.668962 -0.284312     0.835058 -0.00696409   -0.391468 0 0 0 0 0 0 8.02167
 26.4007  2.60345 -9.31246   -0.184261   -0.352643 -0.00528042  0 -0  0  3.10891e-06 -7.33352e-06  4.89098e-06 -0.147191 -0.650357 -0.318706    1.01676 0.0330094 -0.531631 0 0 0 0 0 0 8.03523
 27.5785  3.05627 -9.83936  -0.188613  -0.369588 -0.0105348  0 -0  0  3.10891e-06 -7.33352e-06  4.89098e-06  -0.17047 -0.706435 -0.287333     1.0032  0.139621 -0.547836 0 0 0 0 0 0 8.0535
 28.4239  3.45741 -9.99085  -0.190714  -0.383957 -0.0217093  0 -0  0  3.10891e-06 -7.33352e-06  4.89098e-06 -0.129702 -0.659869 -0.362052   0.609954  0.196785 -0.237664 0 0 0 0 0 0 8.07182
 28.9845  3.62517 -10.0664  -0.189836  -0.394088 -0.0260095  0 -0  0  3.10891e-06 -7.33352e-06  4.89098e-06 -0.0664334  -0.622668  -0.318576   0.540238  0.125912 -0.137223 0 0 0 0 0 0 8.08286
 29.7014  3.85716 -10.3011  -0.190305  -0.403085 -0.0304702  0 -0  0  3.10891e-06 -7.33352e-06  4.89098e-06 -0.0553668  -0.594733  -0.301247   0.741227 0.0934386 -0.308497 0 0 0 0 0 0 8.09291
 30.7105   4.1465 -10.5734  -0.192739  -0.415033 -0.0381755  0 -0  0  3.10891e-06 -7.33352e-06  4.89098e-06 -0.0797337  -0.618417  -0.350362   0.978249 0.0942084 -0.370022 0 0 0 0 0 0 8.10734
 31.8515  4.54367 -10.7061  -0.197071   -0.43063 -0.0464954  0 -0  0  3.10891e-06 -7.33352e-06  4.89098e-06 -0.126266 -0.642852 -0.354615  0.888899 0.204753 -0.24738 0 0 0 0 0 0 8.12554
 32.8395  4.91803 -10.6698  -0.198135  -0.442626 -0.0575472  0 -0  0  3.10891e-06 -7.33352e-06  4.89098e-06 -0.0878559  -0.583752   -0.39513   0.680892   0.23171 -0.126955 0 0 0 0 0 0 8.14188
 33.6118  5.11665 -10.5352 -0.196744 -0.449073 -0.062539  0 -0  0  3.10891e-06 -7.33352e-06  4.89098e-06 -0.0292639  -0.504337  -0.346793   0.706601  0.237926 0.0101269 0 0 0 0 0 0 8.15015
 34.4474  5.38996 -10.6969  -0.197579  -0.456267 -0.0670063  0 -0  0  3.10891e-06 -7.33352e-06  4.89098e-06 -0.0383817  -0.488402  -0.323661   0.914979  0.148192 -0.282984 0 0 0 0 0 0 8.15866
  35.527  5.71024 -11.0844  -0.202458  -0.465346 -0.0742182  0 -0  0  3.10891e-06 -7.33352e-06  4.89098e-06  -0.11477 -0.489661 -0.346958     1.0514 0.0256776 -0.462364 0 0 0 0 0 0 8.17124
 36.8693  6.15846 -11.5216  -0.207726  -0.478917 -0.0827706  0 -0  0  3.10891e-06 -7.33352e-06  4.89098e-06 -0.164625 -0.540262 -0.363894    1.12095 0.0822653 -0.489097 0 0 0 0 0 0 8.18813
 37.7684  6.54289 -11.6612  -0.209415  -0.489805 -0.0951452  0 -0  0  3.10891e-06 -7.33352e-06  4.89098e-06 -0.117338 -0.495789 -0.415955   0.617139  0.144058 -0.241321 0 0 0 0 0 0 8.2047
   38.25  6.70986 -11.6339 -0.209775 -0.495637 -0.100457  0 -0  0  3.10891e-06 -7.33352e-06  4.89098e-06 -0.0844006  -0.439365  -0.364947    0.457207   0.153795 -0.0762824 0 0 0 0 0 0 8.21259
 38.8722  7.02297 -11.8241 -0.212187 -0.501796 -0.105984  0 -0  0  3.10891e-06 -7.33352e-06  4.89098e-06 -0.105082 -0.420772 -0.353462    0.65934  0.121352 -0.337049 0 0 0 0 0 0 8.22121
 39.6416  7.39455 -12.2582 -0.217223 -0.509888  -0.11238  0 -0  0  3.10891e-06 -7.33352e-06  4.89098e-06   -0.1623 -0.424854 -0.343324    0.759052 0.00862951  -0.514191 0 0 0 0 0 0 8.23269
 40.5682  7.91578 -12.7264 -0.222982 -0.520957 -0.118919  0 -0  0  3.10891e-06 -7.33352e-06  4.89098e-06 -0.206137 -0.458856 -0.326249   0.822807 0.0836276   -0.5668 0 0 0 0 0 0 8.24678
 41.3353  8.30616 -12.8716 -0.222454 -0.527879  -0.13065  0 -0  0  3.10891e-06 -7.33352e-06  4.89098e-06 -0.0992814    -0.3933  -0.384538  0.515438 0.126353  -0.2631 0 0 0 0 0 0 8.26041
 41.7677  8.41337 -12.7962 -0.223101 -0.531071 -0.137686  0 -0  0  3.10891e-06 -7.33352e-06  4.89098e-06 -0.0753356   -0.32354  -0.371021    0.372871   0.116696 -0.0164594 0 0 0 0 0 0 8.26816
 42.2049  8.62233 -13.0722 -0.224008 -0.535763 -0.141751  0 -0  0  3.10891e-06 -7.33352e-06  4.89098e-06 -0.0722427  -0.314696  -0.325116    0.484977 -0.0313967  -0.336458 0 0 0 0 0 0 8.27444
 42.7663  8.94957 -13.5653 -0.229435 -0.541354 -0.148374  0 -0  0  3.10891e-06 -7.33352e-06  4.89098e-06 -0.143749 -0.303849 -0.321178    0.538905 -0.0936109  -0.492737 0 0 0 0 0 0 8.28466
 43.2998  9.43773 -14.0402 -0.233188 -0.549306 -0.152732  0 -0  0  3.10891e-06 -7.33352e-06  4.89098e-06 -0.157881 -0.322182 -0.268541    0.50041 0.0352528 -0.540334 0 0 0 0 0 0 8.29448
 43.7466   9.8792 -14.2339 -0.235097 -0.555141 -0.158036  0 -0  0  3.10891e-06 -7.33352e-06  4.89098e-06 -0.128601 -0.302364 -0.256659  0.370243 0.145167 -0.35875 0 0 0 0 0 0 8.30259
  44.141  10.2088 -14.3333 -0.236767 -0.553332 -0.162968  0 -0  0  3.10891e-06 -7.33352e-06  4.89098e-06 -0.118353 -0.194117  -0.25094   0.360159  0.147676 -0.275536 0 0 0 0 0 0 8.3081
 44.4752  10.4768 -14.5346 -0.238259 -0.556396 -0.164232  0 -0  0  3.10891e-06 -7.33352e-06  4.89098e-06 -0.109571 -0.185085 -0.174431  0.319107 0.047423 -0.29209 0 0 0 0 0 0 8.31174
 44.4585  10.5185 -14.8298 -0.240299 -0.557515 -0.165624  0 -0  0  3.10891e-06 -7.33352e-06  4.89098e-06 -0.114411 -0.148331 -0.135065  0.0530152 -0.140228  -0.22009 0 0 0 0 0 0 8.31445
 44.4017  10.5856 -15.0819 -0.242512  -0.56021  -0.16599  0 -0  0  3.10891e-06 -7.33352e-06  4.89098e-06  -0.113028   -0.13898 -0.0846268  -0.00337749  -0.0947981   -0.184302 0 0 0 0 0 0 8.31795
 44.4673  10.6755 -15.0836 -0.242268  -0.56233 -0.168461  0 -0  0  3.10891e-06 -7.33352e-06  4.89098e-06 -0.0612318  -0.128896 -0.0953252  0.0402423 0.0407949 -0.058238 0 0 0 0 0 0 8.32122
 44.5077  10.6584 -15.0561 -0.241102 -0.559718 -0.169294  0 -0  0  3.10891e-06 -7.33352e-06  4.89098e-06 -0.0171542 -0.0509888  -0.069328   0.0207699 0.00830615  0.0288068 0 0 0 0 0 0 8.3242
 44.3958  10.5816 -15.2222 -0.241205 -0.560645 -0.166981  0 -0  0  3.10891e-06 -7.33352e-06  4.89098e-06 -0.0193146 -0.0534931 0.00992023  -0.0825974  -0.161965 -0.0521654 0 0 0 0 0 0 8.32669
 43.9183  10.3036 -15.4703 -0.243227 -0.557756 -0.163464  0 -0  0  3.10891e-06 -7.33352e-06  4.89098e-06 -0.0555011 0.00345391  0.0856909  -0.381238  -0.33079 0.0163964 0 0 0 0 0 0 8.33167
43.3806 10.0701 -15.705 -0.246667 -0.556053 -0.159298  0 -0  0  3.10891e-06 -7.33352e-06  4.89098e-06 -0.100418 0.0303717  0.136866    -0.409934   -0.269638 -0.00298866 0 0 0 0 0 0 8.33734
 43.0833  9.95135 -15.7436 -0.245752 -0.553305 -0.155491  0 -0  0  3.10891e-06 -7.33352e-06  4.89098e-06 -0.0427102  0.0585486   0.152746  -0.254767 -0.098247 0.0331842 0 0 0 0 0 0 8.34212
 42.7736  9.72817 -15.6769 -0.244152  -0.54748 -0.150391  0 -0  0  3.10891e-06 -7.33352e-06  4.89098e-06 0.0028628  0.127643  0.194939   -0.275949 -0.0938395    0.16862 0 0 0 0 0 0 8.35003
 42.3349  9.47925 -15.7254 -0.243622 -0.545511 -0.145014  0 -0  0  3.10891e-06 -7.33352e-06  4.89098e-06 0.00828309   0.123072    0.24016  -0.423712 -0.209124  0.136989 0 0 0 0 0 0 8.35578
 41.4976  8.96936 -15.8697 -0.243728 -0.540046 -0.138258  0 -0  0  3.10891e-06 -7.33352e-06  4.89098e-06 -0.00260843    0.175276    0.291694  -0.747907 -0.420627  0.223199 0 0 0 0 0 0 8.36447
 40.6532  8.48237 -15.9518   -0.2448 -0.534418 -0.130434  0 -0  0  3.10891e-06 -7.33352e-06  4.89098e-06 -0.0237961   0.205103   0.324358  -0.677747  -0.34157   0.21001 0 0 0 0 0 0 8.37417
 40.0235  8.13848 -15.8896 -0.243589 -0.530341 -0.123136  0 -0  0  3.10891e-06 -7.33352e-06  4.89098e-06 0.00929715   0.195473   0.326395   -0.51094 -0.179984  0.211984 0 0 0 0 0 0 8.38261
 39.6805  7.85303 -15.6125 -0.242303 -0.521494 -0.114362  0 -0  0  3.10891e-06 -7.33352e-06  4.89098e-06 0.0276452   0.27139  0.375089   -0.342569 -0.0460421   0.334199 0 0 0 0 0 0 8.39514
 39.0807  7.54855 -15.5808 -0.240015 -0.516428 -0.107303  0 -0  0  3.10891e-06 -7.33352e-06  4.89098e-06 0.0601364  0.278074  0.388049  -0.589532 -0.196333  0.229884 0 0 0 0 0 0 8.40412
 37.9066  6.91293 -15.6667  -0.239148  -0.510011 -0.0988628  0 -0  0  3.10891e-06 -7.33352e-06  4.89098e-06 0.0517951   0.30603  0.421025   -1.08173 -0.485805  0.318878 0 0 0 0 0 0 8.41476
36.5697  6.2595 -15.636  -0.239356  -0.503268 -0.0895104  0 -0  0  3.10891e-06 -7.33352e-06  4.89098e-06 0.0268496  0.315134  0.438198   -1.14272 -0.430644  0.357497 0 0 0 0 0 0 8.42629
 35.5521  5.73243 -15.4305  -0.236015  -0.492725 -0.0793796  0 -0  0  3.10891e-06 -7.33352e-06  4.89098e-06 0.0768318  0.367657  0.451265  -0.886166  -0.25865   0.37263 0 0 0 0 0 0 8.44129
  35.092  5.48186 -15.1335  -0.231846  -0.481844 -0.0703914  0 -0  0  3.10891e-06 -7.33352e-06  4.89098e-06 0.124915 0.407549 0.435538   -0.415195 -0.0429899   0.305695 0 0 0 0 0 0 8.45601
 34.5998   5.2856 -14.9991  -0.230294  -0.472313 -0.0644826  0 -0  0  3.10891e-06 -7.33352e-06  4.89098e-06 0.115138 0.458738 0.405259   -0.530216 -0.0909834   0.240682 0 0 0 0 0 0 8.46733
 33.1834  4.60225 -14.9085    -0.2293  -0.460235 -0.0559134  0 -0  0  3.10891e-06 -7.33352e-06  4.89098e-06 0.0931348  0.540135  0.437075   -1.34827 -0.467013  0.439518 0 0 0 0 0 0 8.48217
 31.4275  3.80014 -14.6522  -0.228682  -0.447543 -0.0463759  0 -0  0  3.10891e-06 -7.33352e-06  4.89098e-06 0.0664509  0.559985   0.44073  -1.43579 -0.44219 0.519309 0 0 0 0 0 0 8.49806
 30.1633  3.26058 -14.2625  -0.226083  -0.432516 -0.0340793  0 -0  0  3.10891e-06 -7.33352e-06  4.89098e-06 0.0847027  0.583967  0.475871  -0.994394 -0.208028  0.451678 0 0 0 0 0 0 8.51765
  29.661  3.01911 -13.8768  -0.222901  -0.423021 -0.0241828  0 -0  0  3.10891e-06 -7.33352e-06  4.89098e-06 0.114127 0.526553 0.461106   -0.416681 -0.0165607    0.36053 0 0 0 0 0 0 8.53173
28.9984 2.74333 -13.633  -0.219933  -0.413631 -0.0176427  0 -0  0  3.10891e-06 -7.33352e-06  4.89098e-06 0.137024 0.541599 0.437313  -0.704378 -0.116947  0.370249 0 0 0 0 0 0 8.54355
 27.5679  2.05447 -13.3639   -0.217463   -0.398915 -0.00971127  0 -0  0  3.10891e-06 -7.33352e-06  4.89098e-06 0.138219 0.658906 0.449848   -1.47424 -0.470856  0.579711 0 0 0 0 0 0 8.56045
 25.4727  1.14725 -12.8821   -0.215898   -0.383905 0.000632074  0 -0  0  3.10891e-06 -7.33352e-06  4.89098e-06 0.111734 0.684375 0.468159   -1.73892 -0.492091  0.692221 0 0 0 0 0 0 8.57874
 24.3224  0.65207 -12.4148 -0.215844 -0.366255 0.0152608  0 -0  0  3.10891e-06 -7.33352e-06  4.89098e-06 0.062764 0.691359 0.527664  -0.925811 -0.223045  0.472778 0 0 0 0 0 0 8.60167
 23.7686 0.424522 -12.1144  -0.21147 -0.352993 0.0208417  0 -0  0  3.10891e-06 -7.33352e-06  4.89098e-06 0.129062 0.666987 0.432386   -0.489935 -0.0921698   0.319458 0 0 0 0 0 0 8.61671
 22.8377 0.131066 -11.6978 -0.208676 -0.341135 0.0269437  0 -0  0  3.10891e-06 -7.33352e-06  4.89098e-06 0.141185 0.665103 0.395372    -0.88831 -0.0957943   0.475708 0 0 0 0 0 0 8.63033
  21.3694 -0.393565  -11.3241 -0.207185 -0.324786 0.0337038  0 -0  0  3.10891e-06 -7.33352e-06  4.89098e-06 0.121141 0.755517 0.385993   -1.40105 -0.322332  0.525129 0 0 0 0 0 0 8.64809
 19.2898 -1.05563  -10.836 -0.204926 -0.305015 0.0426294  0 -0  0  3.10891e-06 -7.33352e-06  4.89098e-06 0.115966 0.857129 0.411349   -1.83333 -0.395919  0.601913 0 0 0 0 0 0 8.6699
 18.1155 -1.41585 -10.4302 -0.202678 -0.283289 0.0543323  0 -0  0  3.10891e-06 -7.33352e-06  4.89098e-06 0.104954 0.868416 0.446022  -0.997076 -0.195298  0.369319 0 0 0 0 0 0 8.69468
  17.255 -1.59397 -10.1469 -0.199171 -0.269435 0.0561497  0 -0  0  3.10891e-06 -7.33352e-06  4.89098e-06 0.134945 0.792723 0.324283   -0.716899 -0.0903724   0.292385 0 0 0 0 0 0 8.70908
 16.1815 -1.76183 -9.92853  -0.19607 -0.253652 0.0615746  0 -0  0  3.10891e-06 -7.33352e-06  4.89098e-06 0.148141 0.819101  0.31294    -1.01912 -0.0902334   0.252571 0 0 0 0 0 0 8.72606
 14.7081 -2.02651 -9.65664 -0.194499 -0.235896 0.0664235  0 -0  0  3.10891e-06 -7.33352e-06  4.89098e-06 0.126313 0.869525 0.289987   -1.3585  -0.1696 0.307041 0 0 0 0 0 0 8.74453
 12.4065 -2.41925 -9.29415 -0.190106   -0.2147 0.0721051  0 -0  0  3.10891e-06 -7.33352e-06  4.89098e-06 0.162312  0.97313 0.289884   -2.07776 -0.266811  0.405933 0 0 0 0 0 0 8.76691
 11.2464 -2.51201 -9.14046 -0.187642  -0.19517 0.0810419  0 -0  0  3.10891e-06 -7.33352e-06  4.89098e-06 0.125984 0.839804  0.31062   -0.889609 -0.0663668   0.108961 0 0 0 0 0 0 8.78853
 10.4929 -2.47295  -9.0863 -0.185966 -0.183127 0.0818641  0 -0  0  3.10891e-06 -7.33352e-06  4.89098e-06 0.118352 0.816192 0.240639  -0.828504 0.0405883  0.055138 0 0 0 0 0 0 8.80072
 9.20306 -2.48361 -8.91509 -0.184714 -0.164447 0.0867164  0 -0  0  3.10891e-06 -7.33352e-06  4.89098e-06 0.0974441  0.887611  0.246683    -1.1857 0.0139684  0.148132 0 0 0 0 0 0 8.82006
   7.714 -2.69342 -8.63191 -0.181744 -0.142999 0.0917967  0 -0  0  3.10891e-06 -7.33352e-06  4.89098e-06  0.11558 0.955777 0.245521   -1.28035 -0.139498  0.268507 0 0 0 0 0 0 8.8423
 5.83358 -3.00769 -8.20535 -0.178601 -0.121206 0.0940446  0 -0  0  3.10891e-06 -7.33352e-06  4.89098e-06 0.135242  1.03277 0.192242   -1.68308 -0.245474  0.414426 0 0 0 0 0 0 8.86443
 4.74112 -3.22437 -7.72649  -0.175047 -0.0994152  0.0973585  0 -0  0  3.10891e-06 -7.33352e-06  4.89098e-06 0.136057 0.939072 0.163875  -0.854474 -0.142661  0.333521 0 0 0 0 0 0 8.88676
 4.05061 -3.37686  -7.3022  -0.174165 -0.0835319   0.097678  0 -0  0  3.10891e-06 -7.33352e-06  4.89098e-06 0.101341 0.913118 0.117706  -0.643136 -0.124592  0.417135 0 0 0 0 0 0 8.90267
 2.96937  -3.5137 -6.72741  -0.172825 -0.0670846  0.0998534  0 -0  0  3.10891e-06 -7.33352e-06  4.89098e-06 0.090567 0.904463 0.119556   -0.975889 -0.0973224   0.540298 0 0 0 0 0 0 8.91931
 1.65346 -3.68798 -6.04275  -0.171081 -0.0460518   0.102243  0 -0  0  3.10891e-06 -7.33352e-06  4.89098e-06 0.0879673  0.946385  0.114156   -1.06814 -0.122249  0.575793 0 0 0 0 0 0 8.94055
0.376225 -3.79792 -5.36822   -0.16772 -0.0280784    0.10126  0 -0  0  3.10891e-06 -7.33352e-06  4.89098e-06  0.122456  0.937838 0.0494866    -1.08446 -0.0959346   0.604254 0 0 0 0 0 0 8.95886
-0.734881  -3.82653  -4.81321    -0.16706 -0.00786495    0.103249  0 -0  0  3.10891e-06 -7.33352e-06  4.89098e-06 0.0831711  0.936639 0.0641638   -0.902509 -0.0412511   0.444611 0 0 0 0 0 0 8.97918
-1.59884 -3.83222  -4.3357 -0.163497 0.0116844  0.101405  0 -0  0  3.10891e-06 -7.33352e-06  4.89098e-06  0.120843  0.955941 0.0133904   -0.736017 -0.0303316   0.416416 0 0 0 0 0 0 8.99914
 -2.4628 -3.76625  -3.8009 -0.160107 0.0285012  0.100907  0 -0  0  3.10891e-06 -7.33352e-06  4.89098e-06    0.140256    0.905002 0.000612824  -0.704304 0.0414835  0.462219 0 0 0 0 0 0 9.0163
-3.33168 -3.67963 -3.14535  -0.15902 0.0453341   0.09975  0 -0  0  3.10891e-06 -7.33352e-06  4.89098e-06   0.108694   0.879908 -0.0216352  -0.706717  0.043288  0.560008 0 0 0 0 0 0 9.03321
-4.15756 -3.50301 -2.43687 -0.157295 0.0619274 0.0960663  0 -0  0  3.10891e-06 -7.33352e-06  4.89098e-06   0.101923   0.864284 -0.0839759  -0.676929  0.101976  0.629431 0 0 0 0 0 0 9.0503
-5.18165 -3.33694 -1.80211  -0.15552  0.080003 0.0950458  0 -0  0  3.10891e-06 -7.33352e-06  4.89098e-06  0.0974239   0.886058 -0.0726222  -0.841426  0.101956   0.57339 0 0 0 0 0 0 9.06849
-5.96571  -3.1195 -1.15997 -0.152982  0.099925 0.0923088  0 -0  0  3.10891e-06 -7.33352e-06  4.89098e-06   0.109467    0.93517 -0.0944359  -0.671879   0.12369  0.569485 0 0 0 0 0 0 9.08876
  -6.7527  -2.88698 -0.596362 -0.150563  0.118827 0.0900489  0 -0  0  3.10891e-06 -7.33352e-06  4.89098e-06  0.113867  0.937027 -0.101329  -0.655744  0.145693  0.510984 0 0 0 0 0 0 9.10794
  -7.59671   -2.59364 -0.0392842 -0.150158  0.134655  0.086236  0 -0  0  3.10891e-06 -7.33352e-06  4.89098e-06 0.0796458  0.879255 -0.132842  -0.684881  0.186623  0.505108 0 0 0 0 0 0 9.12423
-8.55666 -2.26692 0.534392 -0.147708  0.150325 0.0816737  0 -0  0  3.10891e-06 -7.33352e-06  4.89098e-06 0.0975771  0.843552 -0.168226  -0.799846  0.208665  0.540295 0 0 0 0 0 0 9.14073
-9.61849 -1.90278  1.03954 -0.146515  0.168331 0.0796365  0 -0  0  3.10891e-06 -7.33352e-06  4.89098e-06 0.0822203  0.870729 -0.144963  -0.902933  0.241291  0.488017 0 0 0 0 0 0 9.15889
-10.5407 -1.54659  1.53059 -0.145155  0.186877 0.0743847  0 -0  0  3.10891e-06 -7.33352e-06  4.89098e-06 0.0759109  0.899064 -0.187246  -0.800172  0.224756  0.474637 0 0 0 0 0 0 9.17822
-11.4285 -1.17744  2.04605 -0.142888  0.204851 0.0704975  0 -0  0  3.10891e-06 -7.33352e-06  4.89098e-06 0.0914739  0.904318 -0.191854  -0.774656  0.234255    0.5093 0 0 0 0 0 0 9.19675
 -12.3431 -0.781439   2.53771 -0.141341  0.221059 0.0673398  0 -0  0  3.10891e-06 -7.33352e-06  4.89098e-06 0.0855225  0.866851 -0.173485  -0.782239  0.247539   0.48762 0 0 0 0 0 0 9.21333
 -13.3762 -0.363123   3.04688 -0.141397  0.236878 0.0627846  0 -0  0  3.10891e-06 -7.33352e-06  4.89098e-06 0.0534944   0.85092 -0.194619  -0.92086 0.261734 0.532561 0 0 0 0 0 0 9.22979
 -14.5879 0.0270094   3.46797 -0.140966  0.255167 0.0590332  0 -0  0  3.10891e-06 -7.33352e-06  4.89098e-06 0.0393724  0.859277 -0.188091  -0.999346  0.232173  0.418638 0 0 0 0 0 0 9.24847
-15.5353 0.326742  3.88547 -0.139365  0.273566 0.0522644  0 -0  0  3.10891e-06 -7.33352e-06  4.89098e-06 0.0564894  0.887973 -0.243278  -0.826704  0.151837  0.415887 0 0 0 0 0 0 9.26814
-16.4252 0.671346  4.35276 -0.136155   0.29125 0.0454581  0 -0  0  3.10891e-06 -7.33352e-06  4.89098e-06 0.0996175  0.893879  -0.28409  -0.782903  0.174088  0.483621 0 0 0 0 0 0 9.28736
-17.4547  1.04061  4.78485 -0.134655  0.305215 0.0412605  0 -0  0  3.10891e-06 -7.33352e-06  4.89098e-06 0.0907747  0.829211 -0.251474  -0.916104  0.199558  0.468388 0 0 0 0 0 0 9.30202
-18.656 1.46094 5.24339 -0.135886  0.322561 0.0337842  0 -0  0  3.10891e-06 -7.33352e-06  4.89098e-06 0.0356446  0.855567 -0.300622   -1.0667 0.216869 0.496628 0 0 0 0 0 0 9.32094
-19.8638  1.77877  5.57208  -0.13577  0.340518 0.0258629  0 -0  0  3.10891e-06 -7.33352e-06  4.89098e-06 0.0239057  0.853326 -0.329322  -0.999476  0.159263  0.344415 0 0 0 0 0 0 9.34057
-20.7527  1.94447  5.87638 -0.135451  0.356147 0.0182525  0 -0  0  3.10891e-06 -7.33352e-06  4.89098e-06 0.0204442  0.818277 -0.347534  -0.783303 0.0438589  0.298463 0 0 0 0 0 0 9.35796
-21.5359  2.16384  6.15768 -0.133813  0.372652 0.0116754  0 -0  0  3.10891e-06 -7.33352e-06  4.89098e-06 0.0450702  0.826679 -0.344088   -0.70801 0.0935172  0.305197 0 0 0 0 0 0 9.3758
-22.4969  2.49289  6.41742  -0.134516   0.383856 0.00473042  0 -0  0  3.10891e-06 -7.33352e-06  4.89098e-06 0.0170882  0.739743 -0.347276  -0.845824  0.175935  0.337518 0 0 0 0 0 0 9.389
-23.6592  2.90831   6.7012    -0.13642    0.400471 -0.00271946  0 -0  0  3.10891e-06 -7.33352e-06  4.89098e-06 -0.0240013   0.785314  -0.360077  -1.04566 0.237401 0.370951 0 0 0 0 0 0 9.40731
-24.8405  3.27005  6.91963  -0.138375   0.417212 -0.0104396  0 -0  0  3.10891e-06 -7.33352e-06  4.89098e-06 -0.0524576   0.776039  -0.356157  -0.958398  0.193064  0.277483 0 0 0 0 0 0 9.42585
-25.8214  3.46707  7.08092  -0.137946   0.429767 -0.0195536  0 -0  0  3.10891e-06 -7.33352e-06  4.89098e-06 -0.0213022   0.703789  -0.390156  -0.834073  0.091222  0.201153 0 0 0 0 0 0 9.44137
-26.5765   3.6677  7.30503   -0.13633   0.443241 -0.0263995  0 -0  0  3.10891e-06 -7.33352e-06  4.89098e-06 0.0192038  0.696887 -0.376299  -0.696068 0.0795331  0.259084 0 0 0 0 0 0 9.45657
-27.4899  3.93968  7.44832  -0.137289   0.451792 -0.0346465  0 -0  0  3.10891e-06 -7.33352e-06  4.89098e-06 -0.00334038       0.606   -0.396813  -0.793188  0.143189  0.238634 0 0 0 0 0 0 9.46849
-28.4606  4.18532  7.58588  -0.139446   0.464425 -0.0414907  0 -0  0  3.10891e-06 -7.33352e-06  4.89098e-06 -0.0431113   0.625362   -0.37848  -0.894489  0.139899  0.211363 0 0 0 0 0 0 9.48301
-29.4119    4.261  7.56863  -0.142123   0.477783 -0.0490404  0 -0  0  3.10891e-06 -7.33352e-06  4.89098e-06 -0.0781243    0.61555  -0.361871  -0.760643 0.0627464 0.0171337 0 0 0 0 0 0 9.49859
-30.0535  4.12773  7.57233   -0.14303   0.487769 -0.0573642  0 -0  0  3.10891e-06 -7.33352e-06  4.89098e-06 -0.063806  0.558802 -0.376494   -0.539088 -0.0991214 -0.0500321 0 0 0 0 0 0 9.51162
-30.4377  4.10311  7.62676 -0.142129  0.498573 -0.063493  0 -0  0  3.10891e-06 -7.33352e-06  4.89098e-06 -0.0201871   0.546082  -0.347778   -0.349548 -0.0350699   0.029487 0 0 0 0 0 0 9.52408
-31.1174  4.25185  7.61887  -0.143035   0.503961 -0.0696824  0 -0  0  3.10891e-06 -7.33352e-06  4.89098e-06 -0.0296391   0.462659  -0.348947  -0.601402  0.104094  0.073628 0 0 0 0 0 0 9.53233
-31.8897   4.4258  7.65605  -0.147136   0.513027 -0.0760433  0 -0  0  3.10891e-06 -7.33352e-06  4.89098e-06 -0.0940478   0.463157  -0.334478  -0.690916  0.110071  0.101941 0 0 0 0 0 0 9.54414
-32.6416  4.44639  7.68469 -0.150137  0.522258 -0.081054  0 -0  0  3.10891e-06 -7.33352e-06  4.89098e-06 -0.113535  0.442098 -0.287444   -0.609869 0.00759402  0.0264989 0 0 0 0 0 0 9.55507
-33.0244  4.25258  7.82416  -0.152321   0.527796 -0.0892079  0 -0  0  3.10891e-06 -7.33352e-06  4.89098e-06 -0.108565   0.36209 -0.320099  -0.307582 -0.191451 0.0118929 0 0 0 0 0 0 9.56516
-33.2927  4.16528  7.99617  -0.153245   0.534403 -0.0959362  0 -0  0  3.10891e-06 -7.33352e-06  4.89098e-06 -0.0854325   0.361136  -0.337494   -0.26083 -0.158756 0.0892111 0 0 0 0 0 0 9.57464
-33.8342  4.15219  8.07731 -0.156182  0.537226 -0.100565  0 -0  0  3.10891e-06 -7.33352e-06  4.89098e-06 -0.109239  0.271576 -0.288133   -0.415715 -0.0706622  0.0540931 0 0 0 0 0 0 9.5808
-34.3649  4.14233  8.18153 -0.159614  0.542191 -0.102522  0 -0  0  3.10891e-06 -7.33352e-06  4.89098e-06 -0.141662  0.274836 -0.218704   -0.548344 -0.0640964   0.074278 0 0 0 0 0 0 9.58715
-35.0287  4.04965  8.19795 -0.162628  0.549514 -0.103831  0 -0  0  3.10891e-06 -7.33352e-06  4.89098e-06 -0.141444  0.297282 -0.150268   -0.545655 -0.0629827 -0.0307605 0 0 0 0 0 0 9.59517
-35.3436  3.80709  8.17919 -0.164197  0.551654 -0.109225  0 -0  0  3.10891e-06 -7.33352e-06  4.89098e-06 -0.110169  0.216023 -0.186047   -0.23949 -0.151924 -0.117752 0 0 0 0 0 0 9.60118
-35.5804  3.66167  8.12329 -0.165005   0.55496  -0.11363  0 -0  0  3.10891e-06 -7.33352e-06  4.89098e-06 -0.0839023   0.202894  -0.206086   -0.209898 -0.0862218  -0.121011 0 0 0 0 0 0 9.60675
-35.922 3.53966 8.03564  -0.16507    0.5565 -0.115853  0 -0  0  3.10891e-06 -7.33352e-06  4.89098e-06 -0.0585211   0.157363  -0.172636   -0.285082 -0.0551921  -0.131226 0 0 0 0 0 0 9.60946
-36.2901  3.51345  7.97902 -0.167432  0.558097 -0.116616  0 -0  0  3.10891e-06 -7.33352e-06  4.89098e-06 -0.0837903    0.12746  -0.115994    -0.33072  0.0046154 -0.0636482 0 0 0 0 0 0 9.61241
-36.6309  3.48126  7.92055 -0.170135  0.561835 -0.115122  0 -0  0  3.10891e-06 -7.33352e-06  4.89098e-06  -0.102447    0.14186 -0.0356585   -0.288914  0.0129486 -0.0561281 0 0 0 0 0 0 9.61726
-36.7821  3.31346  7.95437 -0.171298  0.560433 -0.117919  0 -0  0  3.10891e-06 -7.33352e-06  4.89098e-06 -0.0819075  0.0601221 -0.0704368   -0.112161  -0.127349 -0.0555493 0 0 0 0 0 0 9.6206
-36.7913  3.23142  8.03143 -0.172119  0.560219 -0.120509  0 -0  0  3.10891e-06 -7.33352e-06  4.89098e-06  -0.066906  0.0332243 -0.0963351  -0.00442977   -0.110181     0.01081 0 0 0 0 0 0 9.62332
-36.7153  3.16262  8.05245 -0.171862  0.559999 -0.119751  0 -0  0  3.10891e-06 -7.33352e-06  4.89098e-06 -0.0430247  0.0146296  -0.043665   0.0773546 -0.0723562  -0.022757 0 0 0 0 0 0 9.62415
-36.6284  3.27894  8.08648 -0.172112  0.559669 -0.117728  0 -0  0  3.10891e-06 -7.33352e-06  4.89098e-06 -0.0369495 0.00152065  0.0174893  0.0822479 0.0614521 0.0833403 0 0 0 0 0 0 9.62622
-36.5336  3.46314  8.02195 -0.173545   0.56054 -0.112416  0 -0  0  3.10891e-06 -7.33352e-06  4.89098e-06 -0.0493698  0.0123133   0.112504  0.0569529  0.145426 0.0429609 0 0 0 0 0 0 9.63178
-36.445 3.53913 7.96323 -0.173354  0.555872 -0.113565  0 -0  0  3.10891e-06 -7.33352e-06  4.89098e-06 -0.0262351 -0.0761438  0.0501146    0.102112  0.0762203 0.00518187 0 0 0 0 0 0 9.6366
-36.1103  3.63432  8.02255  -0.17292  0.552724 -0.111241  0 -0  0  3.10891e-06 -7.33352e-06  4.89098e-06 -0.0068178  -0.113144  0.0789256   0.280321 0.0417997 0.0912283 0 0 0 0 0 0 9.64053
-35.6684  3.71692  8.10153 -0.172393  0.549204 -0.108112  0 -0  0  3.10891e-06 -7.33352e-06  4.89098e-06 0.00352807  -0.145169   0.116579   0.424105 0.0176194  0.102981 0 0 0 0 0 0 9.64527
-35.1005  3.86007    8.256 -0.173786  0.544455 -0.102439  0 -0  0  3.10891e-06 -7.33352e-06  4.89098e-06 -0.0259236    -0.1853   0.191393   0.496331 0.0206924   0.17531 0 0 0 0 0 0 9.6528
-34.6199  3.91212  8.29368  -0.174036   0.541187 -0.0945548  0 -0  0  3.10891e-06 -7.33352e-06  4.89098e-06 -0.0215033  -0.173854   0.265584   0.370766 0.0229973 0.0498443 0 0 0 0 0 0 9.66134
-34.2922  3.74364  8.24421  -0.172867   0.533277 -0.0918103  0 -0  0  3.10891e-06 -7.33352e-06  4.89098e-06 0.0112733 -0.247708  0.209513    0.283946   -0.09189 -0.0990653 0 0 0 0 0 0 9.66979
-33.7966  3.58383  8.24753   -0.17274   0.528528 -0.0892273  0 -0  0  3.10891e-06 -7.33352e-06  4.89098e-06 0.0103388 -0.249281  0.180418    0.459698  -0.126896 -0.0809225 0 0 0 0 0 0 9.6752
-33.3211  3.46976  8.18526  -0.171794   0.522029 -0.0841548  0 -0  0  3.10891e-06 -7.33352e-06  4.89098e-06 0.0227074 -0.279045  0.209847    0.432084 -0.0623144  -0.098477 0 0 0 0 0 0 9.6835
-32.7699  3.42177  8.10926 -0.172098  0.516197 -0.078709  0 -0  0  3.10891e-06 -7.33352e-06  4.89098e-06 0.00818982  -0.300781   0.250075      0.54897 -0.00226087  -0.0910031 0 0 0 0 0 0 9.69148
-32.183  3.2535 7.91919 -0.172277  0.511274 -0.069499  0 -0  0  3.10891e-06 -7.33352e-06  4.89098e-06 -0.000378528     -0.27293     0.324747    0.466548 -0.0247809  -0.200506 0 0 0 0 0 0 9.70193
-31.6795  2.94172  7.78571  -0.170631   0.499975 -0.0645798  0 -0  0  3.10891e-06 -7.33352e-06  4.89098e-06 0.0326477 -0.372506  0.287838   0.425964 -0.156311 -0.213055 0 0 0 0 0 0 9.71436
-30.8991  2.68216  7.79231 -0.169331  0.493546 -0.059179  0 -0  0  3.10891e-06 -7.33352e-06  4.89098e-06 0.0477305 -0.362037  0.285588   0.714123 -0.203177 -0.121797 0 0 0 0 0 0 9.72286
-30.1344  2.47943  7.75041 -0.168474  0.484102 -0.052391  0 -0  0  3.10891e-06 -7.33352e-06  4.89098e-06 0.0454509 -0.412671  0.312943   0.715281 -0.148553 -0.126473 0 0 0 0 0 0 9.73452
-29.3053  2.43038  7.68076  -0.169194   0.474246 -0.0467923  0 -0  0  3.10891e-06 -7.33352e-06  4.89098e-06 0.0188423 -0.460418  0.313886    0.804082 -0.0221224 -0.0858954 0 0 0 0 0 0 9.74588
-28.3586  2.46302  7.52392  -0.169703   0.465168 -0.0370745  0 -0  0  3.10891e-06 -7.33352e-06  4.89098e-06 -0.000681748     -0.44747     0.373278   0.762884 0.0863302 -0.101673 0 0 0 0 0 0 9.75918
-27.6163  2.45674  7.37229  -0.168974   0.451575 -0.0322427  0 -0  0  3.10891e-06 -7.33352e-06  4.89098e-06 0.0136284 -0.517077  0.309914    0.61818 0.0496328   -0.1011 0 0 0 0 0 0 9.77363
-26.7163   2.4165  7.29572  -0.167309   0.442482 -0.0270641  0 -0  0  3.10891e-06 -7.33352e-06  4.89098e-06 0.0442643 -0.506339  0.296459    0.849132 0.00386738 -0.0790539 0 0 0 0 0 0 9.78423
-25.6491    2.297  7.13903  -0.164574   0.431993 -0.0206897  0 -0  0  3.10891e-06 -7.33352e-06  4.89098e-06 0.0789778 -0.522585  0.309178    0.963978 -0.0301981  -0.167042 0 0 0 0 0 0 9.7968
-24.4829  2.23836  6.98959  -0.163828   0.417703 -0.0142698  0 -0  0  3.10891e-06 -7.33352e-06  4.89098e-06 0.0658811 -0.615238  0.326678       1.1066 -0.00155697    -0.15436 0 0 0 0 0 0 9.81248
-23.3191  2.17734  6.72323  -0.163414   0.405877 -0.0041114  0 -0  0  3.10891e-06 -7.33352e-06  4.89098e-06 0.0446265  -0.59196   0.38935   0.953622 0.0472012 -0.220193 0 0 0 0 0 0 9.82808
-22.3943  2.06713  6.48125  -0.162395   0.391781 0.00249537  0 -0  0  3.10891e-06 -7.33352e-06  4.89098e-06 0.0448113 -0.609521   0.35188     0.755823 -0.00493089   -0.205246 0 0 0 0 0 0 9.84368
-21.5059  1.95147  6.26092 -0.158325  0.381743 0.0065891  0 -0  0  3.10891e-06 -7.33352e-06  4.89098e-06  0.114816 -0.576572  0.301116    0.853693 -0.0237468  -0.226677 0 0 0 0 0 0 9.85526
-20.5498  1.74879  5.91388 -0.154765  0.369465 0.0127424  0 -0  0  3.10891e-06 -7.33352e-06  4.89098e-06  0.139219 -0.595603  0.306121    0.865226 -0.0566298  -0.341366 0 0 0 0 0 0 9.86945
-19.6687  1.60891   5.6119 -0.155035  0.353632  0.016815  0 -0  0  3.10891e-06 -7.33352e-06  4.89098e-06 0.0859826 -0.674952  0.272632    0.820792 -0.0410142  -0.301315 0 0 0 0 0 0 9.8858
-18.7299  1.46072  5.29406 -0.155025  0.341419 0.0247151  0 -0  0  3.10891e-06 -7.33352e-06  4.89098e-06 0.0519358 -0.655615   0.32182    0.825662 -0.0252899   -0.31308 0 0 0 0 0 0 9.90034
-17.8703   1.2026  4.96528 -0.152966  0.327001 0.0312068  0 -0  0  3.10891e-06 -7.33352e-06  4.89098e-06 0.0699807  -0.65817   0.31261   0.710794 -0.110305 -0.312351 0 0 0 0 0 0 9.91629
-16.9205 0.877674   4.7523 -0.149265  0.315327 0.0339915  0 -0  0  3.10891e-06 -7.33352e-06  4.89098e-06  0.121254 -0.641479  0.252034    0.90232 -0.232727 -0.278755 0 0 0 0 0 0 9.92885
-15.8174 0.558735  4.47786 -0.147718   0.30253 0.0399893  0 -0  0  3.10891e-06 -7.33352e-06  4.89098e-06 0.104081 -0.64453 0.273258    0.96591 -0.203607 -0.311268 0 0 0 0 0 0 9.94307
-14.8721 0.478119  4.25555 -0.148615  0.286577 0.0419177  0 -0  0  3.10891e-06 -7.33352e-06  4.89098e-06 0.0533723 -0.696582  0.206294    0.851819 -0.0389616  -0.208623 0 0 0 0 0 0 9.95916
-14.0314 0.513907  3.99893 -0.148043  0.272191 0.0481795  0 -0  0  3.10891e-06 -7.33352e-06  4.89098e-06 0.0422955  -0.71754  0.251148   0.752098 0.0910808 -0.214414 0 0 0 0 0 0 9.97486
-13.1793    0.457  3.65676 -0.147995  0.258677 0.0523464  0 -0  0  3.10891e-06 -7.33352e-06  4.89098e-06 0.0262001 -0.693257  0.233671  0.739451 0.022885 -0.29648 0 0 0 0 0 0 9.989
-12.2802 0.258053  3.28953 -0.145006    0.2462  0.054645  0 -0  0  3.10891e-06 -7.33352e-06  4.89098e-06 0.0770276 -0.657642  0.188121   0.787372 -0.100166 -0.344061 0 0 0 0 0 0 10.002
 -11.4942 0.0653795   2.84329 -0.141963   0.23365 0.0576224  0 -0  0  3.10891e-06 -7.33352e-06  4.89098e-06  0.106785 -0.646641  0.170998    0.699558 -0.0851772  -0.412769 0 0 0 0 0 0 10.0153
   -10.7869 -0.00559072     2.45299 -0.140716  0.219472 0.0593081  0 -0  0  3.10891e-06 -7.33352e-06  4.89098e-06 0.0939912 -0.681718  0.141264     0.668466 -0.00285199   -0.366949 0 0 0 0 0 0 10.0296
 -10.0657 0.0302815   2.07198 -0.140291  0.205966 0.0628473  0 -0  0  3.10891e-06 -7.33352e-06  4.89098e-06 0.0627113 -0.651117  0.149164   0.568777 0.0813253 -0.297141 0 0 0 0 0 0 10.0436
 -9.48825 0.0247406   1.77088 -0.139459  0.195388 0.0645175  0 -0  0  3.10891e-06 -7.33352e-06  4.89098e-06 0.0554831 -0.604185  0.126131   0.531071  0.043068 -0.273353 0 0 0 0 0 0 10.0543
 -8.86611 -0.102752   1.56552 -0.136672  0.185326 0.0664336  0 -0  0  3.10891e-06 -7.33352e-06  4.89098e-06 0.0913166 -0.558445  0.113561    0.541767 -0.0788214  -0.196642 0 0 0 0 0 0 10.0649
 -8.19906 -0.252003   1.29916  -0.13501  0.174965 0.0683904  0 -0  0  3.10891e-06 -7.33352e-06  4.89098e-06 0.0898913 -0.552649  0.108893     0.60739 -0.0986514  -0.257358 0 0 0 0 0 0 10.0756
-7.57823 -0.20281  1.08332 -0.133838  0.160189 0.0672349  0 -0  0  3.10891e-06 -7.33352e-06  4.89098e-06 0.0799059 -0.610959 0.0413974   0.548055 0.0563405  -0.17548 0 0 0 0 0 0 10.0905
 -7.15839 -0.032873  0.981266 -0.133876  0.147567 0.0686993  0 -0  0  3.10891e-06 -7.33352e-06  4.89098e-06 0.0474593  -0.61901  0.056476    0.370872   0.158228 -0.0731292 0 0 0 0 0 0 10.1032
-6.82527 0.136089 0.924366 -0.131756  0.137155 0.0704745  0 -0  0  3.10891e-06 -7.33352e-06  4.89098e-06 0.0713733 -0.574543  0.067948    0.298586   0.155887 -0.0322723 0 0 0 0 0 0 10.114
 -6.3022 0.268218 0.992177 -0.130739  0.128131 0.0688344  0 -0  0  3.10891e-06 -7.33352e-06  4.89098e-06 0.0637258 -0.516254 0.0126172   0.435514  0.100383 0.0679109 0 0 0 0 0 0 10.1232
-5.72885 0.399458  1.14396 -0.127973  0.118849  0.070518  0 -0  0  3.10891e-06 -7.33352e-06  4.89098e-06 0.0918763 -0.494405 0.0390509  0.485152  0.10423 0.139286 0 0 0 0 0 0 10.133
-5.16978 0.776254   1.5087 -0.127801  0.107686 0.0694115  0 -0  0  3.10891e-06 -7.33352e-06  4.89098e-06   0.0620504   -0.509948 0.000653433  0.478162 0.278191 0.327842 0 0 0 0 0 0 10.1442
-4.77142  1.31307  1.84972 -0.127428 0.0956004 0.0694422  0 -0  0  3.10891e-06 -7.33352e-06  4.89098e-06   0.043911  -0.545285 0.00423517  0.351434 0.429336 0.328104 0 0 0 0 0 0 10.1563
-4.37828  1.86316  1.99482 -0.126496 0.0863906 0.0697471  0 -0  0  3.10891e-06 -7.33352e-06  4.89098e-06 0.0460024 -0.517779   0.00791  0.356491 0.490209 0.173997 0 0 0 0 0 0 10.1656
-3.7662 2.24936  2.0387  -0.12284 0.0781864 0.0706759  0 -0  0  3.10891e-06 -7.33352e-06  4.89098e-06  0.102807 -0.470436 0.0196259   0.509135  0.339472 0.0663457 0 0 0 0 0 0 10.1746
-3.13513   2.5158  1.89826 -0.119926 0.0689751 0.0688848  0 -0  0  3.10891e-06 -7.33352e-06  4.89098e-06  0.119984 -0.463525 -0.024732    0.558453   0.240725 -0.0942954 0 0 0 0 0 0 10.1845
-2.56646  2.60329  1.68125 -0.116383 0.0611215 0.0681504  0 -0  0  3.10891e-06 -7.33352e-06  4.89098e-06   0.141509  -0.434635 -0.0336371   0.496562 0.0924206 -0.175681 0 0 0 0 0 0 10.1931
-2.12408  2.61129  1.36788 -0.117388 0.0508264 0.0670081  0 -0  0  3.10891e-06 -7.33352e-06  4.89098e-06   0.067233  -0.471026 -0.0384552   0.424194 0.0183926  -0.27755 0 0 0 0 0 0 10.2035
-1.72081  2.48248  0.92445 -0.115493 0.0452223 0.0665476  0 -0  0  3.10891e-06 -7.33352e-06  4.89098e-06  0.0783013  -0.381752 -0.0333704    0.369247 -0.0942926  -0.390341 0 0 0 0 0 0 10.2094
 -1.2353  2.13559 0.491325 -0.114013 0.0386904 0.0661482  0 -0  0  3.10891e-06 -7.33352e-06  4.89098e-06  0.0786921  -0.366612 -0.0302493   0.457152 -0.305741 -0.409102 0 0 0 0 0 0 10.2162
 -0.76737   1.77085 0.0701448 -0.111457   0.02953 0.0663104  0 -0  0  3.10891e-06 -7.33352e-06  4.89098e-06  0.096277 -0.399197 -0.012924   0.409003  -0.29743 -0.361584 0 0 0 0 0 0 10.2257
-0.395332   1.53954  -0.26347 -0.112802 0.0237526 0.0653213  0 -0  0  3.10891e-06 -7.33352e-06  4.89098e-06   0.034896  -0.350372 -0.0303591   0.314643 -0.203251 -0.286834 0 0 0 0 0 0 10.2317
-0.0961537    1.36434   -0.57599 -0.114163 0.0166522 0.0636061  0 -0  0  3.10891e-06 -7.33352e-06  4.89098e-06 -0.00485578   -0.353683  -0.0508301    0.27796 -0.160619 -0.280528 0 0 0 0 0 0 10.2391
 0.150803   1.23979 -0.880303  -0.11546  0.011109 0.0621514  0 -0  0  3.10891e-06 -7.33352e-06  4.89098e-06 -0.0283618  -0.315718 -0.0583328    0.21756 -0.108257 -0.262215 0 0 0 0 0 0 10.245
 0.56071  1.10001 -1.07943  -0.113906 0.00662341  0.0603589  0 -0  0  3.10891e-06 -7.33352e-06  4.89098e-06  0.0159901  -0.275116 -0.0716727   0.345001 -0.128783 -0.177785 0 0 0 0 0 0 10.2501
0.833234   1.0284  -1.0024  -0.110239 -0.0012429  0.0613945  0 -0  0  3.10891e-06 -7.33352e-06  4.89098e-06  0.0778868  -0.302355 -0.0191924    0.200046 -0.0459623  0.0490282 0 0 0 0 0 0 10.2588
  1.04991   1.10693 -0.872302   -0.109086 -0.00362624   0.0608439  0 -0  0  3.10891e-06 -7.33352e-06  4.89098e-06  0.0762105  -0.250676 -0.0307455   0.215207 0.0852635  0.140846 0 0 0 0 0 0 10.2615
  1.42016   1.29949 -0.706403   -0.109324 -0.00758602   0.0598053  0 -0  0  3.10891e-06 -7.33352e-06  4.89098e-06  0.0417519  -0.232234 -0.0392687  0.307601 0.165439 0.141541 0 0 0 0 0 0 10.2656
  1.65878   1.57828 -0.692574  -0.107968 -0.0109435  0.0600226  0 -0  0  3.10891e-06 -7.33352e-06  4.89098e-06  0.0503377  -0.194742 -0.0197296    0.198055   0.221509 0.00632987 0 0 0 0 0 0 10.2692
  1.96403   1.83064 -0.676537  -0.105109 -0.0134062  0.0584162  0 -0  0  3.10891e-06 -7.33352e-06  4.89098e-06  0.0919351   -0.16884 -0.0449001    0.281755   0.237702 0.00913855 0 0 0 0 0 0 10.2733
  2.29959   2.08996 -0.651251  -0.103003 -0.0191734   0.058582  0 -0  0  3.10891e-06 -7.33352e-06  4.89098e-06  0.0965895  -0.221528 -0.0218171    0.301716   0.230172 0.00967483 0 0 0 0 0 0 10.2795
  2.47276   2.24107 -0.643448  -0.103079 -0.0199671  0.0578506  0 -0  0  3.10891e-06 -7.33352e-06  4.89098e-06  0.0573597   -0.14939 -0.0322939    0.137276   0.130042 0.00550364 0 0 0 0 0 0 10.2806
 2.63629  2.42726 -0.65923  -0.103288 -0.0217145  0.0569973  0 -0  0  3.10891e-06 -7.33352e-06  4.89098e-06  0.0309154  -0.124504 -0.0369637    0.134823   0.160452 -0.0223091 0 0 0 0 0 0 10.2825
  2.72481   2.58703 -0.734025  -0.102563 -0.0225034  0.0583861  0 -0  0  3.10891e-06 -7.33352e-06  4.89098e-06  0.0309437 -0.0833884 0.00329162   0.0723923   0.125465 -0.0680447 0 0 0 0 0 0 10.2843
  2.82575   2.60535 -0.824756  -0.101084 -0.0227055  0.0574712  0 -0  0  3.10891e-06 -7.33352e-06  4.89098e-06  0.0506852 -0.0505585 -0.0165799   0.0914946  0.0126991 -0.0857217 0 0 0 0 0 0 10.286
  2.87993   2.59815 -0.838207 -0.0989376 -0.0272559  0.0583846  0 -0  0  3.10891e-06 -7.33352e-06  4.89098e-06  0.0724333  -0.127839 0.00951315   0.0694293 0.00193645 -0.0179007 0 0 0 0 0 0 10.2911
  2.82459   2.58486 -0.919584 -0.0975142 -0.0247398  0.0589552  0 -0  0  3.10891e-06 -7.33352e-06  4.89098e-06   0.070733 -0.0303819  0.0102464  -0.0644434 -0.0131295 -0.0558852 0 0 0 0 0 0 10.2941
  2.73369   2.58364 -0.919065 -0.0986091 -0.0245295  0.0578336  0 -0  0  3.10891e-06 -7.33352e-06  4.89098e-06  0.0225449 -0.0119942 -0.0147261   -0.0848756 -0.00972444 -0.00323282 0 0 0 0 0 0 10.2957
    2.476   2.63196 -0.943419 -0.0985049 -0.0241719  0.0593292  0 -0  0  3.10891e-06 -7.33352e-06  4.89098e-06   0.0144429 0.000604958   0.0188639   -0.205687   0.039376 -0.0219031 0 0 0 0 0 0 10.2972
  2.37253   2.63087 -0.941168 -0.0987246 -0.0224198  0.0591185  0 -0  0  3.10891e-06 -7.33352e-06  4.89098e-06 0.00521881  0.0414507 0.00787401    -0.109301 -0.00379544 -0.00148825 0 0 0 0 0 0 10.299
   2.3238   2.64379 -0.888584 -0.0955312 -0.0237841  0.0614733  0 -0  0  3.10891e-06 -7.33352e-06  4.89098e-06   0.0641187 -0.00802564   0.0488942  -0.038865 0.0306217   0.04366 0 0 0 0 0 0 10.3032
  2.22826   2.63339 -0.859492 -0.0967681 -0.0216456  0.0620987  0 -0  0  3.10891e-06 -7.33352e-06  4.89098e-06 0.0159365 0.0374363 0.0395344  -0.0922993 -0.0123895  0.0291206 0 0 0 0 0 0 10.3057
  2.09324   2.65827 -0.699413 -0.0976751 -0.0204177  0.0597878  0 -0  0  3.10891e-06 -7.33352e-06  4.89098e-06 -0.00636505   0.0518472  -0.0194151   -0.124433 0.00923688   0.138422 0 0 0 0 0 0 10.3085
  1.97787   2.77554 -0.520989 -0.0963585 -0.0187145   0.061326  0 -0  0  3.10891e-06 -7.33352e-06  4.89098e-06 0.0218279 0.0650443 0.0147341  -0.115526  0.103737  0.148704 0 0 0 0 0 0 10.3111
   2.0347   2.89455 -0.307934 -0.0960778 -0.0158863  0.0604165  0 -0  0  3.10891e-06 -7.33352e-06  4.89098e-06   0.0197787    0.101066 -0.00824001  0.0237041  0.106559   0.17954 0 0 0 0 0 0 10.3141
 2.10729  3.02542 -0.08302  -0.093394 -0.0165904  0.0612294  0 -0  0  3.10891e-06 -7.33352e-06  4.89098e-06 0.0647526  0.040526 0.0106418  0.0657669  0.131843  0.193419 0 0 0 0 0 0 10.317
   2.09252     3.0971 -0.0187804 -0.0944236 -0.0143546  0.0620451  0 -0  0  3.10891e-06 -7.33352e-06  4.89098e-06  0.019655 0.0675196 0.0235478  -0.022162 0.0589949 0.0619724 0 0 0 0 0 0 10.3196
 2.05389  3.17865 0.057169 -0.0954821  -0.014408  0.0597795  0 -0  0  3.10891e-06 -7.33352e-06  4.89098e-06 -0.00681405   0.0432325  -0.0269762  -0.0208852  0.0602206   0.063663 0 0 0 0 0 0 10.3221
 1.99043  3.21253 0.152944  -0.097056 -0.0121899  0.0609377  0 -0  0  3.10891e-06 -7.33352e-06  4.89098e-06 -0.0366658  0.0712414 0.00584999  -0.0620131  0.0322781  0.0760487 0 0 0 0 0 0 10.3251
 2.04858  3.11894 0.290364  -0.0959291 -0.00972964   0.0611384  0 -0  0  3.10891e-06 -7.33352e-06  4.89098e-06 0.00136027   0.095528 0.00535187   0.0310129 -0.0759557   0.121132 0 0 0 0 0 0 10.3278
 2.17488  3.04836 0.509574 -0.0960164 -0.0110995  0.0609126  0 -0  0  3.10891e-06 -7.33352e-06  4.89098e-06 -0.000469695    0.0245017   0.00279454    0.119101 -0.0567116   0.190101 0 0 0 0 0 0 10.3292
  2.2759  3.08873 0.660389   -0.098302 -0.00762255   0.0599198  0 -0  0  3.10891e-06 -7.33352e-06  4.89098e-06 -0.0435328  0.0840676 -0.0229024  0.0702885 0.0348831  0.139539 0 0 0 0 0 0 10.3334
2.30568 3.18152 0.84279  -0.100369 -0.0062509  0.0576907  0 -0  0  3.10891e-06 -7.33352e-06  4.89098e-06 -0.0662215  0.0812582 -0.0564031  0.0252003 0.0774145  0.157258 0 0 0 0 0 0 10.3368
 2.23371  3.26083 0.941735   -0.101077 -0.00448966   0.0590895  0 -0  0  3.10891e-06 -7.33352e-06  4.89098e-06  -0.0553773   0.0826023 -0.00889333  -0.0616187  0.0755485   0.084365 0 0 0 0 0 0 10.3391
 2.20877  3.28007 0.944177   -0.102103 -0.00165644   0.0574619  0 -0  0  3.10891e-06 -7.33352e-06  4.89098e-06 -0.0520687    0.11075  -0.036606  -0.0281435  0.0163919  0.0011198 0 0 0 0 0 0 10.3426
2.21365 3.19144 1.03703  -0.0994176 -0.00300909   0.0600283  0 -0  0  3.10891e-06 -7.33352e-06  4.89098e-06 0.0197715 0.0292384 0.0237796    0.014489 -0.0454015  0.0782696 0 0 0 0 0 0 10.3465
 2.13265  3.12995 0.980876    -0.10178 0.000367525   0.0591575  0 -0  0  3.10891e-06 -7.33352e-06  4.89098e-06  -0.0327809   0.0854894 -0.00633619   -0.078803 -0.0619349  -0.033977 0 0 0 0 0 0 10.3507
 1.96731  3.00163 0.927509  -0.104274 0.00277421  0.0585697  0 -0  0  3.10891e-06 -7.33352e-06  4.89098e-06 -0.0693996   0.101152  -0.015838  -0.145682 -0.118557 -0.043543 0 0 0 0 0 0 10.3542
  1.6781  2.83158 0.788868 -0.105303 0.0049312  0.061367  0 -0  0  3.10891e-06 -7.33352e-06  4.89098e-06 -0.0666747   0.105386  0.0439733   -0.25633 -0.156307 -0.121929 0 0 0 0 0 0 10.3579
 1.55063  2.69537 0.642175  -0.106674 0.00872401   0.059403  0 -0  0  3.10891e-06 -7.33352e-06  4.89098e-06 -0.0629093   0.141636 -0.0110371  -0.114761 -0.119058 -0.121162 0 0 0 0 0 0 10.3624
 1.48813   2.5627 0.684978  -0.104226 0.00788585  0.0630325  0 -0  0  3.10891e-06 -7.33352e-06  4.89098e-06 0.00773634  0.0577263  0.0582878  -0.0443303 -0.0898358  0.0327804 0 0 0 0 0 0 10.3669
 1.35262  2.49328 0.626732 -0.107428 0.0114009 0.0637913  0 -0  0  3.10891e-06 -7.33352e-06  4.89098e-06 -0.0555362   0.104182  0.0494912   -0.123107 -0.0663952 -0.0394795 0 0 0 0 0 0 10.3717
1.12435 2.37077 0.60474 -0.109678 0.0124745 0.0628164  0 -0  0  3.10891e-06 -7.33352e-06  4.89098e-06 -0.0766417  0.0880166  0.0125779  -0.185418 -0.116056  -0.01789 0 0 0 0 0 0 10.3744
0.961414  2.17178 0.600644 -0.112356 0.0142225 0.0652781  0 -0  0  3.10891e-06 -7.33352e-06  4.89098e-06  -0.10335 0.0877734 0.0569816    -0.158942   -0.180365 -0.00340621 0 0 0 0 0 0 10.3784
0.993711  1.89706 0.632171 -0.115432 0.0180491 0.0647786  0 -0  0  3.10891e-06 -7.33352e-06  4.89098e-06 -0.118348  0.132429 0.0246787  0.00510497  -0.225858  0.0233827 0 0 0 0 0 0 10.3833
 1.04917  1.56396 0.820946 -0.116253 0.0174605 0.0680732  0 -0  0  3.10891e-06 -7.33352e-06  4.89098e-06 -0.0895359  0.0581323  0.0770159  0.0562204 -0.273471  0.164384 0 0 0 0 0 0 10.3868
 1.08133  1.20367 0.946602 -0.119078 0.0214052 0.0696994  0 -0  0  3.10891e-06 -7.33352e-06  4.89098e-06 -0.108995  0.113241 0.0753673  0.0124649 -0.307508  0.121165 0 0 0 0 0 0 10.3919
 1.03226 0.944879  1.07369 -0.122878  0.020908 0.0671046  0 -0  0  3.10891e-06 -7.33352e-06  4.89098e-06   -0.138196   0.0647801 -0.00331457  -0.0153994  -0.240389   0.115205 0 0 0 0 0 0 10.3965
0.869565 0.680113  1.10885 -0.129156 0.0205676 0.0690705  0 -0  0  3.10891e-06 -7.33352e-06  4.89098e-06 -0.209312 0.0266276 0.0408327   -0.12673 -0.224261 0.0350037 0 0 0 0 0 0 10.4031
0.920251 0.374796  1.09344 -0.134385 0.0224325 0.0694266  0 -0  0  3.10891e-06 -7.33352e-06  4.89098e-06 -0.229538 0.0577185 0.0324391   0.0231184  -0.268378 -0.0138681 0 0 0 0 0 0 10.4087
   1.0349 0.0318393   1.14105 -0.136789 0.0220574 0.0715998  0 -0  0  3.10891e-06 -7.33352e-06  4.89098e-06 -0.190344 0.0229601 0.0592545   0.110173 -0.301852 0.0458694 0 0 0 0 0 0 10.4119
  1.07832 -0.342607   1.12887 -0.141357 0.0260705 0.0736146  0 -0  0  3.10891e-06 -7.33352e-06  4.89098e-06  -0.20226 0.0918448 0.0714491  0.0200819 -0.311267  0.003735 0 0 0 0 0 0 10.4183
 0.987126 -0.715009   1.17386 -0.146426 0.0268749 0.0723994  0 -0  0  3.10891e-06 -7.33352e-06  4.89098e-06 -0.220977 0.0762357 0.0191888  -0.0652352  -0.334927  0.0450901 0 0 0 0 0 0 10.4236
0.670147 -1.19853  1.13547  -0.15308 0.0269595  0.071635  0 -0  0  3.10891e-06 -7.33352e-06  4.89098e-06   -0.269949   0.0473858 -0.00030919   -0.256734  -0.439668 -0.0279645 0 0 0 0 0 0 10.4303
0.503702 -1.75783   1.1012 -0.161648  0.029551 0.0723909  0 -0  0  3.10891e-06 -7.33352e-06  4.89098e-06 -0.334374 0.0841436 0.0140942    -0.16855   -0.49565 -0.0330339 0 0 0 0 0 0 10.4393
0.405531 -2.37072   1.0968 -0.167155 0.0309144 0.0744881  0 -0  0  3.10891e-06 -7.33352e-06  4.89098e-06 -0.315133 0.0767441 0.0452019   -0.0936043   -0.542978 -0.00152015 0 0 0 0 0 0 10.4453
0.300812 -3.04358 0.935016 -0.175445 0.0351643 0.0766885  0 -0  0  3.10891e-06 -7.33352e-06  4.89098e-06  -0.35236  0.128913 0.0715489  -0.115774 -0.582431 -0.122054 0 0 0 0 0 0 10.4549
0.085228 -3.58769 0.799171 -0.180576 0.0352352 0.0752143  0 -0  0  3.10891e-06 -7.33352e-06  4.89098e-06 -0.304061 0.0804805 0.0112004  -0.157773 -0.449293 -0.105012 0 0 0 0 0 0 10.4603
-0.212895  -4.09328  0.602893 -0.186549 0.0352502 0.0745981  0 -0  0  3.10891e-06 -7.33352e-06  4.89098e-06   -0.308048   0.0473348 -0.00295035  -0.259416 -0.461412 -0.178148 0 0 0 0 0 0 10.4663
-0.378851  -4.68867  0.431437 -0.196558 0.0373166 0.0747308  0 -0  0  3.10891e-06 -7.33352e-06  4.89098e-06   -0.389817     0.07272 -0.00133431  -0.176729 -0.535966 -0.162928 0 0 0 0 0 0 10.4765
-0.456009  -5.45696  0.368613 -0.205036 0.0372175 0.0782714  0 -0  0  3.10891e-06 -7.33352e-06  4.89098e-06 -0.404352 0.0347385 0.0572907  -0.0707981  -0.656339 -0.0662097 0 0 0 0 0 0 10.4857
-0.565881  -6.36787  0.307873 -0.215271  0.038674 0.0793429  0 -0  0  3.10891e-06 -7.33352e-06  4.89098e-06 -0.442449 0.0496005 0.0572866   -0.104147  -0.782287 -0.0601323 0 0 0 0 0 0 10.4961
-0.772019  -7.22595  0.308952 -0.223996  0.040094 0.0793211  0 -0  0  3.10891e-06 -7.33352e-06  4.89098e-06 -0.428392 0.0588284 0.0291959   -0.165384  -0.706549 -0.0062994 0 0 0 0 0 0 10.5049
-0.997054  -8.11391  0.300683 -0.232786 0.0416068 0.0776875  0 -0  0  3.10891e-06 -7.33352e-06  4.89098e-06  -0.440907  0.0708558 -0.0137029   -0.201294  -0.813908 -0.0209594 0 0 0 0 0 0 10.514
-1.06148  -8.9986 0.300372 -0.241693 0.0438682  0.076971  0 -0  0  3.10891e-06 -7.33352e-06  4.89098e-06  -0.435082  0.0901729 -0.0214256  -0.0799342  -0.744309 -0.0167149 0 0 0 0 0 0 10.5232
-1.09115 -9.83899 0.327707 -0.250735 0.0447096 0.0781383  0 -0  0  3.10891e-06 -7.33352e-06  4.89098e-06  -0.454735  0.0691066 0.00269019  -0.0217402   -0.78437  0.0082678 0 0 0 0 0 0 10.5323
-1.21771 -10.6766 0.400241 -0.262525 0.0463622 0.0791472  0 -0  0  3.10891e-06 -7.33352e-06  4.89098e-06 -0.502284 0.0725785 0.0241206   -0.09934 -0.720291 0.0404005 0 0 0 0 0 0 10.5443
-1.38513 -11.3446 0.489866 -0.271629 0.0480119 0.0791808  0 -0  0  3.10891e-06 -7.33352e-06  4.89098e-06 -0.474145 0.0760877 0.0119195  -0.121701    -0.556 0.0623772 0 0 0 0 0 0 10.5535
-1.63277 -11.8898 0.582197 -0.280408 0.0476406 0.0794984  0 -0  0  3.10891e-06 -7.33352e-06  4.89098e-06 -0.469373 0.0346172 0.0155525  -0.185038 -0.499987  0.069794 0 0 0 0 0 0 10.5623
-1.57877  -12.891 0.669683 -0.288394 0.0483745 0.0800958  0 -0  0  3.10891e-06 -7.33352e-06  4.89098e-06 -0.430692  0.035462  0.024139  0.0141771 -0.791614 0.0465745 0 0 0 0 0 0 10.5704
-1.49301 -13.8696 0.815224 -0.297037 0.0485502 0.0768131  0 -0  0  3.10891e-06 -7.33352e-06  4.89098e-06  -0.433949   0.024625 -0.0346573   0.110277 -0.870711 0.0985648 0 0 0 0 0 0 10.5796
-1.42928 -14.7604  1.03631 -0.307884  0.047894 0.0772001  0 -0  0  3.10891e-06 -7.33352e-06  4.89098e-06    -0.475838 -0.000548556   -0.0103846   0.106699 -0.789174  0.158032 0 0 0 0 0 0 10.5905
-1.50585 -15.5334  1.27742  -0.31395 0.0492268 0.0778939  0 -0  0  3.10891e-06 -7.33352e-06  4.89098e-06  -0.416205  0.0263736 0.00304823  -0.0150768  -0.684043   0.190284 0 0 0 0 0 0 10.5967
-1.73105 -15.9392  1.48523 -0.322522 0.0483664 0.0769085  0 -0  0  3.10891e-06 -7.33352e-06  4.89098e-06   -0.432313 -0.00246574  -0.0143827  -0.136091 -0.408968   0.17813 0 0 0 0 0 0 10.6054
 -1.5994 -16.5934  1.56275 -0.330704  0.050337 0.0727881  0 -0  0  3.10891e-06 -7.33352e-06  4.89098e-06   -0.41196  0.0476801 -0.0746067  0.0681238 -0.510271 0.0468702 0 0 0 0 0 0 10.6148
-1.49781 -17.1232  1.58004 -0.338183 0.0507061 0.0694451  0 -0  0  3.10891e-06 -7.33352e-06  4.89098e-06 -0.399455 0.0357213 -0.101862    0.101551  -0.470722 0.00303222 0 0 0 0 0 0 10.623
-1.42489 -17.6052  1.54673 -0.347504 0.0502191 0.0691391  0 -0  0  3.10891e-06 -7.33352e-06  4.89098e-06  -0.424564 0.00843364 -0.0644475   0.0577929  -0.422747 -0.0363576 0 0 0 0 0 0 10.6323
 -1.4416 -18.1201  1.54321 -0.352583 0.0510134 0.0688416  0 -0  0  3.10891e-06 -7.33352e-06  4.89098e-06  -0.365112  0.0207759 -0.0483612   -0.0160776    -0.44914 -0.00824416 0 0 0 0 0 0 10.6375
-1.56674 -18.0051  1.50821 -0.359083 0.0499518 0.0696257  0 -0  0  3.10891e-06 -7.33352e-06  4.89098e-06  -0.360002 -0.0123525 -0.0109688  -0.113277 0.0876898 -0.025737 0 0 0 0 0 0 10.6441
-1.50978 -19.1784  1.34587 -0.364617 0.0521041 0.0668624  0 -0  0  3.10891e-06 -7.33352e-06  4.89098e-06  -0.321248  0.0437163 -0.0503721  -0.00111058   -0.837079   -0.142399 0 0 0 0 0 0 10.6507
-1.44305 -20.1672  1.25835 -0.369483 0.0523792 0.0617274  0 -0  0  3.10891e-06 -7.33352e-06  4.89098e-06 -0.298962 0.0329587  -0.11086  0.0463763 -0.882906 -0.098108 0 0 0 0 0 0 10.6577
-1.38024  -20.745  1.22405 -0.381838 0.0526892 0.0606041  0 -0  0  3.10891e-06 -7.33352e-06  4.89098e-06  -0.417909  0.0230162 -0.0857988   0.0369288  -0.517675 -0.0506097 0 0 0 0 0 0 10.6701
-1.37499 -21.0928  1.22772 -0.384654 0.0536009 0.0611948  0 -0  0  3.10891e-06 -7.33352e-06  4.89098e-06  -0.313543  0.0296052 -0.0431037  0.00457678  -0.279032 0.00503415 0 0 0 0 0 0 10.6732
-1.83326 -20.1499  1.27203 -0.391037 0.0514179 0.0607536  0 -0  0  3.10891e-06 -7.33352e-06  4.89098e-06  -0.320273 -0.0296678 -0.0288506  -0.377453  0.842704 0.0661696 0 0 0 0 0 0 10.6799
-1.74345 -21.2283  1.16532 -0.395285  0.053117 0.0651184  0 -0  0  3.10891e-06 -7.33352e-06  4.89098e-06 -0.252901 0.0224763 0.0520487   0.0236169  -0.649168 -0.0893524 0 0 0 0 0 0 10.6862
-1.50471 -22.6053  1.14237 -0.396232 0.0534408 0.0565399  0 -0  0  3.10891e-06 -7.33352e-06  4.89098e-06  -0.184495  0.0254923 -0.0899163     0.20591    -1.1032 -0.0502192 0 0 0 0 0 0 10.6949
-1.48738 -23.0011  1.30451  -0.40597 0.0518711 0.0541132  0 -0  0  3.10891e-06 -7.33352e-06  4.89098e-06  -0.306062 -0.0179858 -0.0959973  0.0859469 -0.397119  0.110643 0 0 0 0 0 0 10.705
-1.64935 -22.9498  1.51123 -0.407765 0.0538076 0.0533648  0 -0  0  3.10891e-06 -7.33352e-06  4.89098e-06  -0.231305   0.026904 -0.0822351  -0.0774759  0.0314208   0.176085 0 0 0 0 0 0 10.7078
-2.40879 -22.1447  1.79421 -0.413421 0.0536142 0.0504051  0 -0  0  3.10891e-06 -7.33352e-06  4.89098e-06 -0.252995 0.0203743  -0.10687  -0.561377  0.710949  0.270626 0 0 0 0 0 0 10.7142
-2.13204 -22.6139  1.89797 -0.417289 0.0558876 0.0559846  0 -0  0  3.10891e-06 -7.33352e-06  4.89098e-06 -0.208151 0.0583302   0.02228   0.134833  -0.27444 0.0800729 0 0 0 0 0 0 10.7213
 -1.9549 -23.1605  2.04523 -0.416752 0.0564441 0.0466259  0 -0  0  3.10891e-06 -7.33352e-06  4.89098e-06 -0.144283   0.05496  -0.12532   0.262396 -0.500499  0.111138 0 0 0 0 0 0 10.7307
-1.93786  -23.452  2.33496 -0.420987 0.0557393 0.0438622  0 -0  0  3.10891e-06 -7.33352e-06  4.89098e-06 -0.171096 0.0164448 -0.126842   0.128678 -0.268321   0.21483 0 0 0 0 0 0 10.7358
-2.02384 -23.5711  2.45548 -0.422779 0.0542407 0.0399223  0 -0  0  3.10891e-06 -7.33352e-06  4.89098e-06  -0.138194 -0.0170877  -0.156316  -0.0136926  -0.104406   0.100967 0 0 0 0 0 0 10.7404
-2.80189  -23.054  2.63921 -0.425746 0.0533115 0.0417566  0 -0  0  3.10891e-06 -7.33352e-06  4.89098e-06  -0.147392 -0.0298343 -0.0575432  -0.638206  0.469558  0.181184 0 0 0 0 0 0 10.744
-2.50211 -24.0417   2.5807 -0.424874 0.0526125 0.0381718  0 -0  0  3.10891e-06 -7.33352e-06  4.89098e-06 -0.0645249 -0.0263575 -0.0905381   0.0747308   -0.57283 -0.0569126 0 0 0 0 0 0 10.7478
-1.94114 -24.7523  2.46007 -0.427482 0.0537308 0.0375929  0 -0  0  3.10891e-06 -7.33352e-06  4.89098e-06 -0.0906137 0.00644786 -0.0776318    0.44629 -0.678144 -0.129857 0 0 0 0 0 0 10.7507
-1.62468 -24.9357  2.22592 -0.433045 0.0517787 0.0354336  0 -0  0  3.10891e-06 -7.33352e-06  4.89098e-06  -0.165438 -0.0386125 -0.0863247   0.219828 -0.185732  -0.19957 0 0 0 0 0 0 10.7569
-1.61441 -24.8628  2.11476 -0.433113 0.0536021 0.0350152  0 -0  0  3.10891e-06 -7.33352e-06  4.89098e-06  -0.108379  0.0121912 -0.0643695  -0.0355166  0.0589244 -0.0878658 0 0 0 0 0 0 10.7588
 -2.2268 -24.3681  2.11071 -0.435087 0.0527695 0.0366584  0 -0  0  3.10891e-06 -7.33352e-06  4.89098e-06   -0.111738 -0.00871418 -0.00677932  -0.593414  0.484139 0.0128863 0 0 0 0 0 0 10.7615
-2.00423 -24.7971  1.97549  -0.43501 0.0523067   0.03952  0 -0  0  3.10891e-06 -7.33352e-06  4.89098e-06 -0.0604562 -0.0134335   0.041897  -0.00418572   -0.206935  -0.0926077 0 0 0 0 0 0 10.7644
-1.60406 -25.2786    1.969 -0.435176 0.0526573 0.0363921  0 -0  0  3.10891e-06 -7.33352e-06  4.89098e-06 -0.0480774 0.00202748 -0.0195505    0.351856  -0.430546 -0.0199982 0 0 0 0 0 0 10.7676
-1.46455 -25.3849   2.0401 -0.439434 0.0511597  0.035367  0 -0  0  3.10891e-06 -7.33352e-06  4.89098e-06  -0.113559 -0.0316714 -0.0292938   0.172651 -0.113248 0.0506636 0 0 0 0 0 0 10.7722
 -1.5363 -25.3165  2.24173 -0.434755 0.0534784 0.0368155  0 -0  0  3.10891e-06 -7.33352e-06  4.89098e-06   0.00618363     0.025904 -1.45527e-05  0.00385109  0.0576113   0.154328 0 0 0 0 0 0 10.7776
-2.04882 -24.9102  2.52916  -0.43305 0.0529522   0.04094  0 -0  0  3.10891e-06 -7.33352e-06  4.89098e-06  0.0307724 0.00245713  0.0857255  -0.354139   0.37277  0.263068 0 0 0 0 0 0 10.7821
-2.16574  -24.943  2.64725 -0.430716  0.052523 0.0429441  0 -0  0  3.10891e-06 -7.33352e-06  4.89098e-06   0.0595413 -0.00837355   0.0863838  -0.0923311  0.0125734  0.0846969 0 0 0 0 0 0 10.7852
-1.95224 -24.9759  2.71709 -0.427616 0.0529065  0.042668  0 -0  0  3.10891e-06 -7.33352e-06  4.89098e-06  0.0955726 0.00379738  0.0593889   0.204864 -0.025695  0.061946 0 0 0 0 0 0 10.7884
-1.85959 -24.7899  2.87697 -0.428363 0.0515202 0.0440553  0 -0  0  3.10891e-06 -7.33352e-06  4.89098e-06  0.0445973 -0.0293693  0.0666507  0.146731 0.154625 0.128039 0 0 0 0 0 0 10.7905
-1.91413 -24.5273  3.05944 -0.424203 0.0542684 0.0465249  0 -0  0  3.10891e-06 -7.33352e-06  4.89098e-06   0.10222 0.0359221 0.0819805  0.0035101  0.226804  0.151561 0 0 0 0 0 0 10.796
-2.38007  -23.892  3.35743 -0.420584 0.0539073 0.0509219  0 -0  0  3.10891e-06 -7.33352e-06  4.89098e-06  0.133746 0.0142795  0.143002  -0.310802  0.588044  0.286379 0 0 0 0 0 0 10.8017
-2.39206 -23.7989   3.4281 -0.416571 0.0554167 0.0581693  0 -0  0  3.10891e-06 -7.33352e-06  4.89098e-06  0.149409 0.0356183  0.203858  -0.0441763   0.113922  0.0588947 0 0 0 0 0 0 10.8101
-2.23734 -23.7422  3.37246 -0.411001 0.0562098  0.055323  0 -0  0  3.10891e-06 -7.33352e-06  4.89098e-06  0.186679 0.0439129  0.101113    0.132679   0.069869 -0.0432663 0 0 0 0 0 0 10.8165
-2.08264 -23.3211  3.28745 -0.410496 0.0558577 0.0585116  0 -0  0  3.10891e-06 -7.33352e-06  4.89098e-06  0.127159 0.0158062  0.129674     0.11406   0.384411 -0.0563887 0 0 0 0 0 0 10.8197
-2.04915 -22.8592  3.22774 -0.402434 0.0574604 0.0622139  0 -0  0  3.10891e-06 -7.33352e-06  4.89098e-06  0.227606 0.0420866  0.145389  0.00857844   0.427488 -0.0278945 0 0 0 0 0 0 10.8287
-2.30209 -21.8568  3.26737 -0.398904 0.0566447 0.0671666  0 -0  0  3.10891e-06 -7.33352e-06  4.89098e-06   0.214203 0.00734095   0.195619  -0.209908  0.928194  0.067891 0 0 0 0 0 0 10.8348
-2.47508 -21.4586  3.21908 -0.395401 0.0551285 0.0742152  0 -0  0  3.10891e-06 -7.33352e-06  4.89098e-06   0.193089 -0.0331834   0.242212   -0.146162   0.382905 -0.0234419 0 0 0 0 0 0 10.8429
-2.15832 -21.3404  3.22098 -0.388475  0.056741 0.0714461  0 -0  0  3.10891e-06 -7.33352e-06  4.89098e-06  0.244803 0.0233259  0.130821   0.233914  0.130231 0.0112697 0 0 0 0 0 0 10.8505
-1.96305 -20.6578  3.32896 -0.383951 0.0566497 0.0781485  0 -0  0  3.10891e-06 -7.33352e-06  4.89098e-06   0.239735 0.00595468   0.210978  0.202198 0.609143 0.112933 0 0 0 0 0 0 10.8586
 -1.9517 -19.8269  3.60272 -0.374083 0.0601618 0.0822854  0 -0  0  3.10891e-06 -7.33352e-06  4.89098e-06  0.322191 0.0737146  0.188751  0.0752935  0.658802  0.218219 0 0 0 0 0 0 10.8698
-2.33382 -18.4459  3.90287 -0.365355 0.0589267 0.0870125  0 -0  0  3.10891e-06 -7.33352e-06  4.89098e-06  0.371358 0.0212143   0.21855  -0.230286    1.2908  0.317071 0 0 0 0 0 0 10.8798
-2.67426 -17.5655  4.08495  -0.36006 0.0587712 0.0941841  0 -0  0  3.10891e-06 -7.33352e-06  4.89098e-06   0.333294 0.00541448   0.267665  -0.237654  0.841267  0.187094 0 0 0 0 0 0 10.8888
-2.39698 -17.5873  4.11921 -0.348173 0.0605224 0.0940549  0 -0  0  3.10891e-06 -7.33352e-06  4.89098e-06  0.428357 0.0454979  0.190385   0.187706 0.0787544 0.0381741 0 0 0 0 0 0 10.9008
-2.14228 -17.2357  4.14819  -0.33639 0.0612734 0.0959987  0 -0  0  3.10891e-06 -7.33352e-06  4.89098e-06  0.489627 0.0449558  0.158058   0.241125  0.304822 0.0404143 0 0 0 0 0 0 10.9127
-2.02525 -16.3418  4.12204 -0.322933 0.0627793 0.0996371  0 -0  0  3.10891e-06 -7.33352e-06  4.89098e-06 0.557457   0.0578 0.162828  0.0971031  0.772932 0.0134365 0 0 0 0 0 0 10.9268
-2.17587 -15.0578  4.10165  -0.31167 0.0612539   0.10245  0 -0  0  3.10891e-06 -7.33352e-06  4.89098e-06   0.537655 0.00304935   0.154543  -0.102584   1.01106 0.0192071 0 0 0 0 0 0 10.9385
-2.41879 -14.3868  3.93488 -0.303368 0.0610809  0.105644  0 -0  0  3.10891e-06 -7.33352e-06  4.89098e-06    0.495376 -0.00273587    0.157946  -0.225266  0.663481 -0.125315 0 0 0 0 0 0 10.9474
-2.2105 -13.738 3.64084 -0.294497 0.0635696  0.107368  0 -0  0  3.10891e-06 -7.33352e-06  4.89098e-06   0.47304 0.0593809  0.133368  0.0505575  0.571845 -0.227285 0 0 0 0 0 0 10.9567
-2.03868  -12.924  3.35927 -0.282219 0.0625109  0.112114  0 -0  0  3.10891e-06 -7.33352e-06  4.89098e-06   0.535763 0.00755091   0.176673    0.10403  0.744197 -0.216581 0 0 0 0 0 0 10.97
-1.89616 -12.0112  3.18975 -0.273162 0.0646105  0.116205  0 -0  0  3.10891e-06 -7.33352e-06  4.89098e-06 0.487015 0.043818 0.181038  0.0719352  0.721741 -0.119871 0 0 0 0 0 0 10.9801
-2.07121 -11.2001   3.0731 -0.261428 0.0630356  0.118843  0 -0  0  3.10891e-06 -7.33352e-06  4.89098e-06    0.52804 -0.0039264    0.16484   -0.149118   0.724231 -0.0757299 0 0 0 0 0 0 10.9922
-2.12546 -10.3607  2.76659 -0.249185 0.0625101  0.122373  0 -0  0  3.10891e-06 -7.33352e-06  4.89098e-06   0.581396 -0.0156312   0.174785  -0.110559  0.803033 -0.248313 0 0 0 0 0 0 11.005
-1.77218 -9.32664   2.3787 -0.237507 0.0648377  0.123319  0 -0  0  3.10891e-06 -7.33352e-06  4.89098e-06  0.580919 0.0499062   0.13514   0.177892  0.898469 -0.304779 0 0 0 0 0 0 11.0169
-1.51347 -8.23417  2.18213  -0.22423 0.0640683  0.127612  0 -0  0  3.10891e-06 -7.33352e-06  4.89098e-06 0.607534 0.007778 0.164242   0.196098  0.933704 -0.141651 0 0 0 0 0 0 11.0309
-1.35839 -7.15548  2.11642 -0.213618 0.0651319  0.130048  0 -0  0  3.10891e-06 -7.33352e-06  4.89098e-06  0.568456 0.0267873  0.142694    0.116559   0.886534 -0.0415544 0 0 0 0 0 0 11.0419
-1.42188 -6.27854  2.11389 -0.200996 0.0631995  0.131539  0 -0  0  3.10891e-06 -7.33352e-06  4.89098e-06   0.592547 -0.0221811   0.116744  -0.0330372    0.76607  0.0162509 0 0 0 0 0 0 11.0547
-1.43812 -5.28709  2.26543 -0.188821 0.0629507  0.134808  0 -0  0  3.10891e-06 -7.33352e-06  4.89098e-06   0.615076 -0.0193559   0.136157  -0.0143273   0.909862   0.162087 0 0 0 0 0 0 11.0673
-1.15929 -4.26006  2.64903 -0.176792 0.0654036  0.138515  0 -0  0  3.10891e-06 -7.33352e-06  4.89098e-06  0.608877 0.0488619   0.15113  0.218587 0.880476 0.344889 0 0 0 0 0 0 11.0801
-0.834325  -3.05996   3.21582  -0.16336 0.0641964  0.137826  0 -0  0  3.10891e-06 -7.33352e-06  4.89098e-06   0.636674 0.00314103   0.091226  0.336537   1.0318 0.514725 0 0 0 0 0 0 11.0936
-0.557134  -2.02954   3.47463 -0.151878 0.0644983  0.136695  0 -0  0  3.10891e-06 -7.33352e-06  4.89098e-06  0.600931 0.0103164 0.0317932  0.244175 0.851166 0.246931 0 0 0 0 0 0 11.1052
-0.375997  -1.14975   3.46882 -0.140236 0.0632179  0.134659  0 -0  0  3.10891e-06 -7.33352e-06  4.89098e-06   0.605676 -0.0156924 -0.0201038   0.186795  0.792521 0.0103759 0 0 0 0 0 0 11.1171
-0.433911 -0.185405    3.2227 -0.127896 0.0617532  0.134152  0 -0  0  3.10891e-06 -7.33352e-06  4.89098e-06   0.617032 -0.0414545 -0.0221514  -0.0169699   0.871102  -0.207256 0 0 0 0 0 0 11.1295
-0.207041   0.83352   3.01232 -0.115338 0.0628874  0.132745  0 -0  0  3.10891e-06 -7.33352e-06  4.89098e-06   0.625346 0.00562276 -0.0408833   0.171576   0.89903 -0.184632 0 0 0 0 0 0 11.1422
0.0771201   1.86028   2.91056 -0.0999855  0.0600715   0.133138  0 -0  0  3.10891e-06 -7.33352e-06  4.89098e-06   0.677587  -0.061255 -0.0183355    0.257368   0.890166 -0.0902226 0 0 0 0 0 0 11.1578
0.211867  2.79984  2.56846 -0.0884835  0.0612216   0.132389  0 -0  0  3.10891e-06 -7.33352e-06  4.89098e-06   0.623352 -0.0131417 -0.0259765   0.114058   0.76825 -0.268212 0 0 0 0 0 0 11.1694
0.198693  3.64469  2.24299 -0.0773133  0.0605822    0.13045  0 -0  0  3.10891e-06 -7.33352e-06  4.89098e-06   0.593868 -0.0175797 -0.0524152  0.0134982  0.714406 -0.280916 0 0 0 0 0 0 11.1807
0.178686   4.3362  1.97908 -0.0656648  0.0605402   0.130474  0 -0  0  3.10891e-06 -7.33352e-06  4.89098e-06   0.556719  -0.010659 -0.0284669  -0.00164835    0.533295   -0.206863 0 0 0 0 0 0 11.1924
0.101829  4.98619  1.80965 -0.0573377  0.0619904   0.127179  0 -0  0  3.10891e-06 -7.33352e-06  4.89098e-06   0.534301  0.0310031 -0.0813937  -0.0575553     0.6504  -0.178305 0 0 0 0 0 0 11.2015
0.0604578   5.86616   1.74243 -0.0437742  0.0591527   0.125272  0 -0  0  3.10891e-06 -7.33352e-06  4.89098e-06   0.599047 -0.0468255 -0.0862595  -0.0116124   0.783669 -0.0637814 0 0 0 0 0 0 11.2155
-0.0297819    6.79981     1.6193 -0.030562 0.0589276  0.122312  0 -0  0  3.10891e-06 -7.33352e-06  4.89098e-06   0.622513 -0.0313051  -0.113974  -0.0657567    0.81412 -0.0998196 0 0 0 0 0 0 11.229
-0.0714883    7.69854    1.76506 -0.0202617  0.0585538   0.118915  0 -0  0  3.10891e-06 -7.33352e-06  4.89098e-06  0.581559 -0.024219 -0.135854  -0.0543959    0.77624   0.118458 0 0 0 0 0 0 11.2399
-0.21704  8.73601  1.92249 -0.0093991  0.0583866   0.118148  0 -0  0  3.10891e-06 -7.33352e-06  4.89098e-06   0.578824 -0.0200132  -0.101004  -0.157888  0.967316  0.145496 0 0 0 0 0 0 11.2507
-0.137129   9.80494    2.0775 0.00597548  0.0601811   0.112794  0 -0  0  3.10891e-06 -7.33352e-06  4.89098e-06  0.636076 0.0316688 -0.167445  0.0311909  0.853596  0.123429 0 0 0 0 0 0 11.2671
0.0229613   10.7522    2.3624 0.0222568 0.0585295  0.109145  0 -0  0  3.10891e-06 -7.33352e-06  4.89098e-06    0.71155 -0.0187963  -0.177179  0.112808  0.85363 0.249306 0 0 0 0 0 0 11.2839
-0.00535597     11.9589     2.57593 0.0347538  0.058811  0.105144  0 -0  0  3.10891e-06 -7.33352e-06  4.89098e-06    0.682159 -0.00378644   -0.186044  -0.0574389    1.04186   0.190769 0 0 0 0 0 0 11.297
-0.20851  13.3068  2.79871  0.046545 0.0594381  0.101478  0 -0  0  3.10891e-06 -7.33352e-06  4.89098e-06   0.65797 0.0115185 -0.187454  -0.228173    1.2175  0.201316 0 0 0 0 0 0 11.3094
-0.520977   14.8825   2.93187 0.0595288 0.0614628 0.0990934  0 -0  0  3.10891e-06 -7.33352e-06  4.89098e-06  0.656977 0.0504132 -0.162927  -0.310829   1.40069  0.119498 0 0 0 0 0 0 11.3227
-0.715637   16.4818   2.76638 0.0771255 0.0618056 0.0918756  0 -0  0  3.10891e-06 -7.33352e-06  4.89098e-06  0.723935 0.0358084 -0.243439  -0.124706   1.28565 -0.098405 0 0 0 0 0 0 11.3418
-0.682107   17.8093   2.86732 0.0948626 0.0601004 0.0848396  0 -0  0  3.10891e-06 -7.33352e-06  4.89098e-06   0.789509 -0.0166579  -0.291944  0.0196059   1.16599 0.0958318 0 0 0 0 0 0 11.3609
-0.755605   19.3105   2.87373  0.107318 0.0598905 0.0754453  0 -0  0  3.10891e-06 -7.33352e-06  4.89098e-06    0.736979 -0.00805248   -0.366014  -0.0536269      1.292  0.0393372 0 0 0 0 0 0 11.3765
-0.935862     20.67   3.01337  0.120221 0.0609343 0.0704229  0 -0  0  3.10891e-06 -7.33352e-06  4.89098e-06   0.69747 0.0136408 -0.317177  -0.207518   1.17741  0.121246 0 0 0 0 0 0 11.3904
-0.998487   21.9446   3.08331  0.133985  0.062268 0.0664345  0 -0  0  3.10891e-06 -7.33352e-06  4.89098e-06  0.691754 0.0350625   -0.2694  -0.100774   1.11968 0.0755845 0 0 0 0 0 0 11.4048
-1.00925  23.0891  2.88133  0.148024  0.062444 0.0590203  0 -0  0  3.10891e-06 -7.33352e-06  4.89098e-06  0.699674 0.0256068 -0.312149  0.0508949   1.00186 -0.130867 0 0 0 0 0 0 11.4207
-0.868929   24.0839   2.79112  0.163223 0.0615716 0.0510963  0 -0  0  3.10891e-06 -7.33352e-06  4.89098e-06    0.736923 -0.00469069   -0.355144    0.170237   0.917662 -0.0601039 0 0 0 0 0 0 11.4378
-0.928995   25.3131   2.53449  0.176225 0.0619564 0.0402347  0 -0  0  3.10891e-06 -7.33352e-06  4.89098e-06   0.696571 0.00991092  -0.427277  0.0487868   1.01195 -0.165466 0 0 0 0 0 0 11.4548
-1.12411  26.3806  2.45387  0.188293 0.0625086 0.0338493  0 -0  0  3.10891e-06 -7.33352e-06  4.89098e-06  0.656684 0.0163788 -0.378151   -0.138404   0.920195 -0.0557285 0 0 0 0 0 0 11.4684
-1.18752   27.688  2.45426  0.196709 0.0636414 0.0277308  0 -0  0  3.10891e-06 -7.33352e-06  4.89098e-06  0.578997 0.0333364 -0.349583  -0.079394   1.18504 0.0135898 0 0 0 0 0 0 11.4789
-1.26697  29.0841  2.23514  0.208847 0.0635745 0.0168454  0 -0  0  3.10891e-06 -7.33352e-06  4.89098e-06  0.583176 0.0194056 -0.420251  0.0168459    1.1509 -0.121492 0 0 0 0 0 0 11.4952
-1.15178  30.3952  2.15405   0.221806  0.0601749 0.00610718  0 -0  0  3.10891e-06 -7.33352e-06  4.89098e-06   0.611883 -0.0629311  -0.472709    0.162587    1.16003 -0.0345342 0 0 0 0 0 0 11.5124
-1.06675  31.5536  2.04618    0.233326   0.0574158 -0.00323268  0 -0  0  3.10891e-06 -7.33352e-06  4.89098e-06   0.599437 -0.0927937  -0.468791    0.133119    1.02577 -0.0649195 0 0 0 0 0 0 11.5275
-1.03465  32.5474  2.19871   0.244465  0.0573827 -0.0113313  0 -0  0  3.10891e-06 -7.33352e-06  4.89098e-06  0.594292 -0.059001 -0.453521  -0.0557124   0.923574   0.121496 0 0 0 0 0 0 11.5412
-0.700381   33.7922   2.53418   0.254012  0.0597254 -0.0180594  0 -0  0  3.10891e-06 -7.33352e-06  4.89098e-06  0.550861 0.0100813 -0.404028  0.086213  1.08652 0.243905 0 0 0 0 0 0 11.5532
-0.562059    35.055   2.67494   0.266668  0.0599391 -0.0298371  0 -0  0  3.10891e-06 -7.33352e-06  4.89098e-06  0.561516 0.0111325 -0.460643  0.0506678  0.978882  0.106742 0 0 0 0 0 0 11.5704
-0.166015   36.2297   2.64751   0.274462   0.058085 -0.0414892  0 -0  0  3.10891e-06 -7.33352e-06  4.89098e-06   0.51493 -0.036239 -0.510458   0.351835   1.03917 0.0119218 0 0 0 0 0 0 11.5846
0.0289901   37.2509   2.55269    0.28265  0.0553581 -0.0524277  0 -0  0  3.10891e-06 -7.33352e-06  4.89098e-06  0.481907 -0.074476 -0.525609    0.244693   0.916604 -0.0664794 0 0 0 0 0 0 11.5985
0.052973  38.2457  2.69569  0.288804  0.055376 -0.060922  0 -0  0  3.10891e-06 -7.33352e-06  4.89098e-06   0.430894 -0.0450071  -0.501144  -0.060143  0.928582 0.0889581 0 0 0 0 0 0 11.609
0.121374  39.5454  3.03593  0.299779 0.0581251 -0.070397  0 -0  0  3.10891e-06 -7.33352e-06  4.89098e-06  0.438351 0.0255105 -0.455083  -0.115085  0.952221  0.171864 0 0 0 0 0 0 11.6238
0.100535  40.7041  3.10134   0.310113  0.0581694 -0.0799096  0 -0  0  3.10891e-06 -7.33352e-06  4.89098e-06  0.467566 0.0173759 -0.469712  -0.0679731     1.0211  0.0530066 0 0 0 0 0 0 11.6378
0.328206  41.8151  3.14158   0.317966  0.0567778 -0.0909011  0 -0  0  3.10891e-06 -7.33352e-06  4.89098e-06   0.458508 -0.0224074  -0.514888   0.165923    1.0269 0.0456036 0 0 0 0 0 0 11.6514
0.369966  42.8065  3.10069  0.326134 0.0547098 -0.100951  0 -0  0  3.10891e-06 -7.33352e-06  4.89098e-06   0.445761 -0.0535468  -0.511646  0.0783342  0.892556 -0.029648 0 0 0 0 0 0 11.6645
0.211822  43.7087  3.09404  0.329879 0.0566511 -0.109987  0 -0  0  3.10891e-06 -7.33352e-06  4.89098e-06   0.362369 0.00484994  -0.498187   -0.151172   0.818273 -0.0231452 0 0 0 0 0 0 11.6745
-0.0548644    44.7678    3.03909  0.340341 0.0587937 -0.119304  0 -0  0  3.10891e-06 -7.33352e-06  4.89098e-06  0.416791 0.0434218 -0.494249   -0.204123   0.925742 -0.0459929 0 0 0 0 0 0 11.6886
-0.308275   45.9354    2.7443  0.346851  0.058766 -0.129875  0 -0  0  3.10891e-06 -7.33352e-06  4.89098e-06  0.373242 0.0262937 -0.482339  -0.0592326   0.920758  -0.151679 0 0 0 0 0 0 11.7011
-0.19443  46.9359  2.59407  0.353928 0.0548454 -0.138258  0 -0  0  3.10891e-06 -7.33352e-06  4.89098e-06  0.364538 -0.069559 -0.454461     0.19317   0.883633 -0.0729474 0 0 0 0 0 0 11.7127
-0.193951   47.8627   2.35685  0.360999 0.0545861 -0.146534  0 -0  0  3.10891e-06 -7.33352e-06  4.89098e-06   0.361538 -0.0479525   -0.44045   0.148982  0.820218 -0.136535 0 0 0 0 0 0 11.7236
-0.309482   48.6435   2.39018  0.363464 0.0556737 -0.155948  0 -0  0  3.10891e-06 -7.33352e-06  4.89098e-06    0.287807 -0.00595045   -0.461641    -0.126194    0.723587 -0.00237477 0 0 0 0 0 0 11.7334
-0.360834   49.6581   2.61222  0.373102 0.0598284 -0.161279  0 -0  0  3.10891e-06 -7.33352e-06  4.89098e-06  0.346421 0.0719258 -0.389997  -0.200236  0.869843 0.0968696 0 0 0 0 0 0 11.7452
-0.304389   50.9325   2.73633  0.375159 0.0583675 -0.173719  0 -0  0  3.10891e-06 -7.33352e-06  4.89098e-06  0.262021 0.0149753 -0.440692  -0.0663168   0.915037  0.0801464 0 0 0 0 0 0 11.7579
0.145087  51.5734  2.86651  0.383213 0.0553577 -0.181008  0 -0  0  3.10891e-06 -7.33352e-06  4.89098e-06   0.281505 -0.0562704  -0.375935   0.245771  0.518387 0.0694315 0 0 0 0 0 0 11.7691
0.30312 52.1687 2.83022  0.386423 0.0528534 -0.186234  0 -0  0  3.10891e-06 -7.33352e-06  4.89098e-06   0.267012 -0.0901416  -0.368448   0.237496  0.677197 -0.013925 0 0 0 0 0 0 11.7758
0.333947  52.8304  2.95204   0.38484 0.0526335 -0.193417  0 -0  0  3.10891e-06 -7.33352e-06  4.89098e-06   0.162618 -0.0580313  -0.378531  -0.0424618   0.621111  0.0456561 0 0 0 0 0 0 11.7831
0.545698  53.5075  3.27246  0.390891 0.0575049  -0.19714  0 -0  0  3.10891e-06 -7.33352e-06  4.89098e-06  0.204116 0.0507928 -0.310914  -0.0722083   0.613699   0.131349 0 0 0 0 0 0 11.7917
0.53468 54.1286 3.45033  0.390848 0.0569663 -0.206569  0 -0  0  3.10891e-06 -7.33352e-06  4.89098e-06  0.135206 0.0185143 -0.338459  -0.104409  0.452281 0.0764487 0 0 0 0 0 0 11.8012
0.848717  54.7654  3.45292   0.39268 0.0546973 -0.211448  0 -0  0  3.10891e-06 -7.33352e-06  4.89098e-06   0.121341 -0.0384665  -0.302583   0.245013  0.547939 0.0215329 0 0 0 0 0 0 11.8069
0.893044  55.3215  3.29118   0.39352 0.0501813 -0.214802  0 -0  0  3.10891e-06 -7.33352e-06  4.89098e-06 0.0954911 -0.110786 -0.248288    0.194817   0.477046 -0.0773476 0 0 0 0 0 0 11.8125
0.538165  55.6834  3.06327  0.391696 0.0493815 -0.219923  0 -0  0  3.10891e-06 -7.33352e-06  4.89098e-06  0.0411774 -0.0864188  -0.258298  -0.150381  0.343473 -0.134645 0 0 0 0 0 0 11.818
0.254904  55.7352  2.90389  0.394782  0.053206 -0.224275  0 -0  0  3.10891e-06 -7.33352e-06  4.89098e-06 0.0727783 0.0140466 -0.243729  -0.166088  0.125218 -0.105701 0 0 0 0 0 0 11.8246
0.140509  55.7077  2.75077   0.39504 0.0537719 -0.228345  0 -0  0  3.10891e-06 -7.33352e-06  4.89098e-06 0.0478068  0.019358 -0.210326    -0.0189582 -0.000433186   -0.0631869 0 0 0 0 0 0 11.8287
0.403445  55.9955  2.64182  0.395364  0.052331 -0.229884  0 -0  0  3.10891e-06 -7.33352e-06  4.89098e-06  0.0323009 -0.0213336  -0.150324    0.268246   0.195202 -0.0384074 0 0 0 0 0 0 11.8309
0.435902  56.2224   2.3522  0.394342 0.0513872  -0.22996  0 -0  0  3.10891e-06 -7.33352e-06  4.89098e-06 0.00516443 -0.0333598 -0.0915037   0.260446  0.176526 -0.141671 0 0 0 0 0 0 11.8322
0.342857  56.3675  2.40988  0.392891 0.0502616 -0.232453  0 -0  0  3.10891e-06 -7.33352e-06  4.89098e-06  -0.016521 -0.0402121  -0.105373    -0.104945     0.14777 0.000494378 0 0 0 0 0 0 11.8353
0.583137  56.4116  2.58703  0.392756 0.0529124 -0.233903  0 -0  0  3.10891e-06 -7.33352e-06  4.89098e-06 -0.0142128  0.0188268 -0.0927386  0.0241516 0.0588606 0.0763117 0 0 0 0 0 0 11.8384
0.519285  56.4982  2.80232  0.392176 0.0547212 -0.236012  0 -0  0  3.10891e-06 -7.33352e-06  4.89098e-06 -0.0176064  0.0420778 -0.0912936  -0.141203 0.0680146 0.0760041 0 0 0 0 0 0 11.8412
0.730685  56.9971  2.95833  0.392148 0.0530908 -0.233522  0 -0  0  3.10891e-06 -7.33352e-06  4.89098e-06 -0.0235687 -0.0117276 0.00220436  0.0455427  0.362571  0.082841 0 0 0 0 0 0 11.8442
0.803926  57.1921  2.90351  0.391932 0.0493414 -0.230576  0 -0  0  3.10891e-06 -7.33352e-06  4.89098e-06 -0.0264195  -0.083877  0.0668226    0.137439   0.170306 -0.0175289 0 0 0 0 0 0 11.849
0.665285  57.0316  2.74728  0.390123 0.0498188 -0.230741  0 -0  0  3.10891e-06 -7.33352e-06  4.89098e-06 -0.0476158 -0.0466736  0.0428972  -0.0150448  -0.121615 -0.0810212 0 0 0 0 0 0 11.8508
0.788735  56.5084   2.6618  0.393234 0.0508734 -0.230104  0 -0  0  3.10891e-06 -7.33352e-06  4.89098e-06   0.010563 -0.0147289   0.040389    0.145242  -0.382977 -0.0454573 0 0 0 0 0 0 11.8542
0.452262  55.8785  2.65184  0.390652 0.0525585 -0.227501  0 -0  0  3.10891e-06 -7.33352e-06  4.89098e-06 -0.0320942  0.0180939   0.073892   -0.153438   -0.41184 -0.0185872 0 0 0 0 0 0 11.8582
0.436094  55.7944  2.60772  0.393992 0.0513626 -0.222266  0 -0  0  3.10891e-06 -7.33352e-06  4.89098e-06  0.0157898 -0.0161084   0.150236  0.00839873  -0.120484 -0.0151492 0 0 0 0 0 0 11.8645
0.298849  55.6362  2.41283  0.392542 0.0453479 -0.214819  0 -0  0  3.10891e-06 -7.33352e-06  4.89098e-06 -0.0172227  -0.130493   0.253447   0.0653904  -0.201165 -0.0881824 0 0 0 0 0 0 11.8742
-0.0249196    55.0713    2.15869  0.388064 0.0464121 -0.211321  0 -0  0  3.10891e-06 -7.33352e-06  4.89098e-06 -0.0818679 -0.0659873   0.234799  -0.126312 -0.519032 -0.138517 0 0 0 0 0 0 11.88
-0.168527    53.966   1.95988  0.388661 0.0497381 -0.204095  0 -0  0  3.10891e-06 -7.33352e-06  4.89098e-06 -0.0546429  0.0131233   0.293686  -0.0363209  -0.949986  -0.131383 0 0 0 0 0 0 11.888
-0.473858   52.6481   1.90887  0.380448 0.0519066  -0.19542  0 -0  0  3.10891e-06 -7.33352e-06  4.89098e-06 -0.154158 0.0446546  0.329985   -0.147306  -0.907322 -0.0449359 0 0 0 0 0 0 11.9001
-0.305533   52.1054   1.98606  0.376718 0.0505265 -0.188218  0 -0  0  3.10891e-06 -7.33352e-06  4.89098e-06   -0.166042 -0.00352156    0.352001  0.0565907 -0.543933 0.0565675 0 0 0 0 0 0 11.9083
-0.172281   51.5545   1.96275  0.374781 0.0464361 -0.177714  0 -0  0  3.10891e-06 -7.33352e-06  4.89098e-06  -0.156279 -0.0893107   0.439378     0.164153   -0.567045 -0.00116149 0 0 0 0 0 0 11.9198
-0.28843  50.6586   2.0107  0.370017 0.0461749  -0.17207  0 -0  0  3.10891e-06 -7.33352e-06  4.89098e-06  -0.186258 -0.0596711   0.392736  -0.137116  -0.80224 0.0126922 0 0 0 0 0 0 11.9272
-0.324861   49.3783   2.10107  0.363257 0.0498169 -0.160654  0 -0  0  3.10891e-06 -7.33352e-06  4.89098e-06 -0.240616 0.0269405  0.471499  -0.141691  -1.11619 0.0277293 0 0 0 0 0 0 11.9409
-0.588171   48.1815   2.03629  0.355411 0.0530801 -0.149838  0 -0  0  3.10891e-06 -7.33352e-06  4.89098e-06 -0.271876 0.0770648  0.471384   -0.157935  -0.905064 -0.0474473 0 0 0 0 0 0 11.9547
-0.573144   47.3565   1.84345  0.351214 0.0518889  -0.14189  0 -0  0  3.10891e-06 -7.33352e-06  4.89098e-06 -0.253834 0.0217751  0.451129      0.0909  -0.792058 -0.0969597 0 0 0 0 0 0 11.9638
-0.572281   46.5114   1.57005  0.346984 0.0477667 -0.130923  0 -0  0  3.10891e-06 -7.33352e-06  4.89098e-06  -0.247795 -0.0737484   0.498726   0.204763 -0.781584 -0.165645 0 0 0 0 0 0 11.9762
-0.762289   45.3629   1.28732  0.340636 0.0487642 -0.121298  0 -0  0  3.10891e-06 -7.33352e-06  4.89098e-06  -0.277337 -0.0274698   0.502946  0.00277212   -1.05158  -0.197638 0 0 0 0 0 0 11.9878
-0.963909   43.7771   1.20078  0.328636 0.0508742 -0.108929  0 -0  0  3.10891e-06 -7.33352e-06  4.89098e-06 -0.386103 0.0243398  0.560109  -0.128995   -1.3837 -0.101719 0 0 0 0 0 0 12.0051
-1.23756  42.3948  1.05477   0.317421  0.0515789 -0.0966673  0 -0  0  3.10891e-06 -7.33352e-06  4.89098e-06 -0.419691 0.0276427  0.554344   -0.13717  -1.06659 -0.101823 0 0 0 0 0 0 12.0218
 -1.2091  41.6283 0.879578   0.309849  0.0522486 -0.0878706  0 -0  0  3.10891e-06 -7.33352e-06  4.89098e-06 -0.397782 0.0315876  0.504062   0.103582 -0.696764 -0.120141 0 0 0 0 0 0 12.0334
-1.13877  40.7366  0.80531  0.304236 0.0487601 -0.079084  0 -0  0  3.10891e-06 -7.33352e-06  4.89098e-06   -0.36906 -0.0527724   0.496792    0.148165  -0.830883 -0.0806501 0 0 0 0 0 0 12.0444
-1.23504  39.5406  0.65083   0.296128  0.0511324 -0.0691447  0 -0  0  3.10891e-06 -7.33352e-06  4.89098e-06 -0.39271 0.011707  0.50801  -0.0135341   -1.09766  -0.134383 0 0 0 0 0 0 12.0574
-1.55907  37.8971 0.534623    0.28288  0.0523227 -0.0589701  0 -0  0  3.10891e-06 -7.33352e-06  4.89098e-06 -0.490797 0.0359516  0.524368  -0.213932   -1.4594 -0.129374 0 0 0 0 0 0 12.0742
-1.91095  36.3612 0.290272   0.272416   0.052671 -0.0457197  0 -0  0  3.10891e-06 -7.33352e-06  4.89098e-06 -0.483639 0.0268641  0.555909  -0.171585   -1.1936 -0.182116 0 0 0 0 0 0 12.0911
  -1.97605    35.3101 -0.0509244    0.26401  0.0531048 -0.0358287  0 -0  0  3.10891e-06 -7.33352e-06  4.89098e-06 -0.457357  0.025633  0.526206  0.0833404    -0.928 -0.261283 0 0 0 0 0 0 12.1041
  -2.0563   34.2116 -0.269888   0.253213  0.0481165 -0.0258288  0 -0  0  3.10891e-06 -7.33352e-06  4.89098e-06  -0.492215 -0.0867479   0.533741  0.0894713 -0.993842 -0.208293 0 0 0 0 0 0 12.1196
-2.22936  32.8255 -0.48346   0.243594  0.0502935 -0.0159374  0 -0  0  3.10891e-06 -7.33352e-06  4.89098e-06  -0.490377 -0.0125787   0.513631  -0.0671962   -1.16724  -0.204264 0 0 0 0 0 0 12.1336
 -2.33925   31.0905 -0.312155    0.230715   0.0529736 -0.00580477  0 -0  0  3.10891e-06 -7.33352e-06  4.89098e-06 -0.563619 0.0477687  0.528376  -0.202633  -1.61735   0.04808 0 0 0 0 0 0 12.1502
 -2.45101   28.9599 -0.210732   0.216608  0.0541718 0.00720872  0 -0  0  3.10891e-06 -7.33352e-06  4.89098e-06 -0.595535 0.0516453  0.557767     -0.139139     -1.68365 -0.000274926 0 0 0 0 0 0 12.1694
 -2.31304   28.0074 -0.431831  0.204064 0.0553287 0.0133509  0 -0  0  3.10891e-06 -7.33352e-06  4.89098e-06 -0.540797 0.0525696  0.405538   0.151918 -0.712663 -0.155531 0 0 0 0 0 0 12.1834
 -2.10287   27.1279 -0.402069  0.195183 0.0524306 0.0203632  0 -0  0  3.10891e-06 -7.33352e-06  4.89098e-06   -0.56167 -0.0298834   0.437256     0.27457   -1.02755 -0.0279611 0 0 0 0 0 0 12.1951
 -1.92284   25.6709 -0.329446  0.184561 0.0532756 0.0286324  0 -0  0  3.10891e-06 -7.33352e-06  4.89098e-06   -0.549254 -0.00301676    0.423434    0.122373   -1.21777 0.00227265 0 0 0 0 0 0 12.2086
 -1.86218   24.1866 0.0653313  0.168191 0.0529198 0.0374867  0 -0  0  3.10891e-06 -7.33352e-06  4.89098e-06   -0.650479 -0.00490144    0.438631  -0.0767527   -1.31187   0.253712 0 0 0 0 0 0 12.2272
-1.80614  22.8886  0.42817  0.153593 0.0528249 0.0472388  0 -0  0  3.10891e-06 -7.33352e-06  4.89098e-06   -0.670931 -0.00509041    0.454056  -0.0820071   -1.11331   0.244316 0 0 0 0 0 0 12.2448
 -1.6193  21.8677 0.369184  0.141713  0.053365 0.0523559  0 -0  0  3.10891e-06 -7.33352e-06  4.89098e-06 -0.621381 0.0116776   0.36024    0.151407  -0.863689 -0.0575931 0 0 0 0 0 0 12.2577
-1.35678  20.7625 0.429518  0.132108 0.0499537 0.0583904  0 -0  0  3.10891e-06 -7.33352e-06  4.89098e-06  -0.590998 -0.0673919   0.349875   0.264082  -1.05787 0.0179662 0 0 0 0 0 0 12.2696
-1.11171  19.3579 0.542922  0.121166 0.0518131 0.0631713  0 -0  0  3.10891e-06 -7.33352e-06  4.89098e-06   -0.578109 -0.00418464    0.298521   0.168082  -1.20671 0.0651298 0 0 0 0 0 0 12.2816
-1.05291   17.815  0.83339  0.107399 0.0498477 0.0690854  0 -0  0  3.10891e-06 -7.33352e-06  4.89098e-06  -0.637888 -0.0386282   0.311942  -0.00655609    -1.45424    0.223935 0 0 0 0 0 0 12.2967
-1.03269  16.2576  1.05556  0.092598 0.0505132 0.0766156  0 -0  0  3.10891e-06 -7.33352e-06  4.89098e-06   -0.677054 -0.00802481    0.340411  -0.0456017   -1.35574   0.156326 0 0 0 0 0 0 12.3134
-0.919876   14.9024   0.93235  0.077358 0.0498952 0.0818885  0 -0  0  3.10891e-06 -7.33352e-06  4.89098e-06  -0.703287 -0.0160546   0.310117   0.109664  -1.17701 -0.112906 0 0 0 0 0 0 12.3295
-0.688312   13.5573  0.955236 0.0645751 0.0472065 0.0852885  0 -0  0  3.10891e-06 -7.33352e-06  4.89098e-06  -0.624474 -0.0614436   0.227784     0.183221   -0.988086 0.000809844 0 0 0 0 0 0 12.343
-0.642058   12.2448  0.917744 0.0558357 0.0474035 0.0872235  0 -0  0  3.10891e-06 -7.33352e-06  4.89098e-06  -0.604988 -0.0364467   0.185669   0.0553189   -1.41848 -0.0554508 0 0 0 0 0 0 12.352
-0.662196   10.5818   1.00777 0.0403741 0.0478671 0.0919196  0 -0  0  3.10891e-06 -7.33352e-06  4.89098e-06  -0.670031 -0.0119003   0.206489  -0.0377244    -1.4354  0.0522385 0 0 0 0 0 0 12.3681
-0.710468   9.00441   1.03263 0.0257377 0.0461381 0.0971806  0 -0  0  3.10891e-06 -7.33352e-06  4.89098e-06  -0.698374 -0.0464897   0.233404   -0.044346   -1.39164 0.00847347 0 0 0 0 0 0 12.3838
-0.629101   7.53218  0.869204 0.00932497  0.0469344   0.100675  0 -0  0  3.10891e-06 -7.33352e-06  4.89098e-06   -0.720888 -0.00467861    0.204146   0.071375  -1.19684 -0.148833 0 0 0 0 0 0 12.4006
-0.471209    6.2178  0.773469 -0.00306219   0.0456437    0.102935  0 -0  0  3.10891e-06 -7.33352e-06  4.89098e-06  -0.678735 -0.0304308   0.167597    0.159005   -1.15366 -0.0935274 0 0 0 0 0 0 12.4132
-0.493358   4.89307  0.621356 -0.0178827  0.0455232    0.10461  0 -0  0  3.10891e-06 -7.33352e-06  4.89098e-06  -0.700446 -0.0178992   0.132889  -0.000177559     -1.15519    -0.132078 0 0 0 0 0 0 12.4281
-0.58271  3.62626 0.592734 -0.0329651  0.0435924   0.103684  0 -0  0  3.10891e-06 -7.33352e-06  4.89098e-06  -0.719636 -0.0421366  0.0664159  -0.0533489   -1.13255 -0.0364788 0 0 0 0 0 0 12.4434
-0.809962   2.23621  0.548904 -0.0484017  0.0417164   0.105462  0 -0  0  3.10891e-06 -7.33352e-06  4.89098e-06  -0.765153 -0.0667784  0.0817969   -0.187984   -1.31595 -0.0560801 0 0 0 0 0 0 12.459
-0.841624  0.698554  0.534474 -0.0651047  0.0422949   0.107967  0 -0  0  3.10891e-06 -7.33352e-06  4.89098e-06 -0.789011 -0.022713 0.0985373  -0.0529178   -1.32715 -0.0403299 0 0 0 0 0 0 12.4759
-0.676352 -0.542135  0.678452 -0.0779185  0.0408402   0.108606  0 -0  0  3.10891e-06 -7.33352e-06  4.89098e-06  -0.708631 -0.0446228  0.0743188  0.137283 -1.03508  0.10174 0 0 0 0 0 0 12.4888
-0.53053 -1.80138 0.734355 -0.0908771  0.0413921   0.109165  0 -0  0  3.10891e-06 -7.33352e-06  4.89098e-06  -0.707737 -0.0159384  0.0565567   0.133368  -1.19173 0.0494146 0 0 0 0 0 0 12.5018
-0.567918  -3.26778  0.788828 -0.102761 0.0412851  0.108037  0 -0  0  3.10891e-06 -7.33352e-06  4.89098e-06   -0.660007 -0.00674778  0.00729985  -0.0178946   -1.26173  0.0442045 0 0 0 0 0 0 12.5138
-0.717617  -4.54026  0.782658 -0.114551 0.0408673  0.104797  0 -0  0  3.10891e-06 -7.33352e-06  4.89098e-06   -0.631796 -0.00851113  -0.0567111  -0.113019  -1.12205 -0.013487 0 0 0 0 0 0 12.526
-0.753403  -5.69168  0.788068 -0.127364 0.0424231  0.105461  0 -0  0  3.10891e-06 -7.33352e-06  4.89098e-06  -0.623661  0.0311678 -0.0260409   -0.0527799   -0.978652 -0.00979881 0 0 0 0 0 0 12.5389
-0.772443  -6.80265  0.848981 -0.137314  0.042671  0.108238  0 -0  0  3.10891e-06 -7.33352e-06  4.89098e-06 -0.581928 0.0207117 0.0276372  -0.0160186  -0.996261  0.0417073 0 0 0 0 0 0 12.5493
-0.81023 -7.85593 0.814585 -0.148644 0.0431024    0.1108  0 -0  0  3.10891e-06 -7.33352e-06  4.89098e-06 -0.574484 0.0189645  0.067419  -0.0389584  -0.911647 -0.0354076 0 0 0 0 0 0 12.5609
-0.940711  -8.87893  0.795807 -0.160936 0.0429369  0.111036  0 -0  0  3.10891e-06 -7.33352e-06  4.89098e-06  -0.59146 0.0101214 0.0462731   -0.11056 -0.910523 -0.031319 0 0 0 0 0 0 12.5732
-1.21828 -9.74655 0.658166 -0.170947 0.0419827  0.110518  0 -0  0  3.10891e-06 -7.33352e-06  4.89098e-06  -0.547316 -0.0119027  0.0200829  -0.228404 -0.734302  -0.12225 0 0 0 0 0 0 12.5832
-1.43859 -10.7582  0.43307 -0.184686 0.0429183   0.10969  0 -0  0  3.10891e-06 -7.33352e-06  4.89098e-06   -0.613149   0.0162264 -0.00191355  -0.226192 -0.890912 -0.222356 0 0 0 0 0 0 12.597
-1.56107 -11.5596 0.212287 -0.194501 0.0423196  0.105326  0 -0  0  3.10891e-06 -7.33352e-06  4.89098e-06   -0.523574 -0.00260141  -0.0599065  -0.113767 -0.604819 -0.172068 0 0 0 0 0 0 12.6078
 -1.59877  -12.2313 0.0338325  -0.20199 0.0409768  0.103997  0 -0  0  3.10891e-06 -7.33352e-06  4.89098e-06  -0.491982 -0.0294373 -0.0659584  -0.0645305   -0.66449  -0.192418 0 0 0 0 0 0 12.6155
 -1.67399  -13.0975 -0.103805 -0.211557 0.0412011  0.102895  0 -0  0  3.10891e-06 -7.33352e-06  4.89098e-06  -0.493532 -0.0137692 -0.0631659  -0.0985578  -0.776235  -0.146284 0 0 0 0 0 0 12.6252
  -1.7164  -13.9018 -0.191084 -0.220301 0.0404206  0.102082  0 -0  0  3.10891e-06 -7.33352e-06  4.89098e-06  -0.476322 -0.0259696 -0.0544138  -0.0564077   -0.71781 -0.0965534 0 0 0 0 0 0 12.634
 -1.55018  -14.8591 -0.220742 -0.229969 0.0417444  0.098247  0 -0  0  3.10891e-06 -7.33352e-06  4.89098e-06  -0.476402  0.0202141 -0.0981756  0.0992859 -0.796923 -0.050491 0 0 0 0 0 0 12.6445
 -1.37859  -15.6346 -0.156839 -0.238793  0.041726 0.0944599  0 -0  0  3.10891e-06 -7.33352e-06  4.89098e-06 -0.450702 0.0115426 -0.122597   0.161181 -0.639566 0.0335414 0 0 0 0 0 0 12.6541
  -1.24289   -16.2085 -0.0046249 -0.247092 0.0411284 0.0923382  0 -0  0  3.10891e-06 -7.33352e-06  4.89098e-06   -0.451355 -0.00567259   -0.118728   0.173593 -0.550377  0.117501 0 0 0 0 0 0 12.6626
-1.14538 -16.7933 0.257074 -0.252766 0.0412723  0.091568  0 -0  0  3.10891e-06 -7.33352e-06  4.89098e-06   -0.395704 -0.00208024  -0.0887024   0.150392 -0.519493  0.211814 0 0 0 0 0 0 12.6684
-1.28183 -17.4451 0.607804 -0.261161  0.039249 0.0920397  0 -0  0  3.10891e-06 -7.33352e-06  4.89098e-06  -0.420796 -0.0436643  -0.046146  0.0133091 -0.626639  0.305592 0 0 0 0 0 0 12.677
-1.17334  -18.443 0.726638  -0.27119 0.0389734 0.0878623  0 -0  0  3.10891e-06 -7.33352e-06  4.89098e-06  -0.385423 -0.0226409 -0.0871295  0.0758863 -0.604696 0.0592476 0 0 0 0 0 0 12.6879
-1.06512 -19.0437 0.751809 -0.275356 0.0381036 0.0825605  0 -0  0  3.10891e-06 -7.33352e-06  4.89098e-06  -0.357681 -0.0308233  -0.150706   0.156947 -0.692775 0.0136353 0 0 0 0 0 0 12.6947
-0.884979  -19.7423  0.732472 -0.285826 0.0380475 0.0796408  0 -0  0  3.10891e-06 -7.33352e-06  4.89098e-06    -0.4356 -0.0205655  -0.152264    0.158785  -0.672633 -0.0249882 0 0 0 0 0 0 12.7056
-0.796852  -20.4041  0.788365 -0.291771 0.0377528 0.0771638  0 -0  0  3.10891e-06 -7.33352e-06  4.89098e-06  -0.385688 -0.0180888  -0.143248  0.0963505 -0.574732  0.036397 0 0 0 0 0 0 12.712
-1.13148 -20.6488   0.9193 -0.299327 0.0366836 0.0745771  0 -0  0  3.10891e-06 -7.33352e-06  4.89098e-06   -0.38697 -0.0290364   -0.13749  -0.217881 -0.238874  0.105236 0 0 0 0 0 0 12.7201
-1.18739 -21.6156 0.929403 -0.304736 0.0374074 0.0746401  0 -0  0  3.10891e-06 -7.33352e-06  4.89098e-06   -0.322508 -0.00101342   -0.085707  -0.0689401  -0.670721 0.00308913 0 0 0 0 0 0 12.7255
-1.09937 -22.4092 0.986177 -0.308371 0.0378728 0.0692149  0 -0  0  3.10891e-06 -7.33352e-06  4.89098e-06 -0.288758 0.0128582 -0.145351   0.107199 -0.773869 0.0347116 0 0 0 0 0 0 12.7321
-1.04613 -23.2786  1.06983 -0.316369 0.0378061 0.0671438  0 -0  0  3.10891e-06 -7.33352e-06  4.89098e-06  -0.338824 0.00509067  -0.131848  0.0806042 -0.826905 0.0544005 0 0 0 0 0 0 12.7403
-1.05239 -24.1054  1.15429 -0.322851 0.0388806  0.064268  0 -0  0  3.10891e-06 -7.33352e-06  4.89098e-06 -0.321885 0.0233682 -0.134167  0.0206769 -0.661565 0.0523875 0 0 0 0 0 0 12.7475
-1.59379 -24.7027  1.23873 -0.331417 0.0376259 0.0628293  0 -0  0  3.10891e-06 -7.33352e-06  4.89098e-06  -0.362287 -0.0099193  -0.107005  -0.404743 -0.535638 0.0520667 0 0 0 0 0 0 12.7563
-1.38134 -25.6643  1.09717 -0.337995 0.0389463 0.0598116  0 -0  0  3.10891e-06 -7.33352e-06  4.89098e-06 -0.337684 0.0252928 -0.118744  0.0195545 -0.736818 -0.111359 0 0 0 0 0 0 12.7636
-1.08848 -26.4017 0.985477 -0.344898 0.0398242 0.0559138  0 -0  0  3.10891e-06 -7.33352e-06  4.89098e-06 -0.343231 0.0333956 -0.143961   0.202566 -0.644314 -0.103108 0 0 0 0 0 0 12.7716
-0.99978 -26.8362  1.01311 -0.352377 0.0388465 0.0529981  0 -0  0  3.10891e-06 -7.33352e-06  4.89098e-06    -0.366039 -0.000181133    -0.144843    0.107986  -0.419029 0.00645839 0 0 0 0 0 0 12.7797
-1.10607  -27.219  1.10359 -0.354962 0.0387119 0.0507055  0 -0  0  3.10891e-06 -7.33352e-06  4.89098e-06   -0.288515 -0.00141824   -0.140243  -0.0471059  -0.336745  0.0631242 0 0 0 0 0 0 12.7832
-1.47428 -27.4575  1.20337 -0.360902 0.0388777 0.0505211  0 -0  0  3.10891e-06 -7.33352e-06  4.89098e-06  -0.297881 0.00159284 -0.0902192  -0.286575 -0.225972 0.0772203 0 0 0 0 0 0 12.7891
-1.50728 -28.0291   1.1883 -0.363354 0.0379105 0.0473862  0 -0  0  3.10891e-06 -7.33352e-06  4.89098e-06  -0.221489 -0.0191584  -0.103862  -0.0718592  -0.377783  -0.019109 0 0 0 0 0 0 12.7932
-1.42828 -28.3582  1.29645 -0.366603  0.038804 0.0430715  0 -0  0  3.10891e-06 -7.33352e-06  4.89098e-06 -0.205889 0.0110181 -0.140564  0.106478 -0.29576 0.078212 0 0 0 0 0 0 12.7987
-1.46078 -28.5453  1.39023 -0.370937 0.0382272 0.0425071  0 -0  0  3.10891e-06 -7.33352e-06  4.89098e-06    -0.21796 -0.00871256  -0.0984522  0.0111336 -0.182989 0.0783141 0 0 0 0 0 0 12.8031
-1.63235 -28.7226  1.49262 -0.371493 0.0387462 0.0416032  0 -0  0  3.10891e-06 -7.33352e-06  4.89098e-06  -0.158481 0.00566951 -0.0832211  -0.105804 -0.159323  0.085215 0 0 0 0 0 0 12.8043
-1.96806 -28.8555  1.68344 -0.374468 0.0389269 0.0415878  0 -0  0  3.10891e-06 -7.33352e-06  4.89098e-06  -0.161314 0.00640065 -0.0528743  -0.229723 -0.134337  0.156011 0 0 0 0 0 0 12.8072
-1.95309 -29.1505  1.61902 -0.374695 0.0399945 0.0409364  0 -0  0  3.10891e-06 -7.33352e-06  4.89098e-06 -0.0993907  0.0238976 -0.0415451  -0.0552805   -0.17974 -0.0353415 0 0 0 0 0 0 12.8085
-1.78962 -29.3201  1.54385 -0.374516 0.0403898 0.0400813  0 -0  0  3.10891e-06 -7.33352e-06  4.89098e-06 -0.0611166  0.0210574 -0.0384308     0.10565  -0.141682 -0.0578391 0 0 0 0 0 0 12.8095
-1.58103 -29.3396  1.39646 -0.376758 0.0392531 0.0400872  0 -0  0  3.10891e-06 -7.33352e-06  4.89098e-06 -0.0824381 -0.0126248 -0.0208882    0.134683 -0.0190437  -0.118045 0 0 0 0 0 0 12.812
-1.44887 -29.4029  1.31445 -0.374811 0.0406317 0.0406695  0 -0  0  3.10891e-06 -7.33352e-06  4.89098e-06  -0.0226259   0.0186975 -0.00777134   0.0744636 -0.0502399 -0.0684613 0 0 0 0 0 0 12.8144
-1.86849 -29.3124  1.41138 -0.375065 0.0390126 0.0416509  0 -0  0  3.10891e-06 -7.33352e-06  4.89098e-06 -0.0198898 -0.0207764  0.0173738  -0.291833 0.0691286 0.0710098 0 0 0 0 0 0 12.8163
-1.81689 -29.2292  1.33889 -0.374697 0.0388849 0.0450777  0 -0  0  3.10891e-06 -7.33352e-06  4.89098e-06 -0.00117975  -0.0165386   0.0690254  -0.0587192  0.0804754 -0.0365424 0 0 0 0 0 0 12.8198
-1.56893 -29.1958  1.32256 -0.373323  0.040121 0.0446594  0 -0  0  3.10891e-06 -7.33352e-06  4.89098e-06 0.0202074 0.0195758 0.0420019     0.189585   0.0438254 -0.00727818 0 0 0 0 0 0 12.8217
-1.46879 -28.9862  1.35131 -0.372358 0.0385098 0.0454468  0 -0  0  3.10891e-06 -7.33352e-06  4.89098e-06  0.0284596 -0.0220369  0.0442803  0.113577 0.180492 0.025598 0 0 0 0 0 0 12.8237
  -1.478 -28.6474  1.40865 -0.367786 0.0401469 0.0472485  0 -0  0  3.10891e-06 -7.33352e-06  4.89098e-06 0.0993133 0.0178409 0.0585435  0.00995659   0.347216  0.0581272 0 0 0 0 0 0 12.8289
-1.83689 -28.0343  1.59039 -0.363722 0.0394663 0.0507807  0 -0  0  3.10891e-06 -7.33352e-06  4.89098e-06   0.130735 -0.0044173   0.104615  -0.212991  0.502671  0.148771 0 0 0 0 0 0 12.8343
-1.98818 -27.6883  1.69841 -0.359558 0.0405305 0.0550565  0 -0  0  3.10891e-06 -7.33352e-06  4.89098e-06  0.148811 0.0192217  0.134332  -0.0993051   0.286248  0.0852525 0 0 0 0 0 0 12.8404
-2.04106 -27.3735  1.91494 -0.356459 0.0417243 0.0560679  0 -0  0  3.10891e-06 -7.33352e-06  4.89098e-06 0.152737 0.039798 0.110563  0.0339142  0.298584  0.192986 0 0 0 0 0 0 12.8439
-2.25787 -26.8717  2.24995 -0.357502 0.0410634 0.0583261  0 -0  0  3.10891e-06 -7.33352e-06  4.89098e-06  0.0800001 0.00753981   0.115059  -0.0525155   0.441957   0.280793 0 0 0 0 0 0 12.8464
-2.5595 -26.324 2.53784   -0.3501  0.041786 0.0633345  0 -0  0  3.10891e-06 -7.33352e-06  4.89098e-06  0.177886 0.0190795  0.166744  -0.156826  0.495471  0.269013 0 0 0 0 0 0 12.8554
-3.14339 -25.5207  2.89041 -0.344204 0.0408997  0.067491  0 -0  0  3.10891e-06 -7.33352e-06  4.89098e-06    0.226603 -0.00359149    0.189569  -0.388533  0.762461  0.348282 0 0 0 0 0 0 12.8627
-3.22254 -24.7753  2.97185 -0.338228 0.0418485 0.0765739  0 -0  0  3.10891e-06 -7.33352e-06  4.89098e-06  0.248394 0.0130287   0.27314  -0.111604  0.605511  0.108281 0 0 0 0 0 0 12.8736
-3.16443 -24.2329  2.95813 -0.328648 0.0438134 0.0775749  0 -0  0  3.10891e-06 -7.33352e-06  4.89098e-06 0.314419 0.054103 0.202279  0.0428246  0.456666 0.0211644 0 0 0 0 0 0 12.8834
-3.13537 -23.5294  2.91902 -0.320758 0.0443932 0.0817012  0 -0  0  3.10891e-06 -7.33352e-06  4.89098e-06  0.341957 0.0436669  0.203267   0.0161209   0.605589 0.00400396 0 0 0 0 0 0 12.8923
-3.13266 -22.8783  2.88513 -0.312527 0.0446477  0.085336  0 -0  0  3.10891e-06 -7.33352e-06  4.89098e-06  0.358338 0.0315666  0.186636  -0.00239255    0.531893   0.0036439 0 0 0 0 0 0 12.9013
-3.36826 -21.9634  2.94448  -0.30606 0.0439632 0.0903252  0 -0  0  3.10891e-06 -7.33352e-06  4.89098e-06   0.363835 0.00430519   0.225616  -0.199376  0.910678  0.107205 0 0 0 0 0 0 12.9095
-3.30066 -21.3507  2.81222 -0.296726 0.0445506 0.0977687  0 -0  0  3.10891e-06 -7.33352e-06  4.89098e-06 0.391232 0.012742 0.268333  -0.0232746   0.560569 -0.0566103 0 0 0 0 0 0 12.9215
-2.96241 -20.7826  2.57987 -0.288604 0.0445854 0.0984276  0 -0  0  3.10891e-06 -7.33352e-06  4.89098e-06     0.3928 0.00832658    0.19944    0.20316  0.517488 -0.164978 0 0 0 0 0 0 12.9296
-2.67641 -19.9571  2.33554 -0.280622 0.0453737  0.102224  0 -0  0  3.10891e-06 -7.33352e-06  4.89098e-06  0.392429 0.0219937  0.193656   0.171317  0.715997 -0.163015 0 0 0 0 0 0 12.9385
-2.49243 -19.0232  2.24326 -0.269542 0.0464678  0.107826  0 -0  0  3.10891e-06 -7.33352e-06  4.89098e-06  0.449879 0.0342296  0.227622    0.131072   0.828821 -0.0465153 0 0 0 0 0 0 12.951
-2.68832 -17.8292  2.20346 -0.259741 0.0446919  0.112751  0 -0  0  3.10891e-06 -7.33352e-06  4.89098e-06  0.462084 -0.015068  0.239646  -0.150808   1.03005 0.0115824 0 0 0 0 0 0 12.9621
-2.71711  -17.058  2.04141 -0.250579 0.0454519  0.116893  0 -0  0  3.10891e-06 -7.33352e-06  4.89098e-06  0.459861 0.0108942  0.226639  -0.0747438   0.726998 -0.0986879 0 0 0 0 0 0 12.9722
-2.52484 -16.4936  1.89555  -0.23881 0.0461215  0.118371  0 -0  0  3.10891e-06 -7.33352e-06  4.89098e-06   0.49924 0.0212499  0.181683     0.10771   0.514239 -0.0934822 0 0 0 0 0 0 12.9841
-2.32189 -15.6108  1.83006 -0.228556 0.0472192  0.122988  0 -0  0  3.10891e-06 -7.33352e-06  4.89098e-06 0.521886 0.036135 0.205295    0.168597    0.84829 -0.0249443 0 0 0 0 0 0 12.9954
-2.20848 -14.5216  1.96968 -0.218489 0.0481678  0.125736  0 -0  0  3.10891e-06 -7.33352e-06  4.89098e-06  0.504459 0.0410893  0.170734  0.123028 0.881856 0.122949 0 0 0 0 0 0 13.0058
-2.28583  -13.537  2.15105 -0.207381 0.0456351  0.127815  0 -0  0  3.10891e-06 -7.33352e-06  4.89098e-06    0.52338 -0.0269682   0.149019  -0.00172281    0.850395    0.184004 0 0 0 0 0 0 13.0174
-2.31726 -12.5943  2.18164 -0.196747  0.044657  0.131851  0 -0  0  3.10891e-06 -7.33352e-06  4.89098e-06   0.510848 -0.0370751   0.162961  -0.0143363   0.773957  0.0562341 0 0 0 0 0 0 13.0288
-2.20777 -11.6507  2.14893 -0.186835  0.045313  0.128841  0 -0  0  3.10891e-06 -7.33352e-06  4.89098e-06      0.51673 -0.000686312     0.072987   0.0742879   0.892906 0.00493934 0 0 0 0 0 0 13.0392
-2.05343 -10.5416  2.19416 -0.173308 0.0442103  0.133212  0 -0  0  3.10891e-06 -7.33352e-06  4.89098e-06   0.578765 -0.0271801   0.128336     0.1354  0.961206 0.0729638 0 0 0 0 0 0 13.0535
-1.85325 -9.42641  2.32894  -0.16308 0.0468311  0.135256  0 -0  0  3.10891e-06 -7.33352e-06  4.89098e-06  0.555005 0.0340212  0.114293  0.171613 0.962663 0.141024 0 0 0 0 0 0 13.0642
-1.69015 -8.46343  2.38451 -0.151539 0.0448381  0.136321  0 -0  0  3.10891e-06 -7.33352e-06  4.89098e-06   0.561653 -0.0194514  0.0915006   0.167961  0.833315 0.0728875 0 0 0 0 0 0 13.076
-1.89664  -7.5768  2.19293 -0.139143 0.0447093  0.138314  0 -0  0  3.10891e-06 -7.33352e-06  4.89098e-06   0.585225 -0.0124766  0.0950336   -0.13845  0.792068 -0.135659 0 0 0 0 0 0 13.0885
-1.85492 -6.69796  1.98991 -0.128503 0.0455427    0.1363  0 -0  0  3.10891e-06 -7.33352e-06  4.89098e-06  0.563646 0.0138132 0.0312768  -0.0133686   0.778484   -0.15523 0 0 0 0 0 0 13.0994
-1.74854 -5.72058   1.9221 -0.116928 0.0453334  0.139132  0 -0  0  3.10891e-06 -7.33352e-06  4.89098e-06    0.586693 0.000941154    0.071855   0.0829222   0.922178 -0.0394914 0 0 0 0 0 0 13.1113
-1.64568 -4.62416    1.848 -0.104859 0.0460926  0.139431  0 -0  0  3.10891e-06 -7.33352e-06  4.89098e-06  0.593859 0.0163326 0.0457327   0.0795635   0.957259 -0.0350149 0 0 0 0 0 0 13.1234
-1.57641 -3.61504  1.74632 -0.0920428  0.0454949   0.138323  0 -0  0  3.10891e-06 -7.33352e-06  4.89098e-06    0.610453 0.000772629  0.00473298   0.0676534   0.870368 -0.0606613 0 0 0 0 0 0 13.1363
-1.72201 -2.48107  1.47465 -0.0788691  0.0446138   0.138855  0 -0  0  3.10891e-06 -7.33352e-06  4.89098e-06   0.640239 -0.0192948  0.0129172  -0.113589   1.03973 -0.210812 0 0 0 0 0 0 13.1495
-1.68294 -1.50471   1.2329 -0.0656592  0.0468846     0.1373  0 -0  0  3.10891e-06 -7.33352e-06  4.89098e-06   0.619119  0.0445622 -0.0183493  0.00978198   0.777914  -0.170941 0 0 0 0 0 0 13.163
 -1.58977 -0.511085   1.25008 -0.0531682  0.0462737   0.137948  0 -0  0  3.10891e-06 -7.33352e-06  4.89098e-06   0.651264  0.0098039 0.00187577  0.0931729  0.982397 0.0413244 0 0 0 0 0 0 13.1755
-1.49538 0.783119  1.36148 -0.0414239  0.0483279   0.137673  0 -0  0  3.10891e-06 -7.33352e-06  4.89098e-06    0.621471   0.0473145 -0.00815975  0.068563  1.09027 0.116921 0 0 0 0 0 0 13.1874
-1.49817  2.12459  1.51203 -0.0289856  0.0462617   0.132788  0 -0  0  3.10891e-06 -7.33352e-06  4.89098e-06    0.619946 -0.00562679   -0.096747  0.029018  1.13212 0.159168 0 0 0 0 0 0 13.201
-1.49669  3.42826  1.58699 -0.0167803  0.0463355   0.132021  0 -0  0  3.10891e-06 -7.33352e-06  4.89098e-06    0.600727 -0.00191139  -0.0719238  -0.000484075      1.07454    0.0894472 0 0 0 0 0 0 13.2132
-1.40261  4.49486  1.63052 -0.00416812   0.0483626    0.127033  0 -0  0  3.10891e-06 -7.33352e-06  4.89098e-06  0.615935 0.0492897 -0.139641  0.0788105  0.923101 0.0591796 0 0 0 0 0 0 13.2269
-1.30716  5.65175  1.90625 0.010844 0.047325 0.124178  0 -0  0  3.10891e-06 -7.33352e-06  4.89098e-06   0.69324 0.0065416  -0.14481  0.0807138   1.08826  0.280071 0 0 0 0 0 0 13.2422
-1.32108  7.06904  2.24627 0.024238 0.048686 0.120631  0 -0  0  3.10891e-06 -7.33352e-06  4.89098e-06  0.683593 0.0321499 -0.160105  -0.0455682    1.21704   0.318407 0 0 0 0 0 0 13.2562
-1.44061  8.31981  2.55937 0.0360761 0.0480794  0.116064  0 -0  0  3.10891e-06 -7.33352e-06  4.89098e-06   0.65752 0.0113328 -0.186327  -0.130515   1.11646  0.305822 0 0 0 0 0 0 13.2689
-1.73106  9.75547  2.71477 0.0515628 0.0483962  0.112605  0 -0  0  3.10891e-06 -7.33352e-06  4.89098e-06  0.721759  0.013904 -0.191231  -0.278847   1.34554  0.187927 0 0 0 0 0 0 13.2847
-1.94485  10.9175  2.47986 0.0652305 0.0486181  0.105434  0 -0  0  3.10891e-06 -7.33352e-06  4.89098e-06  0.657406 0.0132344 -0.233806  -0.119461  0.859482 -0.133519 0 0 0 0 0 0 13.3002
-1.94586  11.9062  2.30913 0.0782471 0.0481229  0.102025  0 -0  0  3.10891e-06 -7.33352e-06  4.89098e-06    0.702998 -0.00516131   -0.226864    0.03471   1.05316 -0.138609 0 0 0 0 0 0 13.3136
-2.08502  13.5727  2.00571 0.0906398 0.0485546 0.0971029  0 -0  0  3.10891e-06 -7.33352e-06  4.89098e-06   0.662951 0.00813511  -0.227906  -0.0548957    1.36132  -0.185931 0 0 0 0 0 0 13.327
-2.29391   15.252  1.85171  0.103987 0.0495143 0.0922099  0 -0  0  3.10891e-06 -7.33352e-06  4.89098e-06  0.663647 0.0249791 -0.235485   -0.151257     1.4589 -0.0759659 0 0 0 0 0 0 13.3412
-2.44333  16.8207    1.676  0.115315 0.0508552 0.0901632  0 -0  0  3.10891e-06 -7.33352e-06  4.89098e-06  0.612361 0.0416097 -0.174012  -0.0956398    1.32289 -0.0913352 0 0 0 0 0 0 13.3528
-2.4693 17.9059  1.3826  0.129393 0.0521776 0.0817891  0 -0  0  3.10891e-06 -7.33352e-06  4.89098e-06  0.641835 0.0532608 -0.274014  0.0556332  0.907041 -0.185315 0 0 0 0 0 0 13.3692
-2.22253  18.6844  1.50024  0.141555 0.0500046 0.0752097  0 -0  0  3.10891e-06 -7.33352e-06  4.89098e-06  0.632175 -0.017986 -0.295929  0.202385 0.690928 0.113519 0 0 0 0 0 0 13.3832
-2.07188  19.7474  1.59008  0.154348 0.0496921 0.0666015  0 -0  0  3.10891e-06 -7.33352e-06  4.89098e-06   0.632784 -0.0127687   -0.34796  0.113663 0.883542 0.118327 0 0 0 0 0 0 13.3987
-2.0737 20.7241 1.74331  0.161736 0.0503387 0.0613034  0 -0  0  3.10891e-06 -7.33352e-06  4.89098e-06   0.533475 0.00456191  -0.312229  -0.0528926   0.856236   0.150203 0 0 0 0 0 0 13.4078
-2.12708  21.9344  1.83009  0.172224 0.0516348 0.0565838  0 -0  0  3.10891e-06 -7.33352e-06  4.89098e-06  0.545337  0.030059 -0.292866  -0.0880733    1.13316   0.115376 0 0 0 0 0 0 13.4193
-2.15257  23.0581  1.56711  0.185075 0.0517251 0.0486946  0 -0  0  3.10891e-06 -7.33352e-06  4.89098e-06  0.555104 0.0195692 -0.318642  0.0534856  0.873002 -0.137535 0 0 0 0 0 0 13.4344
-1.96829  24.0859  1.48087  0.196284 0.0499743 0.0425376  0 -0  0  3.10891e-06 -7.33352e-06  4.89098e-06   0.576521 -0.0289304  -0.328367    0.221152   0.983148 -0.0435528 0 0 0 0 0 0 13.4473
-1.88888  25.5704  1.25743  0.207208 0.0478985 0.0331084  0 -0  0  3.10891e-06 -7.33352e-06  4.89098e-06   0.584151 -0.0546466   -0.39708   0.183949   1.33565 -0.115175 0 0 0 0 0 0 13.4619
-1.99039  26.7735  1.03188  0.217997 0.0485031 0.0254412  0 -0  0  3.10891e-06 -7.33352e-06  4.89098e-06   0.549152 -0.0191483  -0.380066  -0.00689581      1.0029   -0.135508 0 0 0 0 0 0 13.4752
 -2.1267  27.9275 0.731942  0.225691 0.0488307 0.0191863  0 -0  0  3.10891e-06 -7.33352e-06  4.89098e-06     0.49718 -0.00369136   -0.356267  -0.00777101     1.06745   -0.209338 0 0 0 0 0 0 13.4851
-2.25547  29.0672 0.319687  0.238773 0.0496673 0.0107076  0 -0  0  3.10891e-06 -7.33352e-06  4.89098e-06  0.543892 0.0166695 -0.378412   0.054839  0.949181 -0.256604 0 0 0 0 0 0 13.5007
-2.18698  30.2599  0.07357    0.24863  0.0471202 0.00257571  0 -0  0  3.10891e-06 -7.33352e-06  4.89098e-06    0.54482 -0.0470303  -0.405204   0.198108   1.13925 -0.161174 0 0 0 0 0 0 13.5137
  -2.2237   31.3936 -0.201779    0.25845  0.0460051 -0.0061205  0 -0  0  3.10891e-06 -7.33352e-06  4.89098e-06   0.528494 -0.0498935  -0.419298  0.0986755   1.02619  -0.17501 0 0 0 0 0 0 13.5269
 -2.40765   32.3275 -0.379136  0.267237 0.0470721 -0.013674  0 -0  0  3.10891e-06 -7.33352e-06  4.89098e-06   0.505506 -0.0101086  -0.413429  -0.0942549    0.88124   -0.11269 0 0 0 0 0 0 13.5385
 -2.47192   33.5034 -0.501361   0.274323  0.0491673 -0.0221638  0 -0  0  3.10891e-06 -7.33352e-06  4.89098e-06  0.467089 0.0372388  -0.43059  -0.0264184    1.10062 -0.0607684 0 0 0 0 0 0 13.5498
 -2.53487   34.5187 -0.743499   0.285892  0.0506824 -0.0288711  0 -0  0  3.10891e-06 -7.33352e-06  4.89098e-06  0.452593 0.0474863  -0.35193  0.0474561  0.721905 -0.105384 0 0 0 0 0 0 13.5632
-2.28865  35.2647 -0.69888   0.293283  0.0481648 -0.0362188  0 -0  0  3.10891e-06 -7.33352e-06  4.89098e-06  0.450096 -0.028934 -0.380875   0.243271  0.761893 0.0725196 0 0 0 0 0 0 13.574
 -2.09787   36.1089 -0.585527   0.300215  0.0465768 -0.0460891  0 -0  0  3.10891e-06 -7.33352e-06  4.89098e-06   0.422797 -0.0465734  -0.433669  0.129209 0.771473  0.10945 0 0 0 0 0 0 13.5861
 -2.11699   36.9593 -0.367862   0.308894   0.046532 -0.0549816  0 -0  0  3.10891e-06 -7.33352e-06  4.89098e-06   0.428876 -0.0279436  -0.442024  -0.129537  0.754014  0.176625 0 0 0 0 0 0 13.5986
  -2.17411    38.0592 -0.0282981    0.31552     0.0486 -0.0642322  0 -0  0  3.10891e-06 -7.33352e-06  4.89098e-06  0.396775 0.0249211 -0.453126  -0.233634  0.945925  0.255411 0 0 0 0 0 0 13.6101
  -2.24111    39.1764 -0.0944124   0.324666  0.0485059 -0.0743115  0 -0  0  3.10891e-06 -7.33352e-06  4.89098e-06  0.391539 0.0147674 -0.440487  -0.0367682    0.83056 0.00991159 0 0 0 0 0 0 13.6237
 -2.02596   40.1458 -0.156521   0.332626  0.0466155 -0.0825779  0 -0  0  3.10891e-06 -7.33352e-06  4.89098e-06   0.399679 -0.0348135  -0.438426    0.225589   0.883929 0.00198584 0 0 0 0 0 0 13.6354
 -1.98255   41.1387 -0.262624   0.339919  0.0466183 -0.0910192  0 -0  0  3.10891e-06 -7.33352e-06  4.89098e-06   0.391919 -0.0204125  -0.438135    0.101705   0.895526 -0.0391852 0 0 0 0 0 0 13.6465
 -2.04658   42.0284 -0.109942   0.348805  0.0481326 -0.0992509  0 -0  0  3.10891e-06 -7.33352e-06  4.89098e-06  0.410249 0.0159969 -0.431386  -0.152204   0.79599   0.11289 0 0 0 0 0 0 13.6587
 -2.1343  43.0076 0.205139  0.358262 0.0510463 -0.106177  0 -0  0  3.10891e-06 -7.33352e-06  4.89098e-06  0.426647 0.0649331 -0.398578  -0.248552  0.840033  0.205425 0 0 0 0 0 0 13.6708
-2.20593  43.9498  0.24061  0.363666 0.0505801 -0.116343  0 -0  0  3.10891e-06 -7.33352e-06  4.89098e-06  0.359601 0.0297303 -0.411207  -0.0901077   0.712838  0.0616607 0 0 0 0 0 0 13.6823
-1.96072  45.0093 0.242767  0.368811 0.0490676 -0.125239  0 -0  0  3.10891e-06 -7.33352e-06  4.89098e-06   0.343215 -0.0161191  -0.441252   0.202322  0.982547 0.0678916 0 0 0 0 0 0 13.6927
-1.80411  45.9036 0.237082   0.37558 0.0464336 -0.133495  0 -0  0  3.10891e-06 -7.33352e-06  4.89098e-06   0.330911 -0.0600692  -0.409196   0.145462  0.723103 0.0204011 0 0 0 0 0 0 13.7037
-1.80957  46.5198 0.352083  0.379985 0.0485061 -0.141616  0 -0  0  3.10891e-06 -7.33352e-06  4.89098e-06   0.311578 0.00117436  -0.441199   -0.11048  0.672397 0.0911548 0 0 0 0 0 0 13.7132
-1.89391  47.4499 0.422256  0.386886 0.0511604 -0.149549  0 -0  0 -1.41509e-06 -1.73942e-05  3.45668e-06  0.321744 0.0514265 -0.426412  -0.134855  0.785401 0.0607899 0 0 0 0 0 0 13.724
 -2.0591  48.2184 0.178673   0.39083 0.0497673 -0.158381  0 -0  0   2.8374e-06 -7.93732e-06   4.8049e-06   0.261739 0.00325809  -0.397137  -0.00943476    0.589814   -0.086474 0 0 0 0 0 0 13.7338
 -1.92298   48.8171 -0.195767  0.393139 0.0464702 -0.166486  0 -0  0 2.75849e-06 -8.1128e-06 4.77988e-06   0.223482 -0.0693077   -0.40369   0.342657  0.562105 -0.176661 0 0 0 0 0 0 13.7428
 -1.96018   49.3972 -0.680443  0.396068 0.0443557  -0.17317  0 -0  0  2.75864e-06 -8.11247e-06  4.77993e-06   0.200135 -0.0846064  -0.378391   0.305688  0.520052 -0.260968 0 0 0 0 0 0 13.7504
-2.10177  49.8815 -0.80215  0.396529 0.0453453 -0.180819  0 -0  0  2.96393e-06 -7.65595e-06  4.84501e-06   0.146927 -0.0342077  -0.392853  -0.0446889   0.464535 -0.0882217 0 0 0 0 0 0 13.7582
 -2.01062   50.6057 -0.660477  0.402418 0.0484674 -0.187492  0 -0  0   3.1358e-06 -7.27373e-06   4.8995e-06   0.19337 0.0344486 -0.376192  -0.0363738   0.601824  0.0722891 0 0 0 0 0 0 13.7676
 -1.80418   51.2353 -0.245397  0.406168 0.0478222 -0.194229  0 -0  0  3.08856e-06 -7.37878e-06  4.88453e-06   0.174458 0.00396212  -0.331036  -0.0792963   0.472142   0.204161 0 0 0 0 0 0 13.7753
 -1.28616   51.7592 0.0434536  0.408451 0.0448668 -0.199905  0 -0  0  3.00256e-06 -7.57003e-06  4.85726e-06   0.158232 -0.0612062  -0.313814  0.217671 0.467364 0.209423 0 0 0 0 0 0 13.7821
 -1.05979   52.3322 0.0794123  0.412215 0.0405737  -0.20265  0 -0  0  2.95642e-06 -7.67264e-06  4.84263e-06  0.168738 -0.125408 -0.253905   0.215898  0.521403 0.0565329 0 0 0 0 0 0 13.7885
  -1.26805    52.7939 -0.0362694  0.412594 0.0402573  -0.20961  0 -0  0  2.96473e-06 -7.65417e-06  4.84527e-06   0.126124 -0.0872603  -0.301336   -0.108685   0.469692 -0.0580001 0 0 0 0 0 0 13.7954
 -1.39211   53.4856 -0.318735  0.416513  0.045832 -0.214125  0 -0  0  3.00749e-06 -7.55907e-06  4.85882e-06  0.148021 0.0428524 -0.278725  0.00386249   0.579221  -0.142648 0 0 0 0 0 0 13.8036
 -1.91971   54.2685 -0.526863  0.417936 0.0472005 -0.220626  0 -0  0   3.0065e-06 -7.56127e-06  4.85851e-06  0.115244   0.04497 -0.266517   -0.207959   0.559669 -0.0828878 0 0 0 0 0 0 13.8104
 -1.85643   54.9389 -0.744327  0.419237 0.0456001  -0.22413  0 -0  0  3.01022e-06 -7.55301e-06  4.85969e-06   0.0988964 -0.00831035   -0.228101   0.148403  0.607286 -0.066109 0 0 0 0 0 0 13.8145
 -1.82576   55.4955 -0.897012   0.41782 0.0416853 -0.225896  0 -0  0  3.01459e-06 -7.54327e-06  4.86108e-06    0.04486 -0.0844641  -0.167564    0.181364   0.505825 -0.0610005 0 0 0 0 0 0 13.819
 -1.95307   55.8587 -0.943121  0.416607 0.0421324 -0.228782  0 -0  0  3.00957e-06 -7.55445e-06  4.85948e-06  0.0130657 -0.0468404  -0.161195  -0.0838617   0.342488 -0.0265331 0 0 0 0 0 0 13.8222
 -1.77392    55.859 -0.732714  0.419105 0.0461468 -0.233023  0 -0  0  3.00401e-06 -7.56681e-06  4.85772e-06 0.0457957 0.0403772 -0.181211  -0.0415399   0.100896  0.0758111 0 0 0 0 0 0 13.8285
-1.72259  55.8239 -0.43041  0.418197 0.0472208 -0.236398  0 -0  0  3.00362e-06 -7.56768e-06   4.8576e-06   0.01427 0.0396169 -0.155731     -0.11448 -0.00517546    0.109735 0 0 0 0 0 0 13.8322
 -1.47683   56.2279 -0.235152  0.420164 0.0424707 -0.235629  0 -0  0  3.00499e-06 -7.56463e-06  4.85803e-06  0.0281245 -0.0777322 -0.0724632  0.0753435  0.293061  0.129563 0 0 0 0 0 0 13.8374
 -1.45602   56.4371 -0.414885  0.415114 0.0373585 -0.235012  0 -0  0  3.00587e-06 -7.56268e-06  4.85831e-06 -0.0585573  -0.153871 -0.0189559   0.187517  0.161025 -0.064503 0 0 0 0 0 0 13.8446
 -1.73557   56.4362 -0.779522  0.411842 0.0394861 -0.234813  0 -0  0  3.00599e-06 -7.56242e-06  4.85835e-06  -0.0940464  -0.0646413 -0.00778951   -0.00876932 -0.000355394    -0.183244 0 0 0 0 0 0 13.8485
-1.69246  55.9901 -0.83585  0.414395  0.045151 -0.235954  0 -0  0   3.0058e-06 -7.56282e-06  4.85829e-06 -0.0310316  0.0573597 -0.0276626    0.025321  -0.284748 -0.0884077 0 0 0 0 0 0 13.8548
 -1.69716   55.5981 -0.841574  0.411673 0.0466786 -0.234246  0 -0  0  3.00597e-06 -7.56245e-06  4.85834e-06 -0.063687 0.0570294 0.0218659  0.00715927   -0.25895 -0.0163236 0 0 0 0 0 0 13.8584
 -1.54576    55.663 -0.762276  0.413095 0.0461334 -0.231569  0 -0  0  3.00566e-06 -7.56315e-06  4.85824e-06 -0.0300342  0.0209876  0.0652562  0.0795896 0.0159027 0.0452668 0 0 0 0 0 0 13.8614
  -1.4787   55.7808 -0.769664  0.410834 0.0413817 -0.225113  0 -0  0  3.00546e-06 -7.56358e-06  4.85818e-06 -0.0645321 -0.0819154   0.181491    0.11738 0.0422708 0.0082742 0 0 0 0 0 0 13.8698
 -1.62382   55.5848 -0.837518  0.405842 0.0403882 -0.221668  0 -0  0   3.0056e-06 -7.56328e-06  4.85822e-06  -0.122924 -0.0714523   0.188581  -0.0790172  -0.188845 -0.0397027 0 0 0 0 0 0 13.8759
 -1.44237   54.8213 -0.578863  0.404649 0.0440507 -0.218242  0 -0  0 3.00568e-06 -7.5631e-06 4.85825e-06 -0.111074 0.0162092  0.189979  -0.0640704   -0.61188  0.0738715 0 0 0 0 0 0 13.8811
  -1.4462    54.093 -0.308848  0.398544 0.0469132 -0.213169  0 -0  0   3.0057e-06 -7.56306e-06  4.85826e-06 -0.152116 0.0577832  0.191236  -0.122974 -0.469899 0.0754169 0 0 0 0 0 0 13.8895
 -1.44001   54.0603 -0.240536  0.400457 0.0455831 -0.207016  0 -0  0   3.0057e-06 -7.56305e-06  4.85826e-06 -0.0939989 0.00596045   0.251483  -0.0500581 -0.0899851  0.0538015 0 0 0 0 0 0 13.8961
 -1.48759    53.804 -0.316411  0.398248 0.0402764 -0.199653  0 -0  0  3.00572e-06 -7.56301e-06  4.85826e-06 -0.105846 -0.109723  0.313938   0.0405154  -0.243699 -0.0298779 0 0 0 0 0 0 13.9054
 -1.7819  53.2103 -0.48826  0.395155 0.0406048  -0.19354  0 -0  0  3.00571e-06 -7.56304e-06  4.85826e-06  -0.12538 -0.064182  0.321447  -0.157844 -0.540252 -0.110187 0 0 0 0 0 0 13.9123
 -1.68096   52.1345 -0.401484  0.392361 0.0464451  -0.18478  0 -0  0  3.00568e-06 -7.56309e-06  4.85825e-06 -0.136117 0.0611583  0.373862  -0.0514316  -0.915791 -0.0121256 0 0 0 0 0 0 13.9232
  -1.6138   51.1592 -0.163466  0.385179 0.0497322  -0.17625  0 -0  0  3.00566e-06 -7.56314e-06  4.85825e-06 -0.193381 0.0945705  0.375096  -0.0766457  -0.737101  0.0738506 0 0 0 0 0 0 13.9348
  -1.29996    50.7975 0.00387918  0.381868 0.0495093 -0.168755  0 -0  0  3.00567e-06 -7.56313e-06  4.85825e-06 -0.183949 0.0502724  0.375535   0.128955 -0.372344  0.100069 0 0 0 0 0 0 13.943
-0.928991   50.3275  0.305542  0.380525 0.0453725 -0.158798  0 -0  0  3.00568e-06 -7.56311e-06  4.85825e-06  -0.159637 -0.0533871   0.445126   0.176876 -0.464838  0.170988 0 0 0 0 0 0 13.9539
-0.743512   49.4293  0.528229   0.37558 0.0461062 -0.150134  0 -0  0  3.00567e-06 -7.56311e-06  4.85825e-06  -0.192613 -0.0209564   0.454577  0.00766468  -0.832078   0.119947 0 0 0 0 0 0 13.9639
-0.621388   48.1174  0.743029  0.365513 0.0479176 -0.139834  0 -0  0  3.00567e-06 -7.56312e-06  4.85825e-06 -0.296497 0.0208271  0.494474  -0.0509728   -1.18137   0.101257 0 0 0 0 0 0 13.9784
-0.746293   46.5569  0.720239  0.356777 0.0480896 -0.126799  0 -0  0  3.00567e-06 -7.56312e-06  4.85825e-06 -0.336514   0.01512    0.5435  -0.0860029   -1.23635 -0.0227057 0 0 0 0 0 0 13.9941
-0.74975   45.732 0.582975  0.347581 0.0462016 -0.117998  0 -0  0  3.00567e-06 -7.56312e-06  4.85825e-06  -0.339757 -0.0271314   0.461386   0.0429265  -0.652378 -0.0586917 0 0 0 0 0 0 14.007
-0.61262  44.8737 0.550794  0.345849 0.0428741 -0.108202  0 -0  0  3.00567e-06 -7.56313e-06  4.85825e-06  -0.285212 -0.0920715   0.511973    0.197242  -0.917225 -0.0453418 0 0 0 0 0 0 14.0174
-0.595049   43.3853  0.592812  0.336591 0.0411767 -0.096644  0 -0  0  3.00567e-06 -7.56312e-06  4.85825e-06  -0.343185 -0.0874926   0.541188   0.000115799     -1.28986 -0.000342612 0 0 0 0 0 0 14.0323
-0.429688   41.6152  0.851436   0.325448  0.0439722 -0.0826246  0 -0  0  3.00567e-06 -7.56312e-06  4.85825e-06   -0.421961 -0.00327291    0.616755  -0.0475612   -1.58904   0.137312 0 0 0 0 0 0 14.0505
-0.444448   40.0283   1.03891   0.313998  0.0451154 -0.0684988  0 -0  0  3.00567e-06 -7.56312e-06  4.85825e-06 -0.454979 0.0206421  0.631121  -0.104189  -1.25681 0.0946535 0 0 0 0 0 0 14.0687
-0.367056   39.0126   1.07379   0.305999   0.046637 -0.0577337  0 -0  0  3.00567e-06 -7.56312e-06  4.85825e-06 -0.425857 0.0451969  0.581976  0.0269289 -0.898754  0.021345 0 0 0 0 0 0 14.0822
-0.231943   37.9132   1.12148   0.296069  0.0450938 -0.0471627  0 -0  0  3.00567e-06 -7.56312e-06  4.85825e-06   -0.449665 -0.00452649    0.568692    0.11165 -0.969926 0.0238258 0 0 0 0 0 0 14.0968
-0.359193   36.5576  0.980969   0.286784  0.0463808 -0.0379243  0 -0  0  3.00567e-06 -7.56312e-06  4.85825e-06 -0.468226 0.0236501  0.542803  -0.0427554   -1.25585  -0.106131 0 0 0 0 0 0 14.1099
-0.575519   34.8888   1.00545   0.273611  0.0474183 -0.0252795  0 -0  0  3.00567e-06 -7.56312e-06  4.85825e-06 -0.541495 0.0373036  0.589899   -0.193752   -1.47024 -0.0107992 0 0 0 0 0 0 14.1282
-0.726886   33.4504  0.872721    0.26037  0.0472745 -0.0126702  0 -0  0  3.00567e-06 -7.56312e-06  4.85825e-06 -0.565521 0.0205391  0.591517  -0.0859517   -1.16974 -0.0920027 0 0 0 0 0 0 14.1465
-0.726233   32.3727  0.715497   0.249621  0.0472641 -0.0043543  0 -0  0  3.00567e-06 -7.56312e-06  4.85825e-06 -0.544495 0.0128441  0.513313  0.0560612 -0.956712 -0.117459 0 0 0 0 0 0 14.1601
-0.654016   31.3546  0.704914   0.237704  0.0433767 0.00586038  0 -0  0  3.00567e-06 -7.56312e-06  4.85825e-06   -0.55392 -0.0716593    0.50772   0.0958091  -0.862932 -0.0269139 0 0 0 0 0 0 14.1763
-0.659928   30.1234  0.747589  0.227821 0.0446563 0.0127094  0 -0  0  3.00567e-06 -7.56312e-06  4.85825e-06  -0.54452 -0.018476  0.448529  -0.0396153    -1.0935  0.0154224 0 0 0 0 0 0 14.1884
-0.717912   28.5651  0.968482  0.212954 0.0447167 0.0221052  0 -0  0  3.00567e-06 -7.56312e-06  4.85825e-06   -0.632971 -0.00762922    0.473986  -0.145524  -1.44078  0.143748 0 0 0 0 0 0 14.206
-0.714948   26.9186   1.20792  0.198304 0.0465945 0.0349548  0 -0  0  3.00567e-06 -7.56312e-06  4.85825e-06 -0.657883 0.0330327  0.531784  -0.103284  -1.34864  0.143324 0 0 0 0 0 0 14.2255
-0.536287   25.5702    1.2469  0.188399 0.0474715 0.0432745  0 -0  0  3.00567e-06 -7.56312e-06  4.85825e-06 -0.590496 0.0394629  0.472818   0.118377  -1.17498 0.0275282 0 0 0 0 0 0 14.2385
-0.398703   24.2345   1.29651  0.175732 0.0441903 0.0527694  0 -0  0  3.00567e-06 -7.56312e-06  4.85825e-06   -0.60733 -0.0464597   0.480093  0.130178 -1.17507 0.022291 0 0 0 0 0 0 14.2547
-0.450758   22.7955    1.2176  0.163038 0.0451083 0.0604565  0 -0  0  3.00567e-06 -7.56312e-06  4.85825e-06   -0.616669 -0.00883015    0.436241  -0.0238316   -1.23761  -0.063885 0 0 0 0 0 0 14.2695
-0.605401   21.1974   1.27337  0.147724 0.0449564 0.0682119  0 -0  0  3.00567e-06 -7.56312e-06  4.85825e-06   -0.67534 -0.0048845   0.421772  -0.147033  -1.41279 0.0265937 0 0 0 0 0 0 14.2867
-0.768382   19.6388   1.21122  0.132025 0.0449235 0.0775022  0 -0  0  3.00567e-06 -7.56312e-06  4.85825e-06   -0.716786 -0.00266502    0.442399    -0.12837   -1.35623 -0.0653534 0 0 0 0 0 0 14.3049
-0.772464   18.0998  0.966367  0.116754 0.0464214 0.0828303  0 -0  0  3.00567e-06 -7.56312e-06  4.85825e-06 -0.723513 0.0331888  0.366088  0.0452325  -1.32923 -0.214701 0 0 0 0 0 0 14.3212
-0.651439   16.2384  0.922431  0.104699 0.0428658 0.0895991  0 -0  0  3.00567e-06 -7.56312e-06  4.85825e-06  -0.678411 -0.0569881     0.3551    0.146612   -1.61119 -0.0693593 0 0 0 0 0 0 14.3355
-0.642224   14.5689  0.892718  0.088665 0.0437407 0.0952774  0 -0  0  3.00567e-06 -7.56312e-06  4.85825e-06  -0.714293 -0.0137748   0.319493   0.0124706   -1.43605 -0.0283257 0 0 0 0 0 0 14.3525
-0.637398   12.9631   1.09144 0.0739099 0.0435566  0.101412  0 -0  0  3.00567e-06 -7.56312e-06  4.85825e-06  -0.736718 -0.0112787   0.321711  -0.0362975   -1.47599   0.153108 0 0 0 0 0 0 14.3685
-0.686461   11.3481   1.20293 0.0587368 0.0434543  0.109772  0 -0  0  3.00567e-06 -7.56312e-06  4.85825e-06   -0.744982 -0.00932299    0.359875  -0.065128  -1.39465 0.0800566 0 0 0 0 0 0 14.3858
-0.575938   9.92632   1.14697 0.0445895 0.0450433  0.112625  0 -0  0  3.00567e-06 -7.56312e-06  4.85825e-06 -0.721244 0.0322854  0.267295   0.0879077   -1.24608 -0.0629327 0 0 0 0 0 0 14.4003
-0.395332   8.31389   1.22207 0.0316254 0.0428913  0.116652  0 -0  0  3.00567e-06 -7.56312e-06  4.85825e-06  -0.708358 -0.0286364   0.247055   0.175779  -1.48138 0.0477643 0 0 0 0 0 0 14.4141
-0.357627   6.82245   1.25585 0.0158375 0.0429174  0.121598  0 -0  0  3.00567e-06 -7.56312e-06  4.85825e-06  -0.722044 -0.0148314   0.240689  0.0306103  -1.24518 0.0277549 0 0 0 0 0 0 14.4306
-0.408963   5.48394   1.40496 -0.000444093    0.0405554      0.12207  0 -0  0  3.00567e-06 -7.56312e-06  4.85825e-06 -0.770993 -0.048706  0.165734  -0.0340206    -1.2611   0.125187 0 0 0 0 0 0 14.4471
-0.41362  4.24378  1.50826 -0.0163905  0.0395815   0.126066  0 -0  0  3.00567e-06 -7.56312e-06  4.85825e-06  -0.766857 -0.0480685   0.174194  -0.0196495   -1.03436  0.0790058 0 0 0 0 0 0 14.4635
-0.28116  3.33773  1.66443 -0.0295275  0.0415555   0.126826  0 -0  0  3.00567e-06 -7.56312e-06  4.85825e-06 -0.716773 0.0221021  0.115895  0.0949983 -0.795769  0.123021 0 0 0 0 0 0 14.4768
-0.0108904    2.45096    2.10328 -0.0409448  0.0391008   0.127119  0 -0  0  3.00567e-06 -7.56312e-06  4.85825e-06  -0.670854 -0.0415449  0.0793177   0.248916 -0.820731  0.391314 0 0 0 0 0 0 14.4885
0.281562  1.52856  2.70207 -0.0539975   0.039815     0.1294  0 -0  0  3.00567e-06 -7.56312e-06  4.85825e-06  -0.650037 -0.0105061  0.0883032  0.218384 -0.75874 0.490718 0 0 0 0 0 0 14.5018
0.505096 0.709848  3.36465 -0.0662722  0.0379626   0.127976  0 -0  0  3.00567e-06 -7.56312e-06  4.85825e-06  -0.635941 -0.0383674  0.0266734    0.20602 -0.722829  0.586578 0 0 0 0 0 0 14.5143
   0.49623 -0.0251117    3.91914 -0.0766677  0.0361324   0.129747  0 -0  0  3.00567e-06 -7.56312e-06  4.85825e-06  -0.591823 -0.0633971  0.0502731   0.010808 -0.636097  0.499362 0 0 0 0 0 0 14.525
0.676899 -0.79208  4.32301 -0.087842 0.0371289  0.130562  0 -0  0  3.00567e-06 -7.56312e-06  4.85825e-06   -0.576454 -0.00891476   0.0456327    0.14042 -0.666002  0.356124 0 0 0 0 0 0 14.5362
0.828578 -1.73077  4.73192 -0.0965235  0.0348235   0.132099  0 -0  0  3.00567e-06 -7.56312e-06  4.85825e-06  -0.532806 -0.0587592  0.0567271   0.163446 -0.852257  0.388824 0 0 0 0 0 0 14.5453
0.885667 -2.80745  4.81146 -0.111169 0.0360778  0.131357  0 -0  0  3.00567e-06 -7.56312e-06  4.85825e-06   -0.592759 -0.00745284   0.0169986  0.0410302  -0.88096  0.107603 0 0 0 0 0 0 14.5601
0.825827 -3.76491  4.79265 -0.121051 0.0346039  0.128859  0 -0  0  3.00567e-06 -7.56312e-06  4.85825e-06  -0.553003 -0.0296586 -0.0422084  -0.0354691  -0.841721 0.00462447 0 0 0 0 0 0 14.5704
0.587252 -4.50238  4.65964 -0.132727 0.0335055  0.127728  0 -0  0  3.00567e-06 -7.56312e-06  4.85825e-06  -0.567213 -0.0406947 -0.0469702  -0.200629 -0.651397 -0.105201 0 0 0 0 0 0 14.5821
0.477934 -5.32708  4.50603 -0.140898 0.0343272  0.127831  0 -0  0  3.00567e-06 -7.56312e-06  4.85825e-06   -0.515795 -0.00240017  -0.0283214  -0.130155 -0.760967 -0.135035 0 0 0 0 0 0 14.5904
0.458831 -6.33775  4.30026 -0.149932 0.0326354  0.127322  0 -0  0  3.00567e-06 -7.56312e-06  4.85825e-06  -0.490241 -0.0403212 -0.0270585  -0.0270323  -0.878189   -0.17152 0 0 0 0 0 0 14.5996
0.389725 -7.22914  3.99041 -0.162486 0.0341834   0.12653  0 -0  0  3.00567e-06 -7.56312e-06  4.85825e-06  -0.518828 0.00726235 -0.0322513  -0.0939567  -0.705118  -0.228787 0 0 0 0 0 0 14.6122
0.241086 -7.96733  3.77679 -0.170754 0.0335104  0.124164  0 -0  0  3.00567e-06 -7.56312e-06  4.85825e-06   -0.480969 -0.00621594  -0.0702502  -0.144152 -0.661568 -0.182038 0 0 0 0 0 0 14.6209
-0.0788312    -8.7401    3.56782 -0.177933 0.0317584  0.121875  0 -0  0  3.00567e-06 -7.56312e-06  4.85825e-06    -0.4358 -0.0408247 -0.0861037  -0.266107 -0.681705 -0.179112 0 0 0 0 0 0 14.6286
-0.0349666   -9.47492    3.35757 -0.186872 0.0322831  0.118449  0 -0  0  3.00567e-06 -7.56312e-06  4.85825e-06   -0.442924 -0.00791074   -0.116251  -0.0325601  -0.648127  -0.189155 0 0 0 0 0 0 14.6382
0.0853941  -10.0223   3.28417 -0.194907 0.0316417  0.118475  0 -0  0  3.00567e-06 -7.56312e-06  4.85825e-06  -0.422882 -0.0210703 -0.0756309   0.0858147  -0.470398 -0.0652452 0 0 0 0 0 0 14.6462
0.130404 -10.4105  3.23336   -0.2003 0.0310828  0.118782  0 -0  0  3.00567e-06 -7.56312e-06  4.85825e-06  -0.379929 -0.0259466 -0.0419003  0.0344722 -0.371947 -0.046344 0 0 0 0 0 0 14.6517
0.0808707    -10.83   3.32214 -0.209116 0.0311983  0.117928  0 -0  0  3.00567e-06 -7.56312e-06  4.85825e-06  -0.403466 -0.0135864 -0.0422273  -0.0318724  -0.374464  0.0695723 0 0 0 0 0 0 14.6605
-0.260384  -11.0799   3.42419 -0.216846 0.0291873  0.114643  0 -0  0  3.00567e-06 -7.56312e-06  4.85825e-06  -0.398857 -0.0460701 -0.0852426   -0.23531 -0.234376 0.0893866 0 0 0 0 0 0 14.6692
-0.118246  -11.3578   3.52895 -0.223733 0.0294827  0.112299  0 -0  0  3.00567e-06 -7.56312e-06  4.85825e-06  -0.376961 -0.0159735 -0.0957917  0.0769965 -0.244448 0.0872402 0 0 0 0 0 0 14.6765
0.0180056  -11.5794   3.67867 -0.229117 0.0288805  0.105858  0 -0  0  3.00567e-06 -7.56312e-06  4.85825e-06  -0.345149 -0.0211296  -0.165689   0.158397 -0.222076  0.137143 0 0 0 0 0 0 14.6849
0.137568 -11.7839  3.70611 -0.236425 0.0278273  0.104223  0 -0  0  3.00567e-06 -7.56312e-06  4.85825e-06  -0.357774 -0.0365439  -0.131298   0.111514 -0.185218 0.0328404 0 0 0 0 0 0 14.6924
0.205226 -12.1257  3.75679 -0.242637  0.027547  0.102644  0 -0  0  3.00567e-06 -7.56312e-06  4.85825e-06   -0.34047 -0.0287874  -0.109031  0.0640676 -0.290964 0.0456972 0 0 0 0 0 0 14.6988
0.0690153  -12.4966    3.7905 -0.248115 0.0255873 0.0999529  0 -0  0  3.00567e-06 -7.56312e-06  4.85825e-06  -0.279024 -0.0516191  -0.106214  -0.0693177  -0.244823  0.0258829 0 0 0 0 0 0 14.7053
 0.13976 -13.1365  3.73708  -0.25096 0.0253303 0.0960084  0 -0  0  3.00567e-06 -7.56312e-06  4.85825e-06  -0.242413 -0.0348573  -0.139594   0.0539031  -0.616309 -0.0510835 0 0 0 0 0 0 14.7101
0.339092 -13.8792  3.61196 -0.256098 0.0245073 0.0938404  0 -0  0  3.00567e-06 -7.56312e-06  4.85825e-06   -0.24952 -0.0396468   -0.13091   0.143058 -0.656285 -0.104688 0 0 0 0 0 0 14.7158
0.448712 -14.4804  3.48964 -0.264882 0.0248486  0.091788  0 -0  0  3.00567e-06 -7.56312e-06  4.85825e-06 -0.314351 -0.017392  -0.11641   0.0571234  -0.503225 -0.0977401 0 0 0 0 0 0 14.7248
0.392096 -14.9586   3.4096  -0.27058 0.0245883 0.0900336  0 -0  0  3.00567e-06 -7.56312e-06  4.85825e-06  -0.303342 -0.0158613  -0.103497  -0.0649255  -0.413944 -0.0635667 0 0 0 0 0 0 14.7308
0.254676 -15.3396  3.17739 -0.275772 0.0237639 0.0886017  0 -0  0  3.00567e-06 -7.56312e-06  4.85825e-06  -0.287928 -0.0259986 -0.0915636  -0.156369 -0.337554 -0.192945 0 0 0 0 0 0 14.7362
0.351214 -16.0986  2.78863 -0.280937 0.0240244 0.0834684  0 -0  0  3.00567e-06 -7.56312e-06  4.85825e-06   -0.275529 -0.00568409   -0.142274  -0.0216797  -0.599449  -0.312123 0 0 0 0 0 0 14.7435
0.507004  -16.695  2.37858 -0.287747  0.023875 0.0808624  0 -0  0  3.00567e-06 -7.56312e-06  4.85825e-06   -0.302924 -0.00741744   -0.140264  0.0292757 -0.534105 -0.345279 0 0 0 0 0 0 14.7508
0.672898 -17.2818  1.99901 -0.293664 0.0228466 0.0808359  0 -0  0  3.00567e-06 -7.56312e-06  4.85825e-06   -0.31277 -0.0293247 -0.0871414   0.049593 -0.571688 -0.344756 0 0 0 0 0 0 14.7568
0.687555 -17.9324  1.86739  -0.29788 0.0211811 0.0804148  0 -0  0  3.00567e-06 -7.56312e-06  4.85825e-06  -0.269663 -0.0501372 -0.0569085  -0.014256 -0.523536 -0.108433 0 0 0 0 0 0 14.7613
0.627743 -18.2151  1.84535 -0.304949 0.0202702 0.0798025  0 -0  0  3.00567e-06 -7.56312e-06  4.85825e-06  -0.294268 -0.0479691 -0.0450936  -0.0587617  -0.255613 -0.0165359 0 0 0 0 0 0 14.7685
0.662533 -18.7821  1.81882 -0.310815 0.0207194 0.0763277  0 -0  0  3.00567e-06 -7.56312e-06  4.85825e-06   -0.28011 -0.0112076 -0.0821214   0.0123713  -0.415804 -0.0126692 0 0 0 0 0 0 14.7753
0.724636  -19.261  1.83953 -0.312084 0.0198275 0.0732119  0 -0  0  3.00567e-06 -7.56312e-06  4.85825e-06  -0.212712 -0.0259337   -0.10487  0.0867153 -0.488079 0.0282236 0 0 0 0 0 0 14.7788
0.784716 -19.5715  1.82062  -0.32014 0.0194289 0.0728594  0 -0  0  3.00567e-06 -7.56312e-06  4.85825e-06  -0.287029 -0.0263709 -0.0664038    0.0399621   -0.286877 -0.00941882 0 0 0 0 0 0 14.7869
0.671637 -19.8573  1.89077 -0.320683 0.0191872 0.0723997  0 -0  0  3.00567e-06 -7.56312e-06  4.85825e-06  -0.202632 -0.0207812 -0.0575826  -0.078789 -0.265213 0.0723837 0 0 0 0 0 0 14.7876
0.325828 -19.9076  2.01527 -0.323919 0.0181915 0.0729777  0 -0  0  3.00567e-06 -7.56312e-06  4.85825e-06   -0.18326 -0.0315742 -0.0222284   -0.231614 -0.0439665  0.0993325 0 0 0 0 0 0 14.7911
0.409638 -20.3017  1.99634 -0.324293 0.0203867 0.0693152  0 -0  0  3.00567e-06 -7.56312e-06  4.85825e-06 -0.110612 0.0343532 -0.068809     0.010606   -0.251379 -0.00228982 0 0 0 0 0 0 14.7954
  0.4283 -20.5537  1.95587 -0.327072  0.020282 0.0690792  0 -0  0  3.00567e-06 -7.56312e-06  4.85825e-06  -0.125207  0.0162717 -0.0521376  0.00670793  -0.240025 -0.0351845 0 0 0 0 0 0 14.7981
0.375311 -20.6971  1.95565 -0.331721 0.0208991 0.0687453  0 -0  0  3.00567e-06 -7.56312e-06  4.85825e-06  -0.168326  0.0207423 -0.0370283    -0.052261    -0.13877 -0.00599017 0 0 0 0 0 0 14.8029
0.274451 -20.8285  2.03259 -0.330239 0.0204189 0.0692282  0 -0  0  3.00567e-06 -7.56312e-06  4.85825e-06 -0.0872606 0.00377912 -0.0163352  -0.0604975  -0.116604  0.0699277 0 0 0 0 0 0 14.8045
-0.0845854   -20.7601    2.09384 -0.328617 0.0186134 0.0702832  0 -0  0  3.00567e-06 -7.56312e-06  4.85825e-06 -0.0260805 -0.0334481  0.0124048   -0.26168 0.0665318 0.0562835 0 0 0 0 0 0 14.8071
-0.0152333   -20.8125    1.96996  -0.32821 0.0188843 0.0669177  0 -0  0  3.00567e-06 -7.56312e-06  4.85825e-06   -0.010837 -0.00938635  -0.0464887  -0.0334326 -0.0256726 -0.0840485 0 0 0 0 0 0 14.8105
0.116518 -20.8315  1.85355 -0.328019 0.0192586 0.0679074  0 -0  0  3.00567e-06 -7.56312e-06  4.85825e-06 -0.000380754  0.000885172    -0.017633   0.0697217 -0.0161691 -0.0995139 0 0 0 0 0 0 14.8116
0.125342 -20.6924  1.84434 -0.328724 0.0196086 0.0699369  0 -0  0  3.00567e-06 -7.56312e-06  4.85825e-06 -0.0151768 0.00524766   0.031593  -0.000246443     0.117182   -0.0161929 0 0 0 0 0 0 14.8138
0.067307 -20.5158  1.90534 -0.327084 0.0205023 0.0705365  0 -0  0  3.00567e-06 -7.56312e-06  4.85825e-06 0.0192565 0.0209173 0.0271686  -0.0345725   0.160345  0.0478257 0 0 0 0 0 0 14.8157
-0.201008  -20.1158   1.97819 -0.323798 0.0195509 0.0732653  0 -0  0  3.00567e-06 -7.56312e-06  4.85825e-06   0.0728628 -0.00678962   0.0711544  -0.191518  0.354603 0.0638807 0 0 0 0 0 0 14.8201
-0.303365  -20.0007   1.92101 -0.321245 0.0199542 0.0736442  0 -0  0  3.00567e-06 -7.56312e-06  4.85825e-06  0.0869514 0.00599996  0.0503627   -0.104749   0.119564 -0.0360918 0 0 0 0 0 0 14.8227
-0.232659  -19.7995    1.9364 -0.318576 0.0204302 0.0747447  0 -0  0  3.00567e-06 -7.56312e-06  4.85825e-06  0.110214 0.0132487 0.0545978  0.0610864  0.193102 0.0172879 0 0 0 0 0 0 14.8257
-0.188072   -19.403   2.04547 -0.320022 0.0204311 0.0787659  0 -0  0  3.00567e-06 -7.56312e-06  4.85825e-06 0.0418427 0.0033464  0.118414  0.0643652  0.359695  0.085795 0 0 0 0 0 0 14.8299
-0.169202  -18.9451   2.18253 -0.315003 0.0221734 0.0816275  0 -0  0  3.00567e-06 -7.56312e-06  4.85825e-06  0.116114 0.0368374   0.12054  0.0501636  0.404213  0.117849 0 0 0 0 0 0 14.836
-0.397748  -18.2971    2.3559 -0.310106 0.0198537 0.0847394  0 -0  0  3.00567e-06 -7.56312e-06  4.85825e-06   0.163963 -0.0256878   0.140035  -0.114356  0.577144  0.149937 0 0 0 0 0 0 14.8422
-0.500072  -18.0283   2.31861 -0.303027  0.020633 0.0864617  0 -0  0  3.00567e-06 -7.56312e-06  4.85825e-06   0.228652 0.00595687   0.120894  -0.0800638   0.278681   -0.01852 0 0 0 0 0 0 14.8495
-0.376864  -17.5571    2.2528 -0.296917 0.0210785 0.0888115  0 -0  0  3.00567e-06 -7.56312e-06  4.85825e-06  0.267974 0.0118952  0.125783   0.0777999   0.443814 -0.0507805 0 0 0 0 0 0 14.8561
-0.197024  -16.8414    2.1243 -0.290434 0.0221218 0.0939428  0 -0  0  3.00567e-06 -7.56312e-06  4.85825e-06   0.27908 0.0253506  0.167525    0.104066   0.570031 -0.0898211 0 0 0 0 0 0 14.8644
-0.179999  -16.1392   2.14104 -0.284043 0.0235812 0.0972832  0 -0  0  3.00567e-06 -7.56312e-06  4.85825e-06  0.300921 0.0449907  0.168581   0.017285  0.658019 0.0112492 0 0 0 0 0 0 14.8718
-0.513653  -15.2851   2.19343 -0.277408 0.0225238  0.101123  0 -0  0  3.00567e-06 -7.56312e-06  4.85825e-06   0.306142 0.00883678   0.178303    -0.2255  0.717354 0.0435249 0 0 0 0 0 0 14.8795
-0.540329  -14.7927    2.1019 -0.270601 0.0229141  0.103946  0 -0  0  3.00567e-06 -7.56312e-06  4.85825e-06 0.317075 0.014806 0.165664  -0.0666838   0.460721 -0.0686741 0 0 0 0 0 0 14.8869
-0.481261   -14.208   2.01281  -0.26202 0.0233575  0.102502  0 -0  0  3.00567e-06 -7.56312e-06  4.85825e-06  0.366945 0.0215016  0.102577   0.0357036   0.534229 -0.0722349 0 0 0 0 0 0 14.8956
-0.480004  -13.3931   1.96255  -0.25409 0.0218539  0.106804  0 -0  0  3.00567e-06 -7.56312e-06  4.85825e-06   0.379655 -0.0211265   0.148159  -0.00563906    0.716174  -0.0412075 0 0 0 0 0 0 14.9048
-0.540792  -12.4959   1.96453 -0.244209 0.0242846  0.110622  0 -0  0  3.00567e-06 -7.56312e-06  4.85825e-06  0.418506 0.0338574  0.157782  -0.0654792   0.772016  0.0090683 0 0 0 0 0 0 14.9156
-0.739699  -11.5883   1.92045 -0.234493 0.0238571   0.11222  0 -0  0  3.00567e-06 -7.56312e-06  4.85825e-06  0.449832 0.0142796   0.12963   -0.165227   0.819581 -0.0274537 0 0 0 0 0 0 14.9255
-0.796994  -10.7841   1.78488 -0.224827 0.0245717   0.11554  0 -0  0  3.00567e-06 -7.56312e-06  4.85825e-06   0.46137 0.0242194  0.142209  -0.0878521   0.705168  -0.103431 0 0 0 0 0 0 14.9357
-0.691076  -9.93092   1.68081 -0.215462 0.0269924  0.117679  0 -0  0  3.00567e-06 -7.56312e-06  4.85825e-06   0.45884 0.0688979  0.130175  0.0461317  0.721706 -0.078301 0 0 0 0 0 0 14.9456
-0.625207   -9.0536   1.57231 -0.205044  0.025879  0.123337  0 -0  0  3.00567e-06 -7.56312e-06  4.85825e-06 0.491713 0.011637 0.193434   0.0472295   0.799532 -0.0915397 0 0 0 0 0 0 14.9576
-0.566422  -8.13312    1.4913 -0.193943 0.0272286  0.127525  0 -0  0  3.00567e-06 -7.56312e-06  4.85825e-06  0.512981 0.0335212  0.196398   0.0351745   0.798772 -0.0626205 0 0 0 0 0 0 14.9695
-0.595069  -7.22225   1.48322  -0.18426 0.0258151  0.128283  0 -0  0  3.00567e-06 -7.56312e-06  4.85825e-06    0.505552 -0.00605574     0.13593   -0.00129207     0.794114 -4.60059e-05 0 0 0 0 0 0 14.9793
-0.693463  -6.30391   1.44537 -0.173708 0.0260433  0.132925  0 -0  0  3.00567e-06 -7.56312e-06  4.85825e-06    0.509757 0.000624789    0.168576   -0.078507   0.778559 -0.0212479 0 0 0 0 0 0 14.9908
-0.57156  -5.3003  1.43261 -0.163633  0.027473  0.129487  0 -0  0  3.00567e-06 -7.56312e-06  4.85825e-06  0.506141 0.0367113 0.0625312    0.0915217    0.867875 -0.00241715 0 0 0 0 0 0 15.0016
-0.456077  -4.25366   1.46393 -0.151618 0.0250617  0.131043  0 -0  0  3.00567e-06 -7.56312e-06  4.85825e-06  0.538802 -0.030245 0.0698652  0.119654 0.892963 0.031514 0 0 0 0 0 0 15.0139
-0.324575  -3.32186   1.55644 -0.141284 0.0283072  0.133215  0 -0  0  3.00567e-06 -7.56312e-06  4.85825e-06  0.531804 0.0429561 0.0822422  0.0986686  0.819656 0.0871209 0 0 0 0 0 0 15.025
-0.253589   -2.4084     1.679  -0.12933 0.0268301  0.130791  0 -0  0  3.00567e-06 -7.56312e-06  4.85825e-06    0.564749 0.000653148  0.00413791  0.0988671  0.800399  0.115698 0 0 0 0 0 0 15.0373
-0.284116  -1.52006   1.74416 -0.118145 0.0275912  0.131194  0 -0  0  3.00567e-06 -7.56312e-06  4.85825e-06  0.560912 0.0172575   0.01025  -0.00869251    0.771527   0.0611001 0 0 0 0 0 0 15.0485
 -0.16194 -0.739836   1.84396 -0.107888 0.0301819  0.131116  0 -0  0  3.00567e-06 -7.56312e-06  4.85825e-06   0.557826  0.0719568 0.00450154  0.0894632  0.728286 0.0918382 0 0 0 0 0 0 15.0591
-0.0384662  0.0487015     1.9351 -0.0952358  0.0283696   0.133094  0 -0  0  3.00567e-06 -7.56312e-06  4.85825e-06    0.590894 -0.00122817   0.0418406   0.123357  0.710968 0.0790564 0 0 0 0 0 0 15.072
0.024383 0.700524  1.97413 -0.0829097  0.0311373   0.134539  0 -0  0  3.00567e-06 -7.56312e-06  4.85825e-06  0.579123 0.0512002  0.050232  0.0380601  0.524312 0.0363071 0 0 0 0 0 0 15.0847
-0.0450966    1.31042    2.09021 -0.0739989  0.0289386   0.128914  0 -0  0  3.00567e-06 -7.56312e-06  4.85825e-06    0.526385 -0.00566623  -0.0719863  -0.0255395   0.494353  0.0967419 0 0 0 0 0 0 15.0955
-0.141208   1.92226   2.13214 -0.0648748  0.0295187   0.127021  0 -0  0  3.00567e-06 -7.56312e-06  4.85825e-06   0.500117  0.0102783 -0.0806866  -0.079954  0.537031 0.0368775 0 0 0 0 0 0 15.1048
-0.0528716    2.37455    2.14084 -0.0578249  0.0312769    0.12569  0 -0  0  3.00567e-06 -7.56312e-06  4.85825e-06  0.453274 0.0470401 -0.077171   0.0602075   0.422918 0.00362468 0 0 0 0 0 0 15.1122
0.114381  2.85344  2.10044 -0.0498347  0.0286166   0.123628  0 -0  0  3.00567e-06 -7.56312e-06  4.85825e-06   0.433042 -0.0322993 -0.0829045     0.16929   0.416475 -0.0378077 0 0 0 0 0 0 15.1209
0.235716  3.20729  1.92213 -0.0428138  0.0319088   0.121111  0 -0  0  3.00567e-06 -7.56312e-06  4.85825e-06  0.401618 0.0448499  -0.10497  0.0982545  0.308946 -0.141389 0 0 0 0 0 0 15.129
0.120552   3.5333  1.75192 -0.0368374  0.0299201   0.115033  0 -0  0  3.00567e-06 -7.56312e-06  4.85825e-06    0.358841 -0.00712146   -0.173523  -0.0554242   0.256733  -0.144053 0 0 0 0 0 0 15.1378
-0.101228   3.82545   1.47114 -0.0307174  0.0287544   0.113822  0 -0  0  3.00567e-06 -7.56312e-06  4.85825e-06   0.332018 -0.0312792  -0.128008  -0.160572  0.247232  -0.23561 0 0 0 0 0 0 15.1441
-0.0767801    4.13038    1.19313 -0.0255537  0.0306278   0.109983  0 -0  0  3.00567e-06 -7.56312e-06  4.85825e-06  0.305159 0.0275126 -0.152968  0.0116948  0.264571 -0.249596 0 0 0 0 0 0 15.1508
0.0445647   4.40246   1.07137 -0.0176093  0.0286519   0.108495  0 -0  0  3.00567e-06 -7.56312e-06  4.85825e-06   0.343229 -0.0293869  -0.125191    0.12524  0.256795 -0.114834 0 0 0 0 0 0 15.1591
0.0699066   4.76028   1.03899 -0.0121674  0.0297488   0.104438  0 -0  0  3.00567e-06 -7.56312e-06  4.85825e-06   0.316399 0.00591576  -0.159328   0.0223731   0.308258 -0.0292337 0 0 0 0 0 0 15.166
0.0987086   5.07187   1.19762 -0.00853403   0.0281845   0.0996466  0 -0  0  3.00567e-06 -7.56312e-06  4.85825e-06   0.266285 -0.0252382   -0.18631  0.0264986  0.263621  0.128126 0 0 0 0 0 0 15.1722
0.127516  5.30713  1.29538 -0.00525239   0.0275272   0.0982145  0 -0  0  3.00567e-06 -7.56312e-06  4.85825e-06  0.214712 -0.029084 -0.134258  0.0141163  0.190556  0.076457 0 0 0 0 0 0 15.1759
0.304048  5.41687  1.27387 -0.00215223   0.0278776   0.0978028  0 -0  0  3.00567e-06 -7.56312e-06  4.85825e-06    0.193833 -0.00855767   -0.092494     0.14196   0.100818 -0.0217223 0 0 0 0 0 0 15.179
0.57425  5.5277  1.1738 0.00374751  0.0259127  0.0960716  0 -0  0  3.00567e-06 -7.56312e-06  4.85825e-06   0.231195 -0.0481482 -0.0892407    0.243447  0.0982079 -0.0819558 0 0 0 0 0 0 15.1855
0.653205  5.76759 0.834122 0.00410358  0.0274542  0.0916287  0 -0  0  3.00567e-06 -7.56312e-06  4.85825e-06   0.154623 0.00415929  -0.145965  0.0981159  0.195551 -0.281665 0 0 0 0 0 0 15.1902
0.605286  5.99133 0.604616 0.00664225  0.0258452  0.0877784  0 -0  0  3.00567e-06 -7.56312e-06  4.85825e-06   0.146467 -0.0268112  -0.162254  -0.00132767    0.194606   -0.210501 0 0 0 0 0 0 15.1951
0.485461  6.17103 0.336375 0.00728251  0.0251596  0.0866182  0 -0  0  3.00567e-06 -7.56312e-06  4.85825e-06   0.103452 -0.0325471  -0.123502  -0.0787951    0.17046  -0.251321 0 0 0 0 0 0 15.1966
 0.550702   6.31123 0.0450056 0.00700078  0.0254415  0.0800285  0 -0  0  3.00567e-06 -7.56312e-06  4.85825e-06   0.0597717 -0.00969689   -0.195114   0.066227   0.10642 -0.236799 0 0 0 0 0 0 15.2032
  0.684271    6.17748 -0.0529506  0.010864  0.022173 0.0805255  0 -0  0  3.00567e-06 -7.56312e-06  4.85825e-06   0.108067 -0.0801457  -0.113258     0.13056 -0.0824986 -0.0928319 0 0 0 0 0 0 15.2083
 0.639024   6.09977 -0.208109 0.0121131 0.0235659 0.0787675  0 -0  0  3.00567e-06 -7.56312e-06  4.85825e-06  0.0900243 -0.0217863  -0.106208  -0.0378808 -0.0691942  -0.128674 0 0 0 0 0 0 15.2108
 0.511671   6.08982 -0.253285 0.0119389 0.0224206 0.0766059  0 -0  0  3.00567e-06 -7.56312e-06  4.85825e-06  0.0528684 -0.0351764   -0.10531   -0.103541  -0.019086 -0.0463369 0 0 0 0 0 0 15.2133
 0.394274   6.16711 -0.361695 0.0117839 0.0220566 0.0779247  0 -0  0  3.00567e-06 -7.56312e-06  4.85825e-06  0.0259097 -0.0309669 -0.0392279   -0.108212  0.0705982 -0.0992261 0 0 0 0 0 0 15.2147
 0.502363   6.32646 -0.479266 0.0116543 0.0236356 0.0745154  0 -0  0  3.00567e-06 -7.56312e-06  4.85825e-06     0.0165  0.0201209 -0.0889571  0.0725713   0.12705 -0.106255 0 0 0 0 0 0 15.2184
 0.71131  6.38936 -0.40917 0.0136007 0.0210525 0.0748506  0 -0  0  3.00567e-06 -7.56312e-06  4.85825e-06  0.0472023 -0.0482238 -0.0499559    0.18715 0.0734645 0.0529323 0 0 0 0 0 0 15.2217
0.822324  6.56663 -0.40872 0.0124671 0.0210128  0.073733  0 -0  0  3.00567e-06 -7.56312e-06  4.85825e-06 0.00746411 -0.0289112 -0.0514786   0.0933362   0.142333 0.00332451 0 0 0 0 0 0 15.2233
 0.856321   6.55373 -0.308777 0.00947024  0.0206433  0.0727213  0 -0  0  3.00567e-06 -7.56312e-06  4.85825e-06 -0.0551521 -0.0237612 -0.0506349   0.0192639 -0.0116698  0.0812375 0 0 0 0 0 0 15.2264
 0.933511   6.41943 -0.241622 0.00833542  0.0197437  0.0744503  0 -0  0  3.00567e-06 -7.56312e-06  4.85825e-06 -0.0601247 -0.0363318   0.002884  0.0583975 -0.118262 0.0653765 0 0 0 0 0 0 15.2287
  1.08637   6.19376 -0.256545 0.0079934 0.0203586 0.0746639  0 -0  0  3.00567e-06 -7.56312e-06  4.85825e-06  -0.0413948 -0.00483628  0.00441344    0.114193  -0.181097 -0.0101737 0 0 0 0 0 0 15.2294
  1.29607   6.10046 -0.185465 0.00977145  0.0185001  0.0765361  0 -0  0  3.00567e-06 -7.56312e-06  4.85825e-06 0.00969212 -0.0451001  0.0369678    0.186327 -0.0712643  0.0621636 0 0 0 0 0 0 15.2326
  1.38107   6.16392 -0.193083 0.00814605  0.0206133  0.0778992  0 -0  0  3.00567e-06 -7.56312e-06  4.85825e-06 -0.0254517  0.0147366    0.04736     0.0608059    0.0459385 -0.000665386 0 0 0 0 0 0 15.2356
  1.34015   6.24551 -0.142671 0.00622183  0.0202423  0.0757812  0 -0  0  3.00567e-06 -7.56312e-06  4.85825e-06 -0.0510196 0.00751496 -0.0116653  -0.0250969  0.0584465  0.0440609 0 0 0 0 0 0 15.2385
  1.10225    6.2179 -0.101442 0.00350889  0.0206923  0.0763955  0 -0  0  3.00567e-06 -7.56312e-06  4.85825e-06 -0.0851248  0.0142119 0.00682458   -0.192213 -0.0176506  0.0339757 0 0 0 0 0 0 15.2413
  0.946416    5.99692 -0.0737161 0.00190875  0.0226505  0.0757072  0 -0  0  3.00567e-06 -7.56312e-06  4.85825e-06  -0.0810995   0.0524467 -0.00970001  -0.141116 -0.189276 0.0221282 0 0 0 0 0 0 15.2439
0.914925  5.72526 0.132597 0.00113403  0.0218343  0.0760082  0 -0  0  3.00567e-06 -7.56312e-06  4.85825e-06   -0.0648475    0.0114188 -0.000818516  -0.0372413  -0.228216      0.175 0 0 0 0 0 0 15.2451
0.783328  5.59929 0.289819 -0.00133085   0.0260358   0.0761775  0 -0  0  3.00567e-06 -7.56312e-06  4.85825e-06  -0.0872387   0.0893216 -0.00165411  -0.143238  -0.11211  0.146028 0 0 0 0 0 0 15.25
0.53335 5.57082 0.47847 -0.00373679   0.0299457   0.0759975  0 -0  0  3.00567e-06 -7.56312e-06  4.85825e-06  -0.0996288    0.131113 -0.00711076  -0.242087 -0.029104   0.16329 0 0 0 0 0 0 15.2546
0.182203  5.58846 0.620687 -0.00818183   0.0318833   0.0775957  0 -0  0  3.00567e-06 -7.56312e-06  4.85825e-06 -0.152385  0.116481 0.0299146  -0.327746  0.018044  0.127392 0 0 0 0 0 0 15.2597
0.0202909   5.51465  0.713176 -0.00821946   0.0364422   0.0773311  0 -0  0  3.00567e-06 -7.56312e-06  4.85825e-06 -0.0904133   0.168216 0.00914758    -0.17016 -0.0672865  0.0769152 0 0 0 0 0 0 15.2642
-0.0481548    5.33589    1.00016 -0.00755463   0.0387508   0.0781708  0 -0  0  3.00567e-06 -7.56312e-06  4.85825e-06 -0.0432166   0.149456   0.019667  -0.0876487  -0.158627   0.261564 0 0 0 0 0 0 15.2668
-0.181378   5.11679   1.31323 -0.0073539  0.0441843  0.0800814  0 -0  0  3.00567e-06 -7.56312e-06  4.85825e-06 -0.0230567   0.191719  0.0464131  -0.144791 -0.174146  0.255623 0 0 0 0 0 0 15.2725
-0.405249   5.03156   1.70279 -0.00876374   0.0477542     0.07863  0 -0  0  3.00567e-06 -7.56312e-06  4.85825e-06   -0.0396884     0.191653 -0.000790844   -0.218076 -0.0885111   0.340717 0 0 0 0 0 0 15.2766
-0.678112   5.00102   2.16537 -0.0122167  0.0515147  0.0796895  0 -0  0  3.00567e-06 -7.56312e-06  4.85825e-06 -0.0933258   0.188868  0.0233468   -0.27424 -0.031108  0.398067 0 0 0 0 0 0 15.2819
-0.888651   4.90389   2.64082 -0.0143679  0.0576747  0.0795803  0 -0  0  3.00567e-06 -7.56312e-06  4.85825e-06 -0.0967492   0.241416  0.0120396   -0.223136 -0.0891439   0.397038 0 0 0 0 0 0 15.2884
-0.906506   4.76013   3.24195 -0.0148812  0.0625133  0.0794181  0 -0  0  3.00567e-06 -7.56312e-06  4.85825e-06 -0.0673931    0.23971 0.00353224  -0.0662372  -0.132845   0.511589 0 0 0 0 0 0 15.2933
-0.987281   4.75887   3.79396 -0.0142167  0.0685291  0.0799624  0 -0  0  3.00567e-06 -7.56312e-06  4.85825e-06 -0.0282711   0.266113  0.0104351     -0.11802 -0.00591705    0.495305 0 0 0 0 0 0 15.2993
-1.16613   4.8418  4.45128 -0.0156378  0.0735928   0.079141  0 -0  0  3.00567e-06 -7.56312e-06  4.85825e-06  -0.0437411    0.263176 -0.00902921  -0.195861 0.0534202  0.568048 0 0 0 0 0 0 15.3047
-1.37891  4.86633  5.17526 -0.0200074  0.0774216  0.0803718  0 -0  0  3.00567e-06 -7.56312e-06  4.85825e-06 -0.115783  0.239768 0.0242823  -0.256365 0.0134757  0.684656 0 0 0 0 0 0 15.3106
-1.60371  4.78193  5.85764 -0.0222084  0.0853971  0.0788182  0 -0  0  3.00567e-06 -7.56312e-06  4.85825e-06  -0.107097   0.303777 -0.0153827  -0.226073 -0.081498  0.543735 0 0 0 0 0 0 15.319
-1.69623  4.61846  6.58583 -0.0229364   0.091501  0.0780776  0 -0  0  3.00567e-06 -7.56312e-06  4.85825e-06 -0.0789902   0.306203 -0.0247517  -0.13945 -0.16353 0.636369 0 0 0 0 0 0 15.3252
-1.85558  4.47332  7.30586 -0.0261546   0.100078  0.0779833  0 -0  0  3.00567e-06 -7.56312e-06  4.85825e-06  -0.109811   0.352484 -0.0184046    -0.1967 -0.144078   0.61006 0 0 0 0 0 0 15.3344
-2.10217  4.44679   8.1343 -0.0293322   0.108128  0.0765593  0 -0  0  3.00567e-06 -7.56312e-06  4.85825e-06  -0.128204   0.377315 -0.0412573    -0.27724 -0.0561956   0.728991 0 0 0 0 0 0 15.3431
-2.50369  4.42011  8.94208 -0.0310151   0.113823  0.0763127  0 -0  0  3.00567e-06 -7.56312e-06  4.85825e-06  -0.111215   0.333713 -0.0285945   -0.374645 -0.0477635   0.695589 0 0 0 0 0 0 15.3491
-2.74657  4.37253  9.76704 -0.0346502   0.124638  0.0751488  0 -0  0  3.00567e-06 -7.56312e-06  4.85825e-06   -0.13662   0.428792 -0.0396763   -0.280557 -0.0766886   0.700083 0 0 0 0 0 0 15.3605
-2.97599  4.25813  10.6701 -0.0355842   0.134705  0.0743564  0 -0  0  3.00567e-06 -7.56312e-06  4.85825e-06  -0.101652   0.466918 -0.0427694  -0.272547  -0.13946  0.788697 0 0 0 0 0 0 15.3707
-3.22741   4.1789  11.6995 -0.0367663   0.145193  0.0764038  0 -0  0  3.00567e-06 -7.56312e-06  4.85825e-06 -0.0869034   0.488477  0.0120777  -0.299739 -0.110183  0.886071 0 0 0 0 0 0 15.3814
-3.47911  4.26122  12.7221 -0.0412635   0.153283  0.0752735  0 -0  0  3.00567e-06 -7.56312e-06  4.85825e-06   -0.137122    0.459588 -0.00968443    -0.275613 0.000343669    0.895979 0 0 0 0 0 0 15.3908
-3.76208  4.36228  13.7445 -0.0444562   0.160817  0.0755163  0 -0  0  3.00567e-06 -7.56312e-06  4.85825e-06    -0.14966    0.434282 0.000746876  -0.320913 0.0330349   0.94849 0 0 0 0 0 0 15.399
-4.23128  4.36553  14.8026 -0.0486097   0.172082  0.0748817  0 -0  0  3.00567e-06 -7.56312e-06  4.85825e-06  -0.171701   0.492291 -0.0101747   -0.459248 -0.0564801   0.913316 0 0 0 0 0 0 15.411
-4.67965  4.25618  15.8406 -0.0501191   0.183226   0.070598  0 -0  0  3.00567e-06 -7.56312e-06  4.85825e-06  -0.129989   0.527577 -0.0869798  -0.461034 -0.174283  0.901214 0 0 0 0 0 0 15.423
-5.1422 4.19396  16.999 -0.0539042   0.194211  0.0701356  0 -0  0  3.00567e-06 -7.56312e-06  4.85825e-06  -0.153827   0.539043 -0.0625924  -0.492811 -0.142651   1.00719 0 0 0 0 0 0 15.4346
-5.56791  4.30263  18.2273 -0.0592388   0.204847  0.0683212  0 -0  0  3.00567e-06 -7.56312e-06  4.85825e-06  -0.189924   0.519801 -0.0678675   -0.411746 -0.0195781   0.989325 0 0 0 0 0 0 15.4467
-5.92522  4.45562  19.2856 -0.0644868   0.214387  0.0675366  0 -0  0  3.00567e-06 -7.56312e-06  4.85825e-06  -0.219295   0.499569 -0.0548445  -0.378886 0.0401359  0.929851 0 0 0 0 0 0 15.4576
-6.4418 4.58135 20.3669 -0.0708568   0.226427  0.0662331  0 -0  0  3.00567e-06 -7.56312e-06  4.85825e-06  -0.260398   0.547845 -0.0578733  -0.518316 0.0094186  0.946761 0 0 0 0 0 0 15.4713
-6.9061  4.5681 21.3581 -0.0723951   0.239535  0.0631527  0 -0  0  3.00567e-06 -7.56312e-06  4.85825e-06  -0.180434   0.587962 -0.0945544  -0.459949 -0.105694  0.824251 0 0 0 0 0 0 15.4848
-7.28556  4.53541  22.4698 -0.0755242   0.251289  0.0624798  0 -0  0  3.00567e-06 -7.56312e-06  4.85825e-06  -0.174335   0.595308 -0.0721473  -0.429206 -0.147578  0.981896 0 0 0 0 0 0 15.497
-7.5775 4.68205 23.7212 -0.0830133   0.260466  0.0595588  0 -0  0  3.00567e-06 -7.56312e-06  4.85825e-06  -0.248038   0.544983 -0.0965732   -0.332599 -0.0352961    1.09157 0 0 0 0 0 0 15.5092
-7.93916  4.89647   25.037 -0.0882111   0.270746  0.0573917  0 -0  0  3.00567e-06 -7.56312e-06  4.85825e-06 -0.256638  0.541562 -0.101859  -0.421006 0.0299882    1.2048 0 0 0 0 0 0 15.5209
-8.36561  5.12052   26.321 -0.0951397   0.282185  0.0557501  0 -0  0  3.00567e-06 -7.56312e-06  4.85825e-06  -0.288253   0.542839 -0.0924643  -0.449715 0.0335822   1.08196 0 0 0 0 0 0 15.5344
-8.73194  5.25006  27.5361 -0.0983078   0.293604    0.05167  0 -0  0  3.00567e-06 -7.56312e-06  4.85825e-06 -0.235194  0.561004  -0.13386   -0.417903 -0.0505129    1.07517 0 0 0 0 0 0 15.5469
-9.02537  5.35621  28.7951 -0.102901  0.305625  0.050686  0 -0  0  3.00567e-06 -7.56312e-06  4.85825e-06 -0.234776  0.577577 -0.103049  -0.371315 -0.068498   1.10166 0 0 0 0 0 0 15.5598
-9.22427  5.62292  30.0347 -0.108031  0.313319 0.0462082  0 -0  0  3.00567e-06 -7.56312e-06  4.85825e-06 -0.240432  0.504117 -0.144123  -0.250027 0.0323888   1.09459 0 0 0 0 0 0 15.5701
-9.41121  5.91103  31.1715 -0.113354  0.323915 0.0446502  0 -0  0  3.00567e-06 -7.56312e-06  4.85825e-06 -0.255709  0.524696 -0.122805  -0.281619  0.098934   1.06752 0 0 0 0 0 0 15.5821
-9.75806  6.26115  32.3097 -0.118589  0.333528   0.04305  0 -0  0  3.00567e-06 -7.56312e-06  4.85825e-06 -0.258755  0.502576 -0.105866  -0.397118  0.136419   1.02451 0 0 0 0 0 0 15.5931
-10.0778  6.46315  33.3826 -0.122545  0.343725 0.0391725  0 -0  0  3.00567e-06 -7.56312e-06  4.85825e-06 -0.234137  0.509396 -0.138304  -0.383686 0.0105515  0.956556 0 0 0 0 0 0 15.6047
-10.3882  6.59293  34.5479 -0.128051  0.354563 0.0375238  0 -0  0  3.00567e-06 -7.56312e-06  4.85825e-06 -0.253022  0.527385 -0.119305  -0.404819 -0.059507   1.03302 0 0 0 0 0 0 15.617
-10.6061  6.77688  35.7736 -0.135634  0.362569 0.0342627  0 -0  0  3.00567e-06 -7.56312e-06  4.85825e-06 -0.284785  0.452229 -0.122141    -0.26522 -0.0521906   0.949992 0 0 0 0 0 0 15.6285
-10.836 7.04224 36.8177 -0.141178  0.371569   0.03243  0 -0  0  3.00567e-06 -7.56312e-06  4.85825e-06 -0.286456  0.458113 -0.111985  -0.320848 0.0620263  0.968283 0 0 0 0 0 0 15.6392
-11.1406  7.32328  37.8433 -0.147562   0.38075 0.0294669  0 -0  0  3.00567e-06 -7.56312e-06  4.85825e-06 -0.299574  0.457791 -0.124789   -0.37076 0.0701698  0.914443 0 0 0 0 0 0 15.6508
-11.4169  7.53671  38.8549 -0.153116  0.389194 0.0247617  0 -0  0  3.00567e-06 -7.56312e-06  4.85825e-06   -0.2913  0.443571 -0.163844   -0.352357 0.00490678   0.899349 0 0 0 0 0 0 15.662
-11.629 7.76969 39.8717 -0.158839  0.397719 0.0210241  0 -0  0  3.00567e-06 -7.56312e-06  4.85825e-06 -0.288867  0.436545 -0.172435  -0.301545 0.0192683  0.902116 0 0 0 0 0 0 15.6729
-11.7796  8.05747  40.9089 -0.165767  0.403838 0.0183001  0 -0  0  3.00567e-06 -7.56312e-06  4.85825e-06 -0.309843  0.383472 -0.150601  -0.247584 0.0448603  0.922568 0 0 0 0 0 0 15.6825
-11.8843  8.36377  41.9108 -0.172549  0.412916 0.0159656  0 -0  0  3.00567e-06 -7.56312e-06  4.85825e-06  -0.32232  0.413572 -0.139978  -0.224589 0.0901783  0.908206 0 0 0 0 0 0 15.6941
-12.1209  8.66551  42.7592  -0.17874  0.420026 0.0143441  0 -0  0  3.00567e-06 -7.56312e-06  4.85825e-06 -0.314706   0.38156  -0.11643  -0.303637  0.105153  0.757703 0 0 0 0 0 0 15.7037
-12.3063  8.80148  43.5718 -0.183114  0.426589 0.0110086  0 -0  0  3.00567e-06 -7.56312e-06  4.85825e-06 -0.276887   0.35988  -0.13367   -0.273143 -0.0355665   0.723512 0 0 0 0 0 0 15.7122
-12.4452  8.84645  44.4838  -0.188049    0.43411 0.00955153  0 -0  0  3.00567e-06 -7.56312e-06  4.85825e-06  -0.26589  0.366014 -0.111953  -0.249399 -0.120884  0.778193 0 0 0 0 0 0 15.7213
-12.569 8.97544 45.4228 -0.195994  0.438234 0.0068559  0 -0  0  3.00567e-06 -7.56312e-06  4.85825e-06 -0.312698   0.30415 -0.112738   -0.223759 -0.0910104   0.812939 0 0 0 0 0 0 15.7307
-12.7677  9.16271  46.3242  -0.202479   0.445589 0.00454218  0 -0  0  3.00567e-06 -7.56312e-06  4.85825e-06 -0.322493   0.33813   -0.1181    -0.314662 -0.00927807    0.832917 0 0 0 0 0 0 15.7408
-13.095 9.39702 46.9282    -0.20837     0.45131 5.69564e-05  0 -0  0  3.00567e-06 -7.56312e-06  4.85825e-06 -0.304971  0.308632 -0.151329  -0.335938 0.0700775  0.530762 0 0 0 0 0 0 15.7501
-13.3093  9.48893  47.3701   -0.213272    0.457461 -0.00232641  0 -0  0  3.00567e-06 -7.56312e-06  4.85825e-06 -0.280036  0.308693 -0.140201    -0.255898 -0.00472972    0.394039 0 0 0 0 0 0 15.7583
-13.5404  9.62583  47.9188   -0.216423     0.46326 -0.00343894  0 -0  0  3.00567e-06 -7.56312e-06  4.85825e-06 -0.232555  0.299251 -0.108291  -0.279481  0.012797  0.487469 0 0 0 0 0 0 15.765
-13.7035  9.84277  48.5243   -0.222665    0.465607 -0.00484735  0 -0  0  3.00567e-06 -7.56312e-06  4.85825e-06  -0.262138   0.225563 -0.0837092  -0.220453 0.0369934  0.543906 0 0 0 0 0 0 15.7718
-13.825 10.1634 49.1171   -0.227075    0.471267 -0.00753696  0 -0  0  3.00567e-06 -7.56312e-06  4.85825e-06 -0.249195  0.255895 -0.107666  -0.202734  0.150828  0.584637 0 0 0 0 0 0 15.7795
-13.9958  10.4288  49.5868   -0.231738    0.475688 -0.00891528  0 -0  0  3.00567e-06 -7.56312e-06  4.85825e-06  -0.245151   0.242173 -0.0938263  -0.225432   0.13277  0.461055 0 0 0 0 0 0 15.7861
-14.0654  10.4678  50.0157  -0.235972   0.478742 -0.0118691  0 -0  0  3.00567e-06 -7.56312e-06  4.85825e-06 -0.231451  0.200347 -0.110339   -0.130449 -0.0546019   0.365705 0 0 0 0 0 0 15.7921
-14.087 10.5767 50.5778  -0.238167   0.483245 -0.0127428  0 -0  0  3.00567e-06 -7.56312e-06  4.85825e-06  -0.185541   0.213804 -0.0879098   -0.113432 -0.0182988   0.508469 0 0 0 0 0 0 15.7972
-14.0813  10.8029  50.8947  -0.243072   0.484233 -0.0139462  0 -0  0  3.00567e-06 -7.56312e-06  4.85825e-06  -0.192194   0.133106 -0.0619101  -0.026599 0.0696529  0.264609 0 0 0 0 0 0 15.8023
-14.0278  11.0609  51.2373 -0.245729  0.489128 -0.014286  0 -0  0  3.00567e-06 -7.56312e-06  4.85825e-06   -0.18688   0.197289 -0.0545959  -0.0249912   0.207131    0.44256 0 0 0 0 0 0 15.8079
-14.1646  11.3884   51.528  -0.248538   0.492304 -0.0178353  0 -0  0  3.00567e-06 -7.56312e-06  4.85825e-06  -0.166599   0.182096 -0.0991179  -0.146568  0.202899  0.313136 0 0 0 0 0 0 15.8134
-14.2744   11.315   51.699  -0.250727   0.493643 -0.0194848  0 -0  0  3.00567e-06 -7.56312e-06  4.85825e-06  -0.138278   0.123974 -0.0892053   -0.116966 -0.0871113   0.125478 0 0 0 0 0 0 15.8165
-14.3689  11.1756  51.8165  -0.251612   0.495961 -0.0194442  0 -0  0  3.00567e-06 -7.56312e-06  4.85825e-06 -0.102166  0.119337 -0.056137  -0.108313 -0.136264 0.0731346 0 0 0 0 0 0 15.8189
-14.4274  11.1589   51.897  -0.254961   0.494561 -0.0194601  0 -0  0  3.00567e-06 -7.56312e-06  4.85825e-06  -0.124637  0.0400696 -0.0229201  -0.0525072 -0.0564194  0.0564731 0 0 0 0 0 0 15.8226
-14.4848  11.1346  51.9479 -0.256175  0.497158 -0.019735  0 -0  0  3.00567e-06 -7.56312e-06  4.85825e-06  -0.104326  0.0806829 -0.0240933  -0.0650193 -0.0257916  0.0424424 0 0 0 0 0 0 15.8255
-14.607 11.0032   51.81   -0.25839   0.497444 -0.0198256  0 -0  0  3.00567e-06 -7.56312e-06  4.85825e-06   -0.10441   0.048718 -0.0146599  -0.0750478 -0.0754805  -0.129925 0 0 0 0 0 0 15.8277
-14.7466  10.6244  51.5587  -0.260576   0.496064 -0.0201549  0 -0  0  3.00567e-06 -7.56312e-06  4.85825e-06   -0.107922 -0.00587097  -0.0137169  -0.0765023  -0.263702  -0.287975 0 0 0 0 0 0 15.8303
-14.7547  10.2862  51.4059  -0.258839    0.49573 -0.0174511  0 -0  0  3.00567e-06 -7.56312e-06  4.85825e-06 -0.0242131 -0.0127367  0.0396812  0.0142004 -0.191154 -0.159608 0 0 0 0 0 0 15.8335
-14.7357  10.1297  51.2106    -0.2607   0.492661 -0.0163473  0 -0  0  3.00567e-06 -7.56312e-06  4.85825e-06 -0.0540162 -0.0762424  0.0612284  0.0769866 -0.155734 -0.276448 0 0 0 0 0 0 15.8373
-14.7248  9.96752  50.9475   -0.25946   0.492683 -0.0146499  0 -0  0  3.00567e-06 -7.56312e-06  4.85825e-06 -0.0116349 -0.0436908  0.0669485   0.0510151 -0.0781792  -0.253694 0 0 0 0 0 0 15.8394
-14.8392  9.90602  50.5381  -0.258475   0.491721 -0.0140692  0 -0  0  3.00567e-06 -7.56312e-06  4.85825e-06  0.0132685 -0.0437806  0.0529372  -0.0284647  0.0300768  -0.342526 0 0 0 0 0 0 15.8409
-14.874 9.65508 50.1326  -0.257453   0.489484 -0.0127926  0 -0  0  3.00567e-06 -7.56312e-06  4.85825e-06  0.0294427 -0.0758119  0.0581908  0.0305782 -0.119689 -0.393124 0 0 0 0 0 0 15.8437
-14.8321  9.41048  49.8218  -0.254059   0.488051 -0.0106378  0 -0  0  3.00567e-06 -7.56312e-06  4.85825e-06    0.08619 -0.0751713  0.0760679  0.0837872 -0.132813 -0.313121 0 0 0 0 0 0 15.8479
-14.8044  9.29389  49.3774   -0.252604    0.483232 -0.00785636  0 -0  0  3.00567e-06 -7.56312e-06  4.85825e-06 0.0797119 -0.143379  0.108371   0.0990594 -0.0299119  -0.396011 0 0 0 0 0 0 15.8537
-14.6933  9.28445  48.9183   -0.250846    0.483131 -0.00716983  0 -0  0  3.00567e-06 -7.56312e-06  4.85825e-06  0.0859681 -0.0840827  0.0760816   0.162863  0.096023 -0.403732 0 0 0 0 0 0 15.8556
-14.7218   9.3063   48.269   -0.246904    0.481223 -0.00738563  0 -0  0  3.00567e-06 -7.56312e-06  4.85825e-06   0.128525 -0.0835604  0.0438102  0.0769528  0.143142 -0.500086 0 0 0 0 0 0 15.8599
-14.6836  9.08061  47.6851   -0.243366    0.476728 -0.00764342  0 -0  0  3.00567e-06 -7.56312e-06  4.85825e-06  0.145529  -0.14655 0.0264171    0.118892 -0.0631632  -0.517312 0 0 0 0 0 0 15.8657
-14.5739  8.80882  47.0974   -0.239007    0.474239 -0.00503407  0 -0  0  3.00567e-06 -7.56312e-06  4.85825e-06  0.180827 -0.145399 0.0644669    0.185668 -0.0948814  -0.594271 0 0 0 0 0 0 15.8713
-14.427 8.69744 46.3649   -0.235813    0.469693 -0.00310015  0 -0  0  3.00567e-06 -7.56312e-06  4.85825e-06  0.170031 -0.176227 0.0794109   0.219022 0.0437648 -0.611412 0 0 0 0 0 0 15.8772
-14.3222  8.70322  45.6475   -0.230638    0.465477 -0.00251461  0 -0  0  3.00567e-06 -7.56312e-06  4.85825e-06  0.206482 -0.193894 0.0610582   0.207735  0.157078 -0.633767 0 0 0 0 0 0 15.8839
-14.2406  8.66879  44.8418    -0.226493     0.462729 -0.000260266  0 -0  0  3.00567e-06 -7.56312e-06  4.85825e-06  0.201911 -0.164654 0.0769797   0.165347  0.137423 -0.640525 0 0 0 0 0 0 15.8894
-14.153 8.45229 44.0166  -0.223597   0.455907 0.00109944  0 -0  0  3.00567e-06 -7.56312e-06  4.85825e-06  0.178705 -0.251742 0.0765498     0.198241 -0.00770652   -0.769745 0 0 0 0 0 0 15.8969
-13.9318   8.1148  43.0805  -0.218194    0.44992 0.00189006  0 -0  0  3.00567e-06 -7.56312e-06  4.85825e-06  0.219453 -0.279613 0.0667462     0.33018 -0.0970117  -0.893611 0 0 0 0 0 0 15.905
-13.6277  7.84641  42.1724  -0.213313    0.44127 0.00423258  0 -0  0  3.00567e-06 -7.56312e-06  4.85825e-06  0.220237 -0.330788 0.0869854    0.350061 -0.0485157  -0.758754 0 0 0 0 0 0 15.9152
-13.3527  7.69823  41.3944  -0.206361   0.434575 0.00455648  0 -0  0  3.00567e-06 -7.56312e-06  4.85825e-06  0.266509 -0.327836 0.0564403    0.33398  0.024336 -0.671724 0 0 0 0 0 0 15.9249
-13.0105  7.52538  40.4729  -0.200265   0.429305 0.00818118  0 -0  0  3.00567e-06 -7.56312e-06  4.85825e-06  0.283402 -0.301912  0.101557   0.400729 0.0431341 -0.813954 0 0 0 0 0 0 15.9337
-12.6873   7.2223  39.3776 -0.194328  0.421143 0.0112557  0 -0  0  3.00567e-06 -7.56312e-06  4.85825e-06  0.287079 -0.351262  0.120622    0.401886 -0.0438372  -0.965499 0 0 0 0 0 0 15.9443
-12.3737  6.93435   38.238 -0.187075  0.413665 0.0105903  0 -0  0  3.00567e-06 -7.56312e-06  4.85825e-06  0.318777  -0.35874 0.0670104    0.414651 -0.0484255   -1.02583 0 0 0 0 0 0 15.9547
-12.0587  6.71594  37.1214 -0.180221  0.404069 0.0136603  0 -0  0  3.00567e-06 -7.56312e-06  4.85825e-06 0.326092 -0.40994 0.105681    0.401577 0.00274495  -0.992878 0 0 0 0 0 0 15.9669
-11.6959  6.63506  36.1351 -0.175276  0.394683 0.0148043  0 -0  0  3.00567e-06 -7.56312e-06  4.85825e-06 0.301478  -0.4348 0.091668   0.427588 0.0954325 -0.872811 0 0 0 0 0 0 15.9776
-11.3703  6.55139   34.978 -0.168346  0.386502 0.0179108  0 -0  0  3.00567e-06 -7.56312e-06  4.85825e-06  0.326471 -0.436893  0.117355  0.428553 0.139284 -1.05944 0 0 0 0 0 0 15.9887
-11.046 6.29051 33.6328 -0.161727  0.375892 0.0178562  0 -0  0  3.00567e-06 -7.56312e-06  4.85825e-06  0.323164 -0.472332 0.0753979    0.418621 0.00358948   -1.15102 0 0 0 0 0 0 16.0012
-10.6507  5.93098  32.1147 -0.155276  0.366097 0.0187123  0 -0  0  3.00567e-06 -7.56312e-06  4.85825e-06  0.325277 -0.485063 0.0649536    0.498404 -0.0643746   -1.37685 0 0 0 0 0 0 16.013
-10.2298  5.56304  30.7056 -0.147679  0.354247  0.021804  0 -0  0  3.00567e-06 -7.56312e-06  4.85825e-06  0.334865 -0.516183 0.0998945    0.463021 -0.0885662   -1.19249 0 0 0 0 0 0 16.0274
-9.82338  5.38786  29.4936  -0.14297  0.341527 0.0219522  0 -0  0  3.00567e-06 -7.56312e-06  4.85825e-06  0.300009 -0.560029 0.0695341   0.464575 0.0134504  -1.06605 0 0 0 0 0 0 16.041
-9.52166  5.30931  28.1853 -0.137444  0.330844 0.0251908  0 -0  0  3.00567e-06 -7.56312e-06  4.85825e-06  0.289951 -0.551158   0.10439   0.37328  0.12481 -1.13519 0 0 0 0 0 0 16.0534
-9.16391  5.09637  26.7288 -0.132354  0.320214 0.0279313  0 -0  0  3.00567e-06 -7.56312e-06  4.85825e-06  0.274719 -0.541413  0.116223   0.419161 0.0254957  -1.27299 0 0 0 0 0 0 16.0655
-8.77367   4.8013  25.2159 -0.124158  0.310761 0.0267515  0 -0  0  3.00567e-06 -7.56312e-06  4.85825e-06   0.33012 -0.504002 0.0496738    0.459806 -0.0571356   -1.32364 0 0 0 0 0 0 16.0781
-8.40465  4.54902  23.9398 -0.116864  0.299086 0.0299617  0 -0  0  3.00567e-06 -7.56312e-06  4.85825e-06  0.341053 -0.539752 0.0977629    0.41758 -0.055109  -1.14612 0 0 0 0 0 0 16.0922
-8.08792  4.46853  22.7769 -0.116165  0.285436 0.0298787  0 -0  0  3.00567e-06 -7.56312e-06  4.85825e-06  0.237179 -0.608192 0.0709561   0.398482 0.0422519  -1.09902 0 0 0 0 0 0 16.1059
-7.68406  4.38026  21.3987 -0.111937  0.273091 0.0325288  0 -0  0  3.00567e-06 -7.56312e-06  4.85825e-06   0.22909  -0.62224 0.0954042   0.453394 0.0930133  -1.23257 0 0 0 0 0 0 16.1192
-7.43009  4.25131  19.9588 -0.108182   0.26164 0.0326528  0 -0  0  3.00567e-06 -7.56312e-06  4.85825e-06  0.211873 -0.597632  0.063429   0.333933 0.0521318  -1.25283 0 0 0 0 0 0 16.1313
-7.09846   4.0398  18.2801  -0.10176  0.249867 0.0317571  0 -0  0  3.00567e-06 -7.56312e-06  4.85825e-06  0.261758 -0.608003 0.0255916      0.42579 -0.00708414    -1.54951 0 0 0 0 0 0 16.1447
-6.72739   3.8662  16.8088 -0.0934504   0.235439  0.0345992  0 -0  0  3.00567e-06 -7.56312e-06  4.85825e-06   0.30435 -0.621559 0.0671502   0.361189 0.0120181  -1.15447 0 0 0 0 0 0 16.1616
-6.33597  3.87766  15.5711 -0.0929149   0.222551  0.0347639  0 -0  0  3.00567e-06 -7.56312e-06  4.85825e-06  0.209877 -0.651081 0.0526061  0.458391 0.121836 -1.18214 0 0 0 0 0 0 16.1745
-5.97469  3.86041  14.1093 -0.0910942   0.207321  0.0356516  0 -0  0  3.00567e-06 -7.56312e-06  4.85825e-06  0.161232 -0.695492 0.0523902  0.411031   0.1189 -1.24424 0 0 0 0 0 0 16.1898
-5.48789  3.75931  12.3628 -0.0912033   0.193887  0.0376171  0 -0  0  3.00567e-06 -7.56312e-06  4.85825e-06 0.0943632 -0.686748 0.0705168   0.509806 0.0630026  -1.53292 0 0 0 0 0 0 16.2034
-5.03728  3.62155  10.6843 -0.0851553    0.18059   0.035053  0 -0  0  3.00567e-06 -7.56312e-06  4.85825e-06    0.175693   -0.645508 -0.00582708    0.456154 0.00588988   -1.34854 0 0 0 0 0 0 16.2183
-4.54088  3.51886  9.25463 -0.0806409   0.166985  0.0371912  0 -0  0  3.00567e-06 -7.56312e-06  4.85825e-06  0.192983 -0.662184 0.0413232   0.506468 0.0190587   -1.2559 0 0 0 0 0 0 16.2327
-4.04272  3.52934  8.02414 -0.0782371   0.152263  0.0369928  0 -0  0  3.00567e-06 -7.56312e-06  4.85825e-06  0.166279 -0.687805 0.0235966   0.506545 0.0799143  -1.07051 0 0 0 0 0 0 16.2477
-3.93678 -11.7199  8.39926 -0.0716202   0.130366 -0.0484992 -0.0534124    15.2468   0.686835 0.0126539 0.0164178 0.0845773  0.166279 -0.687805 0.0235966  -0.000610706  0.000492682 -0.000899775 0.000697513 0.000446174 -0.00122947    2.7808 -0.104577  -9.40703 16.3362
-2.71951 -11.7174  4.99787 -0.0688071   0.113546 -0.0474092 -0.0823621     15.232   0.662005 0.0144684 0.0126493 0.0870124  0.150933 -0.804448 0.0438882   -0.129065 -0.0554582    0.63282 0.000697539 0.000446516 -0.00122953   2.7808 -0.10458 -9.40703 16.3533
-1.99571 -11.7926  2.95841 -0.0638732  0.0965326  -0.046715 -0.0818341    15.2314   0.662687 0.0146059 0.0126591  0.087063  0.173906 -0.805864  0.035844   -0.105792 -0.0232848   0.497981 0.000697212 0.000446506 -0.00122942  2.78081 -0.10458 -9.40703 16.371
-1.49558 -11.8089  1.44161 -0.0632731  0.0798087 -0.0447935 -0.0825424    15.2339   0.662278 0.0150363 0.0127103 0.0865059  0.121658 -0.821115 0.0498231  -0.0729116  -0.010572     0.3322 0.000697825 0.000446742 -0.00122992    2.7808 -0.104582  -9.40703 16.3878
 -1.04421  -11.7792 -0.115163 -0.0641847   0.061038 -0.0461832 -0.0766238    15.2315   0.663307 0.0160358 0.0129404 0.0869659 0.0699949 -0.855147 0.0153169  -0.0523984 -0.0111489    0.25011  0.00069886 0.000447456 -0.00122958  2.78079 -0.10459 -9.40704 16.4067
-0.651978  -11.6719  -1.87795 -0.0678939   0.043862 -0.0467005 -0.0795543    15.2306   0.659809 0.0175786 0.0126316 0.0868645 0.00576056  -0.850953 0.00595483  -0.0177492 -0.0212628   0.197069 0.000701099 0.000447151 -0.00122997   2.78077 -0.104589  -9.40704 16.4242
-0.395905  -11.6332  -3.48275 -0.0672109  0.0325579 -0.0464885 -0.098696   15.2282  0.655204 0.0172423 0.0111655 0.0869617 -0.00353227   -0.800218  0.00414964  0.00830924 -0.0144364   0.159229 0.000700542 0.000441681 -0.00122967   2.78077 -0.104534  -9.40704 16.4356
0.160492 -11.5742 -5.17575 -0.0672088  0.0177988 -0.0483588 -0.100065   15.2244  0.655058 0.0172799 0.0107651 0.0876763   -0.0176 -0.787611 -0.015459   -0.0103459 -0.00988167    0.129305 0.000700402 0.000439648 -0.00122827   2.78078 -0.104514  -9.40705 16.4505
0.554249 -11.5262  -6.8172 -0.0659166  0.0049946 -0.0480393 -0.110365   15.2239  0.653723 0.0165777 0.0100082 0.0875558 -0.0200693  -0.765797 -0.0177234  -0.00707727 -0.00644905    0.112022 0.000698625 0.000434614 -0.00122788    2.7808 -0.104464  -9.40705 16.4633
0.942735 -11.5137 -8.30515  -0.0675444 -0.00487854  -0.0482635 -0.125303   15.2228  0.649863 0.0168825 0.0087403 0.0874427 -0.0432319   -0.73335 -0.0197576  -0.00423193 -0.00191163   0.0918191 0.000700658 0.000425996 -0.00122758   2.78078 -0.104378  -9.40706 16.4733
 1.43118 -11.4325 -10.0774  -0.070203 -0.0193564 -0.0490456 -0.128528   15.2223  0.648333  0.0174182 0.00837505  0.0874561 -0.0704634  -0.720736 -0.0267501  -0.00674317 -0.00504287   0.0846258 0.000703648 0.000423145 -0.00122765   2.78075 -0.104348  -9.40707 16.4881
 1.63435  -11.465 -11.5075 -0.0729339 -0.0304411 -0.0487031 -0.136747   15.2236  0.646151  0.0177808 0.00775553  0.0870575 -0.0928942  -0.703476 -0.0297196   0.00574283 0.000498896   0.0742023 0.000707076 0.000416613 -0.00122998   2.78071 -0.104281  -9.40705 16.4995
 2.23713 -11.3263 -13.1994 -0.0750934 -0.0445478  -0.051738 -0.134486   15.2198  0.646684  0.0179525 0.00749643  0.0878341  -0.110294  -0.689019 -0.0498677   -0.0089675 -0.00331739   0.0628301 0.000707783 0.000411655 -0.00122353   2.78072 -0.104232  -9.40712 16.5141
 2.57528 -11.1577 -14.7406 -0.0773601 -0.0576748 -0.0532364 -0.134446   15.2191  0.646747  0.0179661 0.00737502  0.0879894  -0.125852  -0.677032 -0.0559482  -0.00556652  -0.0051995   0.0525619 0.000707881 0.000408733 -0.00122157   2.78073 -0.104204  -9.40714 16.5275
 2.88984 -11.0019 -16.3094 -0.0805686 -0.0682608 -0.0547768 -0.135985    15.219  0.646165   0.018243 0.00688668  0.0880768  -0.143415  -0.657535 -0.0629802  -0.00248215 -0.00439415   0.0531911 0.000712663 0.000397526 -0.00121946    2.7807 -0.104088  -9.40717 16.5387
 3.29238 -10.7854 -18.0777 -0.0838911 -0.0831973 -0.0561109 -0.135985    15.219  0.646165  0.0182169 0.00699652  0.0880632  -0.160238   -0.64767 -0.0630157  -0.00173439 -0.00457876   0.0496725 0.000711797 0.000400882 -0.00122013    2.7807 -0.104122  -9.40716 16.554
 3.55579 -10.6331 -19.4695  -0.086448 -0.0933061 -0.0566278 -0.136207   15.2198  0.646634  0.0180797 0.00672677  0.0878975   -0.17136  -0.628558 -0.0626894  0.000805328 -0.00406967   0.0461685 0.000711575 0.000390788 -0.00122175   2.78072 -0.104023  -9.40714 16.5645
 4.04506 -10.4624 -21.1449 -0.0892566  -0.106474 -0.0580931 -0.13448   15.219 0.647703  0.0178252 0.00668382    0.08795  -0.180546  -0.612446 -0.0652537  -0.00470299 -0.00324768   0.0406106 0.000705769 0.000386116 -0.00121863   2.78079 -0.103987  -9.40716 16.578
 4.40511 -10.3228 -22.6774  -0.091724  -0.118849 -0.0594799 -0.134368   15.2178  0.648223  0.0175456 0.00676617  0.0880193  -0.185961  -0.600842 -0.0637954  -0.0042799 -0.0028272  0.0386539  0.00069702 0.000387542 -0.00121527   2.78087 -0.104018  -9.40717 16.5907
 4.75795 -10.2632 -24.0005 -0.0958006  -0.128705 -0.0609951 -0.131522   15.2186  0.648864  0.0177149 0.00663376  0.0880592   -0.19859  -0.580804 -0.0660859   -0.00518217 -0.000481369    0.0343522 0.000703892 0.000378401 -0.00121313   2.78083 -0.103915   -9.4072 16.6015
 5.19714 -10.1173 -25.6542  -0.101432  -0.142869 -0.0626163 -0.134066   15.2185  0.647932  0.0178534 0.00671359  0.0880687  -0.216219  -0.566629 -0.0658862   -0.00376594 -0.000472371    0.0299211 0.000707985 0.000388341 -0.00121563   2.78076 -0.104002  -9.40719 16.6168
  5.5075 -9.93443 -26.9333  -0.105415  -0.153115 -0.0634136 -0.134066   15.2185  0.647932  0.0178167 0.00669723   0.088003  -0.222619  -0.551628 -0.0657107  0.000287409 -0.00285362   0.0276543 0.000707217 0.000386982 -0.00121944  2.78077 -0.10399 -9.40715 16.6278
 6.00556 -9.75979 -28.2122  -0.109633  -0.163763 -0.0648868 -0.13273  15.2183 0.648424  0.0177842 0.00668729  0.0880236   -0.22945  -0.532509 -0.0654687  -0.00373785  -0.0028295   0.0235266 0.000705144  0.00038402 -0.00121648    2.7808 -0.103967  -9.40718 16.6394
 6.36897 -9.57726  -29.391  -0.114078  -0.173147 -0.0658618 -0.13273  15.2183 0.648424  0.0178094 0.00667995  0.0879983  -0.236507  -0.514856 -0.0631413  -0.00338828 -0.00303741   0.0214853 0.000707632 0.000383327 -0.00121947   2.78077 -0.103953  -9.40715 16.6498
 6.68432 -9.40211 -30.5801  -0.117919  -0.182925 -0.0674926 -0.130894   15.2176  0.649075  0.0177338 0.00668211  0.0880339  -0.235467  -0.497154 -0.0663647  -0.00154662 -0.00267384   0.0178293 0.000700615 0.000380029 -0.00121194   2.78086 -0.103944  -9.40721 16.6604
 7.05136 -9.15568 -31.8991  -0.123944  -0.194093 -0.0696098 -0.132711   15.2182    0.6483  0.0178249 0.00669813  0.0880759  -0.245348  -0.480562 -0.0739053  -0.000866175  -0.00338183    0.0148989 0.000707218 0.000386094 -0.00120716  2.78079 -0.10398 -9.40727 16.6733
 7.27298 -8.94294 -32.9865  -0.128603  -0.203186 -0.0708538 -0.134235   15.2178  0.647916   0.017811 0.00669985  0.0880704  -0.247846  -0.467167 -0.0753437    0.0024816 -0.00368494   0.0141227 0.000706411 0.000389885 -0.00120962   2.78078 -0.104018  -9.40725 16.6836
  7.6651 -8.77921 -34.2352  -0.133142  -0.213434 -0.0730193 -0.132592   15.2163  0.648569  0.0177645 0.00668417  0.0880831  -0.245157  -0.446373 -0.0746174  0.000650905 -0.00207877   0.0119209 0.000695077 0.000386094 -0.00119874   2.78092 -0.104025  -9.40733 16.695
7.93195 -8.6875 -35.111  -0.136922  -0.220474 -0.0732873 -0.130283   15.2156  0.649378  0.0177446 0.00667465  0.0880692  -0.244216  -0.430264 -0.0678066  -0.000301411  -0.00120001    0.0094553 0.000691196 0.000380058 -0.00121106   2.78095 -0.103984   -9.4072 16.703
 8.18936 -8.57062   -36.15  -0.141309  -0.227531 -0.0748232 -0.124922   15.2167  0.650726 0.0177966 0.0066945 0.0880807  -0.24706 -0.406689 -0.068026  6.41735e-05 -0.00128154  0.00996918 0.000693403 0.000369522 -0.00120603   2.78099 -0.103879  -9.40724 16.7114
 8.43432 -8.46968 -37.2711  -0.148306  -0.236916 -0.0768497 -0.130085    15.219   0.64909   0.017787 0.00672572  0.0880667  -0.258469  -0.387134 -0.0668311    0.00177101 -0.000501576   0.00848686  0.00070886 0.000382803 -0.00120283    2.7808 -0.103933  -9.40731 16.7233
 8.64404 -8.35607 -38.2844  -0.153711  -0.244549 -0.0778086 -0.126868    15.219  0.649937  0.0178206 0.00673588  0.0880892  -0.255464  -0.364615 -0.0617601    0.00355256 -0.000950745   0.00780441 0.000709012 0.000376842 -0.00120924   2.78081 -0.103879  -9.40725 16.7327
 8.96176 -8.29017 -39.1364  -0.158268   -0.25129 -0.0788104 -0.122443   15.2184  0.651177  0.0178625 0.00673265  0.0881088  -0.251722  -0.344144 -0.0604022      0.001171 -4.90379e-05   0.00490832 0.000703866 0.000368585 -0.00121116   2.78089 -0.103831  -9.40721 16.7409
 9.24546 -8.08242  -39.971    -0.1623  -0.257019 -0.0794806 -0.118212   15.2176  0.652352  0.0179073 0.00673034  0.0881352  -0.247932  -0.327769 -0.0590319  -6.60692e-05  -0.00214078   0.00530506 0.000698663 0.000360161 -0.00121594   2.78097 -0.103783  -9.40715 16.748
  9.4908 -7.97762 -40.8509   -0.16719  -0.262577 -0.0804924 -0.11362  15.2188 0.653462  0.0179608 0.00676733  0.0881597  -0.246936  -0.308389 -0.0551253   0.000329734 -0.000899227   0.00549887 0.000703349 0.000352399 -0.00121777   2.78097 -0.103693  -9.40713 16.7554
 9.82123 -7.75122 -41.7868  -0.173291  -0.269628 -0.0824158 -0.116619   15.2198  0.652617  0.0179279 0.00677649  0.0881303  -0.249297  -0.297667 -0.0638853  -0.000291659  -0.00220362   0.00450005 0.000709542 0.000358871 -0.00121034    2.7809 -0.103714  -9.40722 16.765
 9.98131 -7.59499 -42.6895   -0.17852  -0.275853 -0.0837193 -0.118309   15.2196  0.652158  0.0179138 0.00676881  0.0881243  -0.249974  -0.284339 -0.0612467    0.0029684 -0.00209243  0.00485182 0.000708837 0.000361267 -0.00121057   2.78089 -0.103738  -9.40721 16.7732
10.2296 -7.5445 -43.428  -0.183034  -0.280978 -0.0852745 -0.116467   15.2198  0.652657  0.0179283 0.00677425  0.0881218  -0.246407   -0.26884 -0.0610188    0.00237314 -0.000769328    0.0032403 0.000708109 0.000358108 -0.00120424   2.78093 -0.103715  -9.40727 16.7802
 10.4347 -7.44326 -44.1045  -0.186621  -0.285698 -0.0855695 -0.112352    15.218  0.653882  0.0179785 0.00676039  0.0881663  -0.233123  -0.255682 -0.0558976   0.00220332 -0.00103288  0.00207971 0.000697398 0.000348485 -0.00121328  2.78105  -0.1037 -9.40715 16.7861
 10.6843 -7.43097 -44.7682  -0.190922  -0.290373 -0.0866342 -0.112352    15.218  0.653882  0.0179758 0.00675793  0.0881642  -0.229575  -0.241877 -0.0539661  0.000675853  0.00113299  0.00113039 0.000697038 0.000348768 -0.00121276   2.78105 -0.103705  -9.40716 16.7926
 10.9581 -7.30093 -45.5734  -0.196951  -0.296733 -0.0885908 -0.117285   15.2183  0.652585  0.0179137 0.00673958  0.0881231  -0.224026  -0.229291 -0.0570321  0.000819374 0.000551916 0.000783863 0.000698779 0.000359123 -0.00120545   2.78099 -0.103773  -9.40725 16.8016
 11.0914 -7.18296 -46.1851  -0.201222  -0.301354 -0.0895365 -0.119835   15.2176  0.651944  0.0178892 0.00672219  0.0881122  -0.218544  -0.220337 -0.0581381    0.00313271 -3.61166e-05   0.00129267 0.000696787 0.000363742 -0.00120781   2.78097 -0.103821  -9.40723 16.8079
 11.3107  -7.0773 -46.6522  -0.205294    -0.3056 -0.0908601 -0.120781   15.2173  0.651742  0.0178763 0.00671361   0.088103  -0.210959  -0.208376 -0.0602188     0.0023698 -1.57875e-05 -0.000895039 0.000695663 0.000365963 -0.00120497   2.78097 -0.103844  -9.40726 16.8139
 11.4847 -6.89694 -47.2213  -0.209421  -0.308965 -0.0918779 -0.118425   15.2188  0.652247  0.0178901 0.00673604  0.0881076  -0.206785  -0.190964 -0.0551845    0.00204777 -0.000920563 -0.000446338 0.000700944 0.000363228  -0.0012067  2.78094 -0.10379 -9.40724 16.8194
 11.5967 -6.79785 -47.7642  -0.213025  -0.312344 -0.0929366 -0.116936   15.2189  0.652633  0.0179019 0.00673852  0.0881148  -0.197108  -0.178498 -0.0501115    0.00256724 -0.000219858 -0.000399337 0.000699812 0.000361021 -0.00120521   2.78097 -0.103781  -9.40725 16.8244
 11.7015 -6.76484 -48.3406  -0.217799  -0.315894 -0.0942359 -0.116974   15.2205  0.652499  0.017892 0.0067562 0.0881016  -0.187943  -0.161588 -0.0437864    0.0028987 0.000677373 -0.00101214 0.000707474 0.000362497 -0.00120304  2.78091 -0.10374 -9.40729 16.8305
  11.774 -6.74543 -48.8235   -0.22162  -0.319596 -0.0948492 -0.12087  15.2194  0.65155   0.017867 0.00673048  0.0880835  -0.175434  -0.153274 -0.0364425   0.00373911 0.000870683  -0.0011985 0.000703868 0.000368409 -0.00120607   2.78089 -0.103807  -9.40726 16.8359
 11.9071 -6.77566 -49.1456  -0.224871  -0.322681 -0.0960386 -0.121369   15.2189  0.651469  0.0178553 0.00672561  0.0880749  -0.163213  -0.143131 -0.0369905   0.00267988   0.0013812 -0.00388641  0.00070227 0.000370026 -0.00119945    2.7809 -0.103827  -9.40733 16.8405
 12.0456 -6.69381 -49.4735  -0.227502  -0.324582 -0.0959517 -0.114194   15.2195  0.653289   0.017921 0.00675797  0.0881235  -0.149504  -0.125848 -0.0281614   0.00189366 0.000271845 -0.00407774 0.000703441  0.00035705 -0.00120831   2.78097 -0.103734  -9.40722 16.8437
 12.1061 -6.68338 -49.6976  -0.229846  -0.326236 -0.0961888 -0.11011    15.22 0.654302  0.0179604 0.00678129  0.0881501  -0.137806   -0.11021 -0.0207509   0.00258426 0.000508601  -0.0051115 0.000704952 0.000349593 -0.00121036     2.781 -0.103673  -9.40719 16.8466
 12.1965 -6.61696  -49.953 -0.232876 -0.328393 -0.096877 -0.107732   15.2206  0.654871  0.0179742 0.00679742  0.0881574   -0.12236 -0.0907464 -0.0132189    0.00295467 -1.76623e-05  -0.00546406 0.000706921 0.000346944 -0.00120636  2.78102 -0.10364 -9.40722 16.8504
 12.2459 -6.60625 -50.1614  -0.235065  -0.329911 -0.0969579 -0.106017   15.2207  0.655297  0.0179905 0.00680546  0.0881685   -0.105995  -0.0753884 -0.00627018   0.00344479 5.12009e-05 -0.00525944 0.000707081 0.000343992 -0.00120764  2.78103 -0.10362 -9.40721 16.8531
  12.285 -6.69613  -50.247  -0.236189   -0.33117 -0.0977982 -0.103364   15.2199  0.656073  0.0180151 0.00680789  0.0881863 -0.0865313 -0.0644065 -0.0101516   0.00344448  0.00113724 -0.00632254 0.000701857 0.000339711 -0.00119607   2.78112 -0.103625   -9.4073 16.855
 12.3466 -6.72484 -50.3075  -0.237013  -0.331428 -0.0979379 -0.0954328    15.2209   0.658016  0.0180932 0.00685174  0.0882356  -0.0672124  -0.0440461 -0.00564187   0.00269818 0.000660169 -0.00694878 0.000702906 0.000326491 -0.00119424   2.78121 -0.103531  -9.40729 16.8558
 12.3087 -6.79424 -50.3552  -0.237862  -0.331836 -0.0980932 -0.0923288    15.2215   0.658751  0.0181241 0.00686946  0.0882561  -0.0482663  -0.0274803 -0.00404949    0.0034791 0.000831774 -0.00697921 0.000703059 0.000321303 -0.00119239   2.78125 -0.103496   -9.4073 16.8568
 12.2678 -6.85782 -50.2537  -0.238451  -0.332359 -0.0982914 -0.091642   15.2207  0.659019  0.0181345 0.00686321  0.0882642  -0.0257191  -0.0103516 -0.00103727   0.00373112 0.000506189 -0.00816248 0.000699402 0.000319985  -0.0011892   2.78129 -0.103513  -9.40732 16.8576
 12.2427 -6.83354 -50.2028  -0.238921   -0.33234 -0.0978514 -0.091642   15.2207  0.659019  0.0181364 0.00686336   0.088265 -0.0125581 0.00665025 0.00742666    0.00374844 -0.000338134  -0.00754564 0.000700459 0.000319552 -0.00119499   2.78128 -0.103505  -9.40727 16.8582
  12.235 -6.87408 -50.0511  -0.238367  -0.332054 -0.0975505 -0.0886278    15.2191   0.659943  0.0181789 0.00685822  0.0882953 0.00789399  0.0212037  0.0112823   0.00296194   0.0001294 -0.00841879 0.000694397 0.000313743 -0.00119492   2.78136 -0.103513  -9.40725 16.8589
 12.2593 -6.86763 -49.8324   -0.23769  -0.330988 -0.0970514 -0.0835145    15.2193   0.661224  0.0182381 0.00688718   0.088328 0.0250399 0.0396092 0.0169863   0.00194066 -0.00053307 -0.00931991 0.000695167 0.000304883 -0.00119694   2.78141 -0.103453  -9.40721 16.8603
 12.2399 -6.93109 -49.6356  -0.237215  -0.329383 -0.0965862 -0.0791902    15.2215   0.662072  0.0182729 0.00693523  0.0883397 0.0378321 0.0602673 0.0242847    0.00211457 -1.40055e-05  -0.00934068 0.000703069  0.00029865 -0.00119873    2.7814 -0.103357  -9.40719 16.862
 12.2196 -7.11669 -49.3078  -0.236076  -0.328048 -0.0962437 -0.081754   15.2212   0.66146  0.0182492 0.00691586  0.0883282 0.0569991 0.0751745 0.0259998   0.00217879  0.00101905 -0.00952839 0.000700515 0.000302498 -0.00119446    2.7814 -0.103398  -9.40724 16.8638
 12.1361 -7.25595 -48.9887  -0.234991  -0.326826 -0.0951371 -0.0864068    15.2201   0.660396  0.0182129 0.00687972  0.0883081 0.0687814 0.0885795 0.0366529   0.00312851 0.000977736 -0.00930023 0.000697247 0.000308766 -0.00120197   2.78136 -0.103464  -9.40718 16.8658
 12.1264 -7.41266 -48.6423  -0.233179  -0.325171 -0.0943396 -0.0852657    15.2187   0.660847  0.0182358 0.00686934  0.0883227 0.0841763  0.100967 0.0382093   0.00259229   0.0013124 -0.00991581 0.000692139 0.000305755 -0.00120217   2.78141 -0.103483  -9.40716 16.8684
 12.1389 -7.49442 -48.2267  -0.230932  -0.322658 -0.0931749 -0.0792632    15.2189   0.662355  0.0183034 0.00689298  0.0883572 0.0994349  0.120013 0.0471848   0.00143688 0.000466842  -0.0107379 0.000690718 0.000295564 -0.00120563   2.78149 -0.103433  -9.40711 16.8719
  12.131  -7.5638 -47.8663   -0.22949  -0.319369 -0.0920203 -0.0766258    15.2224   0.662597  0.0183128 0.00694789  0.0883518  0.106526  0.140711 0.0489938   0.00124687 9.07627e-05 -0.00995073 0.000703701 0.000292148 -0.00121065   2.78142 -0.103319  -9.40707 16.8757
 12.0813 -7.73214 -47.2635  -0.227254  -0.316038 -0.0912551 -0.0784848    15.2233   0.662019   0.018287 0.00694867  0.0883366 0.116127 0.157854 0.051086   0.00134615 0.000678722  -0.0112213 0.000706683 0.000296009 -0.00120594   2.78139 -0.103318  -9.40712 16.8798
 11.9959 -7.82057 -46.7514  -0.225262  -0.313343 -0.0900741 -0.0842117    15.2226    0.66062  0.0182401 0.00691778  0.0883153 0.123085 0.168202  0.05737   0.00208247 0.000380614  -0.0108895 0.000704781  0.00030428 -0.00120907   2.78133 -0.103384  -9.40711 16.8834
 11.9406 -7.99403 -46.1762  -0.221949  -0.310293 -0.0895119 -0.0834855      15.22   0.661123  0.0182545 0.00688978  0.0883294  0.140466   0.17799 0.0576745   0.00211243 0.000931897  -0.0111439 0.000694818 0.000303279  -0.0011985   2.78142 -0.103446  -9.40719 16.8879
 11.9542 -8.08021   -45.57  -0.218658   -0.30663 -0.0886013 -0.0785568    15.2194   0.662484  0.0182985 0.00690099  0.0883514  0.156021  0.191912 0.0574714   0.00102835 0.000201117  -0.0116898 0.000691952 0.000296242 -0.00119436    2.7815 -0.103421  -9.40721 16.8929
 11.8278 -8.21706 -44.8398  -0.214318  -0.301877 -0.0868781 -0.0754018     15.218   0.663464 0.0183333 0.0069012 0.0883752   0.17024  0.208605 0.0615227    0.00169751 -0.000100715    -0.011438 0.000686843  0.00029025 -0.00119746   2.78157 -0.103422  -9.40717 16.8996
 11.8352 -8.30879 -44.3969  -0.212019  -0.298595 -0.0863195 -0.0766266    15.2192   0.663017  0.0183182 0.00690919  0.0883631  0.175524  0.219394 0.0604164  0.000586852 0.000120388   -0.010417 0.000690981 0.000292593  -0.0011932   2.78153 -0.103405  -9.40721 16.9036
 11.6631 -8.41769  -43.473  -0.207946  -0.293067 -0.0846003 -0.0803826    15.2197   0.661982  0.0182808 0.00689985  0.0883433  0.182052  0.236887 0.0655831     0.0019273 -0.000684161   -0.0108946 0.000693039 0.000298623 -0.00119649  2.78147 -0.10343  -9.4072 16.9107
 11.5927 -8.63743 -42.8062  -0.204469   -0.28865 -0.0840336 -0.0799467    15.2199   0.662072  0.0182829 0.00690163  0.0883419  0.189943  0.249809 0.0615869  0.00163135 0.00066908 -0.0112505 0.000693166 0.000298581 -0.00118761   2.78149 -0.103425  -9.40728 16.9163
 11.5061  -8.6668 -42.0658  -0.200202  -0.283297 -0.0831497 -0.0724526    15.2203   0.664009   0.018336 0.00692762  0.0883701    0.2002   0.26844 0.0622452   0.00107889 -0.00071654   -0.011498 0.000692224 0.000288502 -0.00118166   2.78158 -0.103364  -9.40731 16.9232
 11.3938 -8.77698 -41.3076  -0.196598  -0.277444 -0.0822038 -0.0694216    15.2229     0.6645  0.0183477 0.00695777  0.0883615  0.204219  0.287073 0.0603951  0.000967306 -0.00073133  -0.0114208 0.000700669 0.000285533 -0.00117912   2.78155 -0.103286  -9.40734 16.9302
  11.233  -8.9192 -40.3946  -0.192203  -0.271133 -0.0813645 -0.0691105    15.2235   0.664515   0.018349 0.00696245   0.088358   0.21059  0.301634 0.0554127    0.00097229 -0.000522544   -0.0115595 0.000702001 0.000285824 -0.00117334   2.78155 -0.103276   -9.4074 16.9379
 11.0398 -8.97664 -39.4024  -0.187491  -0.264815 -0.0799241 -0.0715316    15.2217   0.664079  0.0183336 0.00694172  0.0883598  0.213723  0.315672 0.0614532   0.00120594 -0.00146176  -0.0113479 0.000696866 0.000289309 -0.00117566   2.78156 -0.103335  -9.40737 16.9459
 10.8367 -9.23664 -38.4814  -0.183623  -0.258739 -0.0786346 -0.0738667    15.2219   0.663429   0.018318 0.00693511   0.088348  0.212058  0.330478 0.0654401    0.00169174 -5.55877e-05   -0.0118054 0.000697956  0.00029236 -0.00117754   2.78153 -0.103348  -9.40737 16.9532
  10.735 -9.37205  -37.521   -0.17878  -0.251883 -0.0770667 -0.0689576    15.2204   0.664915  0.0183615 0.00693767  0.0883799 0.217196 0.346288 0.067855   0.000660845 -0.000595161   -0.0120335 0.000692865 0.000284051 -0.00117921   2.78161 -0.103327  -9.40733 16.9618
 10.5686 -9.59462 -36.6148  -0.174372  -0.244653 -0.0758908 -0.0634764    15.2212   0.666293  0.0184028 0.00696007   0.088399  0.219271  0.363888 0.0682907  0.000757174 0.000159807  -0.0119057  0.00069468 0.000276456  -0.0011765   2.78165 -0.103262  -9.40734 16.9703
 10.3532 -9.79598 -35.6168  -0.170675  -0.237878 -0.0748803 -0.0712445    15.2217   0.664175  0.0183186 0.00694165  0.0883543  0.213803  0.371051 0.0636406   0.00122348 0.000435538   -0.011729 0.000697017 0.000289701 -0.00117415   2.78156 -0.103337  -9.40739 16.9781
 10.1047 -9.88235 -34.5169  -0.166219  -0.229885 -0.0733765 -0.073494   15.2213  0.663596 0.0183002  0.006934 0.0883448  0.210294   0.38415 0.0667758   0.00156753 -0.00081542  -0.0114656 0.000696691 0.000293104 -0.00117641   2.78154 -0.103364  -9.40737 16.9874
  9.8606 -10.1233 -33.4906  -0.161959  -0.222111 -0.0722518 -0.0713727    15.2214   0.664173  0.0183132 0.00693949  0.0883525  0.208259  0.397642 0.0666416    0.00176913 -6.18337e-05   -0.0117459  0.00069643 0.000290544  -0.0011731   2.78156 -0.103346   -9.4074 16.9963
 9.67997 -10.2474 -32.4645  -0.15677 -0.214296 -0.070545 -0.0656628    15.2176   0.666172 0.0183598 0.0069204 0.0883975  0.216425  0.410158 0.0704964   0.000825076 -0.000639719   -0.0115581 0.000684143 0.000279999 -0.00117481   2.78171 -0.103346  -9.40735 17.0059
 9.33116 -10.4989 -31.4332  -0.152405  -0.205949 -0.0691759 -0.0618977    15.2178   0.667192  0.0183877 0.00693157  0.0884172  0.216106  0.427101 0.0706865  0.00162626 0.00027428 -0.0114421 0.000684548 0.000273973 -0.00117449  2.78174  -0.1033 -9.40734 17.0154
 9.01652 -10.7149 -30.2985 -0.148322 -0.196946 -0.068211 -0.0606357    15.2197   0.667348  0.0183938 0.00694973  0.0884184  0.211248  0.444639 0.0663249   0.00131774 0.000248535  -0.0116022 0.000689805 0.000272807 -0.00116875   2.78172 -0.103258   -9.4074 17.0253
  8.5521 -10.9974 -29.0507  -0.144203  -0.186799 -0.0668682 -0.0617983    15.2218   0.666791  0.0183903 0.00695743   0.088406  0.205291  0.462911 0.0655862   0.00199146 0.000324957  -0.0114135 0.000696228 0.000275832 -0.00116896   2.78165 -0.103244  -9.40741 17.0363
 8.16178 -11.2994 -27.9312  -0.140259  -0.177451 -0.0657496 -0.0621302    15.2224   0.666638  0.0183874 0.00696097  0.0884028  0.201061  0.477937 0.0625408    0.0023015 0.000754818  -0.0111879 0.000697699 0.000276574 -0.00116702   2.78164 -0.103241  -9.40743 17.0465
 7.91605 -11.5036 -26.6875  -0.135492  -0.167683 -0.0647926 -0.0576255    15.2204   0.668153  0.0183984 0.00696208  0.0884258  0.204728  0.491941 0.0558863    0.0006937 4.61398e-05  -0.0122128 0.000691165 0.000269806 -0.00116099   2.78174 -0.103221  -9.40746 17.0575
   7.602 -11.7018 -25.6601  -0.131516  -0.157593 -0.0639944 -0.0514237    15.2221   0.669755  0.0184261 0.00698355  0.0884525  0.202784  0.508671 0.0518055  0.000775411  6.9438e-05  -0.0113822 0.000695132 0.000261363 -0.00115731   2.78176 -0.103133  -9.40749 17.0683
 7.32574 -11.8447 -24.4266  -0.128137  -0.147734 -0.0633372 -0.0551572    15.2236   0.668506  0.0184113 0.00698564  0.0884314 0.194374 0.515807 0.045951    0.00034194 -0.000216984   -0.0116769 0.000699864 0.000268212 -0.00115461   2.78169 -0.103162  -9.40753 17.0788
 6.97179 -11.9473 -22.9525   -0.12441  -0.135623 -0.0622928 -0.0571795    15.2262   0.667622  0.0184101 0.00699634  0.0884153 0.185477 0.525291 0.041727   0.000692086 -0.000656686    -0.011473 0.000707586 0.000272359 -0.00115808   2.78161 -0.103158  -9.40752 17.0915
 6.76463 -12.0166 -21.7593  -0.121209  -0.125506 -0.0615604 -0.0560278    15.2275   0.667819  0.0184237 0.00700495  0.0884135  0.181953  0.536341 0.0412869   0.00023533 -0.00075718  -0.0111506 0.000711589 0.000270586 -0.00115784   2.78158 -0.103125  -9.40753 17.1021
 6.58763 -12.0892 -20.3275  -0.116565  -0.114704 -0.0609046 -0.0526166    15.2241   0.669175 0.0184259 0.0069905 0.0884383  0.187146  0.543544 0.0357963   -0.00109844 -0.000859932   -0.0120463 0.000701256 0.000264512 -0.00115249   2.7817 -0.10312 -9.40755 17.1139
 6.27738 -12.1675 -19.0271 -0.112872 -0.103383 -0.060109 -0.0479182    15.2253   0.670419  0.0184465 0.00699704  0.0884391  0.181976    0.5563 0.0354953  -0.000551665 -0.000691501   -0.0113314 0.000703481 0.000257768 -0.00115313   2.78171 -0.103055  -9.40754 17.1258
 6.02393 -12.2454 -17.6883  -0.109398  -0.092334 -0.0596016 -0.0439866    15.2262   0.671464  0.0184736 0.00700172  0.0884397  0.176865  0.567923 0.0318565   -0.00109043 -0.000696857   -0.0115834 0.000705312 0.000252108  -0.0011507   2.78172 -0.102999  -9.40756 17.1374
 5.62983 -12.3124 -16.2028  -0.106194 -0.0802706  -0.058969 -0.0480907    15.2274   0.670152  0.0184586 0.00700667  0.0884246  0.163767  0.575153 0.0289855  -0.000690803 -0.000839993   -0.0111192 0.000709234 0.000258844  -0.0011523   2.78166 -0.103041  -9.40756 17.1499
 5.13352 -12.4119 -14.7765  -0.102972 -0.0688292  -0.058581 -0.0487924    15.2274   0.669942  0.0184553 0.00700534  0.0884224  0.157162  0.584369 0.0231878   0.000434541 -0.000565528   -0.0110477  0.00070869 0.000259879 -0.00115013   2.78167 -0.103051  -9.40758 17.1618
 4.76855 -12.4433 -13.2066 -0.0991388 -0.0571408 -0.0584212 -0.0484915    15.2244   0.670323   0.018442 0.00698543  0.0884395  0.152568  0.593499 0.0182515   -0.00070614 -0.000858333   -0.0123216 0.000699914 0.000258781  -0.0011438  2.78176 -0.10307 -9.40762 17.1741
  4.2342 -12.4594 -11.8172 -0.0965908 -0.0448118 -0.0581388 -0.0460011    15.2264   0.670831  0.0184774 0.00700256  0.0884392 0.140811 0.609032 0.019141   5.87404e-05 -0.000841803   -0.0113269  0.00070613 0.000255778 -0.00114401   2.78171 -0.103023  -9.40762 17.1867
 3.71586 -12.4686  -10.363 -0.0946542 -0.0334531 -0.0581039 -0.0491171    15.2287   0.669712  0.0184684 0.00702479  0.0884088  0.128307  0.616695 0.0136203  0.000191379 -0.00081601  -0.0116853 0.000713121  0.00026176 -0.00114199   2.78164 -0.103052  -9.40766 17.1982
 3.09209 -12.4267 -8.69766 -0.0922695 -0.0195778 -0.0575233 -0.0519615    15.2296   0.668795  0.0184519 0.00702382  0.0883852  0.111749  0.626296 0.0138978  0.000573891  -0.0010494  -0.0109363 0.000715923  0.00026644 -0.00114779   2.78159 -0.103088  -9.40762 17.2123
 2.61367 -12.3888 -7.22266  -0.0909104 -0.00769434  -0.0573584 -0.0491834    15.2323   0.669332  0.0184898 0.00704096  0.0883845  0.0984453   0.635782 0.00741108  0.000507077 -0.00112936  -0.0112149 0.000724149 0.000263782 -0.00114953   2.78152 -0.103042  -9.40762 17.2243
 2.24861 -12.3504 -5.49759 -0.0882056  0.0054002 -0.0578966 -0.04442  15.2298 0.671002   0.018501 0.00703218  0.0884196   0.0898105    0.644821 -0.00117902  -0.00096396 -0.00100296  -0.0123355 0.000715988 0.000256584  -0.0011371   2.78163 -0.102992  -9.40771 17.2377
 1.84947  -12.291 -3.91214 -0.0868123  0.0191724 -0.0577027 -0.0393233    15.2314   0.672345  0.0185345 0.00703568  0.0884308   0.0719319     0.65363 -0.00441711   -0.00116324 -0.000872733   -0.0114421 0.000720596   0.0002491 -0.00114173   2.78159 -0.102916  -9.40767 17.2515
 1.47411 -12.2244 -2.23675 -0.0861141  0.0316915  -0.057943 -0.0374604    15.2339   0.672656  0.0185665 0.00704593  0.0884243  0.0548835   0.656793 -0.0107136   -0.00150641 -0.000789358    -0.012251 0.000727474 0.000247056 -0.00114199   2.78153 -0.102884  -9.40768 17.2641
 0.988889  -12.0709 -0.417313 -0.0858315  0.0458588 -0.0582016 -0.0404306    15.2366   0.671482  0.0185763 0.00706153  0.0884017   0.029867   0.656633 -0.0112018  -0.000915607  -0.00136221   -0.0116085 0.000734801 0.000252645  -0.0011442   2.78146 -0.102924  -9.40768 17.2782
0.673336 -11.9871  1.17697 -0.0859959  0.0589606 -0.0581436 -0.0374995    15.2389   0.672177  0.0186043 0.00706757  0.0883973 0.00724806   0.658191 -0.0127924   -0.0012891 -0.00125763  -0.0113046 0.000741638 0.000248542 -0.00115047   2.78138 -0.102879  -9.40764 17.2913
0.379301 -11.9695  2.80705 -0.0857078  0.0719014 -0.0583719 -0.0380293    15.2375   0.672157   0.018588 0.00706368   0.088402 -0.00763116    0.654067  -0.0167326   -0.00182955 -0.000474689   -0.0110436 0.000737685 0.000249171 -0.00115003   2.78142 -0.102889  -9.40763 17.3043
0.0334006  -11.8678   4.34605   -0.08562  0.0850412 -0.0590426 -0.0362494    15.2367   0.672807  0.0185759 0.00705619  0.0884053 -0.0222163   0.651657 -0.0223538   -0.00160938 -0.000719805   -0.0101849 0.000733895 0.000245927 -0.00114436  2.78147 -0.10286 -9.40767 17.3174
-0.249596  -11.8018   5.85101 -0.0860324   0.096943 -0.0595729 -0.0360664    15.2359   0.672937  0.0185705 0.00705539  0.0884063 -0.0362316   0.645651   -0.02875   -0.00189254 -0.000784435   -0.0104433  0.00073251 0.000246126 -0.00114305   2.78148 -0.102862  -9.40768 17.3294
-0.624204  -11.7385   7.46812 -0.0882197   0.109585 -0.0601125 -0.0467618    15.2394   0.669061  0.018634 0.0070734 0.0883964 -0.0617035   0.630456 -0.0275266   -0.00161136 -0.000790596  -0.00968467 0.000744447 0.000263253 -0.00114958   2.78137 -0.103021  -9.40765 17.3422
-1.04873 -11.6448  8.95258  -0.089878   0.122531 -0.0605763 -0.0434263    15.2407   0.670056   0.018647 0.00707139  0.0883991 -0.0771161   0.626562 -0.0320639  -0.000888099 -0.000869299  -0.00912611 0.000747324 0.000259338 -0.00115209   2.78133 -0.102985  -9.40763 17.3553
 -1.3862 -11.6226  10.4306 -0.0910573    0.13515 -0.0613774 -0.0403529    15.2389   0.671259  0.0186235 0.00706309  0.0884028 -0.0869506   0.621316 -0.0389199   -0.00129676 -0.000143635  -0.00903575 0.000742419  0.00025426 -0.00114866   2.78138 -0.102935  -9.40766 17.368
-1.81853  -11.506  11.8746 -0.0929803   0.147839 -0.0617317 -0.0391696    15.2383   0.671678  0.0186217 0.00706249  0.0884094  -0.100899   0.614262 -0.0403756   -0.00115078 -0.000223971  -0.00856946 0.000741822 0.000251829 -0.00115538   2.78137 -0.102913   -9.4076 17.3808
-2.25503 -11.3657  13.2977 -0.0955559   0.159566 -0.0631334 -0.0376134    15.2409   0.672027  0.0186526 0.00706311  0.0884099  -0.117614   0.608507 -0.0462069   -0.00120254 -0.000510034  -0.00874688 0.000748644 0.000250445 -0.00114825   2.78132 -0.102905  -9.40767 17.3929
-2.71201 -11.2093  14.8329 -0.0989423   0.171558 -0.0640044 -0.0427216    15.2437   0.670099  0.0186851 0.00707567  0.0883878   -0.13705   0.593554 -0.0495714    -0.0017909 -0.000869846  -0.00869875 0.000757915 0.000258428 -0.00115358   2.78124 -0.102991  -9.40764 17.4054
 -3.3657 -11.0875  16.2797  -0.102368   0.183486 -0.0647416 -0.042019   15.2457  0.670175  0.0187139 0.00707275  0.0883917  -0.152555   0.583356 -0.0521001  -0.000217185 -0.000794762  -0.00838112 0.000763452 0.000257691 -0.00116026   2.78117 -0.102993  -9.40759 17.4178
-3.87326 -11.0071  17.7196  -0.104696   0.195533 -0.0668314 -0.0384179    15.2438   0.671564  0.0186628 0.00709008  0.0884098  -0.155304   0.578539 -0.0652072  -0.000329439  -0.00034669  -0.00815241 0.000754854  0.00025209 -0.00114298   2.78126 -0.102925  -9.40773 17.4303
-4.38787 -10.8617  19.0834 -0.107512     0.207 -0.068242 -0.0386712    15.2423   0.671567  0.0186433 0.00709683  0.0884096  -0.160531    0.56794 -0.0723491  -0.000233767 -0.000434138  -0.00750648 0.000750736 0.000251944 -0.00114108   2.78131 -0.102915  -9.40774 17.4421
-4.81401 -10.7352  20.5398  -0.110404    0.21807 -0.0697545 -0.0391805    15.2406   0.671489  0.0186253 0.00710483  0.0884076  -0.169121   0.556387 -0.0747828  -0.000973687 -0.000283398   -0.0079982 0.000746519 0.000252413 -0.00113871   2.78135 -0.102909  -9.40775 17.4537
-5.26868 -10.5917  21.9126  -0.114064   0.228894 -0.0710294 -0.0407076    15.2409    0.67093  0.0186472 0.00709766  0.0884014  -0.178689   0.540023 -0.0782801  -0.00112906 -0.00025983 -0.00774336 0.000748453 0.000255119 -0.00114342   2.78133 -0.102939  -9.40771 17.4652
-5.81561 -10.4041   23.238  -0.118543   0.239419 -0.0722026 -0.0416678    15.2438   0.670445  0.0186914 0.00707066  0.0883966  -0.194281   0.524528 -0.0755019  -0.000454452 -0.000465763   -0.0073973 0.000756934 0.000256666 -0.00115173   2.78125 -0.102977  -9.40766 17.4767
 -6.2264 -10.2757  24.5966 -0.121888  0.250426 -0.074301 -0.038919   15.2412  0.671519  0.0186398 0.00709192  0.0884059  -0.196082   0.512673 -0.0832331  -0.000810866 -9.92102e-05  -0.00715804 0.000748728 0.000252398 -0.00114213   2.78132 -0.102914  -9.40773 17.4884
-6.62645  -10.066  25.8392  -0.125489   0.260399 -0.0763629 -0.0400317    15.2405   0.671178  0.0186286 0.00710083  0.0884025  -0.198611   0.497492 -0.0909286  -0.000947052 -0.000510955  -0.00641441 0.000745564  0.00025334 -0.00113581   2.78136 -0.102912  -9.40778 17.4992
-6.93683 -9.92283  27.1767   -0.13015   0.269389 -0.0784593 -0.044738   15.2443  0.669435  0.0186879 0.00708874  0.0883871  -0.208095   0.476598 -0.0963174  -0.00197199 -0.00020965  -0.0067459 0.000755789 0.000260533   -0.001135   2.78131 -0.103012   -9.4078 17.5095
-7.23841 -9.78082  28.4212  -0.134198   0.279135 -0.0796779 -0.0432794    15.2421   0.669993  0.0186692 0.00709098  0.0883969  -0.210376   0.463919 -0.0960641   -0.00249039 -7.93158e-05  -0.00645971 0.000751904 0.000258124 -0.00114502   2.78132 -0.102974   -9.4077 17.5201
-7.66164 -9.57432  29.5826   -0.13861   0.287832 -0.0811522 -0.0461463    15.2428   0.668985  0.0186941 0.00708636  0.0883931  -0.216113    0.44634 -0.0938789    -0.0018007 -0.000424847  -0.00604914 0.000754829 0.000262561 -0.00115203    2.7813 -0.103022  -9.40764 17.53
-7.98365  -9.4397  30.6943  -0.142418   0.296704 -0.0833961 -0.0458248     15.241   0.669119  0.0186701 0.00709701  0.0883923   -0.21465   0.434887 -0.0981274   -0.00170359 -0.000199029  -0.00563003 0.000749243 0.000261435 -0.00114531   2.78136 -0.102989  -9.40769 17.5399
-8.30673 -9.27759  31.7893   -0.14648   0.305611 -0.0844924 -0.04546  15.2381  0.66927  0.0186522 0.00711163  0.0884016  -0.214953   0.422967 -0.0932516   -0.00162884 -5.01192e-05   -0.0051535 0.000743688 0.000261137 -0.00115663   2.78138 -0.102957  -9.40758 17.5498
-8.55912 -9.07561  32.9505  -0.151647   0.312427 -0.0866094 -0.0542204     15.244   0.666258  0.0187673 0.00706594  0.0883903 -0.221559  0.398733 -0.094469   -0.00213895 -0.000163515  -0.00555709 0.000760094 0.000274053 -0.00115654   2.78132 -0.103143  -9.40759 17.5586
-8.94366 -8.87875  34.1448  -0.156365   0.321103 -0.0882005 -0.0521604     15.243   0.666951  0.0187463 0.00707388  0.0883955  -0.224495   0.386508 -0.0875228   -0.00171101 -0.000286593  -0.00560964 0.000757778 0.000270988  -0.0011614   2.78132 -0.103105  -9.40755 17.5686
-9.19819 -8.69835   35.087  -0.161016   0.328101 -0.0896895 -0.051388    15.245  0.667198 0.0187573 0.0070648 0.0883938 -0.226716  0.370835 -0.087576   -0.00172967 -0.000497312  -0.00505213 0.000763015 0.000270277 -0.00116519   2.78126 -0.103127  -9.40753 17.5771
-9.46576 -8.61267  36.2121  -0.164888   0.334988 -0.0916275 -0.0567076    15.2434   0.665432  0.0187641 0.00706863  0.0883905  -0.222781   0.352292 -0.0880741  -0.00181935 0.000432366 -0.00509805 0.000758383 0.000276939 -0.00116033   2.78135 -0.103153  -9.40755 17.5853
-9.71578 -8.43697  37.2143  -0.169313    0.34169 -0.0932264 -0.0589163    15.2434   0.664718  0.0187712 0.00706894  0.0883901  -0.222149   0.335217 -0.0866121  -0.00180132 0.000395396 -0.00449296 0.000759063 0.000280056 -0.00116235   2.78137 -0.103179  -9.40753 17.5934
-9.88854 -8.28907  38.2469  -0.173935   0.347055 -0.0948715 -0.0668924    15.2467   0.662159  0.0188262 0.00705419  0.0883917  -0.222965   0.311676 -0.0813157   -0.0022437 0.000429844 -0.00456156 0.000768616 0.000291257 -0.00116412   2.78137 -0.103318   -9.4075 17.6007
-10.1155 -8.14214  39.2755  -0.178494   0.353799 -0.0961248 -0.0617603    15.2458   0.663821  0.0187943 0.00706742   0.088393  -0.219991   0.301921 -0.0773388  -0.00237293  0.00044691 -0.00472099 0.000765372 0.000284584 -0.00116917   2.78134 -0.103247  -9.40747 17.6089
-10.4092 -7.94323  40.1378 -0.183609  0.359534 -0.097257 -0.0607319     15.249    0.66422  0.0188076 0.00705472  0.0883905    -0.2221     0.2833 -0.0730027  -0.00201034 7.23213e-06 -0.00410948 0.000773405 0.000283925 -0.00117747  2.78126 -0.10329 -9.40741 17.6167
-10.6389  -7.8867  41.0893   -0.18799   0.364539 -0.0987768 -0.0648118      15.25   0.662928   0.018836 0.00704043  0.0883882 -0.219275  0.264776 -0.070792  -0.00209859  0.00057343 -0.00418273 0.000776735  0.00028867 -0.00117591   2.78127 -0.103346  -9.40741 17.6235
-10.9273 -7.71894  42.0625 -0.193095  0.370197 -0.100561 -0.0649886    15.2515   0.662917  0.0188427 0.00703042   0.088385  -0.210492   0.246647 -0.0736389  -0.00198796 0.000384363 -0.00378438  0.00078038 0.000288739 -0.00117458   2.78125 -0.103372  -9.40743 17.6314
-11.0857 -7.64085  42.8004 -0.197218  0.374041 -0.102045 -0.0643385     15.255   0.663246  0.0188519 0.00701068  0.0883795  -0.210253   0.233363 -0.0721201  -0.00222821 0.000504826 -0.00370921 0.000788045 0.000287914 -0.00117344  2.78119 -0.10342 -9.40745 17.6372
-11.3343 -7.50124   43.622 -0.201396  0.379165  -0.10333 -0.0611425    15.2536   0.664212  0.0188261 0.00702705  0.0883862  -0.202319   0.224694 -0.0695113   -0.0019532 0.000146742 -0.00365198 0.000783964 0.000283389 -0.00117571   2.78118 -0.103361  -9.40744 17.6439
-11.5211 -7.37552  44.2713 -0.205831  0.383703 -0.104445 -0.0579058    15.2548   0.665298  0.0188121 0.00702548  0.0883867  -0.198499   0.215043 -0.0621124   -0.00179562 -0.000302722  -0.00285802 0.000787029 0.000279693 -0.00118017   2.78112 -0.103357  -9.40741 17.6504
-11.5553 -7.40255  44.9364 -0.209278  0.387166 -0.105529 -0.0623081    15.2554    0.66394  0.0188494 0.00701046  0.0883891  -0.185797    0.19835 -0.0584367  -0.00237357 0.000442151 -0.00268354 0.000788723 0.000285404 -0.00118037   2.78116 -0.103404   -9.4074 17.6554
-11.5932 -7.20264  45.6252 -0.212705   0.39105 -0.106529 -0.065237    15.254  0.662952   0.018872 0.00701438  0.0883973  -0.173328   0.182906 -0.0534902  -0.00257303 7.38863e-05 -0.00252164 0.000786146 0.000289272 -0.00118158    2.7812 -0.103408  -9.40738 17.6607
-11.5778  -7.0195  46.2924 -0.216595  0.393841 -0.107397 -0.0662636    15.2586   0.662892  0.0188869 0.00698349  0.0883834  -0.169126    0.16441 -0.0488688  -0.00293366 1.19965e-05 -0.00267606 0.000796544 0.000290509 -0.00118524   2.78114 -0.103492  -9.40735 17.6655
-11.5579 -6.81864  46.9803 -0.219819  0.397456 -0.108445 -0.0649753    15.2567   0.663169  0.0188746 0.00699823   0.088389 -0.154155  0.147688  -0.04628   -0.00301267 -0.000168742  -0.00274739 0.000792037 0.000288634 -0.00118397   2.78115 -0.103447  -9.40736 17.6705
-11.5893 -6.71135  47.4659 -0.222605  0.400335 -0.109314 -0.0653116    15.2554   0.662967  0.0188745 0.00700564  0.0883944   -0.14191   0.131579 -0.0396089   -0.00261891 -0.000290084  -0.00222825 0.000789582 0.000288766 -0.00118341   2.78117 -0.103429  -9.40737 17.6746
-11.5023 -6.83815  47.9159  -0.22491  0.402296 -0.109921 -0.0707154    15.2552   0.661345 0.0189237 0.0069904 0.0884096 -0.125656  0.112101 -0.034304  -0.00297736 0.000655722  -0.0017455 0.000790254 0.000295736 -0.00118416   2.78123 -0.103472  -9.40734 17.6777
-11.5247  -6.8247  48.2318 -0.226957  0.403922 -0.110843 -0.074195   15.2557  0.660321  0.0189532 0.00697242  0.0884122  -0.114018  0.0932957 -0.0298604   -0.0027006 0.000407911 -0.00125043 0.000791215 0.000299473 -0.00117934   2.78127 -0.103502  -9.40737 17.6804
-11.5458 -6.85764  48.5658 -0.229712  0.404911 -0.111472 -0.07648  15.2603 0.659965 0.0189756 0.0069207 0.0884006  -0.108339  0.0712786 -0.0198679  -0.00276785 0.000397017 -0.00120439 0.000802017 0.000301787 -0.00117958   2.78123 -0.103601  -9.40738 17.6834
-11.6319 -6.91765  48.8709  -0.23169  0.406792 -0.111638 -0.0737356    15.2578   0.660608  0.0189492 0.00695825  0.0884078 -0.0940541  0.0550744 -0.0134631  -0.00264252 0.000374635 -0.00129042  0.00079565 0.000298628 -0.00118136   2.78123 -0.103532  -9.40736 17.6862
 -11.757 -6.95093  48.9563 -0.232929  0.408147 -0.111564 -0.0734283    15.2538   0.660396 0.0189516 0.0069989 0.0884228 -0.0788008  0.0401308 -0.0053516    -0.0022334  -1.2411e-05 -0.000737412 0.000787486 0.000298945 -0.00118282   2.78127 -0.103466  -9.40734 17.688
-11.7962 -7.12324  49.0405 -0.234432  0.408232 -0.111969 -0.0763399    15.2564   0.659713  0.0189752 0.00695925  0.0884124 -0.0700502  0.0209377  0.0018963    -0.0024366  0.000488085 -0.000370259 0.000793149 0.000301749 -0.00117847   2.78128 -0.103529  -9.40738 17.6896
-11.8563 -7.22098  49.0994 -0.235321  0.408237 -0.112378 -0.0793059    15.2565   0.658831  0.0189991 0.00694998  0.0884069 -0.0514498 0.00319401 0.00428369   -0.00247535  0.000505889 -0.000245666 0.000792793 0.000304801 -0.00117111   2.78133 -0.103544  -9.40743 17.6905
 -11.921 -7.29647  49.0597 -0.236394  0.407698 -0.112055 -0.0815534    15.2588   0.658355  0.0190246 0.00691335  0.0883957 -0.0370353 -0.0180655  0.0141349   -0.0024544 0.000232766 8.93882e-05 0.000797988 0.000307426 -0.00117375   2.78132 -0.103599   -9.4074 17.6918
-11.9558  -7.3761  49.0286 -0.236399  0.408208 -0.111442 -0.0771424     15.252   0.659093  0.0189883 0.00700368  0.0884299 -0.0150734 -0.0285384  0.0217107   -0.00253804   0.00014405 -2.36416e-05 0.000783892 0.000302927 -0.00117475   2.78135 -0.103459   -9.4074 17.6926
-12.0094 -7.38156  48.8004 -0.235694  0.407508 -0.110577 -0.0814981    15.2476   0.657401  0.0190484 0.00703064  0.0884434 0.00425157 -0.0475931  0.0326842   -0.00231095 -0.000353133  0.000399235 0.000775824 0.000308591 -0.00117624   2.78144 -0.103417  -9.40736 17.6939
 -11.978 -7.54696   48.586 -0.235731  0.406179 -0.110079 -0.0813822    15.2499   0.657639  0.0190409 0.00700724  0.0884321   0.016479 -0.0665476  0.0383172  -0.00254199 0.000185436 0.000687628 0.000780183 0.000308189 -0.00117468   2.78142 -0.103453  -9.40738 17.6953
-12.0091 -7.60516  48.3219 -0.234736  0.404405 -0.109572 -0.0851418    15.2491   0.656453  0.0190852 0.00700246  0.0884292  0.0377024 -0.0885585  0.0387691  -0.00245818 0.000115042 0.000728682   0.0007784 0.000312518 -0.00116966  2.78148 -0.10346 -9.40741 17.6974
-11.9729 -7.72931  47.9464  -0.23372  0.402177 -0.108313 -0.089119   15.2494  0.655304  0.0191333 0.00697844  0.0884198 0.0532004 -0.111453 0.0494801  -0.00265624 0.000166771  0.00123529 0.000779706 0.000317634 -0.00117458   2.78151 -0.103492  -9.40735 17.7002
-11.9689  -7.8583  47.6019 -0.232111  0.399958 -0.107395 -0.0883111    15.2469   0.655284  0.0191297 0.00700982  0.0884356 0.0714143 -0.127862 0.0545075  -0.00259331 3.02649e-05 0.000839745 0.000774512 0.000316611 -0.00117123   2.78153 -0.103445  -9.40738 17.7031
-11.9652 -8.03156  47.0564 -0.229341  0.397433 -0.106366 -0.0924857    15.2411   0.653472  0.0191939 0.00705692  0.0884606 0.0947196 -0.142043 0.0604614  -0.00215846 -0.00026168  0.00147884 0.000763193 0.000321812 -0.00116534   2.78165 -0.103375  -9.40741 17.7069
-11.8011 -8.38188  46.4856 -0.227213  0.394038  -0.10519 -0.0960798    15.2423   0.652539  0.0192339 0.00702942  0.0884531  0.107625 -0.163699 0.0685633  -0.00261563 0.000511995  0.00202569 0.000765687 0.000326063 -0.00116383   2.78169 -0.103416  -9.40741 17.7111
-11.6896 -8.58093  45.9328 -0.224644   0.39058  -0.10436 -0.0982595    15.2418   0.651859  0.0192541 0.00702736  0.0884512  0.121679 -0.181827 0.0726993  -0.00263586 0.000417809  0.00193733 0.000764242 0.000327979 -0.00115552   2.78173 -0.103416  -9.40747 17.7155
-11.5508 -8.85407  45.1512 -0.221926  0.385427  -0.10218 -0.105551   15.2456  0.650202  0.0193423 0.00695635  0.0884379  0.134748  -0.20965 0.0847635  -0.00251772 0.000339869  0.00235367 0.000772796 0.000337095 -0.00116266   2.78176 -0.103527   -9.4074 17.7217
-11.3364 -9.08664  44.5348 -0.219349  0.381414 -0.100828 -0.103156   15.2459  0.650895  0.0193043 0.00696512  0.0884332  0.143559 -0.225637 0.0890055  -0.00288831 0.000280992  0.00184603 0.000772345 0.000333805  -0.0011584   2.78174 -0.103509  -9.40744 17.7267
-11.1787 -9.28147  43.7001  -0.216535   0.377067 -0.0988434 -0.0992133    15.2447   0.651903  0.0192593 0.00699095   0.088437  0.151651 -0.242038  0.094394  -0.00242179 -0.00024169  0.00222193 0.000770263 0.000329395 -0.00116059  2.78171 -0.10347 -9.40743 17.7322
-10.8912 -9.60831  42.9066  -0.213332   0.371844 -0.0968698 -0.101634   15.2456  0.651299  0.0192932 0.00697679    0.08844  0.162045 -0.262268 0.0980529  -0.00278057 0.000232915  0.00239513 0.000771431 0.000332472 -0.00116143   2.78173 -0.103494  -9.40742 17.7387
-10.6435 -9.82618   42.055  -0.209491   0.366178 -0.0960228 -0.104617   15.2452  0.650416 0.0193111 0.0069628 0.0884355  0.175826 -0.283201 0.0907718  -0.00265908 2.93222e-05  0.00252849 0.000770063 0.000334023 -0.00114509   2.78179 -0.103495  -9.40755 17.7456
-10.3717 -10.0988  41.1453  -0.206112   0.359952 -0.0933465 -0.107756   15.2467  0.649676   0.019371 0.00694039  0.0884448  0.181406 -0.306713 0.0995144  -0.00267243 0.000234146  0.00283138 0.000774282 0.000339315 -0.00115764   2.78178 -0.103552  -9.40743 17.7531
-10.1363 -10.3106  40.2523  -0.202033   0.354235 -0.0915976 -0.105394   15.2428  0.649917  0.0193387 0.00698501  0.0884549  0.190589 -0.321745 0.0993564  -0.00259411 9.61309e-05  0.00244867 0.000765921 0.000335545 -0.00115197   2.78181 -0.103467  -9.40748 17.7604
-9.94787 -10.5219  39.1426 -0.198227  0.347804 -0.089119 -0.103021   15.2412  0.650436  0.0193117 0.00700786  0.0884613 0.195684 -0.34042 0.102945   -0.00219541 -0.000225092    0.0028236 0.000764134 0.000333444 -0.00115861   2.78178 -0.103439  -9.40743 17.7682
-9.70108 -10.9157  38.1146  -0.194292   0.340968 -0.0870945 -0.10958  15.2414 0.648544  0.0193945 0.00698606  0.0884634  0.203195 -0.360623   0.10639  -0.00231151 0.000411745  0.00320056 0.000765316 0.000341681  -0.0011596   2.78184 -0.103491   -9.4074 17.7764
-9.49702 -11.2273  36.9491  -0.189554   0.334113 -0.0862583 -0.107637   15.2377  0.648769  0.0193586 0.00702253  0.0884723  0.211776 -0.375241 0.0969663  -0.00208093 0.000371778  0.00323401 0.000756792   0.0003379  -0.0011397   2.78191 -0.103409  -9.40756 17.7848
-9.26885  -11.583  35.6638  -0.185583   0.325982 -0.0839027 -0.109353   15.2397  0.648469  0.0193845 0.00699506  0.0884629  0.213546 -0.398437 0.0964817   -0.0019947 0.000438624  0.00355837 0.000762167 0.000340535 -0.00114677   2.78188 -0.103463  -9.40751 17.7941
-9.08283 -11.8458  34.4332  -0.181822   0.317172 -0.0828154 -0.112532   15.2458  0.648164  0.0194088 0.00693637  0.0884317  0.210688 -0.423011 0.0905257  -0.00189647 0.000194289  0.00333462  0.00077314 0.000342576  -0.0011378   2.78186 -0.103562  -9.40759 17.8038
-8.98379 -12.0685   32.991  -0.177008   0.308213 -0.0806518  -0.1086  15.2423 0.649059  0.0193623 0.00697828  0.0884631  0.209608 -0.436173 0.0893808  -0.00129942 -0.00023431  0.00307884  0.00076702 0.000338173 -0.00113969   2.78186 -0.103488  -9.40758 17.8142
-8.63727 -12.3778  31.6919  -0.173325   0.300113 -0.0793337 -0.107622   15.2439  0.649446  0.0193504 0.00697137  0.0884602  0.208352 -0.450757  0.083408  -0.00218955 0.000242356  0.00371669  0.00076846 0.000336794 -0.00113651   2.78184 -0.103494  -9.40761 17.8231
-8.40146 -12.5736  30.3372  -0.168707   0.291049 -0.0790821 -0.103756   15.2429  0.650553  0.0193056 0.00699783  0.0884793  0.210237 -0.462195 0.0682454  -0.00207175 6.72986e-05  0.00356984 0.000764544 0.000330982 -0.00111659   2.78187 -0.103436  -9.40778 17.8333
-8.07167 -12.8167  28.9242   -0.16457   0.280637 -0.0777049 -0.107306   15.2466  0.649785  0.0193412 0.00696853  0.0884543  0.205437  -0.48169 0.0672422  -0.00229302 0.000238141  0.00367686 0.000770595 0.000334998 -0.00111722   2.78186 -0.103504  -9.40777 17.8446
-7.81315  -12.957  27.7684  -0.160428   0.271297 -0.0771426 -0.109781   15.2463  0.649041  0.0193608 0.00696867  0.0884505  0.204045 -0.495059 0.0622694  -0.00233768 3.67655e-05  0.00296091 0.000769951 0.000336641 -0.00110674   2.78191 -0.103513  -9.40785 17.8548
-7.57111 -13.0712  26.3071  -0.156068    0.26062 -0.0754807 -0.108549   15.2451  0.649345  0.0193435 0.00697599  0.0884599  0.198883 -0.506526 0.0637977   -0.00168666 -0.000372606   0.00303408 0.000768532 0.000335193 -0.00111083   2.78189 -0.103491  -9.40782 17.8665
-7.14107 -13.2138  24.8957  -0.152176   0.250341 -0.0744751 -0.10904  15.2459 0.649254 0.0193508 0.0069713 0.0884551  0.193179 -0.519595 0.0601507  -0.00223286 -0.00034584   0.0035084 0.000769394  0.00033555 -0.00110777    2.7819 -0.103501  -9.40785 17.8775
-6.88491 -13.3126  23.5827  -0.147259   0.240338 -0.0736748 -0.109509   15.2392  0.648734  0.0193399 0.00699998  0.0884987  0.196401 -0.523968 0.0555111   -0.00190952 -0.000311097   0.00320942 0.000756563 0.000335172 -0.00109838   2.78201 -0.103417   -9.4079 17.8887
-6.54252 -13.4291  22.1391  -0.143726   0.229588 -0.0726938 -0.110649    15.242  0.648552  0.0193533 0.00698923  0.0884822  0.186546 -0.535275 0.0549339   -0.00198071 -0.000201237   0.00359963 0.000761001 0.000336199 -0.00109795   2.78198 -0.103453  -9.40791 17.9001
-6.25067 -13.5377  20.8326  -0.140603   0.219051 -0.0717259 -0.107566   15.2444  0.649566  0.0193513 0.00697878  0.0884736  0.176152 -0.541889 0.0541939   -0.00199703 -0.000201323   0.00294795 0.000764923 0.000332572 -0.00109829   2.78193 -0.103453  -9.40792 17.9111
-6.06277 -13.6673   19.354  -0.137095    0.20763 -0.0706605 -0.109619   15.2449  0.649002   0.019364 0.00697643  0.0884628  0.166571 -0.552255 0.0550423   -0.00102705 -0.000315798   0.00294878 0.000766853 0.000335426 -0.00109763   2.78194 -0.103483  -9.40792 17.9231
 -5.5893 -13.8278   17.828  -0.134007   0.196801 -0.0700487 -0.106693   15.2458  0.649879  0.0193641 0.00697174  0.0884635  0.156436 -0.559085 0.0477349   -0.00168541 -0.000235263   0.00330737 0.000767144 0.000331835   -0.001092   2.78193 -0.103462  -9.40798 17.9344
-5.31381 -13.9006  16.4161   -0.13045   0.186303 -0.0692616 -0.103017   15.2415  0.650833  0.0193361 0.00697903  0.0884918  0.149693 -0.559886  0.046212   -0.00138988 -0.000354514   0.00296228 0.000758531 0.000327243 -0.00108746   2.78197 -0.103382  -9.40801 17.9455
-4.95396 -13.9887  14.7619  -0.126963    0.17469 -0.0677971 -0.105175   15.2378  0.650097  0.0193155 0.00699075  0.0885059  0.141412 -0.567283 0.0457575   -0.00127209 -0.000292464   0.00353827 0.000752803 0.000329469 -0.00109311   2.78202 -0.103366  -9.40794 17.9577
-4.55937 -14.0103  13.3743  -0.124285    0.16273 -0.0671338 -0.112346   15.2405  0.648051  0.0193387 0.00699422  0.0884855  0.132955 -0.580856 0.0392603   -0.00161795 -0.000390407   0.00314469 0.000757359  0.00033778 -0.00109118   2.78203 -0.103453  -9.40795 17.97
-4.38798 -14.0675  11.8174  -0.121695   0.150089 -0.0661129 -0.11987  15.2416 0.645822  0.0193531 0.00699783  0.0884607  0.121879 -0.591692 0.0406985  -0.000514502 -0.000484635   0.00322608 0.000761208  0.00034644 -0.00109499   2.78204 -0.103536  -9.40792 17.9829
  -3.974 -14.2145   10.281  -0.119717   0.138006 -0.0655177 -0.120563   15.2448  0.645646  0.0193711 0.00699575  0.0884506  0.109163 -0.596595 0.0372383   -0.00086183 -0.000253997   0.00322444 0.000765717 0.000347153 -0.00109375   2.78201 -0.103562  -9.40794 17.9952
-3.60709 -14.3709  8.68117  -0.116848   0.125814 -0.0649843 -0.115556     15.24   0.64711  0.0193419 0.00699128  0.0884683  0.100159 -0.594275 0.0335806  -0.000904931 -0.000104025   0.00288246 0.000756557 0.000341016 -0.00108706   2.78207 -0.103477  -9.40798 18.0077
-3.27785 -14.4624  7.21435 -0.115112  0.114599 -0.064262 -0.117369   15.2399  0.646557  0.0193471 0.00699278   0.088466  0.088906 -0.597993 0.0317513  -0.000893326 -0.000171754   0.00300681 0.000757215 0.000342919 -0.00108888   2.78207 -0.103495  -9.40796 18.0191
-2.88272 -14.4913  5.69603   -0.11405   0.102206 -0.0639718 -0.12283  15.2445 0.644911  0.0194013 0.00698793  0.0884498 0.0714113 -0.604878 0.0286416   -0.00119915 -0.000399815   0.00297349 0.000765382 0.000348914 -0.00108743   2.78202 -0.103575  -9.40799 18.0315
-2.64961 -14.4982   4.0902  -0.112873  0.0893049 -0.0631223 -0.12835  15.2453 0.643199  0.0194204 0.00699283  0.0884387 0.0575644 -0.610997  0.026613  -0.000286552 -0.000470296   0.00301439 0.000768472 0.000355237 -0.00109262   2.78201 -0.103637  -9.40794 18.0445
-2.23503 -14.4766  2.63053    -0.1125  0.0782833 -0.0625764 -0.126534   15.2485  0.643753   0.019441 0.00698783  0.0884349 0.0419365 -0.612136 0.0229723  -0.000553711 -0.000534619   0.00304943 0.000773258 0.000353189 -0.00109642   2.78195 -0.103633  -9.40793 18.0555
-1.68202 -14.4671 0.872036  -0.110484  0.0651491 -0.0616823 -0.126941   15.2404  0.643672  0.0193829 0.00698441  0.0884508 0.0364699   -0.6131  0.018446   -0.00104747 -0.000503252   0.00295837 0.000759392 0.000352915 -0.00109753   2.78207 -0.103593  -9.40789 18.0689
 -1.24806  -14.4502 -0.892219  -0.110161  0.0531334 -0.0609579 -0.123302   15.2408  0.644789  0.0193868 0.00697976   0.088453 0.0216737 -0.611585 0.0122475  -0.000790863 -0.000396001   0.00335454 0.000760427 0.000349483 -0.00110489   2.78204 -0.103564  -9.40783 18.0809
-0.746991  -14.2757  -2.63877  -0.110651  0.0415616 -0.0611498 -0.118945   15.2457  0.646144  0.0194218 0.00696627   0.088435 0.00233258  -0.607959  0.0054541  -0.000925295 -0.000689218   0.00343411  0.00076773 0.000344484 -0.00110257   2.78197 -0.103536  -9.40787 18.0925
-0.467965  -13.9896  -4.58074   -0.11172  0.0284746 -0.0610711 -0.123807   15.2511   0.64451  0.0194782 0.00695731  0.0884034  -0.0206431   -0.615573 0.000551369  -0.000224272 -0.000873996   0.00354993  0.00077796 0.000350163 -0.00110695   2.78188 -0.103602  -9.40786 18.1056
-0.0650271   -13.6071   -6.53815  -0.112887  0.0164837 -0.0610936 -0.121557   15.2541   0.64523   0.019495 0.00694019  0.0883802   -0.03846  -0.614066 -0.0031809  -0.000192226  -0.00108758   0.00366258 0.000783507 0.000347165 -0.00110896   2.78182 -0.103581  -9.40786 18.1177
0.447965 -13.3408 -8.36145  -0.113177  0.0043851 -0.0622731 -0.119981    15.253  0.645789  0.0195008 0.00694784  0.0883958 -0.0462933  -0.613118 -0.0128972  -0.000909694 -0.000776956   0.00314503 0.000779007 0.000345501 -0.00109211    2.7819 -0.103568  -9.40798 18.1298
0.887492  -13.198 -10.1037   -0.113569 -0.00755429  -0.0625765 -0.122363   15.2496  0.645004  0.0194832 0.00696517  0.0884183 -0.0540664  -0.616473 -0.0168979  -0.000914744 -0.000539619   0.00319431  0.00077348 0.000348426 -0.00108959   2.78195 -0.103592  -9.40799 18.1418
 1.35127 -13.1801 -11.5936  -0.114964 -0.0198569 -0.0630878 -0.125504   15.2509  0.643958  0.0195041 0.00697102  0.0884165 -0.0693998   -0.62038 -0.0241028  -0.000979005 -0.000200992   0.00252405 0.000775849 0.000352489 -0.00108906   2.78193 -0.103629    -9.408 18.1542
 1.97119 -13.1478 -13.3886  -0.116966 -0.0341237 -0.0637009 -0.130776   15.2525   0.64218  0.0195257 0.00698425  0.0884253 -0.0924789  -0.622634 -0.0280499   -0.00115224 -0.000123589   0.00253663  0.00077816 0.000358843 -0.00109021    2.7819 -0.103686  -9.40799 18.1686
  2.3971  -13.136 -14.7774  -0.119262 -0.0453854 -0.0640175 -0.130343   15.2545  0.642316  0.0195474 0.00698943  0.0884289  -0.113037  -0.620211 -0.0301031  -0.000863569  -2.6957e-05   0.00228626 0.000782055 0.000359308 -0.00109532   2.78186 -0.103687  -9.40796 18.1801
 2.98232  -13.076 -16.3281  -0.121165 -0.0574311 -0.0653022 -0.126441   15.2535  0.643667  0.0195319 0.00696469  0.0884082  -0.126966   -0.61362 -0.0415193  -0.00112892 -8.6299e-07  0.00212295 0.000777866 0.000353856 -0.00108474   2.78192 -0.103644  -9.40804 18.1923
 3.52242 -12.9168 -18.0015  -0.123978 -0.0703003 -0.0665608 -0.126669   15.2542  0.643599   0.01953 0.0069604 0.0884052  -0.144637  -0.612251 -0.0488926   -0.00103052 -0.000110797   0.00220712 0.000778049 0.000353914 -0.00107999   2.78193 -0.103645  -9.40808 18.2056
 3.99507 -12.7406 -19.4853  -0.127075  -0.081247 -0.0673652 -0.124149   15.2552   0.64447  0.0195515 0.00696002  0.0884036  -0.160652   -0.60726 -0.0517028   -0.00098126 -0.000181642   0.00220937 0.000780784 0.000351334   -0.001083   2.78191 -0.103617  -9.40806 18.217
 4.62149 -12.5402 -21.3215  -0.131018  -0.095647 -0.0691628 -0.131906   15.2568   0.64177  0.0195457 0.00697473  0.0884204  -0.177342  -0.610906 -0.0582058   -0.00126116 -0.000150734    0.0023365 0.000782613  0.00036013 -0.00107585   2.78189 -0.103693  -9.40812 18.232
 4.96317 -12.3645  -22.797  -0.134881  -0.106264 -0.0698576 -0.127825   15.2591  0.643208  0.0195809 0.00697418  0.0884227  -0.191106  -0.604919 -0.0613244  -0.000694885 -0.000209174   0.00227347 0.000787497 0.000356365 -0.00108343   2.78184 -0.103647  -9.40807 18.2433
5.52192 -12.207  -24.37    -0.1378  -0.117863 -0.0718829 -0.124639   15.2564   0.64435  0.0195449 0.00694933  0.0884033  -0.197863   -0.59835 -0.0728792  -0.00105509 2.16529e-05  0.00206724 0.000780399 0.000351902 -0.00106923   2.78194 -0.103629  -9.40817 18.2555
 6.00536 -11.9089 -25.9874  -0.141623  -0.129723 -0.0728075 -0.126201   15.2535  0.643748  0.0195288 0.00695798  0.0884085  -0.209173  -0.594477 -0.0770102   -0.00101206 -0.000125207   0.00220706   0.0007775 0.000353064  -0.0010764   2.78195 -0.103648   -9.4081 18.268
 6.40729 -11.6058 -27.4377  -0.145796  -0.140176 -0.0744238 -0.122884   15.2558  0.644963  0.0195417 0.00694187  0.0883983  -0.222283  -0.584626 -0.0819691  -0.000792965 -0.000277349   0.00202862 0.000780817 0.000349209 -0.00107476   2.78194 -0.103603  -9.40812 18.2793
  6.9263  -11.299 -29.0862     -0.152   -0.15356 -0.0767884 -0.128912   15.2618   0.64284  0.0195962 0.00695463  0.0884048  -0.242257  -0.580139 -0.0870122  -0.000799975 -0.000260634   0.00127785 0.000790257 0.000356433 -0.00107227   2.78184 -0.103629  -9.40817 18.2943
  7.3702 -11.0599  -30.767  -0.157697  -0.165103 -0.0788479 -0.132419    15.266  0.641594  0.0196423 0.00695824  0.0884087   -0.26072  -0.575723 -0.0912083  -0.000497449 -0.000151187   0.00173804 0.000797318 0.000360813 -0.00107089   2.78176 -0.103636   -9.4082 18.3073
 7.92231 -10.9059 -32.2166  -0.162214  -0.176051 -0.0805026 -0.127202   15.2628  0.643444  0.0196124 0.00694496  0.0883977  -0.268585  -0.565479 -0.0943004  -0.000901516  0.000145138   0.00115161 0.000791264 0.000354959 -0.00107033   2.78184 -0.103614  -9.40818 18.3193
 8.47461 -10.6109 -33.8884 -0.166758 -0.187168 -0.081666 -0.123574   15.2563  0.644708  0.0195643 0.00693558  0.0883889  -0.276294  -0.556313 -0.0969322  -0.000971895  6.08962e-06   0.00155482 0.000781901 0.000350266  -0.0010774   2.78192 -0.103622   -9.4081 18.3313
 8.92683   -10.29 -35.4141  -0.172041  -0.197265 -0.0838837 -0.121647   15.2579  0.645406   0.019575 0.00692704  0.0883851 -0.286952 -0.545985 -0.107594  -0.000872646 -0.000119212   0.00155063 0.000783365 0.000348029  -0.0010726   2.78193 -0.103596  -9.40814 18.343
  9.4657  -9.8598 -37.4335  -0.180328  -0.210868 -0.0872316 -0.133313   15.2637  0.641193  0.0196283 0.00695331  0.0883959 -0.307796 -0.539916 -0.116267  -0.000647514 -5.23446e-05   0.00168834 0.000792653 0.000361401 -0.00106774   2.78179 -0.103648  -9.40822 18.3592
 9.86606 -9.47574 -39.1737  -0.186783  -0.222356 -0.0896004 -0.136047   15.2622  0.640212  0.0196156 0.00696039  0.0883959 -0.312019 -0.533126 -0.121639  -0.000273826 -1.66349e-05   0.00154278  0.00079111 0.000364769 -0.00106922   2.78178 -0.103684  -9.40821 18.3726
 10.3909 -9.22329 -40.5884  -0.191907  -0.230955 -0.0922518 -0.131625    15.264  0.641798 0.0196288 0.0069493 0.0883924   -0.3114 -0.522048 -0.131722  -0.000800036  0.000221965   0.00134736 0.000791689 0.000360287 -0.00106089   2.78182 -0.103643  -9.40827 18.383
 10.8156 -8.86925 -42.0647   -0.19735  -0.240154 -0.0940124 -0.128481    15.262  0.642951  0.0196089 0.00694506  0.0883898 -0.311187  -0.51195 -0.130794  -0.000768112  2.27723e-05   0.00130056 0.000790214 0.000356806 -0.00106935   2.78184 -0.103631  -9.40819 18.3938
 11.2219 -8.52938 -43.5483  -0.202995  -0.248801 -0.0964862 -0.12366  15.2642 0.644661  0.0196156 0.00692312  0.0883831 -0.310395 -0.497258 -0.133144   -0.00069957 -2.52043e-05   0.00134181  0.00079336  0.00035142 -0.00106822   2.78186 -0.103571  -9.40819 18.4044
 11.6852 -8.03046 -45.4055  -0.210949  -0.260607 -0.0998388 -0.127979   15.2664  0.643068  0.0196406 0.00693343  0.0883853 -0.313847 -0.483898 -0.137344  -0.000552081 -0.000140197   0.00119658 0.000797266 0.000356613 -0.00106806   2.7818 -0.10358 -9.40821 18.419
 11.9793 -7.53827 -47.0783 -0.217692 -0.270174 -0.102335 -0.12948  15.2678 0.642467  0.0196529 0.00693526  0.0883843 -0.315512 -0.465631 -0.134655  -0.000124628 -0.000245965   0.00139439 0.000800697  0.00035822 -0.00107383   2.78175 -0.103569  -9.40817 18.431
 12.3207 -7.15922  -48.611 -0.223725 -0.278896  -0.10453 -0.126874   15.2673  0.643396  0.019649 0.0069291 0.0883876  -0.31401  -0.44327 -0.132527  -0.000198562  2.75267e-08   0.00117593 0.000800236 0.000356036 -0.00107927   2.78176 -0.103561  -9.40812 18.4418
 12.5876 -6.68773 -50.0968 -0.229294 -0.286017 -0.106575 -0.120145   15.2694  0.645638  0.0196686 0.00690855   0.088396 -0.308496 -0.416974 -0.132762  -0.000251304 -0.000187455   0.00128587 0.000803597 0.000348307 -0.00108451   2.7818 -0.10349 -9.40807 18.4511
 12.6354 -6.35365  -51.615 -0.235011 -0.292926 -0.108736 -0.115957   15.2715  0.646921  0.0196902 0.00689161  0.0884081 -0.303154 -0.390807 -0.129361  0.000179436  2.6095e-05   0.0013085 0.000807698  0.00034412 -0.00108892   2.78181 -0.103436  -9.40803 18.4603
 12.6369 -5.93644 -53.5458 -0.242456 -0.302647 -0.112659 -0.11687  15.2711 0.646631 0.0196795 0.0069116 0.0884025 -0.294061 -0.362384  -0.13667  0.000380786 9.98893e-05 0.000994354  0.00080604 0.000345751 -0.00107961   2.78182 -0.103456   -9.4081 18.4732
 12.4415 -5.70318 -54.9884 -0.248328 -0.309957 -0.114936 -0.119619   15.2689  0.645838  0.0196639 0.00689525  0.0883837 -0.289101 -0.340666  -0.13432  0.000840184 0.000261859 0.000867481 0.000804269 0.000347834 -0.00108595    2.7818 -0.103486  -9.40806 18.4828
 12.4318 -5.58752 -56.0899 -0.253225 -0.315553 -0.117631 -0.116356   15.2695  0.646869  0.0196813 0.00690762  0.0884107 -0.281508 -0.314459 -0.132085  0.000543037 0.000436276 0.000139047 0.000804562 0.000344995 -0.00108115   2.78183 -0.103467  -9.40809 18.4908
 12.5255 -5.49029  -57.237 -0.258567 -0.320415 -0.119905 -0.112748   15.2734  0.647614  0.0197392 0.00692292  0.0884523 -0.275233  -0.29046 -0.127947   0.000265622  0.000562724 -9.95281e-05 0.000810618 0.000342196 -0.00108449  2.78183  -0.1034 -9.40805 18.4983
  12.726 -5.32971 -58.4595 -0.263906 -0.326031 -0.122749 -0.114146   15.2739  0.647099  0.0197155 0.00693187  0.0884393 -0.268252 -0.271474 -0.126042  -4.03834e-05  0.000466182 -1.84083e-05 0.000810341 0.000344026 -0.00107887   2.78183 -0.103408   -9.4081 18.5066
 12.9615 -5.21595 -59.8497 -0.270476 -0.332371  -0.12573 -0.114933   15.2744  0.646764  0.0197109 0.00693599   0.088437 -0.260217 -0.246473 -0.116519   -5.7856e-05  0.000542547 -0.000212648  0.00081105  0.00034499 -0.00107902   2.78181 -0.103405  -9.40811 18.5162
 13.1844 -5.06882 -60.8656 -0.275438 -0.336972 -0.127771 -0.114086    15.274  0.647099  0.0197242 0.00693202  0.0884416  -0.25159 -0.227016  -0.10981  -1.43721e-05  0.000324511 -0.000367339 0.000810787 0.000343735 -0.00108157   2.78182 -0.103404  -9.40808 18.5233
 13.4648  -5.0931 -61.5842 -0.279666 -0.340509 -0.128982 -0.109312   15.2734  0.648807  0.0197896 0.00693158  0.0884605  -0.243654  -0.205497 -0.0967147  -0.000168094  0.000484664 -0.000883047 0.000810881  0.00033897 -0.00109019  2.78185 -0.10339   -9.408 18.5289
 13.8098 -5.07289 -62.2748 -0.284056 -0.343569 -0.130409 -0.103733   15.2752  0.650411  0.0198746 0.00695682  0.0884837  -0.232884  -0.181297 -0.0847878  -0.000380238  0.000341057  -0.00113149 0.000813618 0.000333553 -0.00109431    2.7819 -0.103346  -9.40795 18.5344
 14.1007 -5.16692 -62.8392  -0.28772 -0.345521 -0.131847 -0.0932766    15.2787   0.653499  0.0200134 0.00699837  0.0885138 -0.218206 -0.156695 -0.072595  -0.000377086  0.000397735  -0.00141292 0.000817875  0.00032445 -0.00109268     2.782 -0.103273  -9.40793 18.5388
 14.5336 -5.30887 -63.5459 -0.293068 -0.349761   -0.1342 -0.0991325    15.2777    0.65175  0.0199084 0.00696062  0.0884938  -0.206319  -0.138327 -0.0654669  -0.000469887   0.00053282  -0.00158736 0.000815441 0.000330129 -0.00108341  2.78196 -0.10331 -9.40802 18.546
 14.7891 -5.23641 -64.2335 -0.297289 -0.353226  -0.13536 -0.103677   15.2737  0.650774  0.0198596 0.00691297  0.0884767  -0.190284  -0.121836 -0.0559372  -0.000103215  0.000143531  -0.00126463 0.000810108 0.000332503 -0.00108479   2.78194 -0.103371  -9.40802 18.5516
  14.984 -5.23692 -64.7353 -0.300295 -0.354702 -0.136313 -0.0979081    15.2751    0.65251  0.019924 0.0069348  0.088483  -0.172589  -0.100629 -0.0513348  -2.09579e-05  0.000232948  -0.00147795 0.000812157  0.00032822 -0.00108387   2.78199 -0.103339  -9.40801 18.5551
 15.1224 -5.08029 -65.2322 -0.303017  -0.35639 -0.136403 -0.0961114    15.2727   0.653413  0.0199601 0.00692689  0.0884854  -0.155186 -0.0842158 -0.0368781  6.66473e-05 5.87178e-06 -0.00158294 0.000809941 0.000325241 -0.00109293     2.782 -0.103361  -9.40794 18.5583
 15.2787 -4.88929  -65.717 -0.305509 -0.357414 -0.136705 -0.0945141    15.2737   0.653777  0.0199794 0.00694429  0.0884869  -0.140541 -0.0666873 -0.0250091   6.04849e-05 -9.43671e-05  -0.00147065 0.000811849 0.000323758 -0.00109613  2.78201 -0.10334 -9.40791 18.561
 15.5065 -4.68085 -66.1291 -0.308645 -0.358968 -0.137574 -0.0949452    15.2733   0.653711  0.0199775 0.00693291  0.0884874  -0.109142 -0.0474425 -0.0165672  -6.77032e-05 -1.63747e-05  -0.00185955 0.000810597 0.000324603 -0.00109039   2.78202 -0.103351  -9.40795 18.5646
 15.4928 -4.44122 -66.3778 -0.309802  -0.36043 -0.137887 -0.0908748    15.2654   0.656187  0.0200525 0.00686498  0.0885298  -0.0686629   -0.030558 -0.00365314   0.000331496 -0.000312962   -0.0020657 0.000799714  0.00031993 -0.00108538    2.7821 -0.103458  -9.40797 18.5665
 15.5219 -4.46124 -66.4982 -0.310153 -0.361069 -0.137876 -0.0883626    15.2617   0.657551  0.0200908 0.00683249  0.0885511 -0.0454683 -0.0198314 0.00301365   0.000366398 -0.000109268  -0.00226625 0.000794461 0.000317512 -0.00108374   2.78214 -0.103511  -9.40798 18.5673
 15.5813 -4.37705 -66.6638 -0.310525 -0.361012 -0.137479 -0.0849605    15.2619   0.658545  0.0201293 0.00684278  0.0885618  -0.0227232 -0.00105365   0.0153651   0.000142763 -0.000374449  -0.00222493 0.000794874 0.000314372 -0.00108599   2.78217 -0.103505  -9.40795 18.5678
 15.5974 -4.43484 -66.7516 -0.310848 -0.360072 -0.136868 -0.0813419    15.2668   0.658734  0.0201547 0.00689691  0.0885583 -0.000731641    0.0234294    0.0276531   0.000155199 -0.000229741  -0.00234971 0.000801502 0.000311863 -0.00108952   2.78219 -0.103435  -9.40791 18.569
 15.5678 -4.59395 -66.6512  -0.30998 -0.359501 -0.136228 -0.0790581    15.2633   0.660066  0.0201945 0.00687136  0.0885781 0.0325868 0.0456832 0.0352409   0.000299296 -5.27494e-05   -0.0028098 0.000796586 0.000309764 -0.00108568   2.78223 -0.103485  -9.40793 18.5702
 15.4518 -4.61167 -66.4651 -0.308377 -0.358871 -0.135223 -0.077868   15.2568  0.661716  0.0202414 0.00681654  0.0886067 0.0653076 0.0644807 0.0433035   0.000584059 -0.000355699  -0.00293326 0.000788671 0.000307052 -0.00108628   2.78227 -0.103569  -9.40792 18.5722
15.4506 -4.7195 -66.186 -0.306563 -0.357063 -0.135452 -0.0730383    15.2592     0.6626  0.0202825 0.00686375  0.0886213 0.0932141 0.0888207 0.0421196   0.000457974 -0.000322147  -0.00316551 0.000790372 0.000306198 -0.00107105  2.78233 -0.10355 -9.40803 18.5748
 15.4253 -4.72982 -65.7963 -0.304565 -0.354624 -0.134808 -0.0700246    15.2627   0.662695  0.0203034 0.00691287  0.0886242  0.117197  0.113477 0.0440566   0.000245775 -0.000584042  -0.00336009  0.00079476  0.00030506 -0.00106894   2.78235 -0.103505  -9.40804 18.578
 15.2878 -4.80465 -65.3096 -0.301727 -0.351757 -0.133733 -0.063902   15.2645  0.664005  0.0203824 0.00695012  0.0886549 0.144881 0.138284 0.052945   0.000426427 -0.000538953  -0.00357438 0.000796558 0.000300148 -0.00107005   2.78241 -0.103486  -9.40801 18.5821
  15.171 -4.89541 -64.4565 -0.297913 -0.348351 -0.132628 -0.0642032    15.2634   0.664175  0.0203827 0.00693806  0.0886567  0.173318  0.165417 0.0623114   0.000347768 -0.000560546  -0.00408855 0.000794895 0.000300837 -0.00106616   2.78242 -0.103504  -9.40804 18.5874
 14.9901 -4.95814 -63.6277 -0.293039  -0.34468 -0.131109 -0.0593734    15.2587    0.66656  0.0204801 0.00690292  0.0887055  0.203988  0.188632 0.0737189   0.000489685 -0.000742328  -0.00413128 0.000788673  0.00029635 -0.00106403   2.78249 -0.103569  -9.40804 18.5937
 14.8623 -5.19955 -62.8527 -0.288407 -0.341225 -0.130456 -0.0559415     15.256   0.668123  0.0205388 0.00688393  0.0887312  0.232276  0.208304 0.0788926   0.000474354 -0.000330412  -0.00430951 0.000783565  0.00029516 -0.00105103  2.78254 -0.10362 -9.40813 18.5995
 14.7357 -5.40789 -61.9077 -0.283861 -0.336775 -0.128306 -0.0538775    15.2577   0.668243  0.0205723 0.00690647  0.0887425  0.254224  0.233036 0.0906336   0.000381172 -0.000342716  -0.00478939 0.000786051 0.000292144 -0.00105913   2.78255 -0.103594  -9.40806 18.6062
 14.6023 -5.63098 -61.0718 -0.278293 -0.331884 -0.126137 -0.048371   15.2564  0.670039  0.0206658 0.00691101  0.0887769  0.278263  0.257518 0.0997924   0.000366498 -0.000298624  -0.00456422 0.000784723  0.00028661 -0.00106268   2.78261 -0.103607  -9.40801 18.6139
 14.4579 -5.93684 -59.8637 -0.271869 -0.325655 -0.124103 -0.047885   15.2576  0.669878    0.02066 0.00692681  0.0887747 0.296629 0.287548 0.105378   0.000193265 -0.000370636  -0.00482507 0.000786066 0.000287343 -0.00105893   2.78262 -0.103594  -9.40804 18.6231
  14.161 -6.26083 -58.6803 -0.264344 -0.319719  -0.12145 -0.0473584    15.2501   0.671916  0.0207036 0.00684035  0.0887872 0.319848 0.308553  0.11258   0.000519258 -0.000415199   -0.0047921 0.000776244 0.000284888 -0.00105932   2.78265 -0.103693  -9.40803 18.633
  13.961 -6.61275 -57.6084 -0.257714 -0.313695 -0.120002 -0.0428059    15.2494   0.673424  0.0207516 0.00684642  0.0888035 0.339801 0.332086 0.111988   0.000494366 -0.000223114  -0.00500912 0.000774267 0.000282841 -0.00104818   2.78271 -0.103712   -9.4081 18.6421
 13.7508 -6.94547 -56.3583 -0.250343 -0.306499 -0.117136 -0.0383126    15.2485   0.674836  0.0208348 0.00685071  0.0888298 0.359461 0.357758  0.12275   0.000368615 -0.000243053   -0.0054088 0.000773961 0.000277774  -0.0010546   2.78275 -0.103712  -9.40804 18.6528
 13.5892 -7.23006 -55.3514 -0.244229 -0.299805 -0.114669 -0.0370408    15.2509   0.674549  0.0208506 0.00688291  0.0888386 0.373701 0.378871 0.126948   0.000266997 -0.000215796  -0.00525931 0.000777737 0.000276751 -0.00106035   2.78275 -0.103673  -9.40799 18.6622
 13.2779 -7.58172 -53.8738 -0.236465 -0.291376 -0.112419 -0.0422299    15.2534   0.672482 0.0207526 0.0068983 0.0888112 0.384735 0.404172 0.125631   0.000294487 -0.000385901   -0.0054321 0.000780265 0.000283081 -0.00105426   2.78269 -0.103655  -9.40806 18.6739
 12.8655 -7.92446 -52.2952 -0.226989 -0.282219 -0.109365 -0.0399696    15.2489   0.674275  0.0207907 0.00685549  0.0888206 0.402954 0.428482 0.127087   0.000502933 -0.000563168  -0.00537812 0.000774298 0.000280182 -0.00105477   2.78273 -0.103711  -9.40804 18.6874
 12.5452 -8.31803 -50.9105 -0.219034 -0.274003 -0.107352 -0.0347728    15.2483   0.675932  0.0208464 0.00686042  0.0888396 0.419145 0.449998 0.124049   0.000442398 -0.000320796  -0.00563506 0.000773288 0.000276807 -0.00104885   2.78279 -0.103714  -9.40807 18.699
 12.1483 -8.65437 -49.3726 -0.210215 -0.264393 -0.104544 -0.0280142    15.2483   0.677859  0.0209563 0.00687434  0.0888785 0.431161 0.474696 0.128173   0.000364181 -0.000489283  -0.00591962 0.000774159 0.000270384 -0.00105246   2.78285 -0.103696  -9.40803 18.7124
 11.7038 -9.06016  -47.928 -0.202193 -0.254639 -0.102169 -0.0291326    15.2524   0.676578  0.0209456 0.00691408  0.0888798 0.435758 0.497797 0.125532   0.000435597 -0.000172954  -0.00566188 0.000779232 0.000271769  -0.0010531   2.78282 -0.103647  -9.40803 18.7252
 11.2389 -9.33638 -46.2927  -0.193965  -0.244843 -0.0998566 -0.0347929     15.253   0.674776  0.0208672 0.00691671  0.0888499 0.436038 0.518147 0.124368   0.000407963 -0.000365317   -0.0058174 0.000779853 0.000277314  -0.0010518   2.78276 -0.103654  -9.40806 18.7382
 10.7222 -9.59522 -44.5671  -0.185144  -0.233169 -0.0968488 -0.0397033    15.2563   0.672595  0.0208168 0.00694042  0.0888275 0.429834 0.541596 0.119057   0.000576305 -0.000571232  -0.00560512 0.000784636 0.000281257 -0.00106062  2.78269 -0.10362 -9.40801 18.7531
 10.3831 -9.84166 -43.0664  -0.177547  -0.222294 -0.0947535 -0.0384182    15.2613   0.671881  0.0208448 0.00699104  0.0888341 0.423055 0.565885 0.111763   0.000364864 -0.000500192  -0.00560885 0.000791444 0.000281115 -0.00106186   2.78267 -0.103555    -9.408 18.7666
 10.1398  -10.042 -41.3584  -0.169013  -0.210727 -0.0919671 -0.0330497      15.26   0.673711  0.0209053 0.00698098  0.0888521 0.419785 0.587092  0.11251  -0.000309832  -0.00068141  -0.00599468 0.000791764 0.000275228 -0.00107002   2.7827 -0.10354 -9.40792 18.7812
 9.82017 -10.2762 -39.6802  -0.161306  -0.198566 -0.0899598 -0.0257879    15.2666   0.674773 0.0209937 0.0070186 0.0888546  0.41546 0.609724 0.107171    -0.0002923 -0.000715037  -0.00605074 0.000799947 0.000270033 -0.00106964   2.78274 -0.103445  -9.40791 18.7958
 9.59402 -10.5216 -37.6476   -0.15341   -0.18583 -0.0881256 -0.0322495    15.2691   0.672192  0.0209475 0.00704605  0.0888485  0.400736  0.625156 0.0965999  -0.000595983 -0.000773514  -0.00620103 0.000803527  0.00027686 -0.00106817   2.78266 -0.103438  -9.40795 18.8109
 9.24302 -10.5731  -35.597  -0.145537  -0.172877 -0.0857209 -0.0430616    15.2671   0.668868  0.0208368 0.00706811  0.0888595  0.380458  0.635436 0.0895006  -0.000335353  -0.00113288  -0.00591765 0.000801956  0.00028625 -0.00107785   2.78255 -0.103496   -9.4079 18.8262
 8.97431 -10.6654 -33.8485  -0.138862   -0.16078 -0.0843902 -0.0421513    15.2703   0.668723  0.0208649 0.00708075  0.0888451   0.36915  0.647901 0.0776474  -0.000332324 -0.000987173  -0.00597103 0.000805658 0.000285861 -0.00107529   2.78254 -0.103459  -9.40792 18.8401
 8.71669 -10.7161 -31.9713  -0.130862  -0.147149 -0.0824559 -0.0361596    15.2681   0.671113  0.0208865 0.00706111  0.0888456  0.360679  0.660323 0.0759683  -0.000674269  -0.00103816  -0.00590245 0.000803869 0.000279587 -0.00107866   2.7826 -0.10345 -9.40788 18.856
 8.33189 -10.8821 -30.2231  -0.124449  -0.133698 -0.0809143 -0.0347217    15.2729   0.671113  0.0209203 0.00707444  0.0888234  0.345562  0.674746 0.0706866  -0.000514303 -0.000841258  -0.00573805 0.000810384 0.000278363 -0.00108238   2.78257 -0.103389  -9.40786 18.871
 7.95928 -11.0808 -28.3538  -0.118294  -0.120913 -0.0799218 -0.0434084    15.2717   0.668079  0.0208826 0.00709824  0.0888363  0.322645  0.683986 0.0649159  -0.000564836 -0.000722139  -0.00572927 0.000809081 0.000287068 -0.00107928   2.78251 -0.103442   -9.4079 18.8852
 7.40749 -11.2896 -26.2423  -0.111787  -0.106243 -0.0782723 -0.0498696      15.27   0.665781  0.0208517 0.00712019  0.0888414  0.297744  0.697377 0.0639861  -0.000321384 -0.000803582  -0.00574012 0.000807448 0.000292879 -0.00108504   2.78246 -0.103489  -9.40787 18.9013
 6.91511 -11.5536 -24.5196  -0.106431 -0.0931873 -0.0771945 -0.0501058    15.2702   0.665716  0.0208514 0.00711861  0.0888406  0.277788  0.711854 0.0599538  -0.000196259 -0.000556195  -0.00559883 0.000807232 0.000292662 -0.00108368   2.78246 -0.103488  -9.40788 18.9155
 6.45163 -11.7401 -22.5527   -0.10032 -0.0786837   -0.07542 -0.0443953    15.2654   0.668278  0.0208407 0.00708717  0.0888459  0.259731  0.726892 0.0570653  -0.000481716 -0.000604182  -0.00584662 0.000802733 0.000286291 -0.00108975   2.78253 -0.103488  -9.40781 18.9313
 5.76495 -11.9322 -20.3592 -0.0943697 -0.0601405  -0.074188 -0.0380421    15.2686   0.670661  0.0208851 0.00706809  0.0888615  0.232747  0.747803 0.0479603  -0.000333954 -0.000606047  -0.00546979  0.00080684 0.000280536 -0.00108928   2.78254 -0.103422  -9.40781 18.9508
 5.36609 -12.0442 -18.8374 -0.0916645 -0.0489856 -0.0740367 -0.0457561    15.2714   0.667296 0.0208865 0.0071052 0.0888487  0.210432  0.751118 0.0368677  -0.000527329 -0.000669394  -0.00551638 0.000809935  0.00028861 -0.00108484   2.78248 -0.103452  -9.40786 18.9623
 4.74417 -12.2264 -16.8417 -0.0882101 -0.0338874 -0.0729847 -0.0490521    15.2726   0.665819  0.0208988 0.00712044  0.0888442  0.181963   0.76017 0.0345978  -0.000439619 -0.000654237  -0.00561119 0.000812616 0.000292159 -0.00109258   2.78242 -0.103463  -9.40782 18.9779
 4.09098 -12.4344 -14.9074 -0.0854234 -0.0188707 -0.0724379 -0.0514582    15.2759   0.664647 0.0209245  0.007136 0.0888459  0.154232  0.769422 0.0295534  -0.000180475 -0.000486765  -0.00554304 0.000816312  0.00029451  -0.0010939   2.78238 -0.103457  -9.40782 18.9931
 3.63535  -12.533 -12.7745  -0.0819196 -0.00336924  -0.0720528 -0.0485729    15.2726   0.666052  0.0208927 0.00711375   0.088842  0.133155  0.775231 0.0193326  -0.000626139 -0.000625644  -0.00591916 0.000811933  0.00029199  -0.0010891   2.78243 -0.103461  -9.40784 19.009
 3.07537 -12.6312 -10.8267 -0.0799058  0.0125295 -0.0719579 -0.0474662    15.2762   0.666373   0.020936 0.00712294  0.0888542  0.104621    0.7816 0.0113516  -0.000555724 -0.000628611  -0.00564514 0.000815779  0.00029163 -0.00108754   2.78241 -0.103437  -9.40786 19.0251
  2.5661 -12.6915 -8.78061 -0.0784604   0.028128 -0.0724762 -0.0489449    15.2796   0.665558 0.0209566 0.0071443  0.088854  0.0757762   0.780681 0.00105697   -0.00064315 -0.000650298  -0.00562464 0.000818741 0.000293901 -0.00107891   2.78239 -0.103437  -9.40793 19.0407
 1.89874 -12.7013 -6.45569 -0.0780538  0.0446654 -0.0723672 -0.0557454    15.2833   0.662237  0.0209721 0.00719474  0.0888463  0.0390613   0.775403 -0.0026857   -0.00040178 -0.000682123  -0.00568957 0.000824012 0.000300862 -0.00108553   2.78231 -0.103474   -9.4079 19.0573
 1.52166 -12.7179 -4.57576 -0.0780539  0.0593277 -0.0729573 -0.0541297    15.2879   0.662837  0.0210319 0.00719571  0.0888531 0.00938889   0.774877 -0.0111061   -0.00074154 -0.000566572  -0.00548407 0.000829023 0.000299487 -0.00108051   2.78228 -0.103441  -9.40795 19.0719
 1.09764 -12.6928 -2.44784 -0.0772979  0.0749407 -0.0728727 -0.0526938    15.2817   0.663739  0.0209661 0.00717253   0.088851 -0.0125835   0.770112 -0.0136571   -0.00116978 -0.000564574  -0.00557789 0.000822538 0.000297665 -0.00108151   2.78234 -0.103449  -9.40793 19.0876
 0.596452  -12.7649 -0.533077 -0.0783792  0.0905324 -0.0732217 -0.0492798    15.2867   0.665282  0.0210311 0.00715566  0.0888555  -0.042664    0.77041 -0.0168825    -0.0010688 -0.000361842  -0.00531326 0.000828157 0.000294123 -0.00108306   2.78229 -0.103402  -9.40792 19.1032
0.0750771  -12.8137   1.53408 -0.0805994   0.104875 -0.0743362 -0.0580857    15.2939   0.660934  0.0210884 0.00721935   0.088865 -0.0760344   0.759715 -0.0238375  -0.000987468 -0.000232564  -0.00541053   0.0008354 0.000303149 -0.00107791   2.78222 -0.103464  -9.40798 19.1178
-0.482098  -12.7174   3.65901 -0.0824091   0.119721 -0.0752111 -0.0647922    15.2936   0.657638  0.0210599 0.00726018  0.0888618  -0.102321    0.75102 -0.0289904  -0.000933363 -0.000576831   -0.0053504 0.000833851 0.000309943  -0.0010731   2.78223 -0.103527  -9.40802 19.1328
-1.01792 -12.6733  5.65669 -0.0842701   0.134421 -0.0760235 -0.0633037    15.2925   0.658401  0.0210372 0.00724751  0.0888585  -0.122683    0.74878 -0.0345521  -0.000980065 -0.000556644  -0.00531581  0.00083156 0.000307954 -0.00106849   2.78226 -0.103511  -9.40805 19.1476
-1.58408 -12.6441  7.76349 -0.0862831   0.149562 -0.0772415 -0.0589002    15.2909   0.660637   0.020995 0.00722079  0.0888517 -0.136101  0.746774 -0.044707    -0.0010767 -0.000388888  -0.00545959 0.000827911 0.000303275 -0.00105912  2.78231 -0.10347 -9.40811 19.1629
-2.12926  -12.562  9.63823 -0.0881861    0.16347 -0.0775913 -0.0576418     15.285   0.661342  0.0209263 0.00721132  0.0888469 -0.149244   0.74086 -0.046348   -0.00104063 -0.000415114  -0.00513599 0.000821824 0.000301527 -0.00106275   2.78236 -0.103456  -9.40807 19.177
 -2.6551 -12.4816  11.7929 -0.0915917   0.177991  -0.078525 -0.0567874    15.2865    0.66173  0.0209509 0.00720554  0.0888505  -0.171817   0.734921 -0.0524733   -0.00127124 -0.000371117  -0.00536574 0.000824394 0.000300802 -0.00106461   2.78233 -0.103449  -9.40806 19.1919
-3.29271 -12.2974  13.8962 -0.0951511   0.192483  -0.079657 -0.0597442    15.2852   0.660297  0.0209337 0.00722868  0.0888448  -0.193353   0.724638 -0.0601158   -0.00113181 -0.000620393  -0.00518582 0.000822806 0.000304389 -0.00106417   2.78236 -0.103482  -9.40806 19.2069
-3.95892 -12.1429  16.0059 -0.0995678   0.207193 -0.0809397 -0.0600672    15.2871   0.660126  0.0209533 0.00723053  0.0888457  -0.214691   0.717383 -0.0656124  -0.000909081 -0.000531073  -0.00501643 0.000824486 0.000304688 -0.00106555   2.78234 -0.103488  -9.40805 19.2223
-4.50798 -11.8438  18.3234  -0.103094   0.222179 -0.0835661 -0.0549568    15.2839   0.662609  0.0208969 0.00720331  0.0888497  -0.222797   0.711708 -0.0804133    -0.0010787 -0.000666939  -0.00530505 0.000816832 0.000300007 -0.00104365   2.78242 -0.103432  -9.40821 19.2379
-5.03465 -11.5089  20.8033  -0.106625   0.236686 -0.0853423 -0.0584527    15.2761    0.66116  0.0207956 0.00722395  0.0888511  -0.229269   0.694975 -0.0899013   -0.00123664 -0.000681669  -0.00536129 0.000807574 0.000302626 -0.00103824   2.78253 -0.103432  -9.40822 19.2529
-5.46396 -11.0022  23.3444  -0.110923   0.249965 -0.0875964 -0.0624717    15.2743   0.659277  0.0207644 0.00725212  0.0888546 -0.239477  0.673419 -0.104135   -0.00159777 -0.000966572  -0.00576254  0.00080539 0.000307157 -0.00103202   2.78258 -0.103466  -9.40826 19.2671
-5.84697 -10.4966  25.7784  -0.116574   0.263444 -0.0895955 -0.0597022    15.2773   0.660464  0.0208229 0.00724514  0.0888428 -0.255722    0.6546  -0.11478  -0.00179178 -0.00102519 -0.00573507 0.000810646 0.000304857 -0.00103776   2.78251 -0.103463  -9.40823 19.2818
 -6.3147 -9.97021  28.2528  -0.121454   0.276514 -0.0921829 -0.0600514    15.2757    0.66029  0.0207973 0.00723743  0.0888491 -0.262378  0.635368 -0.124045  -0.00161076 -0.00109805 -0.00561936 0.000807581 0.000305167 -0.00103356   2.78255 -0.103454  -9.40826 19.296
-6.68492  -9.5677  30.6218  -0.126019   0.288721 -0.0949656 -0.0616882    15.2729   0.659735  0.0207496 0.00722519  0.0888581 -0.267497  0.612383 -0.132481   -0.00163484 -0.000833497   -0.0054556 0.000802953 0.000305567 -0.00102704    2.7826 -0.103435  -9.40829 19.3093
-7.05528 -9.17394  32.8325 -0.131211  0.300309 -0.098282 -0.0656112    15.2741    0.65803  0.0207345 0.00724765  0.0888574  -0.27447  0.585391 -0.141024   -0.00151987 -0.000715626  -0.00481742 0.000802324 0.000308974 -0.00101744   2.78265 -0.103467  -9.40836 19.3225
-7.37925 -8.93695  34.9755 -0.136651  0.310664 -0.101461 -0.0746224    15.2773   0.654097  0.0207301 0.00732637  0.0888669 -0.280835  0.553041 -0.142049  -0.00168242 -0.00041161 -0.00464979 0.000805201 0.000317132 -0.00101292   2.78269 -0.103556  -9.40838 19.3346
-7.86171 -8.66709  36.7733  -0.14197  0.321637 -0.103908 -0.0747261    15.2744    0.65401  0.0206831 0.00732403  0.0888678 -0.283961  0.524393 -0.137132   -0.00137271 -0.000495077  -0.00419181 0.000801991 0.000317222 -0.00101684   2.78272 -0.103534  -9.40835 19.347
-8.26514 -8.53227  38.3051 -0.148385  0.330676 -0.106364 -0.0815899    15.2807   0.651063  0.0208021 0.00737065  0.0888801 -0.290654  0.486503 -0.130082   -0.00142686 -0.000333982  -0.00340658 0.000810693 0.000324203 -0.00102432   2.78269 -0.103649  -9.40829 19.3584
-8.82777 -8.40691  39.7568 -0.153787  0.340557 -0.108687 -0.0831144    15.2762   0.650293  0.0207488 0.00739138   0.088865  -0.28544  0.459117 -0.120176   -0.00121977 -0.000147568   -0.0029681 0.000805669 0.000325169 -0.00102552  2.78274 -0.10362 -9.40827 19.3699
-9.47597 -8.28519  40.7376  -0.15883  0.348478 -0.110723 -0.0907387    15.2747   0.646892  0.0208241 0.00742041  0.0888318 -0.279119  0.427373 -0.111758  -0.000899774 -0.000197196  -0.00240273 0.000803512 0.000332115 -0.00102673  2.78281 -0.10366 -9.40824 19.3795
 -10.095 -8.13063  41.6873 -0.164948  0.356401 -0.113168 -0.0921217    15.2795   0.646603  0.0208917 0.00736484  0.0888389 -0.276858  0.393749 -0.107347  -0.000919399 -0.000228627  -0.00224222 0.000808942 0.000332933 -0.00102609   2.78278 -0.103709  -9.40826 19.3898
-10.7682  -7.9527  42.4269 -0.170467  0.364824  -0.11488 -0.0855785    15.2775   0.649324  0.0207654 0.00737653  0.0888747  -0.269458   0.370265 -0.0953094  -0.000749157 -0.000366606  -0.00184846 0.000807303 0.000327716 -0.00103145   2.78273 -0.103651  -9.40823 19.4
-11.3691 -7.90164  43.0544 -0.176356  0.371466 -0.117081 -0.0882933    15.2834   0.648676 0.0208488 0.0072939 0.0888732  -0.260944   0.337484 -0.0887126  -0.000708194 -0.000266019  -0.00150724 0.000813275 0.000329085 -0.00102873   2.78271 -0.103713  -9.40825 19.4091
 -11.776 -7.98883  43.6576 -0.180967  0.377342 -0.119023 -0.0935303    15.2824   0.646277 0.0209493  0.007326 0.0888458  -0.244257   0.300808 -0.0819924  -0.00101768   6.405e-05 -0.00136422 0.000810766 0.000333363 -0.00102284  2.78278 -0.10373 -9.40828 19.4169
-12.1893 -7.99984  44.2222 -0.185991  0.382232 -0.119821 -0.101618   15.2834  0.643357   0.021168 0.00723005  0.0888269   -0.22973   0.260222 -0.0642616  -0.00115012 5.81235e-05 -0.00124772  0.00081379 0.000340054 -0.00103415    2.7828 -0.103792  -9.40819 19.4239
-12.5106 -8.02117  44.8637 -0.190713  0.386541 -0.121456 -0.105299   15.2877  0.642522  0.0212512 0.00715587  0.0888291 -0.209973  0.217215 -0.057607  -0.00137494 7.99487e-05 -0.00140423 0.000818181 0.000342073    -0.00103    2.7828 -0.103847  -9.40821 19.4305
-12.8602 -7.95088  45.5581 -0.194989  0.391592 -0.122186 -0.0993667    15.2846    0.64426  0.0211323 0.00721097  0.0888302  -0.183375   0.182777 -0.0442882   -0.00137177 -0.000146952  -0.00153092 0.000815433 0.000338284 -0.00103477   2.78277 -0.103794  -9.40819 19.4372
-13.1195 -7.91408  46.0304 -0.197739  0.394225 -0.123211 -0.106612   15.2827   0.64126  0.0212653 0.00723859  0.0888278  -0.155797   0.143214 -0.0335332  -0.00132728 -0.00022023  -0.0012984 0.000812466 0.000343904 -0.00102844   2.78286 -0.103807  -9.40822 19.4411
-13.2126  -7.9062  46.4691 -0.200442  0.395891 -0.124033 -0.112972   15.2853  0.639603  0.0213793 0.00718809  0.0888383  -0.129305    0.10155 -0.0255119   -0.00161049 -5.12645e-05  -0.00119073 0.000815242 0.000348202 -0.00102511   2.7829 -0.10386 -9.40823 19.4444
-13.3283 -7.80969  46.7271 -0.202493   0.39706 -0.124165 -0.118111   15.2849   0.63781  0.0214794 0.00718078  0.0888527   -0.100747   0.0626426 -0.00897753   -0.00165661 -0.000175069 -0.000887251 0.000815279 0.000352896  -0.0010277   2.78294 -0.103883  -9.40819 19.4468
-13.4372 -7.75893  46.9082 -0.204417  0.397575 -0.124569 -0.120751   15.2884   0.63779  0.0215136 0.00712702  0.0888508 -0.0752438  0.0254144 0.00236374   -0.00166976 -0.000235901 -0.000730496 0.000818725 0.000353825 -0.00102377   2.78295 -0.103924  -9.40822 19.4488
-13.5055 -7.78949  46.9003 -0.205163  0.398762 -0.124097 -0.113264   15.2804  0.638045  0.0214037 0.00725939  0.0888458 -0.0415098 -0.0019638  0.0151064   -0.00163878 -0.000253358 -0.000483703 0.000809867 0.000349272 -0.00102507   2.78293 -0.103815  -9.40822 19.4503
-13.5064 -7.94845  46.6927 -0.205415  0.398139 -0.124131 -0.11679   15.281 0.637029  0.0214535 0.00724665  0.0888535 -0.00608793   -0.036275   0.0228386    -0.0016317 -0.000233398 -7.07341e-05 0.000809387 0.000350676 -0.00101835   2.78297 -0.103821  -9.40826 19.4509
-13.4366 -8.35283  46.4156 -0.204948  0.396571 -0.123509 -0.122911   15.2809  0.635187   0.021572 0.00722375  0.0888897  0.0274724 -0.0710364  0.0377516  -0.00176542 0.000227115 0.000206009 0.000809571 0.000355786 -0.00101828   2.78302 -0.103846  -9.40825 19.4527
-13.3848 -8.70939  45.8677 -0.203857   0.39459 -0.122345 -0.126177   15.2793  0.633833  0.0216578 0.00723356  0.0889176 0.0596107 -0.103973 0.0491215  -0.00174674 0.000228891 0.000662665 0.000808457  0.00035954 -0.00102226  2.78305 -0.10385 -9.40821 19.4552
-13.3455 -9.05048  45.2244 -0.202117  0.391948 -0.121616 -0.130736   15.2787  0.632329  0.0217256 0.00722059  0.0889334 0.0853466 -0.134131  0.058877  -0.00167912 0.000103853 0.000832853 0.000807526 0.000361439 -0.00101571   2.7831 -0.10385 -9.40824 19.4585
-13.2212 -9.42602  44.3203 -0.199772   0.38972 -0.119825 -0.122484   15.2719  0.632167   0.021608 0.00736558    0.08891  0.109574 -0.158917 0.0691723  -0.00176413 2.67066e-05 0.000987512 0.000800414 0.000356974  -0.0010198   2.78306 -0.103763  -9.40823 19.4622
-13.2697 -9.60311  43.1872 -0.197295  0.386077  -0.11837 -0.124545   15.2715   0.63172  0.0216416 0.00735578  0.0889154  0.131207 -0.191198 0.0762656   -0.00126196 -0.000467609    0.0014263 0.000800819  0.00035783 -0.00101968   2.78307 -0.103765  -9.40823 19.4668
-13.1602 -9.77774  42.1092 -0.194189  0.381889 -0.117954 -0.130042   15.2713  0.630038  0.0217104 0.00733383   0.088924  0.154082 -0.222353 0.0758112   -0.00141023 -0.000443612   0.00144934 0.000799374 0.000357816 -0.00100335   2.78314 -0.103757  -9.40833 19.4721
-13.0817  -9.7977  40.7839 -0.191025  0.376835 -0.116094 -0.133265   15.2726  0.629792   0.021771 0.00729142  0.0889158  0.171965 -0.253877 0.0830074   -0.00132646 -0.000708151   0.00168949 0.000801387   0.0003608  -0.0010079   2.78315 -0.103786  -9.40829 19.4783
-12.9596 -9.74441  39.6384 -0.187184  0.371174 -0.114089 -0.138917   15.2714  0.628024  0.0218889 0.00728129   0.088931  0.189636 -0.280596  0.095481   -0.00137616 -0.000844568   0.00152438 0.000800534 0.000365697 -0.00101047    2.7832 -0.103796  -9.40826 19.4854
-12.8169  -9.5574  38.5733 -0.182013  0.366748 -0.111961 -0.129009    15.256  0.625138 0.0218357 0.0075395 0.0891006  0.213595 -0.290659  0.101331  -0.00135172 -0.00104454   0.0012199 0.000783978 0.000360655 -0.00100855   2.78319 -0.103617  -9.40828 19.4926
-12.7151 -9.30537  37.4625 -0.178135  0.361211 -0.109766 -0.122607   15.2571  0.627095  0.0217302 0.00754817  0.0890802  0.219644 -0.306995  0.109905  -0.00120156 -0.00125839  0.00126195 0.000785331  0.00035617  -0.0010115  2.78313 -0.10361 -9.40828 19.4997
-12.4784 -9.13332  36.3984 -0.172984  0.354442 -0.108278 -0.127187   15.2556  0.625525  0.0218237 0.00753761  0.0891107  0.238253 -0.326813  0.113106  -0.00144778 -0.00105735  0.00121764   0.00078288   0.00035661 -0.000998042   2.78319 -0.103596  -9.40837 19.5083
-12.2424 -8.96773  35.4383 -0.167838  0.347709 -0.106166  -0.1322  15.2537 0.623656    0.02189 0.00753565  0.0891403  0.255688 -0.347196  0.120318  -0.00150941 -0.00100753  0.00113534  0.000781292  0.000359914 -0.000994787   2.78324 -0.103593  -9.40838 19.517
-11.8674 -8.92419  34.4433 -0.162487   0.34041 -0.103565 -0.134483    15.254  0.623219  0.0219082 0.00753325  0.0891479  0.270369 -0.370973  0.131543   -0.00186033 -0.000819866    0.0011573    0.0007814  0.000362289 -0.000995921   2.78326 -0.103605  -9.40836 19.5265
-11.4642 -8.93653  33.4605 -0.157251    0.3339 -0.100315 -0.122428   15.2496  0.624847   0.021809 0.00760316  0.0891477  0.277757 -0.387056  0.143839    -0.0019334 -0.000678197   0.00109548 0.000776252 0.000355698 -0.00100364   2.78318 -0.103529  -9.40833 19.5354
-10.8668 -9.14149  32.3142  -0.151692   0.325931 -0.0975348 -0.121224   15.2497  0.625275  0.0218031 0.00759621  0.0891368  0.283817 -0.413877  0.149396   -0.00198693 -0.000539573   0.00133244 0.000776527 0.000354689  -0.0010017   2.78317 -0.103529  -9.40835 19.5455
-9.97196 -9.62449  31.0469  -0.145563   0.317093 -0.0950832 -0.125001    15.249  0.624153  0.0218345 0.00756675  0.0891547  0.291118 -0.450388  0.149593   -0.00243373 -0.000101398   0.00164377  0.000774996  0.000355747 -0.000991977   2.78322 -0.103523  -9.40841 19.5566
-9.12127 -10.1191  29.8383  -0.139094    0.30775 -0.0925135 -0.127835   15.2447  0.622186  0.0218472 0.00755251  0.0891501 0.291278 -0.48745 0.145973  -0.00247576 0.000148486  0.00154448  0.000770377  0.000356285 -0.000982746   2.78328 -0.103481  -9.40846 19.5682
-8.21479 -10.6825  28.5628  -0.133853   0.297295 -0.0897031 -0.128735   15.2498  0.623605  0.0218573 0.00753468  0.0891958  0.278236 -0.524884  0.150667  -0.00246181 0.000335516  0.00155586   0.00077576  0.000357342 -0.000983698   2.78326 -0.103538  -9.40846 19.5802
-7.23666  -11.255  27.1289  -0.128795   0.286305 -0.0871033 -0.127827   15.2543  0.625161  0.0218296 0.00749055  0.0891913  0.265325 -0.554943  0.151104  -0.00254911 0.000375928  0.00172537  0.000779992  0.000354987 -0.000979305   2.78323 -0.103567   -9.4085 19.5926
-6.57064 -11.7979  25.6322  -0.124775   0.274798 -0.0836709 -0.12259  15.2606  0.62893   0.021853 0.00749515  0.0892452  0.244352 -0.582281  0.156447  -0.00204913 0.000364071   0.0019106  0.000788428  0.000353686 -0.000991498   2.78312 -0.103635  -9.40843 19.6053
  -5.859 -12.3367  24.0285  -0.119727   0.262795 -0.0813431 -0.128165   15.2609  0.627313  0.0218398 0.00745153  0.0892558  0.230759 -0.601814  0.151316  -0.00199423 0.000431298  0.00209442  0.000788645  0.000354756 -0.000979246   2.78318 -0.103642  -9.40851 19.6185
-5.37795 -12.6871  22.2986  -0.114347   0.250896 -0.0783422 -0.129731   15.2535  0.625278 0.0218089 0.0074779 0.0891981 0.220636 -0.60812 0.144462  -0.00151464 0.000147968  0.00222723  0.000781601  0.000354336 -0.000973711   2.78324 -0.103573  -9.40854 19.6319
-4.89512 -13.0366  20.5321  -0.111098   0.238473 -0.0759417 -0.127259   15.2617  0.627966  0.0218082 0.00743061  0.0892395  0.194235 -0.614641  0.138088  -0.00150719 0.000128056  0.00229819  0.000789585  0.000352092 -0.000973111   2.78317 -0.103629  -9.40856 19.645
-4.59847 -13.2506  18.8141  -0.107423   0.226042 -0.0737485 -0.129631   15.2637  0.627659 0.0218109 0.0074171 0.0892427  0.176629 -0.616642  0.130129  -0.00130897  1.9063e-05  0.00218669  0.000791376   0.00035261 -0.000966526  2.78319 -0.10365  -9.4086 19.6581
-4.33124 -13.3274  17.0195  -0.105257   0.214074 -0.0707659 -0.124408    15.269  0.630479  0.0218178 0.00737701  0.0892705  0.149892 -0.609366  0.125226   -0.00109413 -0.000219146   0.00221955  0.000798366  0.000349513 -0.000978895   2.78308 -0.103675  -9.40854 19.6706
-4.08494 -13.4053  15.3633  -0.102934    0.20288 -0.0696881 -0.120385   15.2735  0.632747  0.0217991 0.00737769  0.0893061 0.130558  -0.5955 0.108314  -0.000949541 -0.000209848   0.00217849  0.000800921  0.000345213 -0.000964898   2.78306 -0.103681  -9.40865 19.6821
-3.71936 -13.2915  13.7672  -0.100058   0.190828 -0.0669978 -0.117202   15.2685  0.633607  0.0217883 0.00738051  0.0893444  0.110703 -0.576006  0.103349  -0.000982419 -0.000434766   0.00174345  0.000796451  0.000342897 -0.000969355   2.78306 -0.103627  -9.40862 19.6948
-3.19879 -13.1415  12.4003 -0.0984268   0.179816 -0.0648322 -0.11252  15.2694 0.635469  0.0217891 0.00737322  0.0893711 0.0840483 -0.554648 0.0977253  -0.00132545 -0.00049626   0.0014653  0.000796916  0.000339483 -0.000973209   2.78302 -0.103607   -9.4086 19.7061
-2.76657 -12.9562   11.474 -0.0968161   0.168859 -0.0632471 -0.113224   15.2696  0.635282   0.021794 0.00737565  0.0893706 0.0649375 -0.530915  0.086814   -0.00146565 -0.000481502  0.000763239  0.000796204  0.000339731 -0.000969075   2.78304 -0.103609  -9.40863 19.7173
-2.45095 -12.7719  10.6265 -0.0962859   0.159424 -0.0609792 -0.10517  15.2683 0.638249  0.0218277 0.00736394  0.0894108 0.0368989 -0.495991  0.088751   -0.00125161 -0.000515178  0.000552319  0.000796186   0.00033378 -0.000978932   2.78297 -0.103561  -9.40857 19.727
-2.11725 -12.7484  9.90995 -0.0953523   0.150297 -0.0604213 -0.100528    15.266  0.640232 0.0219081 0.0073564 0.0894518 0.0268262 -0.462726 0.0775973   -0.00120153 -0.000342775  0.000403289  0.000791238  0.000330909 -0.000961421     2.783 -0.103526   -9.4087 19.7362
 -1.7989 -12.8895  9.33377  -0.094309   0.141348 -0.0584899 -0.101339   15.2611  0.640358  0.0218948 0.00732607  0.0894558 0.0235933 -0.429826 0.0887867   -0.00126426 -3.34148e-05  5.19526e-05   0.00078669  0.000331752 -0.000962217   2.78304 -0.103499  -9.40868 19.7454
-1.54178 -13.1332  8.64566 -0.0945481   0.133697 -0.0570423 -0.0921639     15.263   0.643446  0.0220031 0.00734648  0.0894971 0.0138264 -0.394845 0.0961478  -0.00111262 0.000214924 0.000213173  0.000787812   0.00032593 -0.000959311   2.78299 -0.103474  -9.40872 19.7532
-1.24488 -13.3987  8.05434 -0.0950743   0.126059  -0.055284 -0.0888601    15.2683    0.64378  0.0220366 0.00739793  0.0895197 -0.000286686    -0.363155     0.107852  -0.00121707  0.00030157 8.66794e-05  0.000792542  0.000324486 -0.000958778   2.78294 -0.103497  -9.40873 19.7611
-1.26585 -13.6691  7.31885 -0.0951207   0.119817 -0.0526175 -0.0839659     15.264   0.646205  0.0221116 0.00736628  0.0895508 -0.00428671   -0.328071     0.11505  -0.00052534 0.000268405 0.000295469  0.000789637  0.000319951 -0.000965223   2.78291 -0.103444  -9.40869 19.7679
-1.26644 -14.0375  6.48432  -0.095435   0.113991 -0.0513079 -0.0740164    15.2646   0.649429  0.0221908 0.00739903  0.0896171 -0.0124416  -0.293103   0.108858  -0.000397394   0.00039251  0.000349988  0.000788359  0.000315543 -0.000951124   2.78291 -0.103415   -9.4088 19.7739
-1.27396 -14.3133  5.71675  -0.095178   0.108945 -0.0479529 -0.0759763    15.2565     0.6504  0.0222063 0.00731424  0.0895908 -0.0187615     -0.265   0.119983  -0.000468458  0.000348256  0.000230173  0.000782155  0.000313887 -0.000963899   2.78293 -0.103363   -9.4087 19.7799
-1.39071 -14.5789  4.87178 -0.0961477   0.104456 -0.0457927 -0.068473   15.2584  0.652302  0.0222724 0.00734111  0.0896737 -0.0305873  -0.235107   0.117648  -0.000250988  0.000264915  0.000345782  0.000784011  0.000309268 -0.000963945   2.78289 -0.103339  -9.40871 19.785
 -1.4581 -14.7853  4.31311 -0.0972056  0.0997183 -0.0440079 -0.0687951    15.2627   0.651232  0.0222535 0.00738234  0.0896764 -0.0443314   -0.21404   0.109701  -0.000438343  0.000160043 -9.31459e-06  0.000787668  0.000310889 -0.000959003   2.78287 -0.103371  -9.40875 19.7902
  -1.697 -14.8886  3.87629 -0.0990287  0.0959073 -0.0415275 -0.0653612    15.2662   0.651212 0.0223076 0.0074018 0.0897276 -0.065589 -0.188338  0.106859  -8.98013e-05  3.08426e-05 -0.000233539  0.000791934  0.000307576 -0.000967489   2.78281 -0.103362   -9.4087 19.7951
 -1.6475 -14.9396  3.57101  -0.100842  0.0930609 -0.0402099 -0.0559778    15.2685   0.653383   0.022389 0.00745517  0.0898014 -0.0861963  -0.159979  0.0992471  -0.000376542 -4.03054e-05 -0.000397334  0.000792619  0.000303253 -0.000959193   2.78279 -0.103338  -9.40877 19.7987
-1.67851 -14.9985  3.41691  -0.102165  0.0904055 -0.0374037 -0.0565525    15.2607   0.655193  0.0224175 0.00737549  0.0897997 -0.104313 -0.140769  0.100299  -0.000527297 -7.37054e-05 -0.000743778  0.00078619  0.00030105 -0.00096709   2.78282 -0.103293   -9.4087 19.8028
-1.76194 -15.1118  3.10267  -0.104298  0.0881507 -0.0352465 -0.0537699    15.2573   0.656838  0.0224596 0.00735315   0.089818 -0.130794 -0.122432 0.0987663  -0.000393772 -3.70954e-05 -0.000527225  0.000783194  0.000298553 -0.000968536   2.78282 -0.103264  -9.40869 19.8066
 -1.8804 -15.2699  2.97146  -0.106805  0.0855734 -0.0341505 -0.0556064    15.2583   0.656108  0.0224155 0.00736516  0.0897996 -0.160054 -0.113929 0.0856102  -0.000363581  2.47609e-05 -0.000668437 0.000783247 0.000302016 -0.00095796   2.78285 -0.103292  -9.40876 19.8103
-2.19168 -15.4496  2.82552  -0.110592  0.0833546 -0.0320386 -0.057379   15.2592  0.655393  0.0224067 0.00736025  0.0897937 -0.199552 -0.102462 0.0840612   0.000149116  1.45759e-05 -0.000712259  0.000784966  0.000301918 -0.000965463   2.78283 -0.103294  -9.40871 19.8152
-2.14905 -15.7066  2.75865  -0.115482  0.0815457 -0.0309474 -0.0538958    15.2651    0.65493  0.0224181 0.00742226  0.0898103  -0.242103 -0.0899367  0.0695589  -0.000250237  0.000123839 -0.000781755  0.000789951  0.000300982 -0.000963091   2.78279 -0.103303  -9.40874 19.8205
-2.18473 -15.9989  2.88049  -0.121267  0.0803935 -0.0281376 -0.050833    15.259  0.657243  0.0225029 0.00737878  0.0898193  -0.290778 -0.0716288  0.0723096  -0.000522148  0.000222327   -0.0011499    0.0007861  0.000295505 -0.000980229   2.78277 -0.103249  -9.40861 19.827
-2.25044 -16.3422  2.95994  -0.128519  0.0791156 -0.0264347 -0.0487863    15.2615   0.657353  0.0225265 0.00740938  0.0898327  -0.334173 -0.0593388  0.0644707  -0.000516425  0.000302914  -0.00104323  0.000788941  0.000293726 -0.000985901   2.78273 -0.103243  -9.40858 19.8346
-2.26027 -16.8143  3.10035  -0.136286  0.0775098 -0.0257888 -0.0505099    15.2752   0.653614 0.0224656 0.0075249 0.0898805 -0.375063 -0.056189 0.0574957  -0.000683764  0.000509899   -0.0010762  0.000801747  0.000296566 -0.000988381   2.78264 -0.103296  -9.40859 19.8426
-2.52176 -17.5807  3.25832   -0.1442 0.0759415 -0.024985 -0.0545739    15.2775   0.651783  0.0224002 0.00752864  0.0898797  -0.406809 -0.0520532  0.0582732  -0.000328411  0.000804923  -0.00108348  0.000803494  0.000300244 -0.000983459   2.78265 -0.103328  -9.40862 19.8507
 -2.6064 -18.4769  3.35336  -0.152413  0.0750357 -0.0240438 -0.0531106     15.281   0.651557  0.0224076 0.00756253  0.0899161  -0.434519 -0.0485697  0.0554374  -0.000410176   0.00117257  -0.00102254  0.000806814   0.00029969 -0.000984888   2.78262 -0.103331  -9.40862 19.859
-2.81256 -19.4795  3.42544  -0.161013   0.074699 -0.0231391 -0.0469639    15.2784   0.654659  0.0224257 0.00755879  0.0898877  -0.453503 -0.0367861  0.0506055  -0.000332937   0.00133083  -0.00106946  0.000803421  0.000295865 -0.000979831   2.78265 -0.103297  -9.40865 19.8676
-3.02706 -20.5327  3.22524 -0.171168 0.0738754 -0.022014 -0.0483468    15.2793   0.654091  0.0224335 0.00756051  0.0899002  -0.478227 -0.0304215  0.0481442  -0.000222989   0.00139637 -0.000708215  0.000804581  0.000296267 -0.000982291   2.78263 -0.103301  -9.40864 19.8779
-3.24943 -21.3572  3.11253  -0.179444  0.0731353 -0.0213699 -0.0509895    15.2777   0.653406  0.0224004 0.00754499  0.0898643  -0.487019 -0.0274763  0.0399214  -0.000144887    0.0013917 -0.000688955  0.000802578  0.000298002 -0.000977667   2.78266 -0.103312  -9.40866 19.8862
-3.65377 -22.2549  2.93017 -0.189551 0.0721257  -0.02108 -0.0554333    15.2816   0.651695   0.022363 0.00754514  0.0898806  -0.499842 -0.0264205  0.0275429   0.000261748   0.00135027 -0.000680879  0.000805855  0.000301543 -0.000973928   2.78266 -0.103344  -9.40869 19.8964
-3.71867 -22.9971  2.57952  -0.199552  0.0717308 -0.0205516 -0.0554333    15.2816   0.651695  0.0223655 0.00754461   0.089877  -0.512021 -0.0188409  0.0194324   -0.00011544   0.00105372 -0.000387075  0.000805265  0.000300911 -0.000974152   2.78266 -0.103339  -9.40869 19.9064
-3.97712 -23.6184  2.18905 -0.210628 0.0719485  -0.02045 -0.0488911    15.2798   0.654282  0.0223414 0.00757079  0.0898933   -0.522175 -0.00961164  0.00157314  -3.91098e-05  0.000748791 -0.000395857  0.000803281   0.00029657 -0.000970781   2.78268 -0.103305  -9.40871 19.9175
-4.06612 -23.9826  1.78473  -0.221224  0.0718478 -0.0198661 -0.0494169    15.2768   0.654349   0.022376 0.00756359  0.0898809   -0.531573 -0.00712288 -0.00976629  -0.000202742  0.000481171 -0.000378829  0.000801268  0.000296173 -0.000979391   2.78267 -0.103298  -9.40865 19.9281
-4.24063 -24.3615  1.65517  -0.230978  0.0710054 -0.0201215 -0.0569227    15.2703   0.652547  0.0224046 0.00755284  0.0898491  -0.532292 -0.0114594 -0.0233193  -0.000125482  0.000443832 -0.000696212  0.000795052  0.000301323 -0.000975179   2.78273 -0.103334  -9.40865 19.9379
-4.14096 -24.7863  1.53431  -0.240792  0.0706669 -0.0206407 -0.0582725    15.2624    0.65231  0.0224253 0.00755996   0.089856  -0.525723 -0.0118959  -0.039197  -0.000551912  0.000305939 -0.000760456  0.000787586  0.000302191 -0.000970887   2.78279 -0.103337  -9.40865 19.9477
-4.08913 -25.5816  1.46489  -0.251144  0.0704463 -0.0208507 -0.0589388    15.2584   0.652218  0.0224425 0.00756369  0.0898522  -0.525532 -0.0105577 -0.0455272  -0.000663679  0.000819154 -0.000748767  0.000784084  0.000302572 -0.000978212   2.78279 -0.103336  -9.40859 19.9581
-4.07439 -26.5092  1.45077  -0.260945   0.071014 -0.0235713 -0.0495119    15.2583   0.653904  0.0224015 0.00757479  0.0898452   -0.519887 -0.00496108  -0.0680889  -0.000651574   0.00113354 -0.000783504 0.000783244 0.000295635 -0.00095209   2.78287 -0.103291  -9.40877 19.9683
-3.99727 -27.5096  1.47439  -0.270879  0.0705388 -0.0247602 -0.0537254     15.255   0.653107  0.0224099 0.00756687  0.0898463  -0.515408 -0.0109908 -0.0740124  -0.000750224   0.00128463 -0.000813127   0.00077989  0.000298404 -0.000952717   2.78289 -0.103309  -9.40875 19.9783
-3.98364 -28.6981  1.60931 -0.280822 0.0690298 -0.026306 -0.0662647    15.2515   0.651461  0.0224033 0.00753421  0.0898697  -0.509163  -0.024719 -0.0826088  -0.000727808   0.00149459  -0.00095329  0.000776996  0.000307955 -0.000950322   2.78292 -0.103377  -9.40874 19.9885
-3.91871 -29.7939  1.65515  -0.291089  0.0677279 -0.0280656 -0.0740995    15.2466   0.650587  0.0223956 0.00750928  0.0898699  -0.501878 -0.0338583 -0.0915789  -0.000641628    0.0011759 -0.000957038  0.000772586  0.000313563 -0.000947158   2.78297 -0.103415  -9.40873 19.999
-3.68246 -31.2346  1.62513 -0.301246 0.0665479 -0.030333 -0.0789185    15.2496    0.65015  0.0223829 0.00749846  0.0899233  -0.497162  -0.037517 -0.0992606  -0.000927141   0.00181583 -0.000756068   0.00077598  0.000317188 -0.000944893   2.78295 -0.103444  -9.40876 20.0094
-3.60101 -32.3461  1.66038  -0.309391  0.0663041 -0.0328325 -0.0747739    15.2455    0.64972  0.0223242 0.00747627   0.089866   -0.47863 -0.0335587  -0.109254  -0.000897078   0.00173507 -0.000864871  0.000772834  0.000312745 -0.000929713   2.78303 -0.103412  -9.40884 20.018
-3.32517 -33.4855  1.48627   -0.31916  0.0654504 -0.0341866 -0.0768659    15.2462   0.649921   0.022377 0.00749649  0.0898739  -0.470295 -0.0308047  -0.105647  -0.000958944   0.00163892 -0.000653069  0.000771734  0.000315392 -0.000943211   2.78298 -0.103429  -9.40875 20.0279
-3.01104 -34.3304  1.41248  -0.326595  0.0644896 -0.0360715 -0.0817242    15.2415   0.649353  0.0223652 0.00747564  0.0898723 -0.452901 -0.029798 -0.112888   -0.00127129   0.00137045 -0.000715392  0.000767767  0.000318788 -0.000938336   2.78303 -0.103452  -9.40875 20.0356
 -2.8464 -35.0065  1.45544   -0.33431  0.0634157 -0.0377067 -0.0873772    15.2288   0.648968  0.0223672 0.00745567  0.0898601  -0.421514 -0.0289648  -0.117565    -0.0011188  0.000656545 -0.000987071 0.000754702 0.000323135 -0.00093658   2.78311 -0.103475  -9.40869 20.0435
 -2.6413 -35.7331  1.46529  -0.341477  0.0628799 -0.0397257 -0.0881635    15.2222   0.648594  0.0223707 0.00744624  0.0898546  -0.397159 -0.0247749  -0.124337   -0.00104673  0.000738198 -0.000940148  0.000748286  0.000323347 -0.000934323   2.78316 -0.103473  -9.40867 20.051
-2.49843 -36.1491  1.65074  -0.348414  0.0628717 -0.0425685 -0.0843071    15.2209    0.64737  0.0223841 0.00743706  0.0898422  -0.375109 -0.0191029   -0.13545  -0.00111395  0.00054083 -0.00110523  0.000748307  0.000319341 -0.000926842   2.78319 -0.103446  -9.40872 20.0585
-2.31571 -36.5785  1.77732  -0.357206  0.0624343 -0.0447015 -0.0846668    15.2218   0.647856  0.0223552 0.00746239  0.0898334  -0.356822 -0.0168733  -0.127848  -0.00109778 0.000371092 -0.00101844  0.000744938  0.000320455 -0.000941427  2.78315 -0.10345 -9.40862 20.0676
-2.20665 -36.8618  2.01488   -0.36144  0.0615838 -0.0463982 -0.0910893    15.2067   0.648334  0.0223744 0.00741535  0.0899667  -0.323113 -0.0224963   -0.12001  -0.00124545 0.000149614 -0.00117781  0.000731196  0.000325639 -0.000934061   2.78325 -0.103477  -9.40857 20.0722
-2.51277 -37.2049  2.34075  -0.367952  0.0608647 -0.0486477 -0.0934397    15.2026   0.649174  0.0223687 0.00740254   0.090014  -0.298392 -0.0219072  -0.105722  -0.000328544 -0.000337971  -0.00145288  0.000726307  0.000328045 -0.000934428  2.78328 -0.10349 -9.40854 20.0791
-2.08773  -38.079  2.23492   -0.37253  0.0602746 -0.0506548 -0.0957495    15.1942    0.64912  0.0223962 0.00737838  0.0900784  -0.268631 -0.0224647 -0.0964849  -0.000735999  0.000364458   -0.0010754  0.000720404  0.000329205 -0.000926367   2.78334 -0.103495  -9.40854 20.0842
-1.93981 -38.6062  2.33213  -0.377708  0.0603422 -0.0526958 -0.090821   15.1948  0.646917  0.0224149 0.00738626   0.090065   -0.24875 -0.0205961  -0.094152  -0.000904867  0.000353843  -0.00115273  0.000721371  0.000324694 -0.000924523   2.78334 -0.103465  -9.40856 20.0897
-1.87668 -39.0702  2.26252  -0.383165  0.0600708 -0.0539041 -0.0894624     15.199   0.646753  0.0223742 0.00739784  0.0900303  -0.239377 -0.0222506  -0.084174  -0.000733563  0.000248271 -0.000965097  0.000720748  0.000323832 -0.000936358    2.7833 -0.103457   -9.4085 20.0953
-1.95449 -39.4133  2.38954  -0.387658  0.0588585 -0.0557104 -0.0957799    15.1977   0.649852 0.0223756 0.0073837 0.0900366  -0.220599 -0.0304492 -0.0794189  -0.000649765 -3.05781e-05  -0.00115447  0.000720915  0.000329463 -0.000933032   2.78331 -0.103496  -9.40851 20.1003
-2.21979 -39.7524  2.56652  -0.391246  0.0579398 -0.0570457 -0.0985068      15.19   0.651033  0.0223991 0.00737398  0.0901091   -0.19914 -0.0299565 -0.0657619  -0.000259574 -0.000227001  -0.00139638  0.000714381  0.000331986 -0.000928292  2.78336 -0.10351 -9.40849 20.1043
-1.98929 -40.1949  2.38074  -0.393944  0.0577129 -0.0581521 -0.0955832    15.1809   0.648824  0.0224393 0.00738144  0.0902005  -0.175689 -0.0254806 -0.0568099  -0.000537642  2.79864e-06 -0.000960683  0.000707651   0.00032918 -0.000921282   2.78341 -0.103489  -9.40848 20.1072
-2.03499  -40.479  2.45812  -0.397983  0.0579206 -0.0597165 -0.0890042    15.1863   0.645309  0.0224394 0.00739718  0.0901677  -0.166081 -0.0174114 -0.0532289  -0.000607012 -4.54663e-06   -0.0010972   0.00071423  0.000323411 -0.000920879   2.78339 -0.103454  -9.40853 20.1115
 -2.0087 -40.6855  2.39202 -0.401088 0.0580009 -0.060633 -0.0855896    15.1883   0.643333   0.022431 0.00740302  0.0901609  -0.153493 -0.0136327 -0.0474302   -0.00062515 -9.52172e-05 -0.000922278  0.000715562  0.000320375 -0.000922655   2.78337 -0.103433  -9.40853 20.1148
-2.12877 -40.8947  2.54389  -0.403143  0.0580006 -0.0607702 -0.0839415    15.1796   0.642123  0.0224412 0.00740617  0.0902666   -0.132268 -0.00833629  -0.0335381  -0.000619408 -0.000214319  -0.00112639  0.000704841  0.000319149 -0.000923707  2.78341 -0.10342 -9.40845 20.1168
-2.51443 -41.1004  2.77106  -0.405987  0.0579462 -0.0612689 -0.0833846    15.1802   0.641916 0.0224312 0.0074043 0.0902678   -0.115854 -0.00249414  -0.0249564    8.3428e-05 -0.000355001  -0.00147822  0.000703988  0.000318832 -0.000926301    2.7834 -0.103416  -9.40843 20.1197
-2.25772 -41.3592  2.68073  -0.407083  0.0579479 -0.0616468 -0.0834753    15.1718   0.641681  0.0224758 0.00741135  0.0903451 -0.0966056  0.0032954 -0.0159535  -0.000462491 -0.000217507  -0.00109936  0.000699117  0.000318883 -0.000918221   2.78345 -0.103415  -9.40843 20.1209
-2.38591 -41.5324  2.89579  -0.408945  0.0585579 -0.0628614 -0.078017   15.1739   0.63822  0.0225075 0.00743118  0.0903249 -0.0846818   0.010729 -0.0170134  -0.000498381  -0.00022436  -0.00128884  0.000707342  0.000313883 -0.000909863   2.78345 -0.103388  -9.40853 20.1232
-2.38413  -41.695  2.92249  -0.410818  0.0587517 -0.0635208 -0.0778453     15.178   0.638185  0.0225036 0.00743251  0.0902838 -0.0751728  0.0147099 -0.0118543  -0.000539091 -0.000258878  -0.00106908  0.000712603  0.000313777 -0.000908842  2.78343 -0.10339 -9.40857 20.1252
-2.65023 -41.8218  3.26312  -0.410813  0.0585696 -0.0629887 -0.0835778    15.1662   0.641809  0.0225347 0.00741889  0.0903774 -0.0509123   0.013775 0.00280396  -0.000470415 -0.000359026  -0.00128342  0.000701613  0.000318806 -0.000904256   2.78349 -0.103417   -9.4085 20.1257
-3.06901 -41.8303   3.5108  -0.411569   0.059066 -0.0626233 -0.0822492    15.1645   0.640888  0.0225387 0.00741933  0.0904033 -0.0329295  0.0169472  0.0128243   0.000115884 -0.000676811  -0.00141509 0.000699021 0.000317778 -0.00090501    2.7835 -0.103408  -9.40848 20.1267
-2.82461 -42.0401  3.44824  -0.411249  0.0591284 -0.0626714 -0.0845697    15.1583   0.642449  0.0225834 0.00742255  0.0904361 -0.0139108  0.0163973   0.018806   -0.00035311 -0.000404872  -0.00107584  0.000699225  0.000319763 -0.000894051   2.78354 -0.103422  -9.40852 20.127
-2.90815  -42.026  3.63185  -0.410987  0.0598302 -0.0628145 -0.0803818    15.1554   0.639606  0.0226205 0.00743485  0.0904514 0.00354816  0.0209103  0.0225792  -0.000547876 -0.000496386  -0.00126764  0.000701955  0.000316095 -0.000885355  2.78356  -0.1034 -9.40857 20.1278
-2.93753  -41.913  3.57427  -0.411492  0.0600564 -0.0625037 -0.0818484    15.1615   0.640684  0.0225939 0.00742981  0.0903952 0.0153254 0.0191954  0.029927  -0.000464612 -0.000680068  -0.00100677  0.000706756  0.000317333 -0.000888951  2.78353 -0.10341 -9.40859 20.1284
-2.99778 -41.8104  3.69941  -0.409606  0.0604906 -0.0615886 -0.08129  15.1496  0.64022   0.022651 0.00743588  0.0904969  0.042303 0.0173875 0.0383531  -0.000600089 -0.000708775  -0.00111649  0.000698802  0.000316987 -0.000880231   2.78359 -0.103403  -9.40856 20.1306
-3.37477 -41.3473  3.96875 -0.408783 0.0612702  -0.06024 -0.0783609    15.1523   0.637986  0.0226249 0.00743648  0.0904938 0.0572316 0.0206069 0.0527542  -0.000193742  -0.00144444  -0.00152825  0.000697482  0.000314384 -0.000886596   2.78357 -0.103386  -9.40853 20.1323
-3.36483 -41.3979  3.93378 -0.406181 0.0614075 -0.058498 -0.0810585    15.1413    0.63974  0.0226631 0.00743638  0.0905962 0.0844852 0.0168585 0.0663092   -0.00025527 -0.000914554  -0.00129054  0.000687087  0.000317003 -0.000882884   2.78362 -0.103396  -9.40847 20.1355
-3.40138 -41.1295  4.01141  -0.404987  0.0618127 -0.0566195 -0.0805422    15.1461   0.639544  0.0226139 0.00743212  0.0905764 0.0977814 0.0165608 0.0786338  -0.000415713  -0.00101764  -0.00120573  0.000685099  0.000316654 -0.000893699   2.78358 -0.103393  -9.40842 20.1377
 -3.5044 -40.8319  4.20457  -0.403327  0.0623095 -0.0547435 -0.0790017    15.1496   0.638551 0.0225818 0.0074322 0.0905584  0.114818  0.016244 0.0869193  -0.000538032  -0.00111531  -0.00129383  0.000684547  0.000315305 -0.000900431   2.78356 -0.103384  -9.40839 20.1403
-3.60025  -40.497  4.44018   -0.39974  0.0625214 -0.0527866 -0.0801692    15.1407   0.639175   0.022631 0.00743102   0.090637  0.140766 0.0130257 0.0941533  -0.000687491  -0.00121329  -0.00144812  0.000679499  0.000316274 -0.000892965    2.7836 -0.103386  -9.40838 20.1444
-3.93624 -39.8906  4.77298  -0.396138  0.0624883 -0.0505548 -0.0830237    15.1385   0.640813  0.0226361 0.00742635  0.0906572   0.163381 0.00924798   0.101142  -0.000283106  -0.00167962  -0.00170824   0.00067784  0.000318723 -0.000891746   2.78361 -0.103401  -9.40837 20.1486
-3.74504 -39.6118  4.79054  -0.391978  0.0620742 -0.0480736 -0.089155   15.1326  0.645261  0.0226489 0.00741908  0.0907242   0.186263 0.00496888   0.110279  -0.000563965  -0.00141819  -0.00145008  0.000672123  0.000323988 -0.000890503  2.78364 -0.10343 -9.40832 20.1535
-3.72446  -39.183   4.8561  -0.388042   0.062694 -0.0460956 -0.084486   15.1293  0.641822   0.022682 0.00742359  0.0907476  0.204737 0.0106264  0.116501  -0.000587358  -0.00144979  -0.00132034  0.000671128  0.000320077 -0.000885782   2.78365 -0.103404  -9.40833 20.1579
-3.64034 -38.6588  4.78142  -0.384565  0.0631627 -0.0430093 -0.082287   15.1358  0.640755  0.0226119 0.00743045  0.0907225  0.214783 0.0127233  0.128421  -0.000573182  -0.00161291   -0.0010495  0.000668111  0.000318673 -0.000899942   2.78361 -0.103395  -9.40826 20.1626
 -3.6106 -38.2567  4.75286  -0.379906  0.0631324 -0.0403762 -0.0849048    15.1322   0.642479  0.0226288 0.00742978   0.090761  0.233217 0.0100782  0.136578  -0.000565858  -0.00152581  -0.00102485  0.000665447   0.00032098 -0.000898043   2.78363 -0.103407  -9.40825 20.1679
-3.91353 -37.4868  4.80303  -0.374297  0.0625787 -0.0370561 -0.0920654    15.1288   0.646562  0.0226338 0.00742185  0.0908005   0.255133 0.00311971   0.145622  0.000152352 -0.00233187 -0.00137967  0.000661296  0.000327015 -0.000898841   2.78364 -0.103443  -9.40821 20.1745
 -3.7128 -37.4726  4.53585  -0.369425  0.0619445 -0.0343693 -0.0981415    15.1292   0.651049  0.0226444 0.00741153  0.0907916    0.272704 -0.00148252    0.150675  -2.62457e-05  -0.00132531 -0.000975948 0.000661987 0.000332739 -0.00089871  2.78364 -0.10348 -9.40821 20.1801
-3.41787 -37.0823  4.28138 -0.364125 0.0625104   -0.0319 -0.0924804    15.1308   0.647668  0.0226375 0.00741161  0.0907651   0.288905 0.00335638   0.151753  -0.000476741  -0.00131457 -0.000754247   0.00066699  0.000327641 -0.000893781  2.78364 -0.10345 -9.40827 20.186
-3.35677 -36.4979  4.19653  -0.357767  0.0626058 -0.0287043 -0.0918728    15.1331   0.647285  0.0226313 0.00740747  0.0907476   0.309573 0.00153442   0.152226  -0.000500229  -0.00149434 -0.000893595  0.000669248  0.000326986 -0.000893781   2.78364 -0.103447  -9.40828 20.1931
-3.21877 -36.0648  4.10292  -0.352656  0.0621777 -0.0261162 -0.0964829    15.1336   0.650394  0.0226377 0.00740152   0.090749    0.323683 -0.00169438    0.156076  -0.000598966  -0.00151977  -0.00087865  0.000668894  0.000330746 -0.000895485   2.78363 -0.103471  -9.40827 20.1988
-3.27903 -35.3635    4.236   -0.34547  0.0622914 -0.0228057 -0.0952219    15.1331   0.649314  0.0226378 0.00740384  0.0907523     0.346964 -0.000506006     0.154638  -0.000525322  -0.00172516  -0.00119301  0.000668471  0.000329302 -0.000895135   2.78363 -0.103461  -9.40827 20.2067
-3.41634 -34.6663  4.35023 -0.339415 0.0617729 -0.019836 -0.100081     15.14  0.652266  0.0226053 0.00739136  0.0907041    0.357186 -0.00225456    0.152491  -0.00022131 -0.00182328 -0.00126317 0.000671683 0.000333504 -0.00090216    2.7836 -0.103492  -9.40827 20.2135
-3.26821 -33.8982  4.46778 -0.332176 0.0619723 -0.016871 -0.0979572    15.1404   0.651434  0.0226055 0.00739415   0.090698   0.373876 0.00299018   0.149003  -0.00050676 -0.00181192 -0.00121569  0.000672249  0.000331764 -0.000901976    2.7836 -0.103481  -9.40827 20.2213
-3.37336 -32.8559  4.73735  -0.323266  0.0625605 -0.0134671 -0.0932179    15.1422   0.648737  0.0226095 0.00740138  0.0906799   0.393568 0.00995579   0.144376  -0.000479967  -0.00192941  -0.00131054 0.000673103 0.000327613 -0.00090269   2.78359 -0.103456  -9.40828 20.2309
 -3.3884 -32.0369  4.97598   -0.31589  0.0620939 -0.0111054 -0.0992522    15.1469   0.652586  0.0225893 0.00739496   0.090629   0.406762 0.00763382   0.139571  -0.000610118  -0.00192128  -0.00132973  0.000679427  0.000332486 -0.000901328   2.78358 -0.103493  -9.40832 20.2386
-3.47215 -31.1457  5.25567   -0.307505   0.0624332 -0.00798658 -0.0978827    15.1458   0.651676  0.0225804 0.00739629  0.0906474  0.424911 0.0121954  0.141103  -0.000536435  -0.00208027  -0.00143698   0.00067625  0.000331676 -0.000904679   2.78357 -0.103485  -9.40829 20.2476
-3.52932 -30.4639  5.37052   -0.299074   0.0624405 -0.00522736 -0.0999626    15.1501   0.652755  0.0225574 0.00739802  0.0906123  0.441397 0.0124637  0.136362  -0.000236234  -0.00169634  -0.00124932 0.000679303 0.000333668 -0.00090745   2.78356 -0.103502   -9.4083 20.2565
-3.25704 -29.6327  5.44626   -0.290522   0.0629462 -0.00330609 -0.0971468    15.1509   0.652041   0.022594 0.00739797  0.0905895  0.456237 0.0163591  0.129283  -0.000649654  -0.00179316  -0.00119262  0.000684313  0.000331121 -0.000899738   2.78356 -0.103489  -9.40836 20.2652
-3.08662 -28.7398  5.28801    -0.281378     0.063735 -0.000235618 -0.0926215    15.1529   0.650148 0.0225683 0.0074086 0.0905774  0.470128 0.0212558  0.129052  -0.000549205  -0.00188846 -0.000899518  0.000681941  0.000328227 -0.000907364  2.78354 -0.10347 -9.40832 20.2749
-2.79788 -27.9623   5.0508  -0.273348  0.0639997 0.00186473 -0.0931113    15.1588   0.650932  0.0225536 0.00740484  0.0905278  0.481765 0.0194934    0.1242  -0.000678526  -0.00189336 -0.000661959  0.000686918  0.000329004 -0.000909897  2.78351 -0.10348 -9.40834 20.2832
-2.53841 -27.0124  4.75913   -0.26441  0.0643297 0.00404785 -0.0930572    15.1668   0.651182 0.0225315 0.0073931 0.0904545  0.490911 0.0156329   0.11583  -0.000737042  -0.00202965 -0.000652182  0.000693677  0.000328757 -0.000913847   2.78347 -0.103485  -9.40836 20.2924
-2.45241 -26.1146  4.31225  -0.255262  0.0648388 0.00609793 -0.0905488      15.17   0.649909  0.0225145 0.00738842  0.0904298  0.506913 0.0145773  0.111857  -0.000432485  -0.00209589 -0.000535854  0.000696427  0.000326822 -0.000915177   2.78345 -0.103475  -9.40837 20.3018
-2.19419 -25.2577  3.83673  -0.244966  0.0653979 0.00787762 -0.0872014    15.1729   0.649046  0.0225033 0.00737904  0.0904101  0.525906 0.0125695  0.104387  -0.000502842  -0.00185961 -0.000484628   0.00070105  0.000324149 -0.000911607   2.78344 -0.103461  -9.40842 20.3123
-1.99461  -24.239  3.31772 -0.233006 0.0658037 0.0110955 -0.0856115    15.1674   0.648607  0.0224767 0.00741909  0.0904514   0.54973 0.0105153  0.107789  -0.000468391  -0.00188367 -0.000415187  0.000691265  0.000323739 -0.000919872   2.78346 -0.103453  -9.40832 20.3247
 -1.7888 -23.2881  2.86124 -0.222679 0.0658865 0.0137552 -0.0870996    15.1695   0.649089  0.0224628 0.00741157   0.090432   0.561891 0.00705269   0.104806  -0.000560392  -0.00191176 -0.000402409    0.0006888  0.000324884 -0.000930726   2.78343 -0.103458  -9.40825 20.3353
-1.71796 -22.2356  2.46469 -0.212488 0.0650977 0.0147616 -0.0960042     15.179   0.650768  0.0225279 0.00733835   0.090359    0.570007 7.34836e-05   0.0902461  -0.000440937  -0.00199873 -0.000551088  0.000700734  0.000330444 -0.000926027   2.78339 -0.103501  -9.40834 20.3456
-1.63975 -21.1327  2.06216    -0.201 0.0645062 0.0160465 -0.100997   15.1787  0.651597  0.0225703 0.00732588  0.0903498    0.586292 -0.00515298     0.07918  -0.000364555  -0.00214946 -0.000541766  0.000702759  0.000334253 -0.000920899    2.7834 -0.103527  -9.40838 20.3572
 -1.4766 -20.1646  1.79983 -0.188586 0.0648906 0.0169301 -0.0960487    15.1742   0.651128  0.0225668 0.00735359  0.0903904     0.609484 -0.000439603    0.0623881  -0.000490943  -0.00202582 -0.000593709  0.000702561   0.00033041 -0.000910133   2.78343 -0.103503  -9.40844 20.3696
-1.29197   -18.98  1.56304 -0.174772 0.0648571 0.0181217 -0.0965629    15.1728   0.651349 0.0225711 0.0073573 0.0903992  0.622851 0.0013124 0.0496313  -0.000599676  -0.00210658 -0.000642462  0.000701883  0.000330574 -0.000908583   2.78344 -0.103503  -9.40844 20.3835
-1.09045 -17.9828  1.39897 -0.162362  0.064742 0.0197634 -0.0988405    15.1722   0.651663   0.022556 0.00735867  0.0903892    0.633742 0.000738245   0.0399653  -0.000718777  -0.00201269 -0.000687688  0.000698096  0.000332146 -0.000919002   2.78343 -0.103511  -9.40836 20.396
-0.855099  -17.0171   1.29712 -0.151673 0.0641357 0.0193166 -0.10401  15.1797 0.652213    0.02258 0.00733133  0.0903774   0.634231 -0.0037221  0.0194333  -0.000828708  -0.00205614  -0.00080745  0.000707954  0.000335428 -0.000911234    2.7834 -0.103539  -9.40845 20.4067
-0.602901  -15.8445   1.13776 -0.137557 0.0639105 0.0196788 -0.105247   15.1804  0.652143  0.0225783 0.00732931  0.0903766    0.642356 -0.00511107  0.00344293  -0.000770302  -0.00210067 -0.000775921  0.000708066  0.000336633 -0.000912909    2.7834 -0.103547  -9.40844 20.4209
-0.342077  -14.9968   1.13111 -0.125321  0.064206 0.0188675 -0.101806   15.1785  0.652517  0.0225906 0.00732679   0.090385    0.651193 -0.00187066  -0.0151994  -0.000848969  -0.00188914 -0.000906561  0.000708524  0.000333314 -0.000900991   2.78343 -0.103525  -9.40851 20.4331
-0.115005  -13.9135   1.11747 -0.110375 0.0638024 0.0188455 -0.106398    15.171  0.651994  0.0225723 0.00731706   0.090403    0.662145 -0.00339897  -0.0274936  -0.000852847  -0.00191671 -0.000957166  0.000701347  0.000336312 -0.000902455   2.78347 -0.103538  -9.40848 20.4481
0.0345095  -12.8296  0.984394 -0.0963781     0.0635  0.0176483 -0.108039   15.1751  0.651685  0.0225759 0.00731536  0.0904021    0.662927 -0.00449655  -0.0502402  -0.000726643  -0.00188878 -0.000799202  0.000705971  0.000337916 -0.000900323   2.78345 -0.103552  -9.40851 20.4621
0.178775 -11.6572 0.843152 -0.0845699  0.0631029  0.0156495 -0.110267   15.1808  0.651349  0.0225985 0.00730842  0.0903978    0.660017 -0.00652424  -0.0745283  -0.000715824  -0.00222122 -0.000729421   0.00071299  0.000339662 -0.000891829   2.78342 -0.103568  -9.40858 20.4741
0.0135654  -10.4908  0.515339 -0.0719394  0.0630907  0.0142761 -0.109162   15.1837  0.650574  0.0225929 0.00730648  0.0903746     0.65855 -0.00322706  -0.0874375  -0.000192953  -0.00227223 -0.000497239 0.000715316 0.000339332 -0.00089711    2.7834 -0.103567  -9.40855 20.4868
-0.133007  -9.50783  0.231308 -0.0598907  0.0637958  0.0119637 -0.100877   15.1852  0.652524  0.0226112 0.00733115  0.0904098   0.660538 0.00521606  -0.107493  -0.000100815   -0.0021392 -0.000484079  0.000716953  0.000333937 -0.000890266    2.7834 -0.103535   -9.4086 20.4991
 -0.261904    -8.2722 -0.0616638 -0.0459156  0.0636367 0.00947568 -0.103552   15.1858   0.65211   0.022611 0.00732279  0.0903935   0.663048 0.00409743  -0.129491  -0.000318304  -0.00215448 -0.000481007    0.0007175  0.000336006 -0.000890779   2.78339 -0.103548  -9.40859 20.5133
-0.553147  -7.07121 -0.229593 -0.0347736  0.0643458 0.00654348 -0.0972692    15.1936    0.65359    0.02263 0.00733363  0.0903874  0.653656 0.0110788 -0.149231  -8.11317e-05  -0.00238809 -0.000610977  0.000725185  0.000331154 -0.000889599  2.78334 -0.10352 -9.40861 20.5248
-0.713457  -5.69369 -0.327759 -0.0219046  0.0645522 0.00273889 -0.0975544    15.2023   0.653553   0.022649 0.00733196  0.0903398  0.644461  0.012136 -0.173859  -0.000224471  -0.00243864 -0.000774882  0.000733813  0.000330969 -0.000888383   2.78328 -0.103522  -9.40863 20.5383
-0.905119  -4.46005 -0.382812  -0.00993747    0.0648564 -0.000147952 -0.0981397    15.2091   0.652774  0.0226281 0.00729929  0.0902525  0.640707 0.0118344 -0.185381   -0.00014147  -0.00238518 -0.000831069    0.0007412  0.000330495 -0.000902837   2.78322 -0.103517  -9.40854 20.5506
-0.876156  -3.28515 -0.300936  0.00337935   0.0654835 -0.00552589 -0.0928117    15.2098   0.655745  0.0226818 0.00734504  0.0903363  0.645516 0.0145101  -0.21445  -0.000363929  -0.00230945  -0.00098631  0.000740399  0.000327238 -0.000883232  2.78324  -0.1035 -9.40867 20.565
-0.691155  -2.18814 -0.032295 0.0158137 0.0657968 -0.010242 -0.0928054    15.2106   0.656561 0.0226936 0.0073506 0.0903488   0.63912 0.0167546 -0.236968  -0.000743686  -0.00213059  -0.00132114 0.000740826 0.000326586 -0.00087819   2.78324 -0.103496   -9.4087 20.5783
-0.702055 -0.616955   0.10697  0.0288539  0.0662885 -0.0163066 -0.0903748    15.2134   0.657386  0.0227344 0.00736838  0.0903787  0.626914 0.0193763 -0.263356  -0.000577223  -0.00254083  -0.00118172 0.000741996 0.000325845 -0.00086622   2.78324 -0.103494  -9.40878 20.5926
-0.612262  0.976027  0.493115  0.0411138  0.0664621 -0.0223436 -0.0919944    15.2207   0.656266  0.0227427 0.00739423  0.0903324  0.611388 0.0173171  -0.28464  -0.000577199  -0.00263472  -0.00139101  0.000749353  0.000326912 -0.000865261   2.78319 -0.103506  -9.40878 20.6063
-0.543165   2.50124  0.683918  0.0520996  0.0669045 -0.0271425 -0.0904682    15.2247   0.656824  0.0227192 0.00742343  0.0902452  0.596496 0.0138429 -0.295976  -0.000544096  -0.00276684  -0.00127825  0.000757066  0.000325884 -0.000880297   2.78313 -0.103502  -9.40868 20.6183
 -0.5238  3.81957 0.793593  0.0624405  0.0676862 -0.0336961 -0.0841008    15.2288   0.660746 0.0228091 0.0074496 0.0902737  0.586364 0.0154689 -0.319616  -0.000470868   -0.0026897   -0.0011476  0.000758116   0.00032174 -0.000866715   2.78312 -0.103477  -9.40877 20.6306
-0.380056   5.09775  0.952069  0.0740053  0.0674853 -0.0404908 -0.0887954    15.2292    0.65797  0.0227956 0.00743795  0.0902939  0.578441 0.0105273 -0.335876  -0.000713536  -0.00236046  -0.00116453  0.000757405  0.000325422 -0.000861712   2.78313 -0.103501   -9.4088 20.644
-0.462354    6.5017  0.964027   0.085116  0.0675766 -0.0480032 -0.0888636    15.2322   0.657353  0.0228137 0.00744385  0.0903202   0.570197 0.00851921  -0.357582  -0.000533011  -0.00250295 -0.000981722  0.000757437  0.000326388 -0.000851531   2.78313 -0.103509  -9.40886 20.6574
-0.44002  7.62449 0.967861    0.09566  0.0675103 -0.0551864 -0.090397   15.2366  0.655905  0.0228236 0.00745273  0.0903069   0.560603 0.00385232  -0.372682  -0.000527947  -0.00228963 -0.000957539  0.000762849  0.000327924 -0.000852905   2.78309 -0.103521  -9.40884 20.6702
-0.449761   8.67513  0.876697  0.105042  0.067575 -0.061805 -0.0899931    15.2434   0.655787  0.0228558 0.00746648  0.0902674   0.550798 0.00272298  -0.381197  -0.000477426  -0.00211968 -0.000854782 0.000774634 0.000328058 -0.00086344   2.78301 -0.103524  -9.40875 20.6816
-0.538137   9.72471  0.726769   0.115823  0.0678237 -0.0703255 -0.0872677    15.2469   0.657939  0.0228435 0.00748093  0.0903003   0.547468 0.00330197  -0.399692   -0.00033573  -0.00204929 -0.000722858  0.000773662  0.000326396 -0.000851776   2.78301 -0.103514  -9.40882 20.6954
-0.426253   10.9472  0.664774   0.127005  0.0675112 -0.0793417 -0.0905428    15.2507   0.655361  0.0228537 0.00747614  0.0903184     0.532377 -0.000855993    -0.415367  -0.000723686    -0.002221 -0.000833461  0.000776608  0.000329131 -0.000848556   2.78299 -0.103533  -9.40883 20.7098
-0.612525   12.0476  0.482774   0.136338  0.0679652 -0.0875372 -0.0855312    15.2539   0.659928 0.0228377 0.0074939 0.0903478   0.522061 0.00254718  -0.430249    -0.0004894  -0.00233462 -0.000676156  0.000776891  0.000325508 -0.000840644   2.78298 -0.103509  -9.40887 20.7222
-0.691563   13.1708  0.419709   0.146042  0.0679845 -0.0957786 -0.0859973    15.2563   0.659463  0.0228723 0.00748483  0.0903482   0.511977 0.00048779  -0.440375  -0.000485842  -0.00220231 -0.000807708  0.000783738  0.000325629 -0.000847756   2.78294 -0.103509  -9.40881 20.7349
-0.827072   14.6348  0.196087   0.15655  0.067869 -0.105386 -0.0868905    15.2601   0.658387  0.0229087 0.00746842  0.0903446    0.493475 0.000133305   -0.447734   -0.00050775  -0.00233786 -0.000715114  0.000792282  0.000326853 -0.000853817   2.78289 -0.103517  -9.40875 20.7492
-1.01351  15.9629 0.033241  0.166052 0.0684364 -0.114647 -0.0817378    15.2621   0.664144  0.022887  0.007488 0.0903717    0.47955 0.00468934  -0.461494  -0.000379539  -0.00240381 -0.000697898  0.000791247  0.000322406 -0.000848531   2.78289 -0.103488  -9.40878 20.7624
  -1.04133    17.3542 -0.0426966  0.176023  0.067795 -0.123563 -0.0881823    15.2577   0.656906  0.0228962 0.00747113  0.0903405    0.471949 -0.00314958    -0.47012   -0.00058852  -0.00259553 -0.000772332  0.000788326  0.000328006 -0.000853915   2.78291 -0.103525  -9.40877 20.7758
 -1.27534   18.4368 -0.188557  0.184381 0.0680251 -0.132599 -0.0851574    15.2596   0.660199  0.0228809 0.00748851  0.0903724    0.464105 -0.00163492   -0.480493  -0.000433646  -0.00248439 -0.000666085  0.000785464  0.000325728 -0.000846136   2.78292 -0.103511  -9.40881 20.7881
  -1.3777   19.5998 -0.283388  0.192829  0.067483 -0.142285 -0.0892867    15.2648   0.654991  0.0229161 0.00746544  0.0903635    0.443087 -0.00871984   -0.485806  -0.000519508  -0.00219515 -0.000779834   0.00079396  0.000329458 -0.000847991   2.78287 -0.103535  -9.40876 20.801
 -1.48281   21.0894 -0.521216  0.201963 0.0671762 -0.152763 -0.0906211    15.2674    0.65332  0.0229375 0.00745148  0.0903496    0.422688 -0.00929418   -0.486044  -0.000595941  -0.00235579 -0.000740278 0.000801164 0.000330668 -0.00085245   2.78283 -0.103542  -9.40871 20.8149
-1.62486  22.2205 -0.69408  0.209979 0.0672899 -0.162699 -0.0876141    15.2691   0.657289  0.0229211 0.00746824  0.0903795   0.406435 -0.0103135  -0.496523  -0.000469838  -0.00226158 -0.000721775  0.000796302  0.000327976 -0.000844536   2.78284 -0.103525  -9.40877 20.8277
 -1.48439    23.395 -0.767537  0.217782 0.0667837 -0.173033 -0.0899035    15.2713    0.65454  0.0229226 0.00746224  0.0903971    0.39136 -0.0128486  -0.502488  -0.000819865  -0.00230592 -0.000781767  0.000794379  0.000330257 -0.000838724   2.78284 -0.103541   -9.4088 20.8406
 -1.58678   24.3667 -0.879248  0.224952 0.0667012 -0.182422 -0.0884007    15.2708   0.656521  0.0229126 0.00746762  0.0903998   0.372581 -0.0143148  -0.504209  -0.00065947 -0.00221206 -0.00071972  0.00079174 0.000328812 -0.00083673   2.78285 -0.103531  -9.40882 20.8524
 -1.52222   25.5471 -0.802473  0.232016 0.0658896 -0.191929 -0.0925374    15.2698   0.650263  0.0229244 0.00745702  0.0903872  0.348004 -0.022305 -0.500444  -0.000652098  -0.00227099  -0.00095871   0.00079582  0.000332639 -0.000842487   2.78284 -0.103557  -9.40878 20.8643
 -1.39191   26.9566 -0.678763  0.239112 0.0650054 -0.202168 -0.0953301    15.2696   0.645496  0.0229483 0.00746044  0.0903636   0.321923 -0.0261091  -0.492296  -0.00066234 -0.00225072 -0.00104835 0.000808549 0.000335885 -0.00085489   2.7828 -0.10358 -9.40867 20.8768
 -1.30087    28.365 -0.487969  0.245255  0.064779 -0.212461 -0.0933759    15.2716   0.648769  0.0229483 0.00745938  0.0903844    0.30354 -0.0212862  -0.494772  -0.00053079 -0.00242721 -0.00106724  0.000803473  0.000333523 -0.000847426   2.78281 -0.103564  -9.40872 20.8888
-1.01323  29.9786 -0.33745   0.25173 0.0637719 -0.222033 -0.0977311    15.2668    0.64122  0.0229254 0.00744389  0.0903858   0.282295 -0.0252291  -0.490031  -0.000830193  -0.00280689  -0.00104515 0.000800966 0.000338781 -0.00085233   2.78284 -0.103599  -9.40872 20.9004
 -1.00874   31.2994 -0.362327  0.257073 0.0632625 -0.230662 -0.0980128     15.264   0.639866  0.0229182 0.00744524  0.0903702   0.266361 -0.0222479  -0.478785  -0.000722744  -0.00271966 -0.000849873  0.000802691   0.00033987 -0.000857842   2.78285 -0.103606   -9.4087 20.9106
-0.998762   32.5261 -0.236835  0.261879 0.0624903 -0.240112 -0.100612    15.266  0.634858  0.0229167 0.00743594  0.0903856   0.250961 -0.0226102  -0.473261  -0.000543456  -0.00243564 -0.000983391  0.000801077  0.000342512 -0.000853663   2.78285 -0.103625  -9.40872 20.9212
-0.960408   33.9394 -0.225516  0.267844 0.0624814 -0.250921 -0.0975304    15.2641   0.641055  0.0229187 0.00744424  0.0903779   0.235296 -0.0142651  -0.452284  -0.000562475  -0.00229031 -0.000897032 0.000800974 0.000338967 -0.00085609  2.78285  -0.1036 -9.40871 20.9335
-0.979427   34.8006 -0.122221  0.271402 0.0629581  -0.25954 -0.0926349    15.2692   0.651528  0.0229319 0.00746366  0.0903989    0.215636 -0.00995524   -0.436804  -0.000412798  -0.00199689  -0.00102909  0.000800361  0.000332323 -0.000848702   2.78283 -0.103555  -9.40873 20.9429
-0.949931   35.9197 -0.317335  0.275214 0.0625516 -0.267996 -0.0934779    15.2711   0.649332  0.0229402 0.00746292  0.0904062   0.199976 -0.0125643  -0.415926  -0.000791273  -0.00227299 -0.000698273 0.000803222 0.000334547 -0.00084804  2.78281 -0.10357 -9.40871 20.9522
 -1.04739   36.6477 -0.409936  0.278308 0.0618346 -0.275675 -0.0961228    15.2746   0.643036  0.0229325 0.00745499  0.0904202   0.183728 -0.0188647   -0.39792  -0.000748257  -0.00211281 -0.000611518  0.000800453  0.000338457 -0.000841508   2.78281 -0.103598  -9.40873 20.9605
-1.05859  37.2604 -0.16739   0.28122 0.0608544 -0.283231 -0.0998995     15.278   0.634564  0.0229247 0.00744553   0.090432   0.167729 -0.0247716  -0.380571  -0.000502353  -0.00177863 -0.000935925  0.000799932  0.000343025 -0.000836708   2.7828 -0.10363 -9.40874 20.9686
-0.975799   38.2926 -0.249267  0.284419 0.0599544   -0.2921 -0.10102  15.2806 0.631352  0.0229761 0.00744644  0.0904894  0.144146 -0.027629 -0.347245  -0.000782899  -0.00178049 -0.000758567 0.000813339 0.000345668 -0.00084135   2.78275 -0.103647  -9.40864 20.9781
-0.993619   38.9588 -0.122849  0.285988 0.0596454 -0.298922 -0.099623   15.2884  0.634712  0.0229385 0.00745852  0.0905194   0.127817 -0.0269474   -0.32931  -0.000587175  -0.00175782 -0.000863104  0.000809726  0.000343692 -0.000828697   2.78272 -0.103635  -9.40867 20.9851
 -0.776334    39.7761 -0.0544345   0.28834 0.0587383 -0.304414 -0.101843   15.2861  0.629082  0.0229742 0.00745307  0.0905343  0.116747 -0.030474 -0.299509  -0.000986616  -0.00216243  -0.00086483  0.000817553  0.000347276 -0.000835915   2.78271 -0.103659  -9.40862 20.9911
-0.819742   40.2981 -0.146637  0.289567 0.0580516 -0.309516 -0.102293   15.2905  0.627186  0.0229784 0.00745465  0.0905711   0.102985 -0.0320869  -0.277616  -0.000953303  -0.00208728 -0.000578461 0.000821615 0.000348801 -0.00083264  2.78268 -0.10367 -9.40859 20.9964
-0.790275   40.6567 0.0465194  0.290842 0.0574565 -0.315072 -0.102329   15.2963  0.627302  0.0229405 0.00745824  0.0905832 0.0909558 -0.030803 -0.257086  -0.000610246  -0.00159687 -0.000879332 0.000816195 0.000348414 -0.00082255   2.78268 -0.103668  -9.40862 21.0022
-0.632682   41.3355 -0.053698  0.293329 0.0567536 -0.321063 -0.102015   15.2935  0.628084  0.0229607 0.00745904  0.0905807  0.0824404 -0.0256327  -0.221773  -0.000938731  -0.00137595 -0.000680014  0.000818694  0.000348246 -0.000827193   2.78268 -0.103666  -9.40861 21.0087
  -0.81656    41.9776 -0.0620678  0.293731 0.0566428 -0.326008 -0.0997933    15.3034   0.633855   0.022893 0.00747404   0.090606  0.0630282 -0.0208264  -0.200542  -0.000469344  -0.00135173 -0.000773619  0.000811644  0.000344851 -0.000811584   2.78266 -0.103644  -9.40865 21.0137
-0.684797   42.9359 -0.114461  0.294368 0.0557784 -0.329227 -0.102498   15.3054  0.626057  0.0229076 0.00746461  0.0906335  0.0537962 -0.0218484  -0.174517  -0.000736684  -0.00194916  -0.00079731  0.000816847  0.000349394 -0.000811812   2.78264 -0.103675  -9.40861 21.017
-0.780921   43.3828 -0.230148  0.294418 0.0550144  -0.33177 -0.10442  15.3098 0.619849  0.0229166 0.00745677  0.0906759 0.0449502 -0.025118 -0.150108  -0.000731201  -0.00185909 -0.000668151    0.0008234  0.000353148 -0.000809714  2.78261  -0.1037 -9.40856 21.0197
-0.857695   43.7352 0.0136445  0.295065 0.0545058 -0.335003 -0.104392   15.3127  0.620059  0.0228822 0.00746088  0.0906668  0.0383771 -0.0261286  -0.124289  -0.000138326   -0.0014746  -0.00107234 0.000814958 0.000352679 -0.00080188   2.78262 -0.103698  -9.40861 21.023
 -0.802598    43.9433 -0.0231874  0.297016 0.0544235 -0.337984 -0.101621   15.3066  0.629173  0.0228755 0.00746792  0.0905941  0.0308308 -0.0231947 -0.0880011  -0.000363919 -0.000779941 -0.000961983  0.000805843  0.000347339 -0.000804816   2.78266 -0.103661  -9.40869 21.0266
-0.920978   44.3437  0.101807 0.297119   0.0543 -0.33942 -0.100122   15.3093  0.633766  0.0228615 0.00747667  0.0906144  0.0185362 -0.0211218 -0.0544207   9.81059e-05 -0.000955985  -0.00115441  0.000805976  0.000344754 -0.000801691   2.78265 -0.103643  -9.40868 21.028
-0.733416   44.8642 0.0589365  0.297429 0.0530603 -0.339732 -0.103742   15.3077  0.621874  0.0228927 0.00746242   0.090633 0.00845095 -0.0264562 -0.0085252  -0.000425807  -0.00143191  -0.00104237  0.000812504  0.000351477 -0.000806457  2.78264 -0.10369 -9.40864 21.0294
 -0.805417    44.9672 -0.0726117  0.297664  0.052174 -0.338471 -0.106519   15.3026  0.612865  0.0229695 0.00744858  0.0906826 0.00410628 -0.0292319   0.025694  -0.000566689  -0.00138897  -0.00077222  0.000829673  0.000356576 -0.000819983   2.78262 -0.103724  -9.40853 21.0309
  -1.05361    44.7482 -0.0320042  0.296404 0.0519149 -0.338596 -0.104851   15.3141  0.617684  0.0228744 0.00746653  0.0907038 -0.0115477 -0.0250519  0.0600253  -0.000218605 -0.000906827  -0.00082156  0.000820818  0.000354184 -0.000802788    2.7826 -0.103709  -9.40857 21.0322
 -1.11564   44.5228 -0.168999  0.296543 0.0522076 -0.336234 -0.100752   15.3091  0.631614 0.0228933 0.0074805 0.0906812 -0.0250075 -0.0184285   0.113418  -0.000481775  -0.00050317  -0.00076384  0.000820514  0.000346347 -0.000808307   2.78262 -0.103655  -9.40858 21.0346
 -1.62314   44.4212 -0.271584  0.295439 0.0524349 -0.334197 -0.0979506    15.3147   0.641062  0.0228213 0.00750325  0.0906747  -0.037422 -0.0111273   0.150662   0.000178604 -0.000474626 -0.000847135  0.000812825  0.000341528 -0.000798549   2.78262 -0.103623  -9.40862 21.0369
 -1.76432   44.4385 -0.666171  0.293569 0.0522539 -0.330721 -0.0979391    15.3205   0.640851  0.0228102 0.00750104  0.0907598 -0.0558419 -0.0086891   0.192932  -0.000461495 -0.000926555 -0.000591252  0.000820239   0.00034152 -0.000795413   2.78258 -0.103622  -9.40856 21.0409
-2.06946  44.1821 -1.04512  0.292505 0.0521556 -0.326537 -0.098026   15.3184   0.64083  0.0228439 0.00749377  0.0907956  -0.0662453 -0.00440056    0.232642  -0.000601818  -0.00094134 -0.000419351   0.00082677  0.000341505 -0.000800195   2.78257 -0.103621  -9.40852 21.0452
-2.46922   43.574  -1.0279  0.290298 0.0522225 -0.322484 -0.0968499    15.3264   0.643713  0.0227575 0.00751102  0.0907998  -0.0834985 0.000745459    0.265207  -3.21172e-05 -0.000447974 -0.000752512  0.000819879  0.000340837 -0.000788207   2.78256 -0.103618  -9.40854 21.0498
-2.54051  42.6846 -1.17667  0.288847 0.0526453 -0.315045 -0.0953851    15.3199    0.64861  0.0227987 0.00751406  0.0907543 -0.0954511 0.00723129   0.313988  -0.000395373  -2.6421e-05  -0.00071028  0.000819097  0.000337731 -0.000795086   2.78258 -0.103596  -9.40857 21.0574
 -2.64628   42.0338 -0.832312  0.286414  0.053037 -0.308677 -0.0938979    15.3231   0.653349  0.0227579 0.00752448  0.0907581  -0.115988 0.00808888   0.344704  1.94831e-05 3.05273e-05 -0.00105732  0.000816494  0.000336054 -0.000790482   2.78258 -0.103585  -9.40858 21.0642
 -2.38762   41.5015 -0.820945    0.2832 0.0532948 -0.302316 -0.0931684    15.3299   0.654279  0.0227092 0.00753396   0.090828  -0.136568 0.00979198   0.372696   -0.00063604 -0.000196285  -0.00091143  0.000818331  0.000335116 -0.000783916  2.78256 -0.10358 -9.40855 21.0714
 -2.48279    40.827 -0.915846  0.280764 0.0527138 -0.294815 -0.0969247    15.3265   0.641945   0.022774 0.00752126  0.0908769  -0.152146 0.00392582   0.402591  -0.000668777 -0.000258956 -0.000609685  0.000826356  0.000341283 -0.000790905   2.78255 -0.103622   -9.4085 21.0793
 -2.53522   39.8467 -0.653612  0.277257 0.0529477 -0.286928 -0.0958705    15.3304   0.645107  0.0227209 0.00752617  0.0908582  -0.171921 0.00871974   0.428637  -0.000173218  0.000130838 -0.000984905  0.000821142  0.000340666 -0.000784674   2.78255 -0.103617  -9.40852 21.0879
 -2.39137   38.6006 -0.854687  0.272852 0.0531545 -0.276532 -0.096482   15.3312  0.643233  0.0227006 0.00752155  0.0908327  -0.19648 0.0132209  0.457942  -0.000774021  0.000512293 -0.000610593  0.000817649   0.00034024 -0.000782393   2.78256 -0.103615  -9.40854 21.0992
 -2.52949   37.5902 -0.812877  0.267352 0.0540451 -0.267641 -0.0934566    15.3421    0.65372  0.0226006 0.00753992  0.0909022 -0.226264  0.020036  0.476724  -0.000417046  0.000637098  -0.00069274  0.000816373  0.000335642 -0.000770461   2.78253 -0.103584  -9.40852 21.1097
 -2.42939    36.827 -0.791981  0.262796 0.0541875  -0.25872 -0.0943787    15.3435   0.649552  0.0225986 0.00753878  0.0909333  -0.24757 0.0210638  0.495273  -0.000609841  0.000262426 -0.000746404  0.000818468  0.000337784 -0.000769923   2.78252 -0.103599   -9.4085 21.1197
 -2.44582   35.8325 -0.878672  0.259011 0.0541285 -0.248122 -0.0969946    15.3313   0.641227  0.0227542 0.00753637  0.0909675 -0.263234 0.0196272  0.520246  -0.000676805  0.000218313 -0.000569297  0.000831965  0.000341982 -0.000788254   2.78252 -0.103626  -9.40844 21.131
 -2.51349   34.4467 -0.638478  0.253329 0.0543525 -0.238117 -0.0974349    15.3359   0.639629  0.0226461 0.00752303  0.0908509 -0.285401 0.0211244  0.529932  -0.000266965  0.000596489 -0.000906956  0.000814658  0.000343484 -0.000776228   2.78255 -0.103637  -9.40855 21.1425
 -2.38849   33.0612 -0.768371  0.246372 0.0551302 -0.226926 -0.0959609    15.3402   0.644248  0.0226365 0.00753583  0.0909371 -0.317778 0.0219062  0.541739  -0.000661674  0.000847725 -0.000653488 0.000820517 0.000340336 -0.00077432   2.78253 -0.103616   -9.4085 21.1557
 -2.62409   31.7292 -0.956947   0.23943 0.0554482 -0.215824 -0.0967536    15.3413   0.642948   0.022643 0.00753536  0.0909743 -0.353521 0.0191623  0.553393  -0.000425723  0.000929418 -0.000527683   0.00082364  0.000341317 -0.000774502   2.78251 -0.103622  -9.40847 21.1688
 -2.8165  30.6528 -1.44285  0.232435 0.0560039 -0.205322 -0.0962002    15.3417   0.645787  0.0226048 0.00754205  0.0909225 -0.385533 0.0197452  0.560417  -0.000543931  0.000620614  -0.00034704  0.000815852  0.000338739 -0.000770782   2.78253 -0.103607  -9.40853 21.1814
-3.15751  29.2302  -1.9656  0.225023 0.0556155 -0.194297 -0.10019  15.3393 0.633676   0.022634 0.00753449  0.0908814 -0.406483 0.0170271  0.567402  -0.000542563  0.000769138 -0.000185707  0.000811099  0.000344867 -0.000771224   2.78255 -0.103649  -9.40856 21.1947
-3.54008  27.6842 -2.23959  0.217512 0.0558061 -0.184474 -0.0999887    15.3409   0.633086  0.0225673 0.00755481  0.0908147 -0.428398 0.0205641  0.566682  -0.000209803   0.00114757 -0.000359265  0.000797561  0.000346108 -0.000763064   2.78258 -0.103662  -9.40865 21.2071
-3.76909  25.6912 -2.42716  0.208745 0.0564995 -0.170742 -0.0988594    15.3283   0.634636   0.022636 0.00756697  0.0907134 -0.448536 0.0257747  0.570412  -0.000233939   0.00134443  -0.00054109 0.000795752 0.000345501 -0.00077522   2.78263 -0.103659  -9.40869 21.2234
 -3.9959  24.0957 -2.57719  0.200463 0.0568786 -0.159356 -0.0999159    15.3231   0.632093  0.0227102 0.00755572  0.0907009 -0.470529 0.0290032  0.572776  -0.000198324   0.00130424 -0.000522076  0.000801895  0.000347034 -0.000784226   2.78262 -0.103667  -9.40865 21.2374
 -4.0069  22.3985 -2.55863  0.191544 0.0578947 -0.148999 -0.0970356    15.3234   0.638027  0.0226197 0.00757625  0.0906297 -0.494229 0.0364954  0.564773  -0.000394508   0.00125759 -0.000670939 0.000788992 0.000343223 -0.00077699   2.78266 -0.103647  -9.40875 21.2512
-4.01022  20.5579 -2.51704  0.182316 0.0575005 -0.138016 -0.103019   15.3196   0.62137  0.0226293 0.00755645  0.0905409 -0.511776 0.0327635  0.554292   -0.00054957    0.0013585 -0.000695072   0.00078421  0.000351875 -0.000778448   2.78269 -0.103705  -9.40878 21.2655
-4.08828  18.7776 -2.34684  0.173009 0.0578587 -0.128553 -0.103859   15.3211   0.61904  0.0225363 0.00755441   0.090466 -0.531824 0.0344178  0.538096  -0.000349974   0.00154606 -0.000866589  0.000773963  0.000353704 -0.000771138  2.78273 -0.10372 -9.40885 21.2788
-3.85491  16.7743 -2.07067  0.160533 0.0585032  -0.11686 -0.103805   15.3237  0.616813  0.0225311 0.00755756  0.0905056 -0.556014 0.0332968  0.514771  -0.000612677   0.00157293  -0.00107569  0.000775401  0.000355237 -0.000769253   2.78271 -0.103731  -9.40884 21.2959
 -3.7364  15.1476 -1.93917 0.150289 0.058787 -0.10651 -0.106459   15.3171  0.611196  0.0225587 0.00754313  0.0904292  -0.56382 0.0337405  0.498089  -0.000611587    0.0014768 -0.000986235  0.000775491  0.000358095 -0.000776879   2.78274 -0.103748  -9.40884 21.3105
-3.52679  13.7579 -1.65855   0.140736   0.059666 -0.0972915 -0.105716   15.3075  0.612541  0.0225194 0.00749786  0.0903234 -0.565359 0.0360739  0.470198  -0.000660467    0.0011519  -0.00110088  0.000759687  0.000356141 -0.000777105   2.78282 -0.103736  -9.40895 21.3238
-3.28408  12.2928 -1.36525   0.130479  0.0598531 -0.0877446 -0.109186   15.2992  0.605177 0.0225068 0.0074742 0.0902608 -0.572514 0.0306578   0.45062  -0.00077023  0.00115247 -0.00113408 0.000757931 0.000360157 -0.00078567   2.78286 -0.103761  -9.40896 21.3378
-3.26829  10.9692 -1.03485   0.119655  0.0602813 -0.0796651 -0.110807   15.2957   0.60328  0.0224644 0.00742478  0.0902763 -0.579022   0.02843  0.417312  -0.000479185   0.00101599  -0.00117846  0.000742385   0.00036098 -0.000778617   2.78292 -0.103768  -9.40907 21.3513
 -3.04416   9.54824 -0.690261   0.107709  0.0608121 -0.0711259 -0.110938   15.2956  0.602277 0.022466 0.007437  0.09026 -0.590856 0.0300968  0.397829  -0.000630687   0.00112611  -0.00125767  0.000746935  0.000361799 -0.000782248   2.78291 -0.103772  -9.40903 21.366
 -3.05871   8.18719 -0.618773  0.0961959  0.0610615 -0.0627605 -0.113547   15.2927  0.598769  0.0224529 0.00744624  0.0902099 -0.600081 0.0270681   0.38322  -0.00051569  0.00110794 -0.00104146 0.000755152 0.000364304 -0.00079263   2.78289 -0.103784  -9.40896 21.3802
-2.99905  6.74338 -0.43914  0.0855699  0.0621748 -0.0564399 -0.109937   15.2868  0.604206  0.0224257 0.00740969  0.0902537 -0.603352 0.0282336  0.351429  -0.000551678   0.00112878  -0.00107225  0.000736411  0.000359083 -0.000783684   2.78297 -0.103756   -9.4091 21.3926
 -2.93748   5.34248 -0.293984  0.0748355  0.0618829 -0.0493733 -0.115877    15.277   0.59533  0.0223518 0.00737842  0.0902423 -0.609456 0.0185836  0.330244  -0.000643782  0.000979076  -0.00105272  0.000730288   0.00036478 -0.000791048  2.78303 -0.10379 -9.40911 21.4055
  -2.99971    3.61155 -0.0869374  0.0618683  0.0622725 -0.0431644 -0.115421   15.2757  0.595959  0.0223414 0.00737075  0.0902976 -0.623724 0.0149738  0.301787  -0.000533712   0.00112581   -0.0011246  0.000721091   0.00036419 -0.000783105   2.78307 -0.103791  -9.40918 21.4199
 -3.00481   1.99184 0.0862456  0.0492353  0.0623054 -0.0368797 -0.117165   15.2741  0.593553  0.022333 0.0073656 0.0902707 -0.637477 0.0113727  0.286136  -0.000555906   0.00120951  -0.00119984  0.000723398   0.00036633 -0.000788003   2.78306 -0.103802  -9.40915 21.434
 -3.03877  0.530369 0.0582849  0.0382174  0.0626573 -0.0308078 -0.117049   15.2664  0.593955  0.0223049 0.00735778  0.0901988 -0.645859 0.0120688  0.273009  -0.000524062   0.00117069  -0.00101114  0.000725104  0.000365622 -0.000801756   2.78308 -0.103792  -9.40909 21.4466
 -3.01246 -0.986527  0.103103  0.0266771  0.0632717 -0.0265992 -0.113667   15.2605  0.596865  0.0222405 0.00737058  0.0902767 -0.647462 0.0173059  0.247714  -0.000570716  0.000970248 -0.000987236  0.000708634  0.000362075 -0.000790098  2.78316 -0.10378 -9.40921 21.4589
-2.82822  -2.7057 0.236919  0.0150214  0.0630709 -0.0217627 -0.117605   15.2533  0.591359  0.0221845 0.00736044  0.0902628 -0.651436  0.013832   0.23118  -0.000867777   0.00125515  -0.00112843 0.000700967  0.00036573  -0.0007921   2.78322 -0.103803  -9.40923 21.4715
-2.74152 -4.18954 0.219034 0.00364129  0.0627028 -0.0175083 -0.122963   15.2469  0.586352  0.0221376 0.00735427  0.0902626  -0.656038 0.00859218   0.213617  -0.000824782   0.00117973  -0.00100998  0.000693514  0.000369317 -0.000792556   2.78327 -0.103825  -9.40925 21.4836
-2.56896 -5.90098 0.327434  -0.010611  0.0627277 -0.0130346 -0.123763   15.2465  0.585247  0.0221383 0.00735305  0.0902587  -0.669337 0.00570329   0.194166  -0.000882882   0.00120368  -0.00115567  0.000693679  0.000370611 -0.000793833   2.78326 -0.103832  -9.40924 21.4986
 -2.4703 -7.43988 0.363555  -0.0226343   0.0631734 -0.00835457 -0.121324   15.2378  0.587055  0.0220918 0.00736212  0.0901831  -0.669091 0.00462388   0.182177  -0.000804928   0.00119406  -0.00111816   0.00069169   0.00036905 -0.000807337   2.78329 -0.103819  -9.40917 21.5115
-2.27565 -8.98813 0.439246  -0.0344201   0.0635031 -0.00512319 -0.118663   15.2307  0.588407  0.0220125 0.00736764  0.0901813  -0.663693 0.00210367   0.160275  -0.000845454   0.00114099  -0.00110121  0.000681368  0.000366776 -0.000803221   2.78336 -0.103808  -9.40922 21.5237
-2.05047 -10.7219 0.640336  -0.0467715   0.0633446 -0.00149636 -0.119947    15.222  0.586516  0.0219533 0.00736449  0.0901202   -0.657199 -0.00386276    0.142175  -0.000982351     0.001301  -0.00127109  0.000674419  0.000368256 -0.000808172   2.78341 -0.103815   -9.4092 21.5366
-1.93625  -12.317 0.762947 -0.0589412  0.0630237 0.00144984 -0.122505    15.215  0.584935  0.0218926 0.00735729  0.0900876   -0.649067 -0.00900879    0.125873  -0.000859317   0.00122829  -0.00120567  0.000667245  0.000369408 -0.000808772   2.78346 -0.103821   -9.4092 21.5491
-1.74923 -13.9257  1.09016 -0.0721291  0.0623292  0.0033157 -0.126626   15.2162  0.582134  0.0218789 0.00734745  0.0901378 -0.650039 -0.013746  0.105867  -0.000924535   0.00123167  -0.00138296 0.000665857 0.000372549 -0.00080188   2.78346 -0.103841  -9.40925 21.5624
-1.78162 -15.2918  1.40324 -0.0843897  0.0618705 0.00631415 -0.128983   15.2114  0.581222  0.021858  0.007342 0.0900663  -0.646866 -0.0178217  0.0919346  -0.00072059   0.0010156 -0.00142191 0.000665994 0.000374758  -0.0008165   2.78346 -0.103847  -9.40915 21.5751
-1.65738 -16.9545  1.79406 -0.0968799  0.0618361 0.00824439 -0.125824   15.2066  0.582196  0.0218303 0.00733493  0.0900487  -0.642279 -0.0159699  0.0722079  -0.000816188   0.00115918   -0.0014649  0.000661742  0.000372694 -0.000818118   2.78349 -0.103834  -9.40914 21.5877
-1.69948 -18.5134  2.16774  -0.108532  0.0615631 0.00966378 -0.126268   15.1994  0.581695  0.0217723 0.00731287  0.0900621  -0.627294 -0.0149247  0.0554423  -0.000803433   0.00121469  -0.00149572 0.000653548 0.000372456 -0.00081625   2.78354 -0.103829  -9.40915 21.5995
-1.84361 -20.0365  2.39029 -0.119931 0.0611397 0.0110067 -0.128718    15.191  0.580824  0.0217068 0.00729027  0.0900711  -0.609445 -0.0153866  0.0421082  -0.000690655   0.00117078  -0.00137952  0.000645312  0.000373147 -0.000816507   2.78358 -0.103828  -9.40914 21.6109
-1.93515 -21.4505  2.75477 -0.130993 0.0608083 0.0110319 -0.128427   15.1854  0.580148  0.0216766 0.00728562  0.0901453  -0.596127 -0.0160263  0.0132881  -0.000829276   0.00104658  -0.00149883   0.00063763   0.00037312 -0.000804919  2.78364 -0.10383  -9.4092 21.622
-2.25541 -22.8152  3.04721  -0.14232  0.061116 0.0116557 -0.122607   15.1789  0.581918   0.02164 0.0072781 0.0901631    -0.58527 -0.00808451 -0.00467303  -0.000540937  0.000949105  -0.00146056  0.000631771  0.000369965 -0.000809058   2.78366 -0.103809  -9.40917 21.6334
-2.33915 -24.0764  3.31494 -0.152999 0.0615255 0.0108657 -0.117064    15.176  0.582467 0.0216481 0.0072942 0.0902386   -0.576697 0.000974589  -0.0280007  -0.000681267  0.000918428  -0.00137288  0.000627555  0.000366327 -0.000800877   2.78369 -0.103792  -9.40921 21.6441
-2.49262 -25.2705  3.62218 -0.163301 0.0618397 0.0114201 -0.115912   15.1721  0.582651  0.0216005 0.00727007  0.0901912  -0.567687 0.00664819 -0.0357466  -0.000686269  0.000955956  -0.00134783  0.000624895  0.000365283 -0.000814041   2.78369 -0.103779  -9.40912 21.6544
-2.59557 -26.3636  3.98647 -0.173635  0.062477 0.0110617 -0.110789   15.1727  0.583076  0.0216005 0.00726948  0.0901686  -0.556445  0.0119926 -0.0482352  -0.000801488    0.0008946  -0.00142453  0.000625683  0.000362495 -0.000820271   2.78367 -0.103763  -9.40909 21.6648
-2.85611 -27.4984  4.47673  -0.182738  0.0625726 0.00999449 -0.112333   15.1667  0.583022  0.0215685 0.00726107  0.0902173  -0.538754  0.0128118 -0.0611409  -0.000706592  0.000923559  -0.00156125  0.000619607  0.000363743 -0.000814535   2.78371 -0.103767   -9.4091 21.6739
-3.05773 -28.7642   5.0943 -0.194146 0.0628739 0.0085936 -0.112939   15.1611  0.582799 0.0215379 0.0072473 0.0902582  -0.512728  0.0135433 -0.0733584  -0.000760567  0.000758552  -0.00160776  0.000614047  0.000364267 -0.000812054   2.78374 -0.103766   -9.4091 21.6854
-3.14695 -29.7652  5.69737  -0.204101  0.0633004 0.00629264 -0.110186   15.1604  0.582238  0.0215723 0.00725875  0.0903033 -0.497559 0.0138299 -0.090422  -0.000978822  0.000597905  -0.00160121  0.000614092   0.00036286 -0.000801935   2.78375 -0.103762  -9.40916 21.6956
-3.35415 -30.6044  6.35547  -0.213003  0.0641537 0.00500648 -0.103738   15.1591  0.581928  0.0215803 0.00725147  0.0902841  -0.480234   0.016826 -0.0979002  -0.000967981  0.000536725  -0.00168693  0.000611872  0.000359073 -0.000806808  2.78375 -0.10374 -9.40912 21.7047
-3.55766 -31.3364  7.05069  -0.221992  0.0644254 0.00434242 -0.105468   15.1564   0.58206  0.0214809 0.00722069  0.0902675   -0.46278  0.0124164 -0.0987977  -0.00104417 0.000358879 -0.00171359  0.000606813   0.00036026 -0.000822782   2.78374 -0.103737  -9.40901 21.7137
-3.99913 -32.0756  7.80378  -0.230795  0.0641989 0.00210225 -0.111989   15.1465  0.582836  0.0214326 0.00717858  0.0903982  -0.439974 0.00363267   -0.10671  -0.000876569  0.000232855  -0.00173804  0.000597717  0.000364314 -0.000815137   2.78379 -0.103747    -9.409 21.7228
-4.41033 -32.6009  8.34252   -0.239424   0.0647127 5.99111e-05 -0.106888   15.1443  0.582176  0.0214342 0.00716956  0.0904249 -0.424722 0.0034813 -0.116115  -0.000660964 -0.000103283  -0.00162891  0.000594394  0.000361381 -0.000816919    2.7838 -0.103729  -9.40898 21.7317
-4.81376 -33.5479  8.74298   -0.247711   0.0640639 -0.00323716 -0.114909   15.1409   0.58352  0.0214715 0.00717622  0.0904836    -0.40868 -0.00254292    -0.12723  -0.000594588  0.000193785  -0.00145716  0.000593795  0.000366021 -0.000803267   2.78383 -0.103753  -9.40905 21.7406
-5.10888 -34.4059    8.987   -0.255108   0.0645055 -0.00594158 -0.109178   15.1416  0.581993  0.0215048 0.00718992   0.090493  -0.395809 0.00403635  -0.129527  -0.00065082 0.000320937 -0.00131045 0.000595606 0.000362014 -0.00079885   2.78383 -0.103736  -9.40909 21.7485
-5.36273 -35.4569  9.03704   -0.261398   0.0646776 -0.00726373 -0.109983   15.1355  0.581906  0.0214432 0.00718019  0.0905359  -0.376429 0.00409765  -0.124387  -0.000615637  0.000513045  -0.00106794  0.000586346  0.000361881 -0.000806494   2.78384 -0.103724    -9.409 21.7549
-5.62901 -36.6631  9.08009   -0.267706   0.0637393 -0.00975741 -0.121963    15.126  0.585064  0.0214615 0.00719941  0.0905934   -0.356251 -0.00545987   -0.124362  -0.000599376  0.000601608  -0.00104331  0.000578108  0.000369844 -0.000796467   2.78389 -0.103757  -9.40899 21.7618
-5.83501  -37.691  9.00467  -0.275557   0.063896 -0.0122746 -0.118747   15.1266  0.584383  0.0214371 0.00719709  0.0905909   -0.345893 -0.00559583   -0.124612  -0.000481959  0.000285792  -0.00109287  0.000577602  0.000367782 -0.000800546   2.78388 -0.103745  -9.40897 21.77
-5.45676 -38.8398  8.63815  -0.282748  0.0637187 -0.0151367 -0.119273    15.127   0.58386  0.0214475 0.00719444  0.0905925   -0.332313 -0.00868793   -0.128741  -0.000784704  0.000392648 -0.000817065 0.000578811 0.000367324 -0.00079828   2.78388 -0.103743  -9.40899 21.7778
 -5.3555 -39.6389   8.6491  -0.288958  0.0639883 -0.0167615 -0.114137    15.124  0.582035  0.0213828 0.00721924  0.0905953  -0.317598 -0.0065385  -0.125087  -0.000914234  0.000245296  -0.00109222  0.000571556  0.000364905 -0.000807062   2.78388 -0.103727  -9.40891 21.7842
-5.16336 -40.1331  8.57483  -0.294293   0.063987 -0.0187182 -0.112887   15.1263  0.581388  0.0213714 0.00720929  0.0905727   -0.305058 -0.00738047   -0.126793  -0.00103313 1.75022e-05 -0.00104641   0.00057276  0.000363805 -0.000810662   2.78387 -0.103722   -9.4089 21.7899
-5.11949 -40.6559  8.78865  -0.298758   0.063073 -0.0207492 -0.121802   15.1181  0.584944  0.0214128 0.00724504  0.0906748  -0.280806 -0.0137987  -0.120841   -0.00109504 -9.05515e-05  -0.00125269  0.000564382  0.000370837 -0.000806145   2.7839 -0.10375 -9.40887 21.7949
-5.2294 -41.267  9.1773  -0.304711  0.0629343 -0.0233702 -0.119755   15.1163  0.584122  0.0214048 0.00725374  0.0906896  -0.250184 -0.0109083   -0.11195   -0.00103782 -0.000169981  -0.00144981  0.000562615  0.000369839 -0.000805118    2.7839 -0.103744  -9.40886 21.8014
-5.25911 -41.8944  9.45132  -0.308971   0.062324 -0.0255007 -0.12485  15.1092 0.586185  0.0214173 0.00727378  0.0907753  -0.218718 -0.0138143  -0.105853   -0.00102015 -7.39125e-05  -0.00128034 0.000556255 0.000373415 -0.00080053   2.78393 -0.103753  -9.40884 21.8062
-5.60228 -42.2079  10.1028  -0.312622  0.0623172 -0.0279805 -0.122119   15.1069  0.584698  0.0214562 0.00727011  0.0907823   -0.202296 -0.00852226   -0.104599  -0.000986995 -0.000181622  -0.00152419  0.000558515  0.000371357 -0.000790596   2.78394 -0.103743  -9.40889 21.8106
-5.79269 -42.4233  10.5025 -0.315776 0.0623049 -0.029122 -0.12093  15.1059 0.584091  0.0214234 0.00727663  0.0908023   -0.184529 -0.00541088  -0.0987092   -0.00100112 -0.000387586   -0.0013815  0.000553566  0.000371289 -0.000796942   2.78393 -0.103739  -9.40883 21.8139
-6.18693 -42.5881  11.1772  -0.318466  0.0613442 -0.0313059 -0.131233    15.102  0.589424  0.0214444 0.00727017  0.0908588  -0.164117 -0.0084348 -0.0950556  -0.000989727 -0.000486676  -0.00147235  0.000554617  0.000378499 -0.000787342   2.78396 -0.103771  -9.40886 21.8175
-6.86121 -42.8009   12.049 -0.322332 0.0613145 -0.033491 -0.12983  15.1026 0.588774    0.02144 0.00727066  0.0908564   -0.138086 -0.00152845  -0.0845902  -0.000769415 -0.000533653  -0.00164514  0.000553849  0.000377737 -0.000789237   2.78396 -0.103767  -9.40885 21.822
-6.84532 -43.0669  12.1495  -0.324047  0.0614219 -0.0351809 -0.13022  15.0956 0.588212 0.0214812 0.0072673 0.0909269  -0.115799 0.00592873 -0.0739155  -0.000945127 -0.000419658  -0.00112975  0.000550918  0.000377336 -0.000779654   2.78398 -0.103756  -9.40886 21.8244
-7.00137 -43.1621  12.3041  -0.325922  0.0617214 -0.0361038 -0.128381   15.0959   0.58713  0.0214668 0.00726817  0.0909281  -0.10098 0.0114893 -0.063618  -0.000917296 -0.000482016  -0.00108903  0.000549398  0.000376221 -0.000783097  2.78397 -0.10375 -9.40884 21.8265
-6.92844 -43.2968  12.1485  -0.327536  0.0618337 -0.0364565 -0.130126   15.0959  0.588261   0.021421 0.00726923  0.0909553 -0.0833708  0.0120708 -0.0486046  -0.000924531 -0.000520374 -0.000856679  0.000543935  0.000377976 -0.000791479   2.78396 -0.103754  -9.40878 21.8281
-6.88332 -43.4077  12.0442  -0.328703  0.0611807 -0.0377263 -0.139565   15.0949  0.594219  0.0214597 0.00725959  0.0909451 -0.0577718 0.00453824 -0.0401405  -0.000940404 -0.000535611 -0.000826853 0.000546937 0.000384647 -0.00078489   2.78398 -0.103787  -9.40881 21.83
-6.96479 -43.2709  11.7953  -0.328966  0.0616581 -0.0382275 -0.136103   15.0878  0.591453  0.0214682 0.00728294  0.0910549 -0.0223462 0.00285966 -0.0237643  -0.000572839 -0.000853459 -0.000927535  0.000540368  0.000382337 -0.000781358   2.78399 -0.103765  -9.40878 21.8307
-6.50638 -43.3785  11.3162  -0.328142  0.0616731 -0.0382255 -0.136903   15.0799  0.591767  0.0214982 0.00731007  0.0911594    0.0047132 -0.000234088  -0.00667845  -0.000833955  -0.00068511 -0.000696686  0.000533733   0.00038357 -0.000775461     2.784 -0.103761  -9.40875 21.8316
-6.34922 -43.2886  11.1289  -0.328146  0.0621392 -0.0386695 -0.131405   15.0812  0.587898  0.0214945 0.00730389  0.0911264    0.0189632 -0.000459858    0.0034726  -0.000950456  -0.00077167 -0.000807282  0.000538302  0.000378785 -0.000771966     2.784 -0.103742  -9.40879 21.8322
-6.20439 -43.1941   10.956  -0.328727   0.062425 -0.0375163 -0.127796   15.0885    0.5861 0.0213824 0.0073047 0.0911023   0.0281415 -0.00299753   0.0218094  -0.000999959 -0.000804761 -0.000832662  0.000532782  0.000377066 -0.000792718   2.78397 -0.103737   -9.4087 21.8335
-6.01962 -43.0892  10.7732  -0.326641  0.0616133 -0.0365839 -0.135833   15.0803  0.591404  0.0214469 0.00732822  0.0912057  0.0575515 -0.0116105  0.0398508   -0.00105362 -0.000807075 -0.000824183  0.000526295  0.000383472 -0.000785511   2.78399 -0.103756  -9.40867 21.8359
-6.00013 -42.8425   10.801  -0.324175  0.0608465 -0.0352308 -0.140244   15.0771  0.594251  0.0214744 0.00733278  0.0912387  0.0900351 -0.0173193  0.0563794   -0.00097692 -0.000830646  -0.00110951  0.000524477  0.000386657 -0.000782056     2.784 -0.103767  -9.40867 21.8389
-5.71849 -42.6224  10.5935   -0.32194  0.0604582 -0.0343048 -0.141468   15.0735  0.594895 0.0215048 0.0073368 0.0912668   0.111868 -0.0177053   0.065227   -0.00106146 -0.000896462 -0.000957806  0.000524336  0.000387463 -0.000775997   2.78401 -0.103767  -9.40868 21.8413
-5.48989 -42.3132  10.4755 -0.319949 0.0604748  -0.03261 -0.137894   15.0763  0.592597  0.0214691 0.00734093  0.0912575   0.127084 -0.0128592  0.0785167   -0.00110958 -0.000998268  -0.00091897  0.000522439  0.000385171 -0.000782359     2.784 -0.103758  -9.40865 21.8439
-5.25383 -41.9558  10.3223   -0.31789  0.0603639 -0.0303717 -0.13693  15.0791 0.592326  0.0214162 0.00735144  0.0912645    0.138908 -0.00874547   0.0944993   -0.00114295  -0.00112337 -0.000857133  0.000517466  0.000385232 -0.000793741   2.78398 -0.103759  -9.40859 21.847
-5.08819 -41.6333  10.2148  -0.314829  0.0594446 -0.0286908 -0.145149   15.0762  0.598063  0.0214494 0.00734984  0.0912985   0.155472 -0.0122619    0.10379   -0.00111232  -0.00111284 -0.000886587  0.000517089  0.000391257 -0.000789483     2.784 -0.103784  -9.40859 21.8506
-4.91742 -41.0487  10.0789  -0.310768  0.0592966 -0.0258412 -0.143773   15.0768   0.59702  0.0214381 0.00735176  0.0912979    0.182271 -0.00837054    0.114605   -0.00102182  -0.00119225 -0.000975545  0.000516114  0.000390525 -0.000791885  2.78399 -0.10378 -9.40858 21.8555
-4.61277 -40.5919  9.74366  -0.306472   0.058604 -0.0235447 -0.149625   15.0732  0.600978 0.0214693 0.0073524 0.0913341  0.203436 -0.011397  0.122779  -0.000992675  -0.00123089 -0.000824511  0.000515182  0.000394945 -0.000787084     2.784 -0.103797  -9.40858 21.8605
-4.32272 -40.2226   9.4888  -0.302135  0.0589655 -0.0213862 -0.144579   15.0689  0.597165 0.0214908 0.0073581 0.0913559    0.225466 -0.00336348     0.13133   -0.00106553  -0.00117507 -0.000742725   0.00051498  0.000391097 -0.000780195   2.78401 -0.103774   -9.4086 21.8653
-4.15408 -39.8545  9.30302   -0.29952  0.0588797 -0.0182321 -0.143956   15.0782   0.59759  0.0214067 0.00736234  0.0913269    0.235593 -0.00233367     0.14395   -0.00107855  -0.00118231 -0.000738369  0.000509352  0.000392036 -0.000802655   2.78398 -0.103786  -9.40851 21.8694
-4.02614 -39.4965   9.1798  -0.294557  0.0590074 -0.0153648 -0.14282   15.076 0.596643  0.0214156 0.00736535  0.0913411   0.254443 0.00157654   0.153066   -0.00108651  -0.00111162 -0.000795255  0.000508622  0.000391091 -0.000799898   2.78398 -0.103779  -9.40851 21.8752
-3.98683 -38.9145  9.13902  -0.288974  0.0591784 -0.0120464 -0.141902   15.0758  0.595848  0.0214166 0.00736622  0.0913432   0.273741 0.00525609   0.162504  -0.00105492 -0.00133755 -0.00094905  0.000508485  0.000390145 -0.000799628   2.78398 -0.103774  -9.40851 21.8817
  -3.836 -38.5482  8.84406   -0.281494   0.0593498 -0.00798345 -0.14167  15.0757 0.595679  0.0214232 0.00736559  0.0913374   0.297802 0.00765037   0.168031  -0.000919498  -0.00112367 -0.000799416  0.000511173  0.000390065 -0.000796345   2.78398 -0.103776  -9.40854 21.8902
-3.67138 -38.1712  8.72611   -0.276672   0.0598523 -0.00627611 -0.13654  15.0797 0.592683  0.0214354 0.00736383  0.0912998  0.309008 0.0113152  0.161681  -0.000988131  -0.00110556 -0.000808646  0.000523328  0.000385951 -0.000787884   2.78399 -0.103769  -9.40864 21.8953
-3.46578 -37.4729  8.48811   -0.270819    0.060373 -0.00226346 -0.133175   15.0857  0.590856   0.021402 0.00736388  0.0912851  0.318979 0.0108612  0.165221   -0.00100102  -0.00137095 -0.000721027  0.000520134  0.000384043 -0.000802533   2.78396 -0.103766  -9.40859 21.9024
-3.32244 -36.8834  8.36767   -0.264267   0.0600645 0.000558739 -0.138542   15.0815  0.594001 0.0214206 0.0073618 0.0912998   0.336168 0.00577757   0.165414   -0.00104743  -0.00140596 -0.000779815  0.000520484   0.00038743 -0.000794412   2.78398 -0.103776  -9.40861 21.9096
-3.38608 -35.9537  8.28915  -0.255377  0.0599693 0.00464023 -0.142076    15.074  0.595114  0.0214346 0.00736137  0.0913426   0.360222 0.00206507   0.167393  -0.000755147  -0.00162749  -0.00095112  0.000515627  0.000389255 -0.000788354   2.78399 -0.103772  -9.40859 21.9193
-3.15893 -35.3092  8.03056  -0.248247  0.0596189 0.00724449 -0.145256   15.0753  0.597269  0.0214477 0.00735936  0.0913199     0.377359 -0.000183058     0.159468  -0.000814112  -0.00148413 -0.000786112  0.000521631  0.000391569 -0.000782476   2.78401 -0.103787  -9.40864 21.9269
-2.94407 -34.5173  7.92739  -0.239834  0.0600233 0.00856266 -0.140534   15.0697  0.594947  0.0215245 0.00736377   0.091317   0.399613 0.00449134   0.141495   -0.00100065  -0.00149845 -0.000802164  0.000533905  0.000387774 -0.000755265   2.78404 -0.103771   -9.4088 21.9355
-2.78115 -33.5369  7.84597 -0.230502  0.060334 0.0117681 -0.139019    15.068  0.594144  0.0215295 0.00736459  0.0913287   0.414872 0.00887701   0.136802   -0.00103592  -0.00157285 -0.000821688  0.000532577  0.000386742 -0.000754041   2.78404 -0.103764  -9.40879 21.9453
-2.63948 -32.7892  7.78761 -0.222985 0.0603683  0.013831 -0.140216   15.0683  0.594839  0.0215398 0.00736343  0.0913205  0.425434 0.0102875  0.129278    -0.0010712  -0.00154819 -0.000824234   0.00053552  0.000387417 -0.000750157   2.78405 -0.103769  -9.40882 21.9531
-2.51647 -31.5288  7.73777 -0.213366  0.060495 0.0169601 -0.142791   15.0603  0.595608  0.0215344 0.00735879  0.0913933   0.446867 0.00900736    0.12379   -0.00105167  -0.00215574 -0.000875346  0.000527136  0.000388978 -0.000748791   2.78406 -0.103762  -9.40877 21.9633
-2.41384 -30.7991  7.61918 -0.203919 0.0607956 0.0192217 -0.140595   15.0663  0.594657 0.0215363 0.0073627 0.0913545  0.455855 0.0114467  0.111612  -0.000912578  -0.00171206 -0.000803561  0.000532829  0.000387785 -0.000751109   2.78405 -0.103767   -9.4088 21.973
-2.11128 -30.1403  7.49293  -0.19706 0.0615589 0.0202774 -0.133911   15.0664  0.592499  0.0215646 0.00736467  0.0913403 0.463712 0.017254 0.100649   -0.00113505  -0.00158781 -0.000728193  0.000536639  0.000383739 -0.000744163   2.78405 -0.103751  -9.40885 21.98
-1.78348 -29.1243  7.21577 -0.187535  0.062144 0.0234886 -0.132343   15.0658  0.591897  0.0215189 0.00737459  0.0913581  0.473578 0.0200816  0.101884   -0.00113497  -0.00168059 -0.000635618 0.000527717 0.000383211 -0.00075859   2.78403 -0.103745  -9.40875 21.99
-1.34639 -28.2141  6.86975   -0.1783 0.0619883 0.0254503 -0.137288   15.0763  0.593841  0.0215086 0.00736724  0.0913083  0.475776  0.015041 0.0939551   -0.00124144  -0.00161471 -0.000577718  0.000534419  0.000386324 -0.000768677     2.784 -0.103773  -9.40875 21.9995
-1.05269 -27.3077  6.49083 -0.169211 0.0622251 0.0270501 -0.137077   15.0801  0.593509  0.0215081 0.00736025  0.0912819  0.478929 0.0122461  0.081816   -0.00113251  -0.00170889 -0.000555268  0.000538077  0.000386121 -0.000771032   2.78399 -0.103777  -9.40877 22.0087
-0.739383  -26.6168   5.98213 -0.160202 0.0620039 0.0285562 -0.140658   15.0849  0.594457 0.0215174 0.0073476 0.0912673   0.477631 0.00326331   0.071452   -0.00097605  -0.00144205 -0.000423645  0.000540831    0.0003888 -0.000777269   2.78398 -0.103796  -9.40876 22.0178
-0.371336  -25.8915   5.49003 -0.151063 0.0625332 0.0290892 -0.134302   15.0898   0.59289  0.0215094 0.00732795  0.0912432   0.479359 0.00292248  0.0560219    -0.0010416  -0.00136766 -0.000408733  0.000549031  0.000384877 -0.000771522   2.78397 -0.103784  -9.40883 22.027
-0.140825  -25.2391   5.12412 -0.141914 0.0623674 0.0302853 -0.136534   15.0914  0.593293 0.0215149 0.0073244 0.0912398    0.480528 -0.00281431   0.0449927  -0.00104515 -0.00132282 -0.00047653  0.000548242  0.000385928 -0.000776534   2.78397 -0.103789   -9.4088 22.0362
0.0286806  -24.5337   4.84964  -0.13316 0.0623622   0.03123 -0.135656   15.0945  0.593004   0.021514 0.00731799  0.0912324    0.475564 -0.00592454   0.0281722   -0.00107338  -0.00136285 -0.000528101  0.000548482  0.000385121 -0.000783706   2.78395 -0.103789  -9.40878 22.045
0.127009 -23.7787  4.58516  -0.12486 0.0619441 0.0305955 -0.137403   15.1032  0.592994 0.0215341  0.007292 0.0912307    0.46103 -0.0110571  0.0036258  -0.00105674 -0.00138947 -0.00053907  0.000559595  0.000385853 -0.000779444   2.78394 -0.103801  -9.40885 22.0534
0.029811 -22.8942  4.34219 -0.115535 0.0612903 0.0303809 -0.141298   15.1083  0.592742  0.0215468 0.00727143  0.0912092   0.450319 -0.0177677 -0.0157493  -0.000795196  -0.00142734 -0.000608531 0.000563408 0.000387446 -0.00078423   2.78392 -0.103812  -9.40885 22.0627
0.144329 -22.2042  4.11554 -0.107145 0.0612073 0.0283566 -0.136741   15.1103  0.592709 0.0215546 0.0072877 0.0912414   0.443584 -0.0152261  -0.040026  -0.000877484  -0.00133952 -0.000592284  0.000572899  0.000385725 -0.000763133   2.78395 -0.103809  -9.40899 22.0713
 0.23894 -21.3009   3.9219 -0.0979829  0.0606759  0.0279762 -0.139493   15.1123  0.592689  0.0215514 0.00727379  0.0912211   0.434444 -0.0178723 -0.0526078  -0.000939818  -0.00142495 -0.000602123   0.00057086  0.000386699 -0.000774943   2.78393 -0.103814  -9.40893 22.0805
 0.25483 -20.5875  3.87893 -0.0914196  0.0602817  0.0270388 -0.139884   15.1209  0.592229  0.0215604 0.00726012   0.091204   0.420042  -0.019306 -0.0651188  -0.000946955  -0.00141371 -0.000728803  0.000576435  0.000386184 -0.000786236  2.78389 -0.10382 -9.40891 22.0872
0.268152 -19.7528  3.84745 -0.0828347  0.0598114   0.024683 -0.139501   15.1259    0.5921  0.0215711 0.00726963  0.0912151   0.412949 -0.0214494 -0.0870998  -0.000929709  -0.00138388 -0.000797237  0.000582908  0.000386024 -0.000779182   2.78389 -0.103825  -9.40897 22.0961
0.262464 -18.9813  3.78854 -0.0747941  0.0596516  0.0227744 -0.136032    15.128  0.592046  0.0215814 0.00727451  0.0912228   0.405234  -0.018333 -0.0972361   -0.00083306  -0.00139284 -0.000769285  0.000584491   0.00038439 -0.000780863   2.78388 -0.103821  -9.40897 22.1044
0.382483  -18.329  3.76959 -0.0668398  0.0597914  0.0202932 -0.129906   15.1285  0.592782  0.0215982 0.00728583  0.0912371   0.401558 -0.0142201  -0.116152  -0.000955187  -0.00129966 -0.000780372  0.000586122  0.000381593 -0.000775991  2.78388 -0.10381   -9.409 22.1127
0.515389 -17.5847   3.7025 -0.0587027  0.0592202  0.0184955 -0.133787   15.1259  0.592512  0.0215858 0.00727374  0.0912226   0.397811 -0.0179708  -0.127443   -0.00103993    -0.001352 -0.000776485  0.000582425  0.000383107 -0.000783931   2.78387 -0.103814  -9.40894 22.121
0.623959  -16.852  3.46979 -0.0521048  0.0590717  0.0162377 -0.130955   15.1306  0.592506  0.0216012 0.00727852  0.0912214   0.383189 -0.0173004  -0.140366  -0.000996634  -0.00137924 -0.000605204  0.000585541  0.000381884 -0.000792889   2.78384 -0.103815  -9.40891 22.128
 0.75996 -16.0274  3.33083 -0.0453181  0.0586005  0.0123444 -0.130386   15.1392  0.592224  0.0216111 0.00729164  0.0912426    0.36934 -0.0202807  -0.159751   -0.00103482  -0.00139197 -0.000630442  0.000594541  0.000382071 -0.000786647   2.78383 -0.103823  -9.40898 22.1359
0.809881 -15.1729  3.20507  -0.038279   0.058408 0.00942995 -0.127273   15.1433  0.592211  0.0216257 0.00729426  0.0912338   0.360472 -0.0230608   -0.16712  -0.000875271  -0.00141175 -0.000632236  0.000596979  0.000380098 -0.000799616  2.78379 -0.10382 -9.40892 22.1435
 1.02603 -14.5578  3.10339 -0.0319594  0.0584133 0.00578424 -0.12132  15.1455 0.593693  0.0216328 0.00730141  0.0912399   0.352664 -0.0238944  -0.179363  -0.000992727  -0.00130488 -0.000632315  0.000599038  0.000377868 -0.000791964    2.7838 -0.103812  -9.40896 22.1508
 1.23726 -13.7716  3.03983 -0.0246426  0.0574932  0.0033745 -0.127018   15.1409  0.592696  0.0216146 0.00729794  0.0912306  0.345025 -0.032723 -0.180069   -0.00112272  -0.00137654 -0.000715015  0.000593882  0.000379411 -0.000809452   2.78378 -0.103817  -9.40885 22.1585
 1.28735 -13.0102  2.87938   -0.0185927    0.0568908 -0.000524481 -0.125388   15.1476  0.592453  0.0216257 0.00730417  0.0912287   0.325149 -0.0319532  -0.183289  -0.000992834  -0.00137991 -0.000647608  0.000599923  0.000378827 -0.000811491  2.78375 -0.10382 -9.40886 22.1658
 1.41811 -12.3404  2.88448  -0.0131031    0.055847 -0.00417303 -0.12939  15.1539  0.59094  0.0216322 0.00730937  0.0912374   0.305093 -0.0363938  -0.186894   -0.00106306  -0.00132566 -0.000715172  0.000605675  0.000380282 -0.000817576   2.78373 -0.103831  -9.40884 22.1724
 1.31877 -11.6879  2.96251 -0.00718447   0.0556352 -0.00789341 -0.122135   15.1561  0.592703  0.0216539 0.00731878  0.0912383   0.282464 -0.0331133  -0.183402  -0.000767474  -0.00125336 -0.000810221  0.000607434  0.000377143 -0.000823973    2.7837 -0.103822  -9.40881 22.1794
 1.38996 -11.2251  3.05178 -0.00207263   0.0555821  -0.0117899 -0.114285   15.1584   0.59536  0.0216712 0.00733219  0.0912494   0.257428 -0.0309755  -0.181525  -0.000830997  -0.00112319 -0.000842615  0.000609002  0.000374276 -0.000821029    2.7837 -0.103813  -9.40883 22.1859
 1.46864 -10.6673  3.13065 0.00319504  0.0548382 -0.0146298 -0.115879   15.1556  0.595008  0.0216908 0.00732585  0.0912342    0.23057 -0.0355452  -0.167143  -0.000933166  -0.00105734 -0.000865134  0.000607434  0.000373877 -0.000835694   2.78367 -0.103812  -9.40874 22.1919
 1.37323 -9.95868  3.06208 0.00657072   0.054711 -0.0178863 -0.108628   15.1605  0.597255  0.0217096 0.00734501  0.0912593   0.201128 -0.0336171  -0.161561  -0.000765525  -0.00130479 -0.000732515  0.000611166  0.000371826 -0.000834886   2.78366 -0.103809  -9.40875 22.1966
  1.3978 -9.34131  2.97359 0.00953766  0.0539077 -0.0209926 -0.109731   15.1658  0.596462  0.0217152 0.00735155  0.0912706   0.170495 -0.0350789   -0.14813  -0.000847586   -0.0012948 -0.000693223   0.00061565   0.00037232 -0.000836693   2.78364 -0.103815  -9.40875 22.2009
 1.26223 -8.72061  2.74375  0.0127355  0.0532489 -0.0233997 -0.109063   15.1655    0.5964  0.0217228 0.00734269  0.0912645  0.147516 -0.035523 -0.130068   -0.00063065  -0.00125834 -0.000529883  0.000616417  0.000371785 -0.000845814   2.78362 -0.103814   -9.4087 22.205
 1.17695 -8.30467  2.48798  0.0149309  0.0532847 -0.0262594 -0.0992707    15.1711   0.600445 0.0217179 0.0073599 0.0913088    0.12465 -0.0271498  -0.115699  -0.000590198  -0.00105239 -0.000463982  0.000620326   0.00036954 -0.000843033   2.78361 -0.103811  -9.40872 22.2086
1.11221  -7.836 2.18108   0.016926  0.0525789 -0.0278575 -0.102351   15.1721  0.598845  0.0217413 0.00734062  0.0913021    0.10484 -0.0244506 -0.0917026  -0.000664038  -0.00103002 -0.000415136  0.000622118  0.000369757 -0.000852273   2.78358 -0.103811  -9.40867 22.2113
0.890672 -7.45135  1.87125 0.0184992 0.0525327 -0.030028 -0.0963934    15.1762   0.601431  0.0217168 0.00735845  0.0913403  0.0832915  -0.018841 -0.0751403  -0.000531414  -0.00101959 -0.000394334  0.000624336  0.000368953 -0.000845594   2.78359 -0.103812  -9.40871 22.2139
0.812261 -7.29876  1.64372  0.0194954  0.0521732 -0.0311685 -0.0966901    15.1796   0.600925  0.0217368 0.00734439  0.0913627  0.0618593 -0.0155757 -0.0523134  -0.000611529 -0.000854698 -0.000482122  0.000627462  0.000368727 -0.000851013   2.78357 -0.103812  -9.40868 22.2155
0.647281 -7.28458  1.37509  0.0197845  0.0519601 -0.0314412 -0.0962874    15.1837   0.600628 0.0217897 0.0073153 0.0914045  0.0371607 -0.0104048 -0.0251057  -0.000558312 -0.000707402 -0.000449036  0.000631914  0.000368028 -0.000863681  2.78353 -0.10381 -9.40861 22.2159
0.523102 -7.38471  1.23027   0.020008  0.0522888 -0.0326665 -0.0892208    15.1894   0.603975  0.021719 0.0073432 0.0914615    0.016592 -0.00103002  -0.0129437  -0.000534231 -0.000574124 -0.000531086  0.000634283  0.000367755 -0.000851709   2.78355 -0.103813  -9.40867 22.2172
0.486061  -7.6245  1.06281  0.0198992  0.0522586 -0.0321219 -0.0909925    15.1889   0.602777  0.0217814 0.00732779  0.0914756 -0.0053378 0.00531747  0.0109052  -0.000733578 -0.000334256 -0.000593334 0.000635326 0.000367462 -0.00086236   2.78352 -0.103813  -9.40862 22.2178
0.249996 -7.72979 0.852111  0.0198703  0.0528655 -0.0319949 -0.0851873    15.1878   0.606277  0.0217446 0.00734237  0.0914683 -0.0213614  0.0160761  0.0219389  -0.000577913 -0.000397185 -0.000536509  0.000634058  0.000366825 -0.000857382   2.78354 -0.103813  -9.40864 22.2184
 0.10335 -7.94159 0.754669  0.0184765  0.0527635 -0.0326365 -0.0896458     15.199   0.602689  0.0216733 0.00735598  0.0915515 -0.0462992  0.0228045  0.0276012  -0.000602956 -0.000321232 -0.000657424  0.000638976  0.000368852 -0.000844949   2.78355 -0.103819  -9.40871 22.2199
-0.106403  -8.08549  0.480831  0.0170399  0.0536275 -0.0306418 -0.0886358    15.1961   0.603507 0.0217951 0.0073287 0.0915719 -0.0625193  0.0378536  0.0503184  -0.000550057 -0.000419436 -0.000500409  0.000640501  0.000367149 -0.000865868    2.7835 -0.103814   -9.4086 22.2226
-0.391208  -8.33708  0.249938  0.0159286  0.0549601 -0.0302961 -0.0814615    15.1971   0.607588 0.0217118 0.0073584 0.0915797 -0.073387 0.0548297 0.0541226  -0.000431824 -0.000346991 -0.000486778  0.000639339  0.000367122 -0.000853283   2.78353 -0.103819  -9.40866 22.2243
-0.589356  -8.65174 0.0626143  0.0149238  0.0560296 -0.0283586 -0.0857279    15.1891   0.605776  0.0217551 0.00734243  0.0914951 -0.080211 0.0680729 0.0694782  -0.000580178 -0.000233105 -0.000605008  0.000635578  0.000366982 -0.000859741   2.78353 -0.103815  -9.40863 22.2268
  -0.9534  -8.95906 -0.183453  0.0134698  0.0573287 -0.0274016 -0.0875027    15.1892   0.604871  0.0217071 0.00735373  0.0914716 -0.0872042   0.081501  0.0732569  -0.000426681 -0.000196151 -0.000558773  0.000634142  0.000367885 -0.000850722   2.78355 -0.103818  -9.40868 22.2289
 -1.25908  -9.28946 -0.274062  0.0115612  0.0592071 -0.0263936 -0.0850987    15.1922   0.605879  0.0216667 0.00736961  0.0914941 -0.0939698  0.0984079  0.0763153  -0.000416793 -0.000163151 -0.000646156  0.000634667  0.000368307 -0.000843198   2.78356 -0.103822  -9.40872 22.2318
-1.66633 -9.59274 -0.43317 0.00956054  0.0613466 -0.0243115 -0.0858168    15.1906   0.605834  0.0217081 0.00735417  0.0914921  -0.10184  0.114104 0.0836334  -0.000271809 -0.000212974 -0.000612469  0.000635222  0.000367677 -0.000851789   2.78354 -0.103818  -9.40867 22.2354
 -1.95958  -9.94249 -0.524458 0.00793581  0.0642899 -0.0231384 -0.0785853    15.1887   0.609935  0.0216674 0.00737609  0.0914854 -0.102735  0.135895 0.0799094  -0.000334252 -0.000190559 -0.000638164  0.000632228  0.000367219 -0.000841393   2.78357 -0.103822  -9.40873 22.2389
 -2.27091  -10.3021 -0.594736 0.00671034  0.0675154 -0.0215722 -0.0743484    15.1809   0.613084   0.021651 0.00737842  0.0914275 -0.103325  0.158583 0.0811992  -0.000409204 -0.000179757  -0.00067604  0.000626492  0.000366711 -0.000835144    2.7836 -0.103824  -9.40877 22.2427
 -2.72607  -10.6415 -0.692187  0.0042423   0.071156 -0.0206458 -0.0687857    15.1865   0.615396  0.0216278 0.00740259  0.0914779 -0.110357  0.180986 0.0732671   -0.00030945 -0.000183621 -0.000651308  0.000628489  0.000366538 -0.000827804   2.78361 -0.103828   -9.4088 22.2472
 -3.15828  -10.9551 -0.691359 0.00240605  0.0744654 -0.0195078 -0.0716852    15.1853   0.614053  0.0216095 0.00740329  0.0914569 -0.112466  0.199262 0.0710052   -0.00027233 -0.000186721 -0.000734308   0.00062698  0.000367433 -0.000823036   2.78362 -0.103832  -9.40883 22.2512
  -3.6803  -11.2992 -0.779943 -0.000805665    0.0793558   -0.0177905 -0.0685885     15.191   0.615076  0.0216272 0.00740665  0.0914948 -0.121802  0.224159  0.069933  -0.000195794 -0.000278796 -0.000658673  0.000631315  0.000366412 -0.000829621    2.7836 -0.103826  -9.40879 22.2573
 -4.14654  -11.6954 -0.787221 -0.00280107   0.0843917  -0.0170978 -0.0623612    15.1892   0.618197  0.0216126 0.00742719  0.0915049 -0.120014  0.248983 0.0610643  -0.000188804  -0.00018369 -0.000693378  0.000628142  0.000366032 -0.000817891   2.78362 -0.103833  -9.40886 22.2627
-4.64522 -11.9745 -0.78052 -0.00475388   0.0898366   -0.016777 -0.0542721    15.1883   0.622148  0.0216074 0.00745104  0.0915287 -0.116534  0.273209 0.0483151  -0.000156744 -0.000216842 -0.000741858   0.00062545  0.000365265 -0.000805374   2.78365 -0.103839  -9.40893 22.2685
-5.16363  -12.243 -0.80963 -0.00646099   0.0953261  -0.0158833 -0.0562485    15.1834   0.621897  0.0216029 0.00744563  0.0915109 -0.110177  0.294006 0.0413446  -0.000156334 -0.000264337 -0.000685635  0.000621792  0.000365747 -0.000802526   2.78367 -0.103843  -9.40895 22.2743
 -5.75105  -12.5036 -0.723362 -0.00911363    0.101662  -0.0150674 -0.0539871    15.1869   0.622542  0.0216111 0.00744827  0.0915289 -0.112752  0.318542 0.0335213  -0.000144645 -0.000281479 -0.000752779  0.000624644  0.000365011 -0.000805966   2.78365 -0.103839  -9.40893 22.2813
-6.44719 -12.7414 -0.63593 -0.0115107   0.108547 -0.0140983 -0.0608995    15.1851   0.619927  0.0215916 0.00743301  0.0914943 -0.108715  0.340495 0.0301146  -0.000107941 -0.000349105 -0.000784416  0.000624428   0.00036678 -0.000808938   2.78365 -0.103841  -9.40891 22.2886
  -7.0398  -12.9391 -0.618464 -0.0134293   0.114232  -0.013311 -0.0621343    15.1859   0.619353  0.021589 0.0074231  0.091486 -0.105857  0.359437 0.0294167  -7.24779e-06  -0.00030366 -0.000738822  0.000625738  0.000366665 -0.000814464   2.78364 -0.103835  -9.40888 22.2947
-7.73312 -12.9876 -0.60789 -0.0151883   0.122113 -0.0142859 -0.0552606    15.1863   0.622057 0.0216161 0.0074757 0.0915363 -0.0950939   0.388153 0.00893232   7.11571e-06 -0.000428578 -0.000758452  0.000622507  0.000366551 -0.000792029   2.78367 -0.103856    -9.409 22.3028
  -8.3986  -13.1763 -0.664384 -0.0160668   0.129707 -0.0140057 -0.0612131    15.1777   0.620492   0.021612 0.00746593  0.0915347 -0.0822237   0.411415 0.00343105   1.49162e-06 -0.000359938 -0.000689715  0.000616081  0.000368594 -0.000789867    2.7837 -0.103867  -9.40901 22.3105
 -9.02859  -13.3809 -0.539518 -0.0186222   0.138057 -0.0139211 -0.0632147    15.1856   0.619002   0.021596 0.00746658  0.0915005  -0.0842384     0.43452 -0.00573592  -6.80162e-05 -0.000304699 -0.000811311   0.00062273  0.000369009 -0.000795176  2.78367 -0.10386 -9.40898 22.3192
  -9.9002  -13.6391 -0.303304 -0.0200212   0.148216 -0.0137624 -0.0598613    15.1815   0.620597  0.0216056 0.00745551  0.0915213 -0.0764307   0.466476 -0.0107744   0.000134968 -0.000278285 -0.000875701  0.000620117  0.000367549 -0.000799691   2.78367 -0.103853  -9.40896 22.3294
 -10.4581  -13.8651 0.0639231 -0.0212427   0.157445 -0.0144353 -0.062979   15.1799  0.619418  0.0215973 0.00745674  0.0915201 -0.0711426   0.485552 -0.0251235  -0.000137766 -0.000274844 -0.000998833  0.000618791   0.00036904 -0.000792963   2.78368 -0.103865  -9.40899 22.3388
-11.2218 -14.0341 0.489949 -0.0218393   0.167614 -0.0154851 -0.0590799    15.1743   0.620937  0.0216272 0.00744527  0.0915469 -0.0624068   0.508492 -0.0435456  -6.94097e-05 -0.000285926  -0.00103965  0.000613215   0.00036767 -0.000784243   2.78371 -0.103871  -9.40904 22.349
-11.9464 -14.0872 0.878254 -0.0223566    0.17729 -0.0162322 -0.0658684    15.1685   0.619171  0.0215949 0.00742109  0.0915492 -0.0579486   0.524041 -0.0543672  -8.18314e-05 -0.000362508  -0.00102869  0.000609044  0.000370209 -0.000783634  2.78372 -0.10388 -9.40904 22.3587
-12.6648 -14.0422  1.26817 -0.0233077   0.186942 -0.0177544 -0.0692273    15.1682   0.618296  0.0215852 0.00742415  0.0915477 -0.0551788   0.536696 -0.0723949  -0.000104792 -0.000460558  -0.00109299  0.000608816  0.000371708 -0.000777405   2.78373 -0.103892  -9.40907 22.3686
-13.5082  -13.922  1.52808 -0.0249669   0.199022 -0.0186135 -0.0667047    15.1706   0.619345  0.0215678 0.00742206  0.0915312  -0.059213   0.560445 -0.0788747  -7.60847e-05 -0.000587713   -0.0010074  0.000611504  0.000370835 -0.000791959   2.78371 -0.103872  -9.40899 22.3808
 -14.377 -13.9053  1.74725 -0.0263857   0.209544 -0.0205633 -0.0752431    15.1734    0.61677  0.0215424 0.00743269  0.0915038 -0.0609538   0.570206 -0.0930524   3.11967e-05  -0.00051908 -0.000937051  0.000613538  0.000374388 -0.000787018    2.7837 -0.103889    -9.409 22.3916
-15.2027 -13.8537  2.00122 -0.0269881    0.22114 -0.0219969 -0.0750772    15.1678    0.61651  0.0215346 0.00741144   0.091525 -0.0530657    0.58518  -0.103343   3.56917e-06 -0.000501787 -0.000979616  0.000609526  0.000374164 -0.000793119   2.78371 -0.103881  -9.40897 22.4033
-16.1183 -13.8551  2.10399 -0.0279572   0.231955 -0.0244492 -0.0855388    15.1684   0.613468  0.0215221 0.00742085  0.0914903 -0.0497291   0.588214  -0.118036   0.000138304 -0.000492879 -0.000808136  0.000609158  0.000378607 -0.000785696   2.78372 -0.103904  -9.40898 22.4144
-17.0367 -13.8254  2.28946  -0.029158   0.243398 -0.0274056 -0.0898087    15.1709     0.6125  0.0215264 0.00744005  0.0914682 -0.0491041   0.598032  -0.133759   0.000129872 -0.000507324 -0.000872574  0.000611082  0.000380107 -0.000777996   2.78372 -0.103919  -9.40902 22.4263
  -18.04 -13.8549  2.42445 -0.0305398   0.255775 -0.0296836 -0.0896722    15.1728   0.612802  0.0215077 0.00741704   0.091443 -0.0515406   0.609196  -0.144458   0.000206561 -0.000483114 -0.000852764  0.000613438  0.000380929 -0.000788708    2.7837 -0.103905  -9.40896 22.4389
-18.9772 -13.8786  2.60643 -0.0314379   0.267242 -0.0332405 -0.0962371    15.1731   0.610895  0.0215206 0.00743959  0.0914268 -0.0479261   0.613973  -0.162284    0.00020938 -0.000473695 -0.000852865  0.000613031  0.000383105 -0.000777141   2.78371 -0.103929  -9.40901 22.451
-19.8014 -13.9364  2.83447 -0.0318554    0.27872 -0.0365108 -0.098166   15.1695  0.609319  0.0215249 0.00744736  0.0914322 -0.0432624   0.621749  -0.176327    0.00010391 -0.000365615 -0.000882219  0.000609697  0.000383349 -0.000772848   2.78372 -0.103936  -9.40902 22.4629
-20.7666 -13.9687  3.00078 -0.0326056   0.290008 -0.0401938 -0.110188   15.1692  0.605667  0.0215305 0.00746087  0.0913876 -0.0418981   0.622233  -0.190516   0.000138162 -0.000355256 -0.000837721 0.000608782 0.000388555 -0.00076607   2.78373 -0.103961  -9.40902 22.4748
-21.8119 -13.8919  3.30876 -0.0337338   0.303133 -0.0448602 -0.121957   15.1713  0.602911   0.021529 0.00747623  0.0913371 -0.0418857   0.617174  -0.208944   5.20183e-05 -0.000414842 -0.000937774 0.000610505 0.000393789 -0.00075954   2.78372 -0.103987  -9.40902 22.4888
-22.7555 -13.8291  3.63485 -0.0350294   0.314832 -0.0481005 -0.120615   15.1736  0.604195  0.0215141 0.00744592  0.0913126 -0.0460007   0.620371  -0.218366   0.000150123 -0.000438244  -0.00107677  0.000613654  0.000396063 -0.000774399   2.78369 -0.103969  -9.40894 22.501
-23.6289 -13.8345  3.87431 -0.0364292   0.325637 -0.0525412 -0.127128    15.179  0.604043  0.0215102 0.00746082  0.0912908 -0.0514363   0.617919  -0.235562   0.000157939 -0.000412445  -0.00100257    0.0006181  0.000398713 -0.000769583   2.78368 -0.103986  -9.40895 22.5128
-24.5582 -13.8267  4.24826 -0.0369074   0.336819 -0.0581845 -0.134527   15.1769  0.600808  0.0215145 0.00748973     0.0913 -0.0495074   0.613843   -0.25748   0.000119249 -0.000357292  -0.00106767  0.000615445  0.000397433 -0.000748638   2.78371 -0.104015  -9.40904 22.5253
-25.5214 -13.7533  4.61762 -0.0377772   0.348043 -0.0639065 -0.143596   15.1773   0.59812  0.0215071 0.00750914  0.0912972 -0.0516116    0.60625  -0.274371   0.000127682 -0.000349742  -0.00107273  0.000615387  0.000399294 -0.000735705   2.78373 -0.104042  -9.40907 22.5379
-26.3863 -13.5441  5.05368 -0.0389948    0.35962  -0.069723 -0.152963   15.1791  0.596231  0.0214907 0.00752164   0.091303 -0.0525234   0.599701  -0.287358  -6.61282e-06 -0.000417908  -0.00115562  0.000617485  0.000403726 -0.000731305   2.78372 -0.104063  -9.40906 22.5509
-27.3657  -13.322  5.44827  -0.040664   0.373544 -0.0757156 -0.14331  15.1817 0.600938 0.0214939 0.0075208  0.091283 -0.0572026   0.602145  -0.302462   5.91053e-05 -0.000496604  -0.00115503  0.000620463  0.000403116 -0.000745714   2.78369 -0.104041  -9.40903 22.5662
-28.1584 -13.1315  5.80802 -0.0414178   0.384827 -0.0817053 -0.149602   15.1793  0.597446 0.0214834 0.0075199  0.091296 -0.0576513   0.596427  -0.313731   1.65699e-05 -0.000511036  -0.00112187  0.000617669  0.000405605 -0.000741595   2.78371 -0.104052  -9.40902 22.579
-28.8152  -12.982  6.21432 -0.0423512   0.394487 -0.0887452 -0.163573   15.1815  0.594104   0.021485 0.00750989  0.0913441 -0.0568875   0.583824   -0.33128  -8.51206e-05 -0.000447823  -0.00114855  0.000618714  0.000403805 -0.000717361   2.78373 -0.104086   -9.4091 22.591
-29.5864 -12.8204  6.49238 -0.0431661   0.404549 -0.0957633 -0.175851   15.1817  0.589908  0.0214846 0.00750107  0.0913917 -0.0546606   0.571926  -0.344846  -1.05961e-05 -0.000467484  -0.00104809 0.000617667   0.0004047  -0.0007022   2.78375 -0.104111  -9.40913 22.6033
-30.2577 -12.5796  6.84883 -0.0441903   0.415739  -0.102737 -0.179321   15.1807  0.588107  0.0214808 0.00750294  0.0914098 -0.0551716   0.564918  -0.354718  -0.000129306 -0.000509347  -0.00108347  0.000617279  0.000406664 -0.000701487   2.78375 -0.104117  -9.40912 22.6165
-31.2279 -12.2841  7.31162 -0.0457503    0.42984  -0.110295 -0.164306   15.1806  0.593437 0.0214804 0.0075168 0.0913436 -0.0591329   0.573596  -0.359973  -6.20255e-07 -0.000531086  -0.00117948 0.000618177 0.000405002 -0.00071772   2.78373 -0.104089   -9.4091 22.6326
-32.0888 -12.0999  7.64999 -0.0467393   0.441043   -0.11715 -0.166096    15.179  0.591286  0.0214739 0.00752193   0.091352 -0.0577118    0.56924   -0.36325   6.78093e-05 -0.000520399  -0.00111321  0.000616561  0.000408314 -0.000721092  2.78373 -0.10409 -9.40906 22.6457
-32.8321  -11.908  8.09227 -0.0475459   0.449839  -0.124392 -0.180365     15.18   0.58691  0.0214737 0.00750801  0.0914001 -0.0563804   0.554286  -0.371333   4.49733e-05 -0.000456878  -0.00121605  0.000616524  0.000407197 -0.000702564   2.78375 -0.104115   -9.4091 22.6572
-33.6625 -11.7345  8.44816 -0.0484859   0.459102  -0.131374 -0.190506   15.1806  0.583419  0.0214598 0.00751293  0.0914172 -0.0562962   0.542405  -0.378157   0.000147057 -0.000417564  -0.00115374  0.000616422  0.000410355 -0.000695457   2.78376 -0.104133  -9.40908 22.6688
-34.5418 -11.3831  8.90152 -0.0500424   0.472335   -0.14074 -0.191174   15.1813  0.584177  0.0214565 0.00751765  0.0914196  -0.05793  0.531847 -0.387237  -0.000129203 -0.000503951   -0.0011489  0.000617785  0.000412015 -0.000696772   2.78375 -0.104136  -9.40907 22.6851
-35.3378 -11.1046   9.2691 -0.0517758   0.483177  -0.147405 -0.180502   15.1833  0.590469  0.0214523 0.00752754  0.0913989 -0.0610221   0.533287  -0.388471  -0.000111311 -0.000523797  -0.00118207   0.00062181  0.000416837 -0.000715174   2.78371 -0.104124  -9.40902 22.6979
 -36.269 -10.8622  9.62583 -0.0530258   0.493855  -0.155149 -0.179447   15.1837   0.59108  0.0214504 0.00752722  0.0913956 -0.0563502   0.522687  -0.394867   4.37318e-05 -0.000508351  -0.00114831  0.000622159   0.00041807 -0.000718018   2.78371 -0.104122  -9.40901 22.7112
-36.9954 -10.6748  9.93778 -0.053934  0.502318 -0.162861 -0.188026   15.1849  0.588912  0.0214511 0.00753923  0.0914064 -0.0543548   0.506217  -0.404721  -1.05714e-05  -0.00044859  -0.00113004  0.000622409  0.000414133 -0.000703525   2.78373 -0.104139  -9.40905 22.7227
-37.8679 -10.4615  10.2646 -0.0547304   0.511088  -0.170758 -0.190831   15.1849  0.587645 0.0214575 0.0075482 0.0914208 -0.0513109    0.49259  -0.415957   0.000187667 -0.000446031  -0.00111414   0.00062129  0.000409371 -0.000694036   2.78374 -0.104146  -9.40909 22.7345
-38.5826 -10.2476  10.6584 -0.0552662   0.521457  -0.179783 -0.187781   15.1816  0.585046 0.0214723 0.0075383 0.0914389 -0.0467337   0.486369  -0.426467  -0.000103999 -0.000400608  -0.00112529  0.000617142  0.000402005 -0.000688963   2.78377 -0.104134  -9.40915 22.7483
-39.5418 -9.87317   11.059 -0.0576489    0.53344  -0.189553 -0.178559   15.1879  0.597288  0.0214664 0.00754591  0.0914339   -0.0572  0.477278 -0.433183  -0.000117608 -0.000514671  -0.00118123  0.000627012  0.000409206 -0.000706307    2.7837 -0.104139   -9.4091 22.7639
-40.3724 -9.58155  11.3731 -0.0588023   0.543144  -0.198181 -0.174781   15.1875  0.598289 0.0214685 0.0075403 0.0914362 -0.0583088   0.464947  -0.438024  -5.72325e-05 -0.000531978  -0.00113725  0.000626532  0.000408898 -0.000710074    2.7837 -0.104133  -9.40911 22.7769
-41.0948 -9.31489  11.6999 -0.0594053   0.549879  -0.207017 -0.189833    15.189  0.593531  0.0214832 0.00754637  0.0914588 -0.0531207   0.441314  -0.447261    4.2934e-06 -0.000476538  -0.00115493  0.000624535  0.000396718 -0.000681684   2.78375 -0.104153  -9.40919 22.7881
-41.8078 -8.94476  11.9371 -0.0599355   0.557043  -0.215091 -0.196521   15.1875   0.58844  0.0214882 0.00754741  0.0914636 -0.0483043    0.41803  -0.447782   8.89417e-05 -0.000583859  -0.00116659  0.000621368  0.000395803 -0.000673896   2.78377 -0.104157  -9.40919 22.7989
-42.4242 -8.56877  12.2858 -0.0615353   0.565523  -0.224295 -0.193914   15.1913  0.595352  0.0214844 0.00755239  0.0914593 -0.0506453   0.398175  -0.443653  -8.36768e-05 -0.000536346  -0.00116671  0.000627069  0.000396473 -0.000677083   2.78374 -0.104166   -9.4092 22.8115
  -43.19 -8.04254  12.6325 -0.0638325    0.57457  -0.233427 -0.189285   15.1965  0.605686 0.0214553 0.0075927 0.0914565 -0.0547801   0.373298  -0.426138  -0.000183469 -0.000587462  -0.00120136  0.000637747  0.000414199 -0.000697277   2.78367 -0.104188  -9.40908 22.8245
-43.9553 -7.68199  12.8154 -0.0650306   0.582106  -0.240712 -0.181344   15.1957  0.607986  0.0214328 0.00760692  0.0914431 -0.0508435   0.356717  -0.409668  -7.84072e-05 -0.000631373   -0.0011103  0.000638999  0.000422917 -0.000712626   2.78365 -0.104182  -9.40903 22.8351
-44.6237  -7.3244  13.1999 -0.0658499   0.587432  -0.249132 -0.196634   15.1979  0.603932  0.0214558 0.00759263  0.0914731 -0.0448944   0.315062  -0.397993  -0.000103513 -0.000491902  -0.00117494  0.000638955  0.000418042 -0.000694054   2.78367 -0.104198  -9.40904 22.8451
-45.2117 -6.76204  13.3987 -0.0663536   0.592518  -0.256383 -0.202355   15.1977  0.600676  0.0214655 0.00758715  0.0914873 -0.0343762   0.286018  -0.381359  -5.98576e-05 -0.000635333  -0.00121598  0.000637088  0.000417233 -0.000688027   2.78369 -0.104201  -9.40904 22.854
-45.5609 -6.10427  13.7549 -0.0672036   0.598287  -0.264198 -0.201424   15.1984  0.603336  0.0214606 0.00759407  0.0914851 -0.026051  0.252776 -0.356593  -0.000357492 -0.000604269  -0.00128469  0.000639522  0.000418701 -0.000690001   2.78368 -0.104205  -9.40903 22.8637
-45.8567 -5.22885  14.0941 -0.0682641   0.603279  -0.270936 -0.199841   15.2009  0.609078  0.0214144 0.00765306  0.0915087 -0.0179901   0.208843  -0.319634   -0.00051545 -0.000702676  -0.00137281  0.000646647  0.000434067 -0.000702002   2.78364 -0.104231  -9.40894 22.8722
-46.2151 -4.57529  14.3387 -0.0682363   0.607531  -0.276521 -0.196168   15.1981  0.604904  0.0213851 0.00767419  0.0915259 -0.00770372    0.178045   -0.281939  -0.000406556 -0.000703256  -0.00123102  0.000644241  0.000442097 -0.000711003   2.78364 -0.104225  -9.40889 22.8792
 -46.389 -3.98966  14.5218 -0.0680769   0.609116  -0.282318 -0.21333  15.2006 0.600679  0.0214291 0.00760976  0.0915773 0.00164222   0.136409  -0.250873  -0.000481652  -0.00070096  -0.00117569  0.000643217  0.000432278 -0.000689823   2.78367 -0.104226  -9.40891 22.8852
-46.5649 -3.50713  14.5574 -0.0678707   0.610965  -0.286482 -0.216881   15.2005  0.598157  0.0214322 0.00760834  0.0916092 0.00754141   0.104016  -0.215705   -0.00043194 -0.000729452  -0.00101976   0.00064259  0.000434538 -0.000688218   2.78368 -0.104229  -9.40889 22.8898
-46.4765 -3.00504  14.6522 -0.0674758   0.612379  -0.290275 -0.219886   15.1997  0.595256  0.0214388 0.00760148  0.0916392 0.0141045 0.0681883 -0.177708  -0.000678416 -0.000689099 -0.000964839  0.000641434   0.00043512 -0.000686325   2.78369 -0.104226  -9.40888 22.8938
-46.4741 -2.53973  14.6944 -0.0683746   0.613315  -0.293063 -0.21656  15.2056 0.610715  0.0214215 0.00766052  0.0916615 0.0122875 0.0333291 -0.127433  -0.000738443 -0.000658719 -0.000928923  0.000653542   0.00045046 -0.000697447   2.78362 -0.104272   -9.4088 22.8969
-46.6069 -2.33773  14.5646 -0.0680192    0.61432  -0.294359 -0.207036   15.2029  0.610031   0.021401 0.00774045  0.0916841  0.0213202 0.00378471 -0.0815334  -0.000582388 -0.000689856  -0.00074602  0.000654016  0.000466203 -0.000713898    2.7836 -0.104285  -9.40873 22.8986
-46.5387 -2.31919  14.5732 -0.067148  0.612909 -0.295907 -0.220935   15.2039  0.603576  0.0214432 0.00767712  0.0917368  0.0320869 -0.0324026 -0.0416893  -0.000649912 -0.000514355 -0.000679469  0.000651033  0.000457857 -0.000699016  2.78364 -0.10427 -9.40874 22.9009
 -46.582 -2.25331  14.4816 -0.0663491   0.611498  -0.296863 -0.22852  15.2053 0.601827  0.0214454 0.00762368  0.0917312   0.0420371  -0.0591797 -0.00488518  -0.000543783 -0.000543725 -0.000622255  0.000649935  0.000446902 -0.000687039   2.78366 -0.104258  -9.40878 22.9027
 -46.312 -2.18853  14.5512 -0.065646  0.609861 -0.296311 -0.228237   15.2064  0.605088  0.0214597 0.00762496  0.0917546  0.0497345 -0.0885031  0.0412144   -0.00083598 -0.000446596 -0.000669392   0.00065234  0.000451033 -0.000689538   2.78364 -0.104267  -9.40875 22.9046
 -46.138 -2.08336   14.545 -0.0657384   0.608039  -0.294507 -0.221089   15.2103   0.62041   0.021481 0.00764765  0.0917919 0.0490256  -0.11167  0.087099  -0.000932262 -0.000475348 -0.000710776  0.000662189  0.000466223 -0.000702894   2.78358 -0.104308  -9.40868 22.9072
-46.0303 -2.13893  14.3945 -0.0649176   0.606355  -0.291716 -0.210093   15.2083  0.623338   0.021487 0.00771727  0.0917942 0.0558543 -0.132119  0.129479   -0.00085826 -0.000502742 -0.000577715  0.000664421  0.000480455 -0.000718326   2.78355 -0.104329  -9.40864 22.9105
-45.6801 -2.24789  14.3547 -0.0637138   0.602675  -0.289261 -0.21942  15.2109 0.623216 0.0214826 0.0076497 0.0918003 0.0622232 -0.165832  0.163436  -0.000996481 -0.000350049 -0.000565855  0.000664248      0.00047 -0.000706366   2.78357 -0.104316  -9.40867 22.9151
-45.3901 -2.27547  14.1396 -0.0621276   0.598584  -0.285709 -0.223251   15.2112  0.620912  0.0214663 0.00762367  0.0917825 0.0697474 -0.198158  0.199433  -0.000841294 -0.000487641 -0.000521595  0.000662715  0.000462401 -0.000699659   2.78358 -0.104304   -9.4087 22.9208
-44.8615 -2.37553  14.0703 -0.0607685   0.596141  -0.282673 -0.213851   15.2096  0.623301  0.0213601 0.00763732  0.0916367 0.0735182 -0.213086  0.224162   -0.00104032 -0.000412591 -0.000524041   0.00066102  0.000451535 -0.000698978   2.78359 -0.104297   -9.4088 22.9249
-44.1527  -2.4707  13.8948 -0.0600912   0.590997  -0.276606 -0.211451   15.2126  0.633088  0.0214459 0.00767295  0.0917727 0.0691944 -0.242917  0.269155   -0.00129198  -0.00045276 -0.000515392  0.000668968  0.000472205 -0.000712644   2.78354 -0.104336  -9.40868 22.9329
-43.6247 -2.64503  13.6842 -0.058783  0.586578 -0.269989 -0.199171   15.2093  0.634563  0.0214648 0.00777704  0.0917836 0.0693512  -0.26924  0.306495   -0.00122632 -0.000479866 -0.000425011  0.000670642   0.00048882 -0.000729523    2.7835 -0.104361  -9.40863 22.9409
-42.9162 -2.86847  13.6218 -0.0573523    0.58022  -0.263875 -0.208011   15.2113  0.632851 0.0214807 0.0077234 0.0918221 0.0705075 -0.303896    0.3353   -0.00130534 -0.000343128  -0.00044628  0.000670027  0.000483621 -0.000721343  2.78352 -0.10435 -9.40863 22.9499
-42.3407 -3.01489  13.4003 -0.055538  0.574152 -0.257511 -0.213265   15.2091  0.623498  0.0215081 0.00772657  0.0918538 0.0765589 -0.334498   0.36187   -0.00115472 -0.000478373  -0.00037934  0.000666146  0.000483157 -0.000718141   2.78354 -0.104334  -9.40861 22.9588
-41.4024 -3.35566  13.2623 -0.0539903   0.568138  -0.250865 -0.208978   15.2082  0.624712  0.0214563 0.00772367  0.0917676  0.077037 -0.359362  0.383544    -0.0013729 -0.000365688  -0.00033562 0.000664591 0.000475998 -0.00071601   2.78355 -0.104328  -9.40867 22.9679
-40.3456 -3.64804  12.9681 -0.0528679   0.560492  -0.241801 -0.201213   15.2088  0.631959  0.0214722 0.00778025  0.0917871 0.0746774 -0.388551  0.412025    -0.0015378 -0.000434893  -0.00032517   0.00066933   0.00048796 -0.000728038   2.78351 -0.104355  -9.40863 22.9799
-39.3792 -4.01021  12.5388 -0.0509915   0.552105  -0.231507 -0.193562    15.204  0.627464  0.0215087 0.00787586  0.0918179 0.0744593 -0.410232  0.444276   -0.00146323 -0.000518404 -0.000203164  0.000669056  0.000503011 -0.000741678   2.78349 -0.104367  -9.40857 22.9933
-38.479 -4.3615 12.2731 -0.0488476   0.543492  -0.223084 -0.199844   15.2023  0.618833  0.0214973 0.00784555  0.0917978 0.0778559 -0.440545  0.458952   -0.00141333 -0.000412503 -0.000226146   0.00066306  0.000492651 -0.000731278   2.78353 -0.104342  -9.40861 23.0055
-37.6238 -4.57611  11.9489 -0.046913  0.534511 -0.215072 -0.210713   15.2024  0.610276  0.0215096 0.00779735  0.0918212 0.0806136 -0.473342  0.471693    -0.0013324 -0.000497745  -0.00025615  0.000658419  0.000483174 -0.000719097   2.78357 -0.104318  -9.40863 23.0177
-36.4241 -4.98899  11.6645 -0.045517  0.526542 -0.206721 -0.200504   15.2016  0.616395   0.021442 0.00779559  0.0916964 0.0772907 -0.491441  0.480512   -0.00161769 -0.000367825 -0.000198877  0.000657427  0.000474323 -0.000718575   2.78357 -0.104315  -9.40872 23.0293
-34.9967 -5.45648  11.3231 -0.0449078   0.515591  -0.195292 -0.188073   15.2047   0.63235  0.0214175 0.00782784  0.0916527  0.062613 -0.521438  0.491215   -0.00175002 -0.000336866 -0.000211213  0.000665538  0.000481348 -0.000730475   2.78352 -0.104347  -9.40871 23.0452
-33.7986 -5.91512  10.9527 -0.0438977   0.505509  -0.183908 -0.173147   15.2005  0.636037   0.021428 0.00793136  0.0916282 0.0540135 -0.544562  0.505034   -0.00167604 -0.000362154 -0.000160424  0.000668946  0.000498355 -0.000751128  2.78347 -0.10437 -9.40865 23.0604
-32.5901 -6.41839   10.714 -0.0428267    0.49464   -0.17533 -0.178756   15.2031  0.636766  0.0213853 0.00784798  0.0915839 0.0501124 -0.576412   0.50012   -0.00171515 -0.000265369 -0.000170486  0.00066644 0.000481943 -0.00073607    2.7835 -0.104351  -9.40873 23.0743
-31.4895 -6.82756  10.4091 -0.0411478   0.482602   -0.16604 -0.19028  15.2016 0.625359  0.0214053 0.00782205  0.0916351  0.052526 -0.613635  0.500106   -0.00160415 -0.000288507 -0.000175236  0.000661188  0.000478138 -0.000726369   2.78354 -0.104334  -9.40873 23.0896
 -30.204 -7.21014   10.086 -0.0397635   0.471263  -0.157089 -0.186018   15.1992  0.623861  0.0213719 0.00779415  0.0915493  0.051057 -0.637344  0.492712   -0.00167628 -0.000331959 -0.000173671  0.000656511  0.000467213 -0.000720656   2.78356 -0.104312  -9.40881 23.1041
-28.3978 -7.76423  9.65715 -0.0392371   0.454684  -0.143625 -0.171377   15.1999  0.635924  0.0213553 0.00782005  0.0914817  0.041295 -0.666745  0.485433    -0.0017598 -0.000322383 -0.000196406  0.000661578  0.000470477 -0.000732678   2.78351 -0.104324  -9.40882 23.1255
-27.4583 -7.99543  9.30343 -0.0396681   0.445614  -0.134806 -0.146881   15.1983   0.65153  0.0213345 0.00787732   0.091394 0.0303683 -0.676276  0.483611   -0.00157506 -0.000430859 -0.000196697  0.000669957  0.000482168 -0.000758947   2.78343 -0.104341  -9.40878 23.1381
-26.1453 -8.32673  9.00479 -0.0386617   0.432193  -0.126818 -0.154151   15.1992  0.647788  0.0213315 0.00782211  0.0914012  0.034047 -0.709275  0.466076   -0.00170201 -0.000361184 -0.000222481 0.000664968 0.000469276 -0.00074302   2.78347 -0.104324  -9.40885 23.1538
-24.9385 -8.59575  8.62957 -0.0376457   0.416831  -0.118006 -0.16268     15.2  0.64305  0.0213383 0.00780138   0.091431 0.0354997 -0.743275  0.451179  -0.00152484 -0.00039874 -0.00020793  0.000662359  0.000463883 -0.000732208    2.7835 -0.104319  -9.40888 23.1715
 -23.697 -8.85109  8.32479 -0.0365845   0.403844  -0.110607 -0.16086  15.1978 0.641106  0.0213368 0.00776598  0.0914016 0.0378966 -0.762784  0.434143   -0.00169565 -0.000391102 -0.000210829  0.000657671  0.000455478 -0.000726069   2.78352 -0.104299  -9.40894 23.1865
 -22.228 -9.09623  7.98074 -0.0356979   0.388533   -0.10111 -0.146431   15.1937  0.645016  0.0213281 0.00775998  0.0913216 0.0401218  -0.77982  0.415055   -0.00174727 -0.000421469 -0.000266406  0.000656372  0.000454397 -0.000736458   2.78351 -0.104279  -9.40895 23.2045
-20.8715 -9.18265  7.66654 -0.0348535   0.374069 -0.0917822 -0.131424    15.188  0.647042  0.0213052 0.00778747  0.0912387 0.0390218 -0.793685  0.405416   -0.00165462  -0.00052485 -0.000306042   0.00065707  0.000462101 -0.000756911   2.78348 -0.104267  -9.40889 23.2218
-19.2513 -9.25702  7.53031 -0.0338876   0.356309 -0.0842778 -0.133233   15.1896   0.64792  0.0213477 0.00772913   0.091254 0.0389173  -0.81964  0.378035   -0.00173403 -0.000495594 -0.000413172  0.000652747  0.000448204 -0.000741076    2.7835 -0.104248    -9.409 23.2411
-18.0515 -9.30471  7.41779 -0.0330428    0.34169 -0.0787102 -0.136884   15.1905  0.646998  0.0213766 0.00769221   0.091279 0.0413244 -0.837884   0.35702   -0.00168399  -0.00050384 -0.000421344  0.000649815  0.000439607 -0.000728626   2.78352 -0.104239  -9.40907 23.2567
-16.5123  -9.4094  7.24826 -0.0308492   0.324447 -0.0719285 -0.14077  15.1834 0.637448  0.0213927 0.00763308  0.0913056 0.0524719  -0.85736  0.333446   -0.00179447 -0.000499651  -0.00038672   0.00064008  0.000435309 -0.000720818   2.78357 -0.104214  -9.40911 23.2754
-15.0319 -9.41565  7.13512 -0.0299487   0.308069 -0.0650381 -0.130419   15.1816  0.641417  0.0214131 0.00761522  0.0912396 0.0479628 -0.867074  0.314027   -0.00181091 -0.000539078 -0.000461609  0.000639554  0.000433543 -0.000729351   2.78355 -0.104194   -9.4091 23.2932
-13.5212 -9.31711  7.03895 -0.0293838   0.291014 -0.0576289 -0.117042   15.1799  0.646806  0.0214053 0.00763278  0.0911363 0.0393197 -0.881027  0.298253   -0.00172289 -0.000621833 -0.000493685  0.000642123   0.00043714 -0.000748085   2.78352 -0.104181  -9.40903 23.3118
-12.1098 -9.37948  6.97661 -0.0288233   0.275421 -0.0531983 -0.115853   15.1809  0.649291  0.0214468 0.00759399  0.0911354 0.0372517   -0.8966  0.271409    -0.0018273 -0.000526224 -0.000450123 0.000641001 0.000429837 -0.00073979   2.78352 -0.104167  -9.40909 23.328
 -10.717 -9.51383    6.864 -0.0281073   0.258054 -0.0478661 -0.113231   15.1798  0.650173  0.0214487 0.00758853  0.0911162 0.0338645 -0.908871  0.247949  -0.00178793  -0.0004687 -0.00042304    0.0006408  0.000430148 -0.000743926   2.78352 -0.104161  -9.40907 23.3462
-9.28435 -9.73764  6.59636 -0.0270607   0.239966  -0.043848 -0.115152   15.1781  0.648703 0.0214648 0.0075586 0.0911436 0.0347402 -0.922438  0.216963   -0.00180495 -0.000394272 -0.000288837  0.000637506  0.000425524 -0.000734471   2.78354 -0.104152  -9.40912 23.3647
-7.68568 -9.93871  6.27899 -0.0268329   0.220057 -0.0397856 -0.112119   15.1814  0.652383  0.0214734 0.00754929  0.0911411 0.0276486 -0.937576  0.184009    -0.0018377 -0.000405632 -0.000292627  0.000640053   0.00042203 -0.000732519   2.78353 -0.104146  -9.40914 23.3851
-6.08025 -10.0212  5.90256 -0.0268091   0.200423 -0.0354847 -0.102067   15.1816  0.657426  0.0214611 0.00753274   0.091075 0.0158573 -0.948177   0.15478   -0.00173916 -0.000490513 -0.000252754  0.000643494  0.000420271 -0.000744417   2.78349 -0.104127   -9.4091 23.4052
-4.64861  -10.073  5.65208 -0.0266457   0.185167 -0.0332871 -0.0992021    15.1819     0.6589  0.0214612 0.00751274  0.0910621 0.0108022 -0.957097  0.128768   -0.00197742 -0.000513924 -0.000250537  0.000643139  0.000417179 -0.000742983    2.7835 -0.104115  -9.40911 23.4206
-3.03103 -10.1937  5.34828 -0.0260622   0.165737  -0.030745 -0.0949457    15.1776   0.659474  0.021454 0.0074862 0.0910313 0.00682716  -0.960906  0.0977808   -0.00195838 -0.000472844 -0.000275239 0.000639466 0.000413981 -0.00074394   2.78351 -0.104095  -9.40911 23.4402
-1.36103  -10.308    4.929 -0.0253289   0.145638 -0.0287964 -0.0952185     15.172   0.657473  0.0214527 0.00748797  0.0910234 0.0051276 -0.967531 0.0672303   -0.00199572 -0.000466877 -0.000138425  0.000635169  0.000414268 -0.000744431  2.78352 -0.10409  -9.4091 23.4604
0.254833  -10.485  4.58989 -0.0254198   0.126425 -0.0276271 -0.0929811    15.1732   0.659069  0.0214451 0.00747636  0.0910032 0.00401398  -0.969126  0.0403289   -0.00206101 -0.000424054 -0.000163729  0.000636213  0.000412683 -0.000745826   2.78351 -0.104082   -9.4091 23.4796
 1.75003 -10.6091  4.07093 -0.0257558   0.106344 -0.0261968 -0.0952955    15.1741   0.657947  0.0214551 0.00751717  0.0909697 0.00090528  -0.973963  0.0225269   -0.00193995 -0.000467374 -6.46625e-05  0.000640985  0.000418931 -0.000760325   2.78348 -0.104103  -9.40902 23.4998
 3.16803 -10.7752  3.53761 -0.0259911  0.0874503 -0.0262008 -0.0893841    15.1757   0.661513  0.0214301 0.00748123  0.0909808 -0.00151296   -0.971129 -0.00141678   -0.00182715  -0.00042499 -3.46137e-05 0.000642637 0.000413718 -0.00075764   2.78348 -0.104083  -9.40903 23.5187
 4.75656 -10.7418  3.08577  -0.025728  0.0682917 -0.0259163 -0.0868724    15.1724   0.661875  0.0214152 0.00748054  0.0909439 -0.000926439    -0.968888   -0.0199227  -0.00199269 -0.00051368 -0.00013259  0.000640083  0.000412648 -0.000763183   2.78348 -0.104072    -9.409 23.5378
 6.09648 -10.5885  2.48314 -0.0257869  0.0496442 -0.0266099 -0.0805579    15.1715   0.664692 0.0213757 0.0074395 0.0909329 -0.00552766   -0.962677  -0.0443184   -0.00182671 -0.000612444 -1.76508e-05  0.000640505  0.000406733 -0.000760865   2.78348 -0.104046  -9.40901 23.5565
 7.46036 -10.3742  2.03874 -0.0266736  0.0305307 -0.0280268 -0.0803131    15.1783   0.664569  0.0213799 0.00741949  0.0909394 -0.0149733  -0.959256 -0.0644147   -0.00185723 -0.000662255 -4.97207e-05  0.000645783  0.000406232 -0.000758949   2.78346 -0.104046  -9.40902 23.5757
 8.69112 -10.1852  1.61215 -0.0280226  0.0110711  -0.029318 -0.0793712     15.186   0.664256  0.0213624 0.00738003  0.0908961 -0.0204464  -0.957087 -0.0841661   -0.00172141 -0.000671002  -5.1301e-05  0.000654723  0.000405947 -0.000766511   2.78343 -0.104044  -9.40898 23.5952
 9.87191 -10.1725  1.23316 -0.0281985 -0.0069028 -0.0315689 -0.0721978    15.1844   0.668164  0.0213546 0.00736289  0.0909605 -0.0204991   -0.94526  -0.107152   -0.00164214 -0.000584628 -8.28665e-05  0.000651856  0.000400518 -0.000758302   2.78344 -0.104022  -9.40901 23.6133
 11.3136 -10.2725 0.842369 -0.0286099 -0.0248355 -0.0333478 -0.0639655    15.1829   0.672461  0.0213185 0.00731245  0.0909442 -0.0216114  -0.930616  -0.123082   -0.00187011 -0.000461369 -0.000189407  0.000651253   0.00039394 -0.000764248   2.78344 -0.103993  -9.40896 23.6314
 12.5634 -10.3789 0.161676 -0.0292524 -0.0419995 -0.0354952 -0.0541323    15.1819     0.6775  0.0212814 0.00724561  0.0909728 -0.0285278   -0.91236  -0.138927   -0.00170176 -0.000339297  7.92481e-05  0.000653413  0.000385545 -0.000769407   2.78342 -0.103958  -9.40891 23.6487
  13.9414  -10.4337 -0.388596 -0.0307581 -0.0603252 -0.0392395 -0.0538001    15.1907   0.675056 0.0212899 0.0072423 0.0910248 -0.0425641    -0.9014   -0.16363   -0.00176166 -0.000358858  6.74792e-05  0.000659441  0.000386446 -0.000762735    2.7834 -0.103961  -9.40895 23.6674
 15.3168 -10.3763 -1.04769 -0.0328771  -0.080482 -0.0428062 -0.058968   15.1988   0.66944   0.021302 0.00721752  0.0909802 -0.0606119  -0.894292  -0.184278  -0.00168006 -0.00043877 0.000126676  0.000668673   0.00038823 -0.000773872   2.78336 -0.103969  -9.40892 23.688
 16.3707 -10.3311 -1.65597 -0.0341061 -0.0948353 -0.0461694 -0.047222   15.1994   0.67451   0.021273 0.00717169  0.0910841 -0.0681702  -0.872974   -0.19712    -0.0015564 -0.000402849  0.000202933  0.000669333  0.000379641 -0.000771073   2.78336 -0.103936   -9.4089 23.7028
  17.601  -10.205 -2.16787 -0.0349585  -0.109723 -0.0500209 -0.0347849    15.1958   0.681708  0.0212476 0.00713911  0.0911852 -0.0687389  -0.849105  -0.215249  -0.00165564 -0.00048549 8.21372e-05  0.000664643  0.000370894 -0.000765182   2.78338 -0.103903  -9.40888 23.7182
   18.74 -10.0642 -2.91409 -0.0360055  -0.124441 -0.0542524 -0.0208997    15.1925   0.689639  0.0212092 0.00710053  0.0913025 -0.0721284  -0.822347  -0.228366   -0.00156436 -0.000468634  0.000205297   0.00066213    0.0003612 -0.000759425   2.78339 -0.103868  -9.40886 23.7336
 20.0706 -9.94978 -3.65093  -0.037573  -0.142451 -0.0597763 -0.0225686    15.1927    0.68894   0.021222 0.00713143  0.0912993 -0.0775798  -0.807134  -0.242932   -0.00153813 -0.000414504  0.000193655    0.0006613  0.000365255 -0.000753819   2.7834 -0.10388  -9.4089 23.7525
 21.4651 -9.75952 -4.32373 -0.0403102  -0.160282 -0.0651407 -0.0223744    15.2004   0.683992   0.021217 0.00708805     0.0913 -0.0884479  -0.789435  -0.252811   -0.00157356 -0.000508989  0.000150714  0.000669208   0.00036149 -0.000762205   2.78336 -0.103866  -9.40886 23.7713
  22.606 -9.68216 -4.93502 -0.0419937  -0.174483 -0.0701537 -0.0202644    15.2012   0.684516  0.0212182 0.00709329  0.0913234 -0.0920532  -0.775361  -0.267059   -0.00156509 -0.000437197  0.000197658  0.000669294  0.000361996 -0.000757733   2.78336 -0.103865  -9.40887 23.7864
   23.83 -9.57128 -5.32238 -0.0432747  -0.187389 -0.0758204 -0.00727415     15.2001    0.691548  0.0212193 0.00708569  0.0914177 -0.0918776  -0.750461  -0.281929   -0.00168788 -0.000502011 -1.36876e-05  0.000663624  0.000358995 -0.000739895   2.78341 -0.103845   -9.4089 23.8006
 25.0819 -9.41565 -5.92396 -0.0448229   -0.20062 -0.0807713 -0.00104505     15.1973    0.696469   0.021206 0.00705214    0.09143 -0.0926792   -0.72784  -0.291585   -0.00170591 -0.000474633  7.55854e-05  0.000662276  0.000351617 -0.000741899   2.78341 -0.103826  -9.40885 23.8148
 26.5261 -9.22807  -6.5541 -0.0472964  -0.216559 -0.0878519 -0.000496976      15.2016     0.693292 0.0212146 0.0070589 0.0914512 -0.0991291  -0.706717   -0.30753   -0.00166533 -0.000441498  9.50117e-05  0.000665206  0.000354323 -0.000737415    2.7834 -0.103826  -9.40888 23.8324
 28.0534 -8.97549  -7.1157 -0.0500256  -0.232249 -0.0949225 -0.00141394     15.2056     0.68938  0.0212162 0.00706002  0.0914541 -0.106016 -0.683537 -0.316239  -0.00170801 -0.00047959 7.81041e-05  0.000669045  0.000354243 -0.000739327   2.78339 -0.103823  -9.40888 23.8498
 29.2949 -8.80727 -7.66425 -0.0516899  -0.245141   -0.10122 4.93735e-05     15.2026    0.692782 0.0212192 0.0070607 0.0914615 -0.104582 -0.660242 -0.320675   -0.00167515 -0.000428362  0.000110085  0.000665586  0.000355989 -0.000734278   2.78341 -0.103827   -9.4089 23.8643
 30.4985 -8.60548 -8.04135 -0.0530852  -0.256054  -0.107593 0.00818017    15.2008   0.698438  0.0212388 0.00704796  0.0915023 -0.103314 -0.633954 -0.327969   -0.00178163 -0.000513209  1.92023e-05  0.000659789  0.000358278 -0.000718364   2.78345 -0.103821  -9.40893 23.877
 31.6168 -8.40972 -8.58578 -0.0538906  -0.266687   -0.11322 0.0129413   15.1918  0.709437  0.0212369 0.00702865  0.0914991 -0.0956133  -0.608823  -0.330606   -0.00179364 -0.000470806  0.000124978  0.000651069  0.000355708 -0.000713221   2.78349 -0.103822  -9.40892 23.8891
 32.6673 -8.29895 -9.06456 -0.0560357  -0.279393  -0.120798 0.0174728   15.1933  0.710372  0.0212454 0.00702249  0.0915215 -0.0942934  -0.578214  -0.331234   -0.00146844 -0.000379556 -1.96344e-05  0.000650924  0.000356815 -0.000705834    2.7835 -0.103817  -9.40893 23.904
 33.8259 -8.04392 -9.57548 -0.0587146  -0.292112  -0.127812 0.0132925   15.1976  0.703432  0.0212392 0.00702695  0.0915068 -0.0964931  -0.552311  -0.321192    -0.0014589 -0.000466702  1.80365e-05  0.000656949  0.000355153 -0.000713825   2.78346 -0.103812  -9.40892 23.9188
 34.9301 -7.80168 -10.1801 -0.0610113  -0.303683  -0.134879 0.0140016   15.1996  0.701339  0.0212419 0.00702767  0.0915133 -0.0962629  -0.518256  -0.320038   -0.00146203 -0.000455477  0.000125633 0.000659171 0.000354973 -0.00071329   2.78345 -0.103807  -9.40892 23.9325
  35.774 -7.52837 -10.5175 -0.0619862  -0.311446  -0.139406 0.0168776   15.1942  0.709135  0.0212401 0.00700237   0.091524 -0.0953408  -0.489977  -0.306647   -0.00157979 -0.000579209  0.000104067  0.000654089  0.000348221 -0.000715504   2.78347 -0.103804  -9.40887 23.9416
 36.3946 -7.21975 -10.9279 -0.063579 -0.319486 -0.144677 0.0195046   15.1935  0.710937  0.0212444 0.00699915  0.0915411 -0.0960906  -0.457975  -0.297363   -0.00140674 -0.000617416  0.000123647   0.00065347  0.000346997 -0.000713169   2.78348 -0.103802  -9.40886 23.9513
 37.1193 -6.85258  -11.527 -0.0664165  -0.329143  -0.151356 0.0211825   15.1989  0.704768  0.0212504 0.00699893  0.0915512 -0.102245 -0.416605 -0.281468   -0.00121244 -0.000493242   0.00014467  0.000659273  0.000346748 -0.000712185  2.78346 -0.10379 -9.40886 23.9634
 37.8748  -6.4407 -12.0198 -0.0697881  -0.337982  -0.157473 0.0194767    15.208  0.691832 0.0212516 0.0069858 0.0915313 -0.107794 -0.381446 -0.264187   -0.00118092 -0.000513795   0.00010963  0.000669679  0.000345202 -0.000716797   2.78341 -0.103766  -9.40885 23.9747
 38.6552 -6.08535 -12.6689 -0.0718231  -0.345923  -0.163352 0.0206181   15.2066  0.694347  0.0212606 0.00701115  0.0915278 -0.102976 -0.349096  -0.24733    -0.0012085 -0.000445695  0.000186268   0.00066661  0.000351088 -0.000710479   2.78343 -0.103779  -9.40889 23.9847
 39.2854 -5.87677 -13.0241 -0.0730543  -0.351303  -0.167613 0.0260485   15.2038  0.701486  0.0212632 0.00702545  0.0915596 -0.0952549  -0.318406  -0.231996   -0.00133064 -0.000487662  2.76979e-06  0.000661162  0.000352275 -0.000702994   2.78347 -0.103788  -9.40889 23.9917
 39.8186 -5.64262 -13.4935 -0.0745456   -0.35671  -0.171676 0.0286112   15.2017  0.705861  0.0212585 0.00702307  0.0915805 -0.0887983   -0.28804  -0.215759   -0.00127626 -0.000452716  2.18941e-05  0.000659283  0.000349879 -0.000701663   2.78348 -0.103789  -9.40887 23.9986
 40.1574 -5.52291 -13.8596 -0.0771951  -0.362107  -0.175921 0.0285302   15.2086  0.695491  0.0212646 0.00700951  0.0915912 -0.0919295  -0.258239  -0.199063   -0.00103237  -0.00038038 -0.000121443 0.000667722 0.000347242 -0.00070467   2.78344 -0.103767  -9.40885 24.006
 40.6225 -5.18134 -14.2233 -0.0811629  -0.367589  -0.180422 0.0275974   15.2229  0.672797  0.0212728 0.00698664  0.0915986 -0.0995387  -0.224243  -0.176458  -0.000921883 -0.000462432 -0.000118789 0.000685438 0.000340518 -0.00071187   2.78337 -0.103715  -9.40882 24.0141
 41.1006 -4.97403 -14.5275 -0.0827234  -0.371681  -0.183144 0.0252522     15.22  0.676053  0.0212687 0.00696322  0.0915983 -0.0924437  -0.199174  -0.154638   -0.00102324 -0.000456752 -0.000100658  0.000683655  0.000336267 -0.000717338   2.78337 -0.103717   -9.4088 24.0193
 41.4508 -4.78985 -14.6963 -0.0836829  -0.375053  -0.185898 0.0268548   15.2155  0.684388 0.0212682 0.0069741 0.0916004 -0.0809324  -0.170972  -0.132578   -0.00107864 -0.000555802 -0.000194333  0.000676908  0.000340781 -0.000711882    2.7834 -0.103737  -9.40882 24.0238
 41.6535 -4.56043 -14.9827 -0.0847528  -0.378004  -0.187703 0.0265291   15.2112  0.691036  0.0212723 0.00694617  0.0916315 -0.0727226  -0.140652  -0.101496   -0.00100006 -0.000583221 -0.000121192  0.000673642  0.000334468 -0.000716445   2.78341 -0.103741  -9.40878 24.0274
 41.6624 -4.57575  -15.222 -0.0865761  -0.380231  -0.189283 0.0262826   15.2148  0.684733   0.021278 0.00694201  0.0916437 -0.0680441  -0.104633 -0.0735065  -0.000806799 -0.000412544 -0.000251636  0.000678797  0.000330948 -0.000719724   2.78338 -0.103726  -9.40876 24.0307
 41.6264 -4.34194 -15.4877 -0.0895665  -0.381444  -0.190382 0.0298126   15.2264  0.666775  0.0212991 0.00694648  0.0917006 -0.0673057 -0.0523817 -0.0266562  -0.000586401 -0.000460085 -0.000214892  0.000693233  0.000322336 -0.000723632   2.78333 -0.103681  -9.40871 24.0341
 41.7215 -4.20782 -15.6951 -0.0905717  -0.382123  -0.190403 0.0292991   15.2248  0.669239  0.0212993 0.00693776  0.0917037 -0.0518789 -0.0116762  0.0145834  -0.000668271 -0.000463803 -0.000217421  0.000691659  0.000321382 -0.000724706   2.78333 -0.103684   -9.4087 24.0353
 41.7029 -4.05366 -15.7528 -0.0911278  -0.381331  -0.190246 0.0369631    15.225  0.673526  0.0213119 0.00699081  0.0917338 -0.0357203  0.0307804  0.0486906  -0.000724134 -0.000597901 -0.000319492  0.000688145   0.00032934 -0.000711846   2.78337 -0.103701  -9.40872 24.0363
 41.4198 -3.96406 -15.8697 -0.0910801  -0.380074  -0.189115 0.0416326   15.2218   0.68187  0.0213238 0.00701258  0.0917699 -0.0182799  0.0707718  0.0831313  -0.000562695 -0.000590674 -0.000320851  0.000682562  0.000333015 -0.000704829    2.7834 -0.103723  -9.40873 24.0379
  40.904 -3.99598 -15.9295 -0.0917736  -0.377214  -0.185875 0.0422799   15.2244  0.677124  0.0213502 0.00699103  0.0918375 -0.00396289    0.125548    0.137709  -0.000389274 -0.000496208 -0.000412494  0.000687479  0.000322949 -0.000711321   2.78338 -0.103703  -9.40867 24.0423
 40.3915 -3.98623 -15.9109 -0.0931898  -0.373984  -0.183043 0.0452299   15.2352  0.658717  0.0213773 0.00701579  0.0918971 -0.0036175    0.16563   0.174435  -0.000177897 -0.000475603 -0.000445324  0.000700908  0.000314105 -0.000715336   2.78333 -0.103659  -9.40861 24.0468
 39.8875 -3.92934 -15.8585 -0.0930171  -0.369639  -0.178759 0.0472658   15.2346  0.660903  0.0213973 0.00701289  0.0919499 0.00791001   0.211874   0.211405  -0.000228267 -0.000533206 -0.000446981  0.000700235  0.000310872 -0.000715636   2.78334 -0.103661  -9.40858 24.053
 39.4106 -3.93164 -15.7125 -0.0923311  -0.365287  -0.175233 0.052704  15.2328   0.6675     0.0214 0.00705903  0.0919536 0.0203508  0.249156  0.236941  -0.000296198 -0.000607783 -0.000523396  0.000695483  0.000320141 -0.000704958   2.78337 -0.103687  -9.40862 24.0586
  38.818 -3.99904 -15.7132 -0.0914869  -0.360417  -0.170649 0.055209  15.2298 0.674211  0.0214272 0.00704599  0.0920227 0.0292058  0.284596  0.266403  -0.000253149 -0.000519953 -0.000479215  0.000691939  0.000316646 -0.000705181   2.78338 -0.103698  -9.40859 24.0653
 37.9521 -4.23671 -15.5988 -0.091085 -0.355175 -0.165084 0.0486596   15.2294  0.670818  0.0214082 0.00699846  0.0919743 0.032177 0.319977 0.294326  -6.37321e-05 -0.000411041 -0.000592313  0.000694116  0.000312736 -0.000712937   2.78336 -0.103682  -9.40859 24.073
 36.8496 -4.46831 -15.4076 -0.0911805   -0.34634  -0.157356 0.0481794    15.236  0.658369  0.0214159 0.00701386  0.0919869 0.0289603  0.373968  0.322533   0.000172172 -0.000432433 -0.000623816  0.000702382   0.00030791 -0.000717046   2.78333 -0.103653  -9.40856 24.0847
 36.0048 -4.87934 -15.1963 -0.090453 -0.337119 -0.150055 0.0530959   15.2365  0.659336  0.0214413 0.00704595   0.092045 0.0338923  0.424308  0.348409   6.56389e-05 -0.000356543 -0.000751274  0.000702331    0.0003084 -0.000712944  2.78334 -0.10366 -9.40855 24.0965
 35.2746 -5.36574 -14.9647 -0.0892071  -0.329608  -0.143823 0.0530373   15.2314  0.668021 0.0214373 0.0070152 0.0920322 0.0397662  0.461753  0.364943   2.25242e-05  -0.00029421 -0.000934082  0.000697195  0.000310232 -0.000711131   2.78336 -0.103678  -9.40856 24.1064
 34.6115 -5.68947 -14.8877 -0.0880696  -0.320468  -0.137751 0.0658018   15.2309  0.676201  0.0215088 0.00707359  0.0921734 0.0455684  0.506015  0.377709   -6.6623e-05 -0.000334084 -0.000824515  0.000692797  0.000311584 -0.000700306    2.7834 -0.103705  -9.40853 24.1174
 33.3286 -6.36761 -14.6715 -0.0873331  -0.308963  -0.129514 0.0661361   15.2332  0.672214  0.0215101 0.00709072  0.0921848 0.0479209  0.552518  0.388194   0.000243682 -0.000193056 -0.000932797 0.000695126 0.000311217 -0.00070055   2.78339 -0.103698  -9.40852 24.1316
 31.9465 -6.90277 -14.2844 -0.0872744  -0.296054  -0.121145 0.0613746   15.2414  0.655244  0.0214252 0.00715168  0.0920939 0.0448374  0.597278  0.384633   0.000352047 -0.000234808 -0.000994617  0.000704266  0.000318775 -0.000700169   2.78335 -0.103674  -9.40858 24.1469
 30.6397 -7.33401 -13.9063 -0.0864113  -0.282117  -0.112653 0.0629464   15.2432  0.653325  0.0214241 0.00717332  0.0921041 0.045794   0.6397 0.386322   0.000362905 -0.000249443 -0.000938702  0.000705214   0.00032013 -0.000698227   2.78336 -0.103673  -9.40858 24.1633
 29.6762 -7.65981 -13.4415 -0.0849598  -0.270667  -0.107185 0.0727415   15.2423  0.660655 0.0213897 0.0072539    0.0921 0.0545424  0.674324  0.378894   0.000263772 -0.000332403  -0.00104838  0.000698916  0.000338172 -0.000677298   2.78341 -0.103715  -9.40866 24.1761
 28.5127 -8.02453 -13.0408 -0.0835525  -0.258567    -0.1007 0.0739853     15.24  0.665716  0.0213769 0.00725667  0.0920845 0.0609783  0.707278  0.376573   0.000354491 -0.000302544  -0.00102901  0.000694654  0.000342936 -0.000672411   2.78344 -0.103731  -9.40868 24.1899
  27.169 -8.46637 -12.5758 -0.0820142   -0.24449 -0.0935219 0.0716378   15.2382  0.667652  0.0213357 0.00726005  0.0920264 0.0660748  0.741757  0.371116   0.000454186 -0.000241698  -0.00102577  0.000691594  0.000349532 -0.000668917   2.78345 -0.103744  -9.40873 24.2057
 25.5467 -8.94526 -11.9168 -0.0812564  -0.226931   -0.08506 0.0656316   15.2435  0.655799  0.0212769 0.00729004  0.0919513 0.0636303  0.779726  0.367276   0.000489712 -0.000279027  -0.00108668  0.000698632  0.000353129 -0.000672007   2.78341 -0.103727  -9.40877 24.2252
 24.1264 -9.35941  -11.494 -0.0800725   -0.21057 -0.0769011 0.062079  15.2432 0.654583  0.0212923 0.00723473  0.0919524 0.0648217  0.814701  0.365542   0.000502458 -0.000230829 -0.000938039  0.000700294  0.000343687 -0.000682701   2.78339 -0.103708  -9.40872 24.2436
 22.8055 -9.73879 -10.9126 -0.0786144  -0.194651 -0.0704425 0.0644826   15.2424  0.656638  0.0212807 0.00726783  0.0919481 0.0646436  0.845362  0.354725   0.000447817 -0.000263897  -0.00106236  0.000698178  0.000351175 -0.000674549   2.78341 -0.103725  -9.40876 24.2608
 21.3089 -10.0657 -10.4314 -0.0770729  -0.177311  -0.062898 0.061559  15.2394 0.659696  0.0212808 0.00722809  0.0919343 0.0638381  0.873656  0.345492   0.000484541 -0.000262916  -0.00102538  0.000696478  0.000346683 -0.000680434    2.7834 -0.103724  -9.40874 24.2798
 20.1748 -10.2738 -10.1262 -0.0763265  -0.164261 -0.0576538 0.0508705   15.2398  0.654373  0.0212118 0.00723411  0.0917956 0.0577935  0.887534   0.33189   0.000448109  -0.00025613 -0.000797596  0.000696986  0.000352506 -0.000684704   2.78339 -0.103727  -9.40879 24.2939
  18.574 -10.5846  -9.4867 -0.0761623  -0.145532 -0.0507436 0.0375404   15.2447  0.640602  0.0211279 0.00725419  0.0916377 0.0405757  0.906617  0.310648   0.000413444 -0.000308665 -0.000904105  0.000705314  0.000357575 -0.000693066   2.78333 -0.103714  -9.40884 24.3138
 17.1066 -10.9297 -9.06198 -0.0755993   -0.12812 -0.0442398 0.0276614   15.2434  0.637293  0.0210905 0.00720684  0.0915417 0.0332209  0.920316  0.298284   0.000467982 -0.000250138 -0.000828114  0.000706984  0.000353843 -0.000705368    2.7833 -0.103705  -9.40882 24.3324
 15.7977 -11.3383 -8.53872 -0.0749077  -0.111267 -0.0389255 0.0264899   15.2416  0.637964  0.0210835 0.00720647   0.091526 0.0282676  0.932169  0.279862   0.000410148 -0.000164516  -0.00096253 0.000706407 0.000354593 -0.00070531  2.78329 -0.10371 -9.40883 24.3501
 14.3076 -11.6208 -7.90689 -0.0740173 -0.0929846 -0.0331339 0.024928  15.2365 0.643321  0.0210792 0.00717403  0.0915063 0.0201678  0.945714  0.262134   0.000459992 -0.000291221  -0.00106976 0.000703703 0.000350532 -0.00071068    2.7833 -0.103716   -9.4088 24.3693
 12.8907 -11.9065 -7.36197 -0.0738647 -0.0750604 -0.0283166 0.0162989   15.2361  0.639631  0.0210498 0.00719873  0.0914596 0.011172  0.95337 0.233115   0.000447728 -0.000292482   -0.0010125  0.000704245  0.000354887 -0.000715784   2.78328 -0.103728  -9.40883 24.3879
 11.3781 -12.1669 -6.67673  -0.074446 -0.0561796 -0.0240995 -0.0032645    15.2387   0.627087  0.0209753 0.00729084  0.0913652 -0.00189901    0.956165    0.203469  0.000285838 -0.00031355 -0.00103131  0.000708753  0.000369859 -0.000723108  2.78322 -0.10376 -9.40892 24.4072
 9.79158 -12.3838 -6.15403 -0.0748765 -0.0373514 -0.0194668 -0.0228441    15.2359   0.620561  0.0209261 0.00734732  0.0912932 -0.0128769   0.958909   0.183055   0.000338414 -0.000327178 -0.000928216 0.000710413  0.00037331 -0.00074438   2.78316 -0.103788  -9.40891 24.4266
 8.51285 -12.6036 -5.68271 -0.0748343 -0.0207475 -0.0168344 -0.0198966    15.2346    0.62273  0.0209373 0.00734906  0.0913144 -0.0157554   0.971597   0.160229   0.000388519 -0.000257208 -0.000959523  0.000707655  0.000375581 -0.000736866   2.78318 -0.103793  -9.40894 24.4434
  7.0707 -12.7279 -5.15961 -0.0753199 -0.0018906 -0.0130904 -0.027071   15.2321    0.6216  0.0209083 0.00736458  0.0912691 -0.0234313    0.97526   0.139587   0.000356097 -0.000307546 -0.000968587  0.000709316  0.000371854 -0.000752597  2.78315  -0.1038 -9.40888 24.4626
 5.58898 -12.9359 -4.70615 -0.0758537  0.0168309 -0.0105015 -0.0319335    15.2313   0.619813  0.0209025 0.00738731  0.0912548 -0.0303296   0.978484   0.114521   0.000411809 -0.000251625 -0.000940713  0.000708878  0.000373903 -0.000756875   2.78314 -0.103812  -9.40888 24.4816
 4.24721 -13.0895 -4.24712  -0.0771852   0.0353378 -0.00926736 -0.0443727    15.2355   0.611158  0.0209288 0.00746258  0.0912972 -0.0410256   0.975361  0.0835237   0.000225547 -0.000282795  -0.00092026  0.000711665   0.00038753 -0.000756647    2.7831 -0.103844  -9.40896 24.5002
 2.69667 -13.2349 -3.81036 -0.0783117    0.05379 -0.0081376 -0.0525402    15.2367   0.607013  0.0209436 0.00751088  0.0913082 -0.0474536   0.974321  0.0540566   0.000369984 -0.000308609 -0.000903273   0.00071221  0.000394681 -0.000759147   2.78308 -0.103866  -9.40898 24.5187
 1.16253 -13.4716 -3.33494  -0.0789246   0.0731333 -0.00771965 -0.0514207    15.2345   0.608252   0.020953 0.00752609  0.0913327 -0.0498756   0.980365  0.0247172   0.000427912 -0.000225697 -0.000920721  0.000708963  0.000397075 -0.000751232    2.7831 -0.103875  -9.40902 24.538
-0.252375  -13.5393  -2.72891  -0.0789729   0.0921285 -0.00730373 -0.0572343    15.2239   0.610538  0.0209541 0.00759364  0.0913397   -0.0462494     0.979309 -0.000348065   0.000264478 -0.000329967  -0.00105044  0.000701932  0.000402416 -0.000750979   2.78311 -0.103917  -9.40903 24.557
-1.74326 -13.6285 -2.21386  -0.0800821    0.111295 -0.00819931 -0.0603302    15.2263   0.608332  0.0209767 0.00761172  0.0913804 -0.0494417   0.979309  -0.032705   0.000316377 -0.000345174  -0.00101558  0.000701996  0.000407951 -0.000745062   2.78311 -0.103928  -9.40908 24.5763
-3.13004 -13.7125  -1.6498 -0.0811378   0.129432 -0.0103795 -0.0709669    15.2275   0.603141  0.0210242 0.00768642  0.0914798 -0.0540127   0.973249 -0.0650538    0.00026791 -0.000327684  -0.00104967 0.000700241 0.000422692 -0.00073263   2.78312 -0.103972  -9.40919 24.5945
-4.58638 -13.7184 -1.13663 -0.0826847   0.148405  -0.012033 -0.0754576    15.2306   0.600769  0.0210309 0.00770864  0.0914975 -0.0589778   0.970564 -0.0934455   0.000345814 -0.000378774   -0.0010305  0.000702758  0.000426599 -0.000736004    2.7831 -0.103982  -9.40918 24.6137
 -5.90252  -13.7998 -0.528417 -0.0834214    0.16816 -0.0147374 -0.074761   15.2277   0.60116  0.0210475 0.00769805  0.0915223 -0.0548006   0.971674  -0.123609   0.000260914 -0.000332522  -0.00105545  0.000699521   0.00042756 -0.000725579   2.78312 -0.103984  -9.40923 24.6336
-7.23345 -13.7907 0.183806 -0.0843875    0.18757 -0.0179096 -0.0726149    15.2277   0.601898 0.0210636 0.0076767 0.0915332 -0.0539695   0.969306   -0.15381   0.000266885 -0.000364658  -0.00115274  0.000698816  0.000426971 -0.000717945   2.78313 -0.103979  -9.40927 24.6533
-8.37688 -13.7621 0.866444 -0.0859481   0.205952 -0.0215339 -0.0808447    15.2315   0.598506  0.0210611 0.00772602  0.0916028 -0.0570796    0.95944   -0.18021    0.00013774 -0.000371341  -0.00114342  0.000701907  0.000435104 -0.000719157   2.78311 -0.104005  -9.40928 24.6721
-9.51538 -13.6783  1.62406  -0.086833   0.222998 -0.0257386 -0.0866582    15.2308   0.596276  0.0210697 0.00774374  0.0916758 -0.0572849   0.951745  -0.206412   0.000108764 -0.000374272  -0.00123075  0.000700799  0.000441426 -0.000711209   2.78312 -0.104026  -9.40933 24.6897
-11.0185 -13.4655  2.52852  -0.087868   0.244721 -0.0302512 -0.0874617    15.2276    0.59626  0.0210463 0.00775593  0.0916643 -0.055674  0.949315 -0.227981   0.000289499 -0.000449045  -0.00126528  0.000698982  0.000442174 -0.000716869   2.78312 -0.104033   -9.4093 24.7119
-11.8155 -13.3235  3.12367 -0.0889018   0.259764 -0.0345949 -0.0932663    15.2287    0.59426  0.0210309 0.00778709  0.0917188 -0.0563681   0.937687  -0.252326    7.4877e-05 -0.000438949  -0.00117961  0.000700209  0.000447991 -0.000713535   2.78311 -0.104053  -9.40932 24.7276
-13.0008 -13.0226  4.03695 -0.0898629    0.27836 -0.0391923 -0.0919331    15.2262   0.594669  0.0210076 0.00779642  0.0916925 -0.0531834   0.932359  -0.273343   0.000112974 -0.000456379  -0.00130517  0.000699846  0.000447129 -0.000721401   2.78311 -0.104051  -9.40927 24.7468
-14.0753 -12.7146  4.84922 -0.0906606   0.295958 -0.0446334 -0.101195   15.2242   0.59141  0.0209442 0.00785548  0.0917753 -0.0500217   0.914974  -0.292151   5.36939e-05 -0.000463106  -0.00126946 0.000699424 0.000456526 -0.00072579    2.7831 -0.104086  -9.40924 24.7652
-15.1177 -12.3301  5.70349 -0.0919182   0.313364 -0.0505996 -0.105017   15.2268  0.590842  0.0209212 0.00788852  0.0918052 -0.0513394   0.899541  -0.308549  1.38314e-05 -0.00050127 -0.00132581 0.000701975 0.000460509 -0.00072712  2.78309  -0.1041 -9.40924 24.7836
-16.2571 -11.8675  6.52463 -0.0926101   0.331811 -0.0562588 -0.102306   15.2224   0.59086  0.0208892 0.00789437  0.0917767 -0.0489859   0.886265  -0.322283   0.000100145 -0.000571645  -0.00131982  0.000699762  0.000459794 -0.000736868   2.78309 -0.104096  -9.40919 24.803
-17.1577 -11.4614  7.24097 -0.0931239   0.347859 -0.0632328 -0.112869   15.2204  0.586845  0.0208752 0.00791113  0.0918866 -0.0457477   0.859738  -0.343627  -5.94778e-05 -0.000562248  -0.00121902  0.000697792   0.00046828 -0.000728195    2.7831 -0.104126  -9.40921 24.8205
-18.2267 -11.0607  7.93791 -0.0935507   0.364926 -0.0702005 -0.114981   15.2164  0.584677 0.0208632 0.0079119 0.0919111 -0.0396755   0.839726  -0.360199  -3.74506e-05 -0.000513826  -0.00117846 0.000694865 0.000470168 -0.00072838   2.78311 -0.104131   -9.4092 24.8389
-19.4596 -10.5712  8.52863 -0.0938438   0.381999 -0.0785802 -0.131592   15.2128  0.577849  0.0208652 0.00796371  0.0920388 -0.0362032   0.802203  -0.374287   4.56249e-05 -0.000549108  -0.00109118  0.000691057  0.000484877 -0.000723591   2.78313 -0.104179  -9.40919 24.8579
-20.2394 -10.2055  8.94349 -0.0952087   0.395916 -0.0850693 -0.130146   15.2181   0.58081  0.0208531 0.00797699  0.0920106 -0.0450115   0.781266  -0.385367  -9.68038e-05  -0.00057344  -0.00107994  0.000695935  0.000485506 -0.000729665  2.78311 -0.10418 -9.40916 24.8733
 -21.532 -9.74498  9.42072 -0.096801  0.413438 -0.092389 -0.122272   15.2203  0.584357  0.0207828 0.00798391  0.0919459 -0.0533457   0.760832  -0.388905    7.9465e-05 -0.000595955  -0.00106191   0.00070002  0.000486034 -0.000752048  2.78308 -0.10417 -9.40907 24.8924
-22.5635  -9.4228   9.8781 -0.098353  0.426905 -0.100995 -0.135268   15.2261  0.582564  0.020857 0.0079994 0.0919936 -0.0617458   0.727549  -0.400181   4.47869e-05 -0.000508053  -0.00103341  0.000702026  0.000492754 -0.000737946  2.78308  -0.1042 -9.40911 24.9084
-23.725 -9.0199 10.3632  -0.09938  0.440894 -0.109553 -0.145638   15.2245  0.577821  0.0209076 0.00802612  0.0920275 -0.063819  0.696687 -0.406791   6.08719e-05 -0.000484115  -0.00101729   0.00069931  0.000499912 -0.000731371    2.7831 -0.104223   -9.4091 24.9249
-24.6825  -8.6423  10.7562 -0.100594  0.452576 -0.117216 -0.157625   15.2254  0.573938  0.0209659 0.00805705  0.0920512 -0.0667909   0.667038  -0.408919  -1.27146e-05 -0.000502575  -0.00097554  0.000698605  0.000509783 -0.000727265   2.78311 -0.104252  -9.40908 24.9389
-25.7575 -8.20859  11.2387 -0.103308  0.466201 -0.125595 -0.154135   15.2358   0.58207  0.0209523 0.00803688    0.09203 -0.076206  0.645571 -0.411829  -3.16338e-05 -0.000513683  -0.00106389  0.000707798  0.000510377 -0.000735396   2.78307 -0.104257  -9.40906 24.9551
-26.9337 -7.79936  11.5114 -0.106005  0.481277 -0.133505 -0.14043  15.2404 0.590543  0.0208704 0.00800612  0.0919837 -0.0874521   0.631713  -0.402617   8.13766e-05 -0.000554676 -0.000947038 0.000715337 0.000511951 -0.00076168   2.78302 -0.104249  -9.40897 24.9724
-27.8249 -7.50705  11.8186 -0.107568  0.491734 -0.142024 -0.152871   15.2433  0.587293  0.0209417 0.00802148  0.0920125 -0.0874387    0.59853  -0.408194   1.50592e-05 -0.000481927 -0.000950114  0.000713498  0.000512002 -0.000741738   2.78305 -0.104264  -9.40903 24.9859
 -28.861 -7.17707  12.0355  -0.10865  0.502083 -0.149974 -0.163535   15.2396  0.579829  0.0210069 0.00805618  0.0920229 -0.0802714   0.563033  -0.405648   9.53354e-05 -0.000500743 -0.000896593  0.000708454  0.000517406 -0.000732845   2.78308 -0.104277  -9.40902 24.999
-29.8324 -6.95634  12.2049 -0.110141    0.5127 -0.158046 -0.164802   15.2399  0.579089  0.0210128 0.00805963  0.0920269 -0.078583  0.531636 -0.402048   8.91979e-05 -0.000430986 -0.000787597  0.000707485  0.000516366 -0.000729511   2.78309 -0.104277  -9.40903 25.0125
-30.8474 -6.65056  12.4841 -0.112385  0.523845 -0.166058 -0.16258  15.2427 0.582532  0.0210096 0.00804036  0.0920087 -0.0837179   0.499865  -0.389912  -2.17253e-05 -0.000430306 -0.000869289   0.00071195  0.000521802 -0.000739933   2.78306 -0.104284  -9.40898 25.0264
-32.0443 -6.46368  12.6767  -0.11473  0.535031 -0.173529 -0.153106    15.244  0.587898  0.0209752 0.00800248  0.0919942 -0.0868932   0.476607  -0.375161   8.01344e-05 -0.000427044 -0.000810538 0.000716729 0.000526855 -0.00075955   2.78302 -0.104284  -9.40892 25.04
-33.067 -6.3999 12.8876 -0.116521  0.543045 -0.181194 -0.161912   15.2481  0.587007  0.0210102 0.00802172   0.092002 -0.083702  0.442258 -0.370564   0.000108418 -0.000320753 -0.000762273  0.000716722  0.000525934 -0.000746928   2.78304 -0.104295  -9.40895 25.0513
-33.9726 -6.26199   13.042 -0.117556  0.550208 -0.188207 -0.169765   15.2462  0.581493   0.021038 0.00805914   0.091992 -0.076997  0.405324 -0.364276   6.62756e-05 -0.000348277 -0.000770951  0.000712714  0.000524747 -0.000735068   2.78308 -0.104296  -9.40897 25.0613
-34.9094 -6.19878  13.1284 -0.118963  0.557478 -0.195721 -0.172876   15.2482  0.581665  0.0210298 0.00806422  0.0920078 -0.0714896   0.369483  -0.357706   7.64923e-05 -0.000340178 -0.000694396  0.000711691  0.000519187 -0.000725082   2.78309 -0.104295  -9.40901 25.0719
-35.6642 -6.08075  13.3208 -0.121253  0.564233 -0.202622 -0.17563  15.2553 0.587879  0.0210643 0.00804668  0.0920278 -0.0708963   0.330103   -0.33832  -0.000111985 -0.000340413 -0.000752515  0.000718327  0.000527048 -0.000731266   2.78307 -0.104316  -9.40896 25.0818
-36.6141 -5.93428  13.5243 -0.123079  0.571677 -0.208902 -0.168883   15.2537  0.589844  0.0210774 0.00803794  0.0920074 -0.0680796   0.297016   -0.30645  -0.000103052  -0.00036617 -0.000774225  0.000721651  0.000538031 -0.000750928   2.78303 -0.104324  -9.40888 25.0917
-37.3656 -5.88917  13.7513 -0.124122  0.576425 -0.215063 -0.177292   15.2546  0.586136  0.0210914 0.00804484  0.0920229 -0.0594309   0.253139  -0.285376  -9.22192e-05 -0.000251888 -0.000743807  0.000719458  0.000535588 -0.000739369   2.78306 -0.104323   -9.4089 25.0996
-37.9789 -5.76945  13.9131 -0.125114  0.579882 -0.220978 -0.189795   15.2585  0.584077  0.0211077 0.00803169  0.0920668 -0.0498684   0.213191  -0.264461  -0.000152564 -0.000283008 -0.000754216  0.000718431   0.00053146 -0.000722468   2.78309 -0.104323  -9.40892 25.1065
-38.5785 -5.70839  14.0069 -0.125646   0.58301 -0.226009 -0.195872   15.2583  0.580435  0.0211127 0.00802398  0.0920812 -0.0378621   0.175314  -0.244691  -0.000127141 -0.000312528 -0.000699357  0.000715748  0.000527559 -0.000712182   2.78312 -0.104316  -9.40895 25.1124
 -38.998 -5.61953  14.1146 -0.126665  0.586049 -0.230648 -0.1974 15.2608 0.58295  0.0211279 0.00803102  0.0921086 -0.0307507   0.137797  -0.215601  -0.000390607 -0.000330022 -0.000692977  0.000718538  0.000532731 -0.000715765   2.78311 -0.104328  -9.40891 25.1181
-39.4981 -5.47238  14.1507 -0.127487   0.58922 -0.233862 -0.188081   15.2589    0.5859  0.0211321 0.00808532     0.0921 -0.0216718   0.111216  -0.179124   -0.00038898 -0.000398884 -0.000693458  0.000721798  0.000545167 -0.000735676   2.78307 -0.104347  -9.40884 25.1227
-40.0095  -5.4104  14.1952 -0.127514  0.590977 -0.237062 -0.190097    15.257  0.582124  0.0211427 0.00809273  0.0921161 -0.00469689   0.0757284   -0.149576  -0.000307496 -0.000350312 -0.000651125  0.000720053  0.000546807 -0.000735366   2.78308 -0.104345  -9.40883 25.1263
-40.2866 -5.23516  14.1515 -0.127006  0.590771 -0.240247 -0.204982   15.2585  0.576044  0.0211731 0.00803569  0.0921811 0.0105532 0.0350287 -0.127493  -0.000376344 -0.000449732 -0.000652054  0.000715972  0.000538576 -0.000714761   2.78312 -0.104325  -9.40887 25.1295
-40.531  -5.035 14.0511 -0.126665  0.590758 -0.242776 -0.209625   15.2602  0.576055  0.0211837 0.00800648  0.0921965  0.0244403 0.00353382 -0.0960451  -0.000396053 -0.000507448 -0.000618764  0.000715537   0.00053459 -0.000706947   2.78314 -0.104319  -9.40888 25.1321
-40.5042 -4.76608  14.0355 -0.126528  0.590531 -0.244253 -0.207955   15.2635  0.582023  0.0211759 0.00801813  0.0921897  0.0346595 -0.0309617 -0.0605866  -0.000602114 -0.000494126 -0.000676007  0.000719255  0.000537463 -0.000710782   2.78312 -0.104331  -9.40887 25.1336
-40.5609 -4.36331  13.9907 -0.12612 0.589655 -0.24378 -0.200113   15.2637  0.587034  0.0211422 0.00814679  0.0922501  0.0423734 -0.0643537  -0.010757   -0.00065364 -0.000593693 -0.000719122  0.000725533  0.000559824 -0.000735254   2.78308 -0.104374  -9.40875 25.1347
 -40.582 -4.06087  13.9624 -0.124661  0.587309 -0.243635 -0.20852  15.2618 0.579698  0.0211673 0.00811868   0.092337 0.0584474 -0.100995 0.0274734  -0.000618092 -0.000566545  -0.00068108  0.000722519  0.000560021 -0.000728803    2.7831 -0.104361  -9.40873 25.1374
-40.4407 -3.73172  13.8608 -0.123284  0.584074  -0.24339  -0.2219  15.2638 0.575971  0.0212112 0.00803246  0.0924074 0.0696532 -0.139718 0.0607837  -0.000673912 -0.000628501 -0.000673023  0.000720338  0.000552809 -0.000712705  2.78313 -0.10434 -9.40876 25.141
-40.2415 -3.55931  13.7125 -0.121451  0.580739 -0.241721 -0.225242   15.2617  0.570922  0.0212231 0.00802578  0.0924664 0.0818675  -0.17276  0.100726  -0.000675222   -0.0005752 -0.000559583  0.000718179  0.000554268 -0.000711169   2.78314 -0.104333  -9.40874 25.1451
-39.6852 -3.39514  13.5541 -0.119687  0.576813 -0.238823 -0.22273  15.2613 0.571942  0.0212151 0.00806144  0.0924801 0.0888095 -0.206422  0.142904  -0.000901537 -0.000547478 -0.000533009  0.000719213  0.000559021 -0.000716681   2.78314 -0.104342  -9.40872 25.1503
-39.2603 -3.27185  13.3375 -0.118391   0.57291 -0.234426 -0.208757   15.2621  0.580774  0.0211729 0.00820551   0.092447 0.0876654 -0.232572  0.186985  -0.000936235 -0.000596483  -0.00048529  0.000725324  0.000574839 -0.000738916   2.78309 -0.104387  -9.40865 25.1563
 -38.832 -3.29941  13.2588 -0.116135  0.567694 -0.230907 -0.214722   15.2604  0.574892  0.0211848 0.00813139  0.0924418 0.0940166 -0.264571  0.216125  -0.000891685  -0.00047042 -0.000490807  0.000721184  0.000565164 -0.000727119   2.78312 -0.104361   -9.4087 25.163
-38.3041 -3.31026    13.11 -0.114172  0.561948 -0.227143 -0.223625   15.2615  0.571904 0.0212037  0.008055  0.092488   0.0992 -0.29476 0.240922  -0.000941727 -0.000475603 -0.000450321 0.000719284 0.000559103 -0.00071607  2.78314 -0.10434 -9.40872 25.1702
-37.7677  -3.3918  12.9836 -0.111951  0.555951 -0.222321 -0.225828   15.2597  0.567919  0.0212118 0.00804197  0.0925152  0.104192 -0.319147  0.268656  -0.000903052 -0.000438656 -0.000412282  0.000717243  0.000558123 -0.000713477   2.78315 -0.104331  -9.40872 25.1782
-36.8856 -3.46762  12.8597 -0.110477  0.549161 -0.216102 -0.221309   15.2634  0.576838  0.0212134 0.00809517  0.0925252 0.0999022  -0.34633  0.297336    -0.0011179 -0.000420187 -0.000403666  0.000722376   0.00056616 -0.000723044   2.78312 -0.104357  -9.40868 25.1875
-36.1138 -3.52108  12.6776 -0.109175  0.542495 -0.208376 -0.200111   15.2645  0.590892  0.0211912 0.00824194  0.0923986 0.0942843 -0.370414  0.325919   -0.00110527 -0.000460667  -0.00038748  0.000729542   0.00057785 -0.000746942   2.78306 -0.104408  -9.40865 25.1978
-35.4593 -3.64891  12.6366 -0.106934  0.534962 -0.201536  -0.2013  15.2611 0.585033  0.0212093 0.00826238  0.0924456 0.0968829 -0.398296  0.350989   -0.00107754 -0.000378819 -0.000407925  0.000727458   0.00058245 -0.000749602   2.78306 -0.104405  -9.40863 25.2082
-34.6794 -3.68065    12.55 -0.104615  0.524654 -0.193278 -0.20677  15.2631 0.584738  0.0211985 0.00821454  0.0924463 0.0951732 -0.430974  0.373744  -0.000985555 -0.000396812 -0.000460072 0.000726495 0.000575858 -0.00074056   2.78308 -0.104393  -9.40865 25.2216
-34.1961  -3.7402  12.4507 -0.103245  0.518785  -0.18851 -0.207311   15.2631  0.584306  0.0211848 0.00818657  0.0924089 0.0941428 -0.448681  0.382372  -0.000957529 -0.000401904 -0.000379999  0.000725336  0.000569709 -0.000735124   2.78309 -0.104385  -9.40869 25.2293
-33.2208 -3.80813  12.3492 -0.102024  0.509712 -0.180852 -0.203332   15.2672  0.593085  0.0211722 0.00819035  0.0923653 0.0869842 -0.477271  0.391546   -0.00118896 -0.000386983 -0.000368155 0.000728848 0.000568169 -0.00073688   2.78307 -0.104396   -9.4087 25.2412
-32.3072  -3.9091  12.1956 -0.101157  0.500623  -0.17175 -0.181557   15.2681  0.608366  0.0211651 0.00828415  0.0922371 0.0795769 -0.495297  0.401072   -0.00118013  -0.00040041 -0.000332514  0.000735787  0.000573735 -0.000757657   2.78301 -0.104433  -9.40871 25.2541
-31.3944 -4.11093  12.0308 -0.0995052   0.490805  -0.163927 -0.179918   15.2668  0.607861  0.0211602 0.00828353  0.0922137 0.0774295 -0.523591  0.403724   -0.00117213 -0.000335327 -0.000265217  0.000734993  0.000571842 -0.000757087   2.78301 -0.104431  -9.40872 25.2668
-30.3435 -4.29988   11.862 -0.0978082   0.479747  -0.156268 -0.186689   15.2677  0.604817  0.0211549 0.00824829   0.092238 0.0731058 -0.554188  0.405631   -0.00125057 -0.000304072 -0.000236172  0.000733034  0.000567946 -0.000748909  2.78303 -0.10442 -9.40874 25.2803
-29.3845 -4.51012  11.7455 -0.0961363   0.469019  -0.148894 -0.191934   15.2667  0.599937  0.0211577 0.00823237  0.0922667 0.0723598 -0.580295  0.408874   -0.00123013 -0.000275867 -0.000244906  0.000730688  0.000567175 -0.000744281   2.78304 -0.104412  -9.40873 25.2935
-28.202 -4.8075 11.5948 -0.0952592   0.457852  -0.141337 -0.190663   15.2701  0.605471  0.0211468 0.00822125  0.0922536 0.0655649 -0.605978   0.40857   -0.00143946 -0.000224751  -0.00020669  0.000733017  0.000565397 -0.000743877   2.78304 -0.104417  -9.40874 25.307
-27.0128 -5.13581  11.3551 -0.0948276   0.446205  -0.132073 -0.172928   15.2702  0.617946  0.0211522 0.00828955  0.0921648 0.0566807 -0.621659  0.412816   -0.00142014 -0.000230858 -0.000184657  0.000739975   0.00057111 -0.000763921   2.78298 -0.104439  -9.40873 25.3219
-25.8997 -5.46125  11.0221 -0.0938484   0.434325  -0.123552 -0.165056   15.2681  0.620823  0.0211541 0.00832366  0.0921212 0.0540689 -0.645567  0.410856   -0.00138669 -0.000258672 -0.000115658  0.000741902  0.000573888 -0.000773309   2.78295 -0.104444  -9.40872 25.3365
-24.8897 -5.77374  10.8221 -0.0922219   0.421729     -0.117 -0.173807   15.2682  0.614664  0.0211222 0.00826332  0.0921236 0.0581321 -0.675084   0.39909   -0.00136275 -0.000218908 -0.000162635  0.000735393  0.000562429 -0.000754171     2.783 -0.104423  -9.40878 25.3508
-23.9606 -6.12377  10.4492 -0.0905962   0.407514  -0.109843 -0.183483   15.2685  0.608892  0.0211129 0.00823538  0.0921462 0.0617462 -0.701502  0.391363   -0.00121828 -0.000227147 -0.000100436  0.000731095  0.000555893 -0.000738772   2.78304 -0.104412  -9.40882 25.3668
-22.8253 -6.41627  10.0762 -0.0893748   0.394288  -0.102341 -0.176264   15.2672  0.611736  0.0210873 0.00823154  0.0921107 0.0647858 -0.716114  0.381243   -0.00137101 -0.000260166 -9.01619e-05 0.000730871 0.000551549 -0.00074124   2.78303 -0.104405  -9.40885 25.3821
-21.9056 -6.62437  9.79535 -0.0880353   0.381624 -0.0942938 -0.152641   15.2601  0.619629  0.0210447 0.00822026  0.0920663 0.0650932 -0.715743  0.375342    -0.0012364 -0.000287713 -0.000186375  0.000731539  0.000544602 -0.000757915   2.78298 -0.104384   -9.4089 25.3971
-20.7967 -6.74641  9.48162 -0.0867631   0.367878  -0.086132 -0.142433   15.2564  0.622211  0.0210392 0.00821942  0.0920476 0.0670961 -0.729066  0.369335   -0.00129501 -0.000350407   -0.0001783 0.000733811 0.000548368 -0.00077282   2.78295 -0.104378  -9.40887 25.4132
-19.7334 -6.88772  9.30683 -0.0850499   0.353196 -0.0801951 -0.146866   15.2574  0.620496  0.0210352 0.00820246  0.0920655 0.0743578 -0.748987  0.348146  -0.00132355 -0.00032431 -0.00022612  0.000728144  0.000536148 -0.000754063   2.78298 -0.104368  -9.40896 25.4291
-18.5991 -6.96955  9.04675 -0.083074  0.336882 -0.073393 -0.147684   15.2564  0.619036  0.0210375 0.00818518  0.0920717 0.0799961  -0.76037   0.33374   -0.00126402 -0.000364111 -0.000220406  0.000724366  0.000528587 -0.000744129     2.783 -0.104357  -9.40902 25.4469
-17.3932 -7.03051  8.82071 -0.0817069   0.322893 -0.0675529 -0.143885   15.2571  0.621801  0.0210379 0.00816815  0.0920603 0.0792956 -0.771518   0.31922   -0.00142536 -0.000375673 -0.000229326 0.000723942 0.000523448 -0.00074209   2.78299 -0.104349  -9.40905 25.4621
-16.1352 -7.08241  8.50982 -0.0799577   0.308716 -0.0599063 -0.124582   15.2483  0.625806  0.0210188 0.00815008  0.0919946 0.0747677 -0.773782  0.311353   -0.00142321 -0.000382561 -0.000211812  0.000725328  0.000523305 -0.000765787   2.78295 -0.104322  -9.40901 25.4783
-14.8474 -7.12815  8.12207 -0.0787094   0.294063 -0.0532526 -0.11232  15.2456 0.630622 0.0210033  0.008129 0.0919585 0.064419 -0.77792 0.302648   -0.00140342  -0.00042498 -0.000154653 0.000727349 0.000520231 -0.00077732   2.78292 -0.104304    -9.409 25.4944
-13.5228 -7.34369  7.80168 -0.0775573   0.278287 -0.0480953 -0.114811   15.2484  0.631815  0.0210155 0.00810634  0.0919764 0.0586212 -0.794395  0.283519   -0.00148884 -0.000276605 -0.000137234  0.000725834  0.000515841 -0.000766974   2.78293 -0.104304  -9.40904 25.5111
-12.2954 -7.66203  7.38996 -0.0756277   0.262153 -0.0427759 -0.115723   15.2425  0.628286  0.0210199 0.00809557  0.0919825 0.0595313  -0.81008  0.262401   -0.00136233 -0.000176178     -4.4e-05  0.000721063  0.000513045 -0.000760335   2.78295 -0.104293  -9.40908 25.5282
-10.8775 -7.97182  6.93861 -0.0751759    0.24581 -0.0379636 -0.11732  15.2479 0.630619  0.0210232 0.00809956  0.0919959 0.0463147 -0.827131  0.242175   -0.00148948 -0.000165734 -2.69384e-06  0.000724502  0.000514351 -0.000760702   2.78294 -0.104304  -9.40907 25.5452
-9.47786 -8.24093  6.50746 -0.0744254   0.229576 -0.0327802 -0.11155  15.2465 0.632639  0.0210075 0.00810304  0.0919479 0.0348946  -0.83705  0.223872   -0.00154712 -0.000172257 -4.42171e-05  0.000725489  0.000513894 -0.000768667   2.78293 -0.104296  -9.40904 25.5623
-8.19683  -8.4514  6.04153  -0.073958   0.213483 -0.0279868 -0.106323   15.2451  0.634622  0.0209947 0.00810738  0.0919112 0.0280164 -0.844057  0.206969    -0.0014756 -0.000211529 -2.60134e-05  0.000727795  0.000514339 -0.000778481   2.78291 -0.104289  -9.40901 25.5791
-6.78892 -8.79327   5.5445 -0.0728434   0.196712 -0.0236249 -0.104997   15.2392  0.633016  0.0209935 0.00812176  0.0918866 0.0245836 -0.854153  0.186696  -0.00153724 -0.00010398 2.02667e-05 0.000725023 0.000515522 -0.00078221   2.78291 -0.104283  -9.40899 25.5964
  -5.547 -8.98096  4.98569 -0.0716111   0.179502  -0.019533 -0.103806   15.2312  0.630352  0.0209904 0.00813514  0.0918599 0.0261812 -0.861021   0.16691   -0.00141798 -0.000192313  5.29192e-05   0.00072181  0.000516092 -0.000786065   2.78291 -0.104274  -9.40897 25.6142
-4.21638 -9.27307  4.43204 -0.0716208   0.163353 -0.0166978 -0.102247    15.235  0.632617  0.0209848 0.00812267  0.0918661 0.0172172 -0.864286  0.148138   -0.00153602 -0.000115692  6.86076e-05  0.000724001   0.00051511 -0.000786608   2.78291 -0.104274  -9.40897 25.6306
-2.84635 -9.40931  3.79636 -0.0713112   0.145512 -0.0141437 -0.105904   15.2356   0.63069  0.0209981 0.00813282  0.0918762 0.0119809 -0.875877  0.120049   -0.00159704 -0.000186344  8.24087e-05  0.000723587   0.00051675 -0.000783887   2.78291 -0.104282  -9.40898 25.6486
-1.77626 -9.51494  3.16586 -0.0714109   0.128558 -0.0116218 -0.10322  15.2361 0.632219  0.0209833 0.00812363  0.0918589 0.00381875   -0.87847   0.101705   -0.00132172 -0.000245885  0.000114455  0.000726824  0.000516405 -0.000790734    2.7829 -0.104277  -9.40895 25.6657
-0.468496   -9.7078   2.50123  -0.0708269    0.111143 -0.00997188 -0.100148   15.2317   0.63308  0.0209636 0.00811974  0.0918608 0.00243715  -0.880378  0.0780482   -0.00137563 -0.000171787  0.000124184  0.000722947  0.000512588 -0.000785291   2.78291 -0.104265  -9.40898 25.6832
0.817356   -9.784  1.72276  -0.0703168   0.0922135 -0.00900179 -0.100799   15.2292  0.632326  0.0209698 0.00813479  0.0918773 0.00399358  -0.884657  0.0503894    -0.0013864 -0.000227629  0.000174289  0.000719208  0.000511159 -0.000776586   2.78293 -0.104263  -9.40902 25.7022
 1.81754 -9.91939 0.951343  -0.0700813    0.075136 -0.00866417 -0.0985825    15.2284   0.633622  0.0209592 0.00813511  0.0919051 0.00456351  -0.884653  0.0236972   -0.00127951 -0.000185735  0.000200533  0.000717604  0.000507918 -0.000769414   2.78294 -0.104257  -9.40906 25.7193
  2.94753  -9.88969 0.0343366  -0.0701831   0.0567448 -0.00922415 -0.102026   15.2322    0.6323   0.020991 0.00815145  0.0919222  0.00155143   -0.888932 -0.00857422   -0.00129825 -0.000251543  0.000256743  0.000717026  0.000508678 -0.000759062   2.78295 -0.104266  -9.40911 25.7377
  3.87389  -9.74058 -0.904208  -0.0699378   0.0393753 -0.00947721 -0.100475   15.2294  0.632746  0.0209719 0.00815298  0.0919287 0.000556481   -0.887049  -0.0330802   -0.00119183 -0.000338349  0.000305444  0.000716611  0.000507044 -0.000760406  2.78295 -0.10426  -9.4091 25.755
 4.94188 -9.64421 -1.75776 -0.0697084  0.0224044 -0.0112859 -0.0923577    15.2299   0.636888  0.0209492 0.00816231  0.0920297 -0.000804304    -0.879715   -0.0609315   -0.00121642 -0.000290862   0.00022916  0.000713044  0.000498872 -0.000746082   2.78297 -0.104243  -9.40917 25.7721
 6.04195 -9.46116 -2.56834  -0.069841 0.00408189 -0.0127155 -0.0966162    15.2313   0.634828  0.0209726 0.00817284  0.0919963 0.00098035  -0.884199 -0.0810461    -0.0012774 -0.000321348   0.00018719  0.000713392  0.000502502 -0.000746869   2.78297 -0.104254  -9.40917 25.7905
   6.923 -9.35497 -3.23494 -0.0698978 -0.0117691 -0.0145837 -0.0906196    15.2324   0.637533  0.0209546 0.00815523  0.0920412 -0.000418393    -0.879515   -0.0965727   -0.00116335 -0.000277303  0.000144444  0.000713745  0.000497836 -0.000744068  2.78297 -0.10424 -9.40918 25.8065
 8.13695 -9.15542 -3.82984 -0.0710155 -0.0310279 -0.0172105 -0.0919108     15.243   0.635708  0.0209699 0.00813787  0.0920168 -0.0121847  -0.880658  -0.118186   -0.00124917 -0.000310033   4.1859e-05  0.000719089   0.00049907 -0.000744204   2.78295 -0.104241  -9.40918 25.8259
 9.26183 -8.95003 -4.33437 -0.0714402 -0.0483942 -0.0193892 -0.0925865     15.244   0.635012  0.0209528 0.00812875  0.0919995 -0.0170167  -0.878402  -0.135113   -0.00129206 -0.000366788  4.32008e-05  0.000720756  0.000499132 -0.000750169  2.78295 -0.10424 -9.40915 25.8434
 10.4594 -8.89009 -4.72216 -0.0713906 -0.0643596  -0.022707 -0.0807154    15.2412   0.640894  0.0210004 0.00808883  0.0920635 -0.0151773  -0.863245   -0.15484   -0.00133151 -0.000298703 -1.79465e-05  0.000715829  0.000489851 -0.000738263   2.78297 -0.104211  -9.40919 25.8597
 11.8503 -8.73241 -5.02629 -0.0716438 -0.0810132 -0.0255387 -0.0749371    15.2396   0.643474  0.0210068 0.00805823  0.0920514 -0.0189641  -0.853256  -0.169362   -0.00149687 -0.000359877 -0.000135908  0.000714622  0.000484152 -0.000742516   2.78297 -0.104193  -9.40915 25.8766
 13.2076 -8.58961 -5.58318 -0.0724415 -0.0978891 -0.0294391 -0.0636781    15.2419   0.647629 0.0210582 0.0080114  0.092044 -0.0260069  -0.837793  -0.191118   -0.00142432 -0.000310549  2.38215e-05  0.000715809  0.000474836 -0.000738591   2.78297 -0.104162  -9.40915 25.894
14.4455 -8.4287 -5.9231  -0.074247  -0.113968 -0.0340508 -0.0630663     15.255   0.644259  0.0210801 0.00804596  0.0920527 -0.0387528  -0.830926  -0.214581   -0.00138689 -0.000304102 -4.00909e-05  0.000721808  0.000475612 -0.000733014   2.78296 -0.104159  -9.40917 25.9108
  15.851 -8.09918 -6.41092 -0.0755494  -0.130904 -0.0378368 -0.0668028    15.2575   0.641499  0.0210309 0.00808921  0.0920302 -0.0469766  -0.826041  -0.228371   -0.00143935 -0.000387395  7.61688e-05  0.000727463  0.000475465 -0.000748467   2.78293 -0.104168  -9.40911 25.9282
 17.1457 -7.87261 -6.83109 -0.0759234  -0.146153 -0.0418112 -0.0600734    15.2511   0.646832  0.0210448 0.00804589  0.0919889 -0.0456434  -0.810726  -0.241444   -0.00139836 -0.000321385  4.98535e-05  0.000723963  0.000468318 -0.000751037   2.78294 -0.104151  -9.40907 25.944
 18.4878 -7.56562 -7.25728 -0.0766409  -0.161286 -0.0471905 -0.0514904    15.2507   0.650566  0.0211036 0.00798944  0.0919751  -0.04289 -0.793691 -0.262969   -0.00142474 -0.000355425   5.2793e-06  0.000720504  0.000463318 -0.000739311   2.78296 -0.104128  -9.40909 25.96
 19.8842 -7.27013 -8.06758 -0.0776446  -0.177476 -0.0528884 -0.0475409     15.251   0.652152  0.0211152 0.00797216  0.0919643 -0.0427104  -0.777712  -0.281553   -0.00139098 -0.000255321  0.000267619   0.00072206  0.000460298 -0.000737955   2.78296 -0.104118  -9.40909 25.9772
 21.0445 -7.03204  -8.7121  -0.079234  -0.191649 -0.0585513 -0.0421006    15.2587   0.650983  0.0211317 0.00794971  0.0919545 -0.0487697  -0.760088  -0.294068   -0.00129555 -0.000230511  0.000241339  0.000726432  0.000456161 -0.000735935   2.78296 -0.104096  -9.40907 25.9926
 22.6322 -6.59671 -9.77021 -0.0813621  -0.210884 -0.0655427 -0.0461136     15.264   0.645976  0.0211159 0.00795462  0.0919336 -0.0583417  -0.746221  -0.305354   -0.00124239 -0.000267889  0.000377769  0.000734617  0.000454172 -0.000752534   2.78291 -0.104093  -9.40901 26.0132
 23.5446 -6.42864 -10.3028 -0.0814928  -0.221041 -0.0700223 -0.0364068    15.2587   0.653701  0.0210955 0.00791579  0.0919106 -0.0553766  -0.726927  -0.314313    -0.0011986 -0.000197298  0.000253041  0.000729487  0.000446976 -0.000744953   2.78295 -0.104077    -9.409 26.0243
 24.8842 -5.88057 -11.0216 -0.0817601  -0.233662 -0.0757889 -0.0251473    15.2529    0.66193  0.0210502 0.00786937  0.0918647 -0.0547335  -0.700881  -0.325125   -0.00143418 -0.000411137  0.000341806  0.000724608  0.000436081 -0.000738248   2.78299 -0.104052  -9.40896 26.0381
 25.9862 -5.46287 -11.6713 -0.0829842  -0.247731 -0.0820483 -0.0261533    15.2522   0.661906  0.0210327 0.00787013  0.0918468 -0.0590957  -0.682892  -0.334216  -0.00133717 -0.00037431 0.000341672  0.000726709   0.00043315 -0.000746292   2.78298 -0.104051  -9.40892 26.0536
 27.0133 -5.05579 -12.0779 -0.0846917  -0.261217 -0.0891307 -0.0270693    15.2573   0.658075  0.0210461 0.00786945  0.0918531 -0.0659229  -0.662699  -0.347212   -0.00120864 -0.000386736  0.000213531  0.000729193  0.000435492 -0.000744593   2.78297 -0.104046  -9.40894 26.0689
 28.4271 -4.48408 -12.5793   -0.08638  -0.276574 -0.0971122 -0.0288012    15.2573   0.657071  0.0210351 0.00786816  0.0918415 -0.0724795  -0.639311  -0.353347   -0.00131551 -0.000461907  0.000245586  0.000730608  0.000433818 -0.000750267   2.78296 -0.104045  -9.40892 26.0863
 29.4554 -4.21915 -12.8492 -0.0874299  -0.287514  -0.104652 -0.0221589    15.2586   0.659921  0.0210722 0.00787412  0.0918836 -0.0705824  -0.612753  -0.365879   -0.00135835 -0.000419346  0.000151609  0.000724883  0.000440004 -0.000729029     2.783 -0.104044  -9.40899 26.0996
 30.3882 -3.92075 -13.1077 -0.0879669  -0.297918  -0.111228 -0.0182498    15.2528   0.666541  0.0210815 0.00786183   0.091897 -0.0697891  -0.588075  -0.368273  -0.00135291 -0.00044902 0.000124374  0.000718898  0.000438554 -0.000722771   2.78303 -0.104049  -9.40899 26.1119
 31.2247 -3.58316 -13.4892 -0.0886697  -0.307744  -0.117198 -0.0151454    15.2475   0.672448  0.0210779 0.00783922  0.0918943 -0.069869 -0.561929 -0.365461   -0.00130958 -0.000432695  0.000190941  0.000716425  0.000431844 -0.000725959   2.78305 -0.104048  -9.40895 26.1235
 32.0742 -3.05389 -13.9533 -0.0908718  -0.319551  -0.125862 -0.0109915    15.2544   0.668329  0.0210999 0.00784061   0.091913 -0.0782109  -0.528427  -0.366885    -0.0011502 -0.000423294  0.000224312 0.000719654 0.000433456 -0.00071826   2.78305 -0.104032  -9.40897 26.1383
 32.9883 -2.30571 -14.5212 -0.0932089   -0.33166    -0.1343 -0.0129508    15.2577   0.663734  0.0210911 0.00782516  0.0918969 -0.081602 -0.496173 -0.367921   -0.00113281 -0.000490971  0.000330067  0.000724635  0.000431135 -0.000724339   2.78302 -0.104021  -9.40895 26.1532
 33.7265 -1.72601 -15.0174 -0.0938871  -0.340336  -0.141933 -0.00644191     15.2534    0.672094  0.0211218 0.00787386  0.0919415 -0.0739029  -0.466296  -0.367543   -0.00119642 -0.000492134  0.000356348  0.000714891   0.00043793 -0.000706226   2.78308 -0.104041  -9.40901 26.1648
 34.3323 -1.25854 -15.4449 -0.0948386  -0.347992  -0.148291 -0.00338753     15.2515    0.675989  0.0211251 0.00788043  0.0919601 -0.0697433  -0.439059  -0.357992   -0.00119168 -0.000471961  0.000303054  0.000712124  0.000437609 -0.000702682   2.78309 -0.104045  -9.40901 26.1748
  34.8371 -0.793245  -15.9354 -0.0956062   -0.35533  -0.154138 -0.00177311     15.2473    0.681245  0.0211088 0.00787257  0.0919776 -0.0649009  -0.411602  -0.342761   -0.00110228 -0.000443289  0.000318329   0.00071039  0.000433077 -0.000704899    2.7831 -0.104049  -9.40898 26.1842
   35.353 -0.407672  -16.5051 -0.0974557  -0.363386   -0.16173 0.0034205   15.2528  0.678315  0.0211175 0.00786737  0.0920164 -0.0645689  -0.369661  -0.327307  -0.000945963 -0.000306081  0.000246876  0.000713664  0.000431944 -0.000700527   2.78311 -0.104033  -9.40897 26.1954
 35.9535 0.126265 -16.9811 -0.100125 -0.370467 -0.168364 0.00564117    15.2632   0.667202  0.0211251 0.00780385  0.0920587 -0.0697271  -0.326713  -0.302592  -0.000915406 -0.000349144  0.000263872   0.00072573  0.000422261 -0.000709024   2.78307 -0.103988   -9.4089 26.2055
 36.5514 0.574444 -17.2098 -0.101077 -0.376789 -0.174836 0.00753151    15.2617   0.670826 0.0211255 0.0078504 0.0920498 -0.0622173  -0.293008  -0.279871  -0.000960621 -0.000450031  0.000145996 0.000719512 0.000430359 -0.00069811    2.7831 -0.104005  -9.40895 26.2146
 37.0548 0.881948  -17.376 -0.101431 -0.381807 -0.179418 0.00734918    15.2562   0.677768  0.0211229 0.00784649  0.0920551 -0.0497138  -0.262474  -0.255745   -0.00100716 -0.000458776  7.57796e-05  0.000714617  0.000429495 -0.000698242  2.78311 -0.10402 -9.40895 26.2214
 37.4475   1.1765 -17.5176 -0.101612 -0.385998 -0.183372 0.00872895    15.2512   0.685073 0.0211292 0.0078334 0.0920809 -0.0381142  -0.229877  -0.225252  -0.000954356 -0.000471444  7.21638e-05  0.000710871  0.000425828 -0.000699027  2.78313 -0.10403 -9.40893 26.2272
 37.7757  1.34036 -17.5843 -0.102622 -0.390217 -0.188176 0.0121411    15.255  0.682471 0.0211391 0.0078519 0.0921025 -0.0296959  -0.188537  -0.192033  -0.000731701 -0.000354427 -6.69746e-05  0.000712259  0.000426539 -0.000694916   2.78314 -0.104023  -9.40893 26.2336
 38.1975  1.55887 -17.5983 -0.104014 -0.393371 -0.191753 0.0145099   15.2617  0.674639   0.021167 0.00785737  0.0921425 -0.0251081  -0.146434   -0.15492   -0.00071204 -0.000350929 -6.74288e-05  0.000719788  0.000418952 -0.000699486   2.78312 -0.103997  -9.40887 26.2386
 38.5348  1.73424 -17.5813 -0.103795 -0.394948 -0.194835 0.0247647   15.2605  0.684057 0.0212058 0.0078824 0.0922087 -0.0131345  -0.106044  -0.122491  -0.000732721 -0.000397404 -7.31165e-05  0.000712694  0.000421995 -0.000685781   2.78317 -0.104014  -9.40888 26.2421
 38.7829  1.81057 -17.5692 -0.103408 -0.396141 -0.196614 0.0288739   15.2573   0.69177 0.0212348 0.0078737 0.0922451 -0.00465216  -0.0754849  -0.0899882  -0.000781339  -0.00040062 -0.000132858  0.000708172  0.000420831 -0.000682098    2.7832 -0.104025  -9.40886 26.2442
 38.8264  1.89531 -17.6491 -0.102556 -0.397306  -0.19717 0.0275097   15.2485  0.703325  0.0212718 0.00781262  0.0922732 0.00545105 -0.0475994 -0.0531632  -0.000690585 -0.000379635 -0.000105301  0.000704155  0.000412791 -0.000689302    2.7832 -0.104039  -9.40883 26.2458
 38.7987  1.84571 -17.6799 -0.103823 -0.397336 -0.198307 0.0309314    15.261  0.687094 0.0212745 0.0078808 0.0923055 -0.000376449  -0.00597925   -0.0198953   -0.00057404 -0.000302598 -0.000179326  0.000713638  0.000411759 -0.000687921   2.78318 -0.104008  -9.40881 26.2475
 38.7094  1.84476 -17.7648 -0.105204 -0.397242 -0.198471 0.0272828   15.2703  0.669798  0.0212553 0.00790677  0.0922931 -0.00726632   0.0302798   0.0147318  -0.000501653 -0.000282901 -0.000162066  0.000724245  0.000409139 -0.000694513   2.78314 -0.103973  -9.40879 26.2489
 38.6897  1.75354 -17.8261 -0.105294  -0.39651 -0.197906 0.025781  15.2695 0.669888   0.021246 0.00790002  0.0922761 -0.00637764   0.0599105   0.0441004  -0.000571461 -0.000269605 -0.000170165 0.000723944 0.000409979  -0.0006952   2.78313 -0.103974   -9.4088 26.2498
 38.6369  1.52596 -17.7913 -0.104769 -0.394735 -0.197324 0.0320135    15.268  0.677584  0.0212341 0.00792663  0.0922749 0.00169523   0.089609  0.0649757  -0.000594509 -0.000232137 -0.000291972  0.000716972  0.000418318 -0.000682404   2.78318 -0.103997  -9.40883 26.2518
 38.4677  1.39559 -17.7963 -0.104212 -0.392416 -0.195095 0.0328851   15.2633  0.685365  0.0212942 0.00788899  0.0923281 0.00923175   0.120038  0.0973703  -0.000530512 -0.000264528 -0.000256383   0.00071583  0.000408999 -0.000688491   2.78318 -0.104002  -9.40878 26.255
 38.2516  1.01667 -17.6921 -0.104527 -0.389163 -0.192825 0.0343921   15.2685   0.67833  0.0212931 0.00792042  0.0923509 0.0121756  0.154545  0.122222  -0.000443201 -0.000175949 -0.000373899  0.000719699  0.000408506 -0.000688127  2.78317 -0.10399 -9.40877 26.259
 38.1244 0.680514 -17.4994 -0.105944 -0.384932 -0.189776 0.0343628    15.281  0.657695  0.0213026 0.00798235  0.0924078 0.0064523  0.190069  0.153077  -0.000463504  -0.00018059 -0.000393738  0.000733018  0.000401339 -0.000695409   2.78313 -0.103948  -9.40872 26.2644
 37.9638 0.446385 -17.2926 -0.105305 -0.380722 -0.187324 0.0405064   15.2811   0.66325  0.0212783 0.00800956  0.0923981 0.0146917  0.221349  0.168789  -0.000470258 -0.000284103 -0.000386396  0.000726646  0.000411605 -0.000681825   2.78317 -0.103968  -9.40876 26.2693
 37.7449 0.202105 -17.0624  -0.10451 -0.377469 -0.183834 0.0334829   15.2741  0.668521  0.0212678 0.00794594  0.0923527 0.0210621  0.243402  0.193664  -0.000486767 -0.000310393 -0.000445214  0.000724778  0.000409878 -0.000688932   2.78315 -0.103974  -9.40878 26.2742
   37.329 0.0477135  -16.9254 -0.103427 -0.372706 -0.179089 0.0297848   15.2669  0.676916  0.0213033 0.00788666  0.0923645 0.029311 0.272001 0.223126  -0.000424094  -0.00032552 -0.000352684  0.000722983  0.000401871 -0.000697825   2.78315 -0.103981  -9.40875 26.281
   36.643 -0.348731  -16.6979 -0.103591 -0.366123 -0.174006 0.0293932   15.2735  0.665874  0.0212941 0.00791466   0.092372 0.0280405  0.309293  0.245619   -0.00021222 -0.000186408 -0.000435861  0.000729193  0.000399972 -0.000700174   2.78313 -0.103959  -9.40873 26.2893
  35.9432 -0.599884  -16.4898 -0.103907 -0.359288 -0.167988 0.0228052   15.2776  0.653959 0.0212883 0.0078894 0.0923637 0.0258094  0.343651  0.270686  -0.000160708 -0.000199262  -0.00037594  0.000738529  0.000391522 -0.000712948   2.78308 -0.103926   -9.4087 26.2984
   35.195 -0.903402  -16.2845 -0.102722 -0.352173 -0.162283 0.0233764   15.2729  0.661989 0.0212967 0.0078783 0.0923669 0.0318947   0.37545  0.294116  -0.000124127 -0.000203405 -0.000403992  0.000733926  0.000392651 -0.000711091   2.78309 -0.103943  -9.40871 26.3076
 34.5652 -1.12756 -16.1135 -0.101504 -0.346689 -0.157087 0.0176253   15.2649  0.669924  0.0212987 0.00782261  0.0923416 0.0389286  0.397326  0.309791  -0.000164463 -0.000285367  -0.00043824  0.000731018   0.00039011 -0.000717631   2.78308 -0.103954  -9.40872 26.3152
 33.6898 -1.46902  -16.072 -0.100268 -0.339858 -0.150958 0.0117829   15.2586  0.675232   0.021302 0.00777328  0.0923128 0.044564 0.423515  0.32543  -9.85964e-05 -0.000225591 -0.000387308  0.000728844  0.000387086 -0.000724472  2.78307 -0.10396 -9.40872 26.3245
 32.4907 -1.99246 -15.9494 -0.100276 -0.329902 -0.143939 0.0122629   15.2668  0.662707  0.0212794 0.00780316  0.0922947 0.036965 0.460275 0.341377   6.26751e-05 -0.000112741 -0.000439768  0.000734164  0.000390528 -0.000722027   2.78306 -0.103939  -9.40873 26.3367
 31.3235 -2.45908 -15.7672 -0.0998596  -0.318853  -0.135748 0.00972503     15.269   0.657155  0.0212778 0.00778358   0.092284 0.0362732  0.498169   0.35237   7.42827e-05 -0.000125258 -0.000444189  0.000737895  0.000388525 -0.000726338   2.78304 -0.103924  -9.40872 26.3504
 30.3259   -2.957 -15.5824 -0.0990011  -0.309193  -0.128948 0.00621551    15.2671    0.65713  0.0212591 0.00778423  0.0922159 0.038173 0.525174 0.354858   4.74694e-05 -7.59548e-05  -0.00048941   0.00073615  0.000393293 -0.000724846   2.78303 -0.103929  -9.40876 26.3623
 29.5381 -3.33746 -15.3191 -0.0974539  -0.299896  -0.123755 0.0143659   15.2645  0.667555  0.0212414 0.00786714  0.0922209 0.0478796  0.553003  0.356355  -1.84178e-05  -0.00014202 -0.000542672  0.000727056  0.000404436 -0.000707569   2.78309 -0.103966  -9.40881 26.3731
 28.6316 -3.80007 -15.1755 -0.0956575  -0.290559  -0.117383 0.0144996   15.2569  0.678943  0.0212616 0.00784372  0.0922342 0.057471 0.576345 0.362189    2.4768e-05 -8.48977e-05 -0.000485111  0.000721481  0.000400892 -0.000709134   2.78311 -0.103985   -9.4088 26.3845
 27.4434 -4.49351 -14.8801 -0.0948035  -0.278316  -0.108794 -0.00080621     15.2545    0.670615  0.0212394 0.00778031  0.0920951 0.0546936  0.599122  0.362943  -5.16945e-05 -4.93394e-05 -0.000456698  0.000725229  0.000401793 -0.000721946   2.78305 -0.103968  -9.40884 26.3995
 26.0439 -5.23286 -14.4003 -0.094292 -0.264514 -0.100773 -0.00315463      15.259    0.662702  0.0212253 0.00778565  0.0920777 0.0463414  0.628293  0.358323   0.000113678 -4.72624e-05 -0.000596356  0.000729568   0.00040364 -0.000723527   2.78302 -0.103955  -9.40885 26.4154
 24.9649 -5.76473 -14.0818 -0.0934261  -0.252756 -0.0940381 -0.00890463     15.2578    0.660729  0.0211958 0.00778037  0.0920022 0.0458698  0.649752  0.351102   0.000110323 -6.97984e-05 -0.000553224  0.000728925  0.000407975 -0.000724498   2.78301 -0.103956  -9.40888 26.429
 23.9457  -6.2404 -13.7663  -0.092263  -0.240708 -0.0878648 -0.00592894     15.2561     0.66502   0.021199 0.00779169  0.0920181 0.0471695  0.673703  0.347641   0.000103935 -8.12198e-05 -0.000562586  0.000726317   0.00040899 -0.000720377   2.78303 -0.103966  -9.40889 26.4426
 22.8129 -6.64984 -13.5037  -0.091289  -0.228303 -0.0813468 -0.0059039    15.2548   0.666995 0.0212114 0.0077737 0.0920293 0.0480785  0.694036  0.342081   0.000184184 -9.98172e-05 -0.000526606  0.000726276  0.000405136 -0.000723904   2.78303 -0.103964  -9.40886 26.4567
 21.6317 -7.03529 -13.2514 -0.0909891  -0.215521 -0.0753731 -0.0106348    15.2586   0.659589 0.0211941 0.0077842 0.0919875 0.0425891  0.709202   0.33038    0.00023319 -9.73566e-05  -0.00048697  0.000728529  0.000410459 -0.000724126   2.78301 -0.103957   -9.4089 26.4708
 20.1076 -7.40678 -12.8289 -0.0908783  -0.198029 -0.0672594 -0.0196983    15.2628   0.649161  0.0211811 0.00777644  0.0919352 0.0340507  0.723376  0.316852   0.000172513 -0.000172725 -0.000505495   0.00073425  0.000413523 -0.000731977   2.78296 -0.103943  -9.40892 26.4901
  18.927  -7.6701 -12.5746  -0.090553  -0.185672 -0.0616862 -0.0285579    15.2622   0.644523  0.0211748 0.00778274  0.0918911 0.0316552  0.729716  0.304941   0.000210728 -0.000164104 -0.000478302  0.000735022  0.000417856 -0.000737395   2.78293 -0.103946  -9.40895 26.5036
 17.5167 -8.00208 -12.1282 -0.0891647  -0.169182 -0.0553863 -0.0277737    15.2574   0.649521  0.0211825 0.00781633  0.0919039 0.0379694  0.745292  0.286472   0.000189309 -0.000171131 -0.000559099  0.000729529   0.00042402 -0.000729088  2.78295 -0.10397   -9.409 26.5213
 16.5566 -8.20355 -11.8395 -0.0885273  -0.157314 -0.0509719 -0.0251673     15.258   0.650526  0.0211856 0.00780779  0.0919212 0.0383144  0.757824  0.274175   0.000161693 -0.000198132   -0.0005462  0.000729823  0.000421475 -0.000728879   2.78296 -0.103966  -9.40898 26.534
 15.2013  -8.5694 -11.4193 -0.0877761  -0.143521 -0.0460298 -0.0343805    15.2552   0.647697  0.0211714 0.00783737  0.0918678 0.0376922  0.763629  0.257249   0.000237112 -0.000121349 -0.000596678  0.000728277  0.000428933 -0.000730255   2.78294 -0.103983  -9.40903 26.5487
 13.5938  -8.9554 -10.8134 -0.0875406  -0.127121 -0.0404458 -0.0491839    15.2562   0.639023  0.0211317 0.00786564  0.0917722 0.0336234  0.768415  0.236111   0.000226763 -0.000139787 -0.000653228  0.000731294  0.000437657 -0.000737911   2.78289 -0.103992  -9.40907 26.566
 12.1404 -9.37546 -10.3674 -0.0870216  -0.114215 -0.0363446 -0.0620801    15.2539   0.634368  0.0210979 0.00790064  0.0916993 0.033434 0.769211  0.21635   0.000349638 -7.01423e-05 -0.000646716  0.000730607  0.000445648 -0.000743326   2.78286 -0.104012  -9.40911 26.5796
  10.704 -9.76639  -9.7444 -0.0857007 -0.0986771 -0.0327743 -0.0583599    15.2495   0.638975  0.0211119 0.00793649  0.0917365 0.0367591  0.782816  0.195267   0.000273171 -0.000105166 -0.000806962 0.000726013 0.000450543 -0.00073073   2.78288 -0.104031  -9.40916 26.5955
 9.15327 -10.1868 -9.30087 -0.0844017 -0.0826279 -0.0288025 -0.0547896    15.2454    0.64349  0.0211228 0.00791841  0.0917577 0.0404346  0.795368  0.180845   0.000313068 -6.56808e-05 -0.000748575  0.000722873  0.000446994 -0.000730113    2.7829 -0.104034  -9.40915 26.6121
 7.69561  -10.573 -8.85256 -0.0831324 -0.0687761 -0.0259457 -0.0594013    15.2406   0.644551  0.0211025 0.00795991  0.0917266 0.0455585  0.796688  0.159448    0.00037354 -3.46529e-05 -0.000736243  0.000718502  0.000453211 -0.000725215   2.78291 -0.104059  -9.40919 26.6263
  6.0395 -10.9473 -8.37969 -0.0824073 -0.0526387  -0.022937 -0.0719491    15.2403   0.639566   0.021069 0.00802127  0.0916536 0.041353 0.791284 0.132192   0.000309607 -7.46193e-05 -0.000681778  0.000718205  0.000463326 -0.000727505   2.78288 -0.104083  -9.40922 26.6428
 4.62117 -11.2115 -8.03145 -0.0815852 -0.0388998 -0.0203692 -0.078009   15.2379  0.638726  0.0210529 0.00803047  0.0915978 0.0431391   0.79037  0.111942   0.000348103 -0.000112583 -0.000623862  0.000717456  0.000465289 -0.000734037   2.78287 -0.104095  -9.40921 26.6568
 2.87011  -11.549 -7.54837  -0.080233 -0.0193576 -0.0194948 -0.071342   15.2391  0.640691  0.0210757 0.00807621  0.0916919 0.0411377  0.798831 0.0758543   0.000274597 -0.000125665 -0.000630276  0.000713412  0.000470638 -0.000708712  2.78291  -0.1041 -9.40932 26.6764
 1.76371 -11.7761  -7.2551  -0.0791927 -0.00727209  -0.0175088 -0.0769983    15.2327   0.641144  0.0210603 0.00808379  0.0916342 0.0431297  0.794146 0.0623378   0.000230324 -0.000105647 -0.000613276  0.000711925  0.000469592 -0.000721563   2.78289 -0.104117  -9.40927 26.6887
0.359678 -11.9609 -6.78645 -0.0784213  0.0074628 -0.0169502 -0.0848003    15.2319   0.638556  0.0210665 0.00814536  0.0916455 0.0394615  0.788888 0.0415225   0.000239571 -0.000143885 -0.000673061 0.000710578 0.000478542 -0.00071729   2.78288 -0.104141  -9.40931 26.7034
-1.12251 -12.1953 -6.29399 -0.0781021  0.0235723 -0.0169848 -0.0957309     15.235   0.633653  0.0210786 0.00821557   0.091676  0.032156  0.781848 0.0158411   0.000227164 -0.000156337 -0.000694586  0.000711175  0.000490332 -0.000713764   2.78286 -0.104165  -9.40937 26.7195
-2.54816 -12.4295 -5.87494 -0.0781492  0.0383474 -0.0163975 -0.104047   15.2384  0.630141  0.0210697 0.00825401  0.0916627  0.0244099   0.777305 0.00312595   0.000315207  -0.00014339 -0.000673726  0.000714307   0.00049472 -0.000726797   2.78283 -0.104175  -9.40933 26.7343
-3.85915 -12.7302 -5.41594 -0.0776281  0.0543899 -0.0169295 -0.100067   15.2394   0.63083  0.0210772 0.00822698  0.0916725  0.0223209   0.779167 -0.0197111    0.00025397 -6.79841e-05 -0.000682175  0.000714043  0.000492699 -0.000719306   2.78284 -0.104164  -9.40935 26.7504
-5.26929 -12.9012 -5.03576 -0.0767942  0.0700633 -0.0173565 -0.0993706    15.2358   0.631697  0.0210741 0.00823319  0.0916679  0.0244122   0.777083 -0.0357223   0.000290619 -9.69901e-05 -0.000632017  0.000711775  0.000491897 -0.000719014  2.78285 -0.10417 -9.40935 26.7661
-6.72165 -13.0291 -4.52752 -0.0767811  0.0842784 -0.0188148 -0.109873    15.239  0.628197  0.0210876 0.00829465  0.0917194  0.0191753   0.763985 -0.0562202   0.000308409 -0.000125168 -0.000699431  0.000712616  0.000502169 -0.000715648   2.78283 -0.104192  -9.40939 26.7804
-8.15112  -13.103 -4.07251 -0.0764497  0.0989416 -0.0200632 -0.11352  15.2383 0.627257  0.0210868 0.00831987  0.0917281  0.0155653   0.757942 -0.0693398   0.000277433 -0.000164263 -0.000724629  0.000712379  0.000505487 -0.000716079   2.78282 -0.104203  -9.40939 26.7951
-9.74946 -13.1963 -3.68498 -0.0767343    0.11349 -0.0210434 -0.120034   15.2417  0.625499  0.0210674 0.00834384   0.091685  0.0083119   0.744675 -0.0829984    0.00037501 -0.000169524 -0.000678962  0.000714712  0.000510662 -0.000728073    2.7828 -0.104211  -9.40933 26.8097
-11.1966 -13.2574 -3.18876 -0.0757694    0.12794 -0.0236708 -0.122924   15.2347  0.623931 0.0210973 0.0083819 0.0917534 0.0109762  0.733066 -0.102418   0.000300068 -0.000133163  -0.00073027  0.000709593  0.000513446 -0.000711773   2.78281 -0.104233  -9.40941 26.8244
-12.7573 -13.2233 -2.75192 -0.0753319    0.14226 -0.0257093 -0.124813   15.2322  0.623319  0.0210924 0.00839871   0.091752 0.00822806    0.71967  -0.115747   0.000374872 -0.000186444 -0.000714936  0.000707887  0.000515231 -0.000712455   2.78281 -0.104243   -9.4094 26.8389
-14.2358  -13.213 -2.22613  -0.075655   0.155077 -0.0282643 -0.13704  15.2346 0.620223  0.0210797 0.00847819  0.0917351 -0.00103786    0.698818   -0.126747   0.000310928  -0.00016441 -0.000776679  0.000709041  0.000525814 -0.000710439    2.7828 -0.104269   -9.4094 26.8519
-15.7114 -13.1839 -1.68974  -0.075441   0.168881 -0.0311484 -0.137686   15.2323  0.619554   0.021091 0.00848484   0.091757 -0.000699426     0.685307    -0.137706   0.000278893 -0.000157803 -0.000828646  0.000707899  0.000525487 -0.000705277    2.7828 -0.104273  -9.40942 26.8661
-17.1355  -13.178 -1.17445 -0.0754972    0.18208 -0.0335941 -0.140359   15.2312   0.61861  0.0210734 0.00850815  0.0917504 -0.00671017    0.668021   -0.144316   0.000305019 -0.000168563 -0.000827143  0.000707691   0.00052916 -0.000710482   2.78279 -0.104282  -9.40939 26.8795
  -18.332  -13.2397 -0.567846 -0.0756322   0.194492 -0.0367345 -0.146776   15.2307  0.616398  0.0210688 0.00854248  0.0917942 -0.0111913    0.64643  -0.157547   0.000140001 -7.66471e-05 -0.000853894  0.000707369  0.000533708 -0.000707213   2.78279 -0.104296   -9.4094 26.8923
 -19.4696  -13.1892 0.0499649 -0.0755801   0.206605 -0.0409778 -0.152231   15.2297  0.614408  0.0210937 0.00853389  0.0918685 -0.0105808   0.625607  -0.176031   6.33759e-05 -9.31495e-05 -0.000876198  0.000705441  0.000534216 -0.000690755    2.7828 -0.104303  -9.40947 26.9051
-20.4435 -13.0302 0.576467  -0.076005   0.217311 -0.0448895 -0.167077   15.2311  0.611378  0.0210737 0.00860529  0.0920156 -0.015362  0.594079 -0.188198  -4.37056e-05 -0.000170611 -0.000847638  0.000705619  0.000545785 -0.000686691   2.78278 -0.104332  -9.40946 26.9165
-21.4201 -12.8403  1.22014 -0.0765761   0.229224 -0.0486289 -0.167568   15.2328  0.612277  0.0210615 0.00862364  0.0920128 -0.0190519   0.581752  -0.196801  -0.000115825  -0.00019513 -0.000945455  0.000707469  0.000547434 -0.000691043   2.78277 -0.104334  -9.40944 26.929
-22.4275  -12.675  1.80266 -0.0772414   0.240777 -0.0521461 -0.166682   15.2341   0.61342  0.0210375 0.00866121  0.0919999 -0.0245921   0.568331  -0.203493  -4.95908e-05 -0.000210422 -0.000943761  0.000708977   0.00055033 -0.000701054   2.78276 -0.104339   -9.4094 26.9411
-23.2029 -12.6017  2.46521 -0.0775097    0.25101 -0.0569012 -0.175317   15.2333  0.610241  0.0210459 0.00863465  0.0921073 -0.0236645   0.546647  -0.213453  -0.000184067 -0.000115846 -0.000937948  0.000707593  0.000552186 -0.000687812   2.78277 -0.104344  -9.40944 26.9524
-24.1281 -12.4415  3.16171 -0.0775127   0.261294 -0.0615394 -0.178625   15.2298  0.606943  0.0210537 0.00860066  0.0921469 -0.022977  0.525104 -0.222698  -0.000136678 -0.000113518 -0.000943321  0.000704705  0.000551425 -0.000678723   2.78278 -0.104346  -9.40947 26.9637
-24.9046 -12.2358  3.83743 -0.0781784   0.269871 -0.0661871 -0.189441   15.2327  0.606087  0.0210317 0.00862143   0.092282 -0.0260736   0.498746  -0.234638  -0.000185064 -0.000150099 -0.000980583   0.00070607  0.000557938 -0.000672716  2.78277 -0.10436 -9.40947 26.9735
-25.8408 -12.0147  4.49623 -0.0797546   0.280892 -0.0708728 -0.183973   15.2403  0.613215  0.0210256 0.00867413  0.0922211 -0.0375915   0.490748   -0.24006  -0.000168661  -0.00017671 -0.000959933  0.00071148 0.000559227 -0.00068657   2.78275 -0.104357  -9.40944 26.9855
-26.8263 -11.7533  4.98635 -0.0807581   0.290907  -0.074879 -0.18082  15.2401 0.614188   0.020994 0.00873499  0.0922073 -0.0440287    0.48117  -0.241695   -6.6688e-05 -0.000238772 -0.000908402  0.000712588  0.000566203 -0.000703788   2.78273 -0.104368  -9.40936 26.9964
-27.7288 -11.5694  5.41521 -0.0813404   0.299304 -0.0804436 -0.191509   15.2391  0.610043  0.0210152 0.00871032  0.0922966 -0.044616  0.457593 -0.255556  -9.40877e-05 -0.000197014 -0.000844663 0.000709865 0.000566613 -0.00068722   2.78275 -0.104374   -9.4094 27.0065
-28.8998 -11.2806  5.75953  -0.082186   0.308151 -0.0859669   -0.199  15.2385 0.607152  0.0210239 0.00872716  0.0923441 -0.0470868   0.437175  -0.260999   4.02206e-05 -0.000238747  -0.00075527 0.000707884 0.000572062 -0.00068266   2.78275 -0.104387  -9.40938 27.0169
-29.7781 -11.0134  5.96494 -0.0828896   0.314951 -0.0911004 -0.210395   15.2383  0.603672  0.0210619 0.00874075  0.0924009 -0.0465105   0.418476  -0.263805  -8.30393e-06 -0.000284634 -0.000710635 0.000705623 0.000575592  -0.0006699   2.78276 -0.104399  -9.40939 27.0255
-30.8113 -10.7865  6.24091 -0.0842983   0.324456 -0.0959636 -0.198573   15.2408  0.609427  0.0210076 0.00872696  0.0923448 -0.0499177   0.415266  -0.259726  -2.01963e-05 -0.000277168 -0.000749098  0.000709986  0.000574729 -0.000686922   2.78274 -0.104387  -9.40937 27.0362
-31.9243 -10.7606  6.48801 -0.085583  0.333015 -0.100326 -0.195304   15.2411  0.610305  0.0209922 0.00873399  0.0923207 -0.0527131   0.406428  -0.249805   5.17616e-05 -0.000198728 -0.000675845  0.000711489  0.000583528 -0.000703096  2.78273 -0.10439  -9.4093 27.0459
-32.9917 -10.8149  6.84766 -0.0866376   0.340048  -0.105615 -0.203429   15.2426    0.6088  0.0210225 0.00874673  0.0923384 -0.0541109   0.386695  -0.248348   7.80471e-05 -7.90444e-05 -0.000689302  0.000710667  0.000582698 -0.000690783   2.78274 -0.104396  -9.40932 27.0548
 -33.963 -10.8753  7.16697 -0.0874114   0.346247  -0.110283 -0.213119   15.2412  0.604323  0.0210651 0.00877266  0.0923446 -0.0520012   0.363107  -0.245559    8.3072e-05 -4.03478e-05 -0.000688463  0.000707945  0.000586464 -0.000681084   2.78275 -0.104407   -9.4093 27.0626
-34.8455 -10.9511  7.44838 -0.0885419   0.353419  -0.115102 -0.211165   15.2419  0.605627  0.0210545 0.00876515   0.092345 -0.0539122   0.348326  -0.243348     2.219e-05 -5.19321e-05 -0.000664209  0.000708836  0.000585373 -0.000683264   2.78275 -0.104404  -9.40931 27.0713
-35.6874 -10.9846   7.8046 -0.0900312   0.361012  -0.119909 -0.207021    15.243   0.60822  0.0210545 0.00875565  0.0923381 -0.0595463   0.334021  -0.237015  -9.06714e-05 -7.47755e-05 -0.000704896  0.000711112  0.000589419 -0.000693522   2.78273 -0.104403  -9.40928 27.0804
-36.5566 -11.0423   8.0366 -0.0917519   0.368474  -0.123745 -0.197287   15.2439  0.612497  0.0210587 0.00874917  0.0923189 -0.061312  0.323011 -0.225344   -5.9766e-05 -0.000109738 -0.000651912  0.000714432  0.000600112 -0.000718318   2.78269 -0.104403  -9.40922 27.089
-37.3099 -11.2082  8.25832 -0.0928306    0.37367  -0.128795 -0.209328   15.2456  0.610076  0.0210763 0.00875175  0.0923459 -0.0602873    0.30108  -0.222301  -7.62995e-05 -5.31644e-05 -0.000612003  0.000712749  0.000596015 -0.000698739   2.78272 -0.104407  -9.40924 27.0963
 -37.968 -11.3189  8.40899 -0.0935236   0.377968  -0.133283 -0.220872   15.2452  0.605654  0.0210949 0.00876618  0.0923647 -0.0543059   0.278297  -0.216875  -9.69046e-05 -6.37666e-05 -0.000609558  0.000709741   0.00059203 -0.000679516  2.78275 -0.10441 -9.40926 27.1026
-38.5957 -11.5305  8.53134 -0.0944418   0.383229  -0.137914 -0.221706   15.2463  0.606037  0.0210657 0.00875336  0.0923616 -0.048746   0.26025 -0.207338  -0.000155508 -3.33313e-05 -0.000519324   0.00070942  0.000584187 -0.000670935   2.78276 -0.104406  -9.40931 27.1096
-39.2357 -11.6352  8.76333 -0.0960404   0.388796  -0.141901 -0.217341   15.2501  0.612136  0.0210629 0.00874199  0.0923616 -0.0490255   0.239841  -0.188257  -0.000210592 -5.47797e-05 -0.000587409  0.000713664  0.000588218 -0.000681003   2.78274 -0.104408  -9.40929 27.1167
-39.9095 -11.7697  8.96511 -0.096533  0.394349 -0.144777 -0.209358   15.2427  0.606365  0.0210784 0.00878183  0.0923393 -0.040183  0.218256 -0.161554  -0.000184288 -0.000102565 -0.000580012  0.000710036  0.000596275 -0.000696849   2.78273 -0.104409  -9.40924 27.1229
-40.3876 -11.9013   9.2706 -0.0968776    0.39753  -0.147931 -0.219091   15.2411  0.601015   0.021097 0.00877865  0.0923731 -0.0317506   0.187054  -0.143294  -0.000278424 -2.02277e-05 -0.000618833  0.000707266  0.000595519 -0.000684209   2.78275 -0.104408  -9.40924 27.1274
-40.9177 -11.8217  9.48236 -0.0971273   0.399585  -0.151454 -0.234622   15.2426  0.597768 0.0211068 0.0087395 0.0924154 -0.0243348   0.148346  -0.132146  -0.000215761 -0.000108706 -0.000677686  0.000705494  0.000586363 -0.000658079   2.78278 -0.104402  -9.40928 27.1315
-41.1472 -11.7485  9.64157 -0.0971022   0.402456  -0.154177 -0.235376    15.239  0.592546   0.021109 0.00872847  0.0924099 -0.0172099   0.123019   -0.11293  -0.000355061 -0.000144491 -0.000639469  0.000702222  0.000581867 -0.000652522    2.7828 -0.104396   -9.4093 27.1355
-41.2446 -11.5246   9.7773 -0.0980406   0.404441  -0.155748 -0.234734   15.2433  0.599231  0.0210996 0.00876277   0.092435 -0.0159313  0.0976927  -0.091878  -0.000496926  -0.00022455 -0.000713375  0.000706824   0.00059129 -0.000662096   2.78277 -0.104407  -9.40925 27.1382
-41.3805 -11.2874  9.79557 -0.0985597   0.406945  -0.156431 -0.224803   15.2426    0.6015  0.021059 0.0088446 0.0924377 -0.0119985  0.0826966 -0.0628961  -0.000481652 -0.000311275 -0.000679009  0.000708552  0.000604866 -0.000684212   2.78275 -0.104423  -9.40919 27.1408
-41.348 -11.074 10.0268 -0.0978458   0.406906  -0.157898 -0.241139   15.2385   0.59072  0.0211008 0.00875605  0.0925457 0.00118758  0.0451988 -0.0436153  -0.000568385 -0.000196569 -0.000741934  0.000702987  0.000598948 -0.000661683   2.78278 -0.104404   -9.4092 27.1425
-41.2548 -10.6754  10.1911 -0.0973772    0.40652  -0.158906 -0.252886   15.2378   0.58607  0.0211286 0.00868923  0.0926232  0.0120994 0.00925444 -0.0223912  -0.000592661 -0.000255376   -0.0007855  0.000700906  0.000595497 -0.000646629    2.7828 -0.104391   -9.4092 27.1436
-41.0999 -10.4001  10.3453 -0.096979  0.406158 -0.159546 -0.257615    15.238  0.584884  0.0211557 0.00863749  0.0926217  0.0178226 -0.0164653 -0.0070829  -0.000624438 -0.000252783 -0.000775978  0.000699907  0.000589356 -0.000636781   2.78282 -0.104381  -9.40923 27.1445
-40.7073  -10.055  10.4721 -0.0975367    0.40554   -0.15923 -0.255745   15.2448  0.596565  0.0211204 0.00871308  0.0926065  0.0154877 -0.0434261  0.0143026  -0.000798073 -0.000282446 -0.000760722  0.000706981   0.00059705 -0.000645576  2.78279  -0.1044 -9.40919 27.1454
-40.4504 -9.79487  10.5226 -0.0972409   0.405078  -0.158015 -0.246402   15.2432   0.59693  0.0210753 0.00880662  0.0926051  0.0169665 -0.0614752  0.0411778  -0.000767094  -0.00030754 -0.000702237  0.000707315  0.000606512 -0.000662272   2.78277 -0.104417  -9.40916 27.1467
-40.1453   -9.637  10.6089 -0.0963386   0.402061  -0.157263 -0.262823   15.2421  0.590481  0.0211084 0.00870219  0.0927348  0.0243294 -0.0993188  0.0622653  -0.000738208 -0.000254686 -0.000676827  0.000704723  0.000602962 -0.000643653    2.7828 -0.104396  -9.40915 27.1499
-39.7908 -9.46101  10.5755 -0.0952631   0.399075  -0.156588 -0.275362   15.2399  0.583017  0.0211531 0.00859328  0.0927973 0.0314218 -0.133776 0.0760548   -0.00075904 -0.000310295 -0.000652374  0.000701046  0.000593583 -0.000624062   2.78283 -0.104371  -9.40918 27.1532
-39.3258 -9.41957  10.5231 -0.0947487   0.395757  -0.155298 -0.280802   15.2418  0.584551  0.0211683 0.00855016  0.0927997 0.0314425 -0.166794 0.0913002  -0.000819189  -0.00026838 -0.000588539 0.000701979 0.000589242 -0.00061559   2.78283 -0.104363  -9.40919 27.1568
-38.7504 -9.31235  10.4339 -0.0947096   0.392167  -0.152901 -0.278756   15.2452  0.590925  0.0211555 0.00859643  0.0928121 0.0271811 -0.191784  0.114607   -0.00093256 -0.000296656 -0.000580111  0.000705757  0.000597716 -0.000624365   2.78281 -0.104377  -9.40916 27.1611
-38.2817 -9.26892  10.3034 -0.094328  0.389014   -0.1496 -0.264931   15.2436  0.593119  0.0211148 0.00870525  0.0927723 0.0289288  -0.21297  0.138213  -0.000884904 -0.000341533 -0.000524473  0.000707056  0.000607867 -0.000645063   2.78279 -0.104401  -9.40913 27.1657
-37.6256 -9.31406  10.2284 -0.0931256   0.382669  -0.146287 -0.269943   15.2428  0.589972  0.0211188 0.00864708  0.0927507 0.0360861 -0.248578  0.156374  -0.000837186 -0.000254531 -0.000524937  0.000704916  0.000596373 -0.000631451   2.78281 -0.104384  -9.40918 27.1729
-37.1821 -9.29347  10.1188 -0.092303  0.378184 -0.144412 -0.280511   15.2427  0.586118  0.0211509 0.00858442   0.092812 0.0395338 -0.272128  0.166076  -0.000878395 -0.000288046 -0.000506849 0.000703006    0.000592 -0.00061781   2.78283 -0.104368  -9.40918 27.1779
-36.4556 -9.32462  9.94655 -0.0913153   0.372744  -0.141086 -0.279084   15.2414  0.584631  0.0211416 0.00857969  0.0927873 0.0421786 -0.293133  0.179944  -0.000963801   -0.0002555 -0.000438311  0.000702053  0.000588453 -0.000616122   2.78283 -0.104365   -9.4092 27.1843
-35.5974 -9.24245  9.75612 -0.0912338   0.366846  -0.137115 -0.274592    15.246  0.593495  0.0211267 0.00860784  0.0927557 0.0374782 -0.311299  0.194942   -0.00108745 -0.000308214 -0.000454955  0.000706924  0.000593733 -0.000624803   2.78281 -0.104379  -9.40918 27.1914
-34.8577 -9.22177  9.54703 -0.0911415   0.361016  -0.131847 -0.259197   15.2469  0.600962  0.0210958 0.00869961  0.0927172  0.031828 -0.325331  0.212718   -0.00102343 -0.000328041 -0.000426144  0.000711663  0.000608286 -0.000650666   2.78277 -0.104407  -9.40914 27.1993
-34.1319 -9.26213   9.4612 -0.0901355   0.354009  -0.127911 -0.26395  15.2461 0.597954  0.0210997 0.00867217  0.0927239 0.0381842 -0.350887  0.218176   -0.00102919 -0.000249575 -0.000444449  0.000709461  0.000602206 -0.000641138   2.78278 -0.104396  -9.40916 27.2074
-33.4422 -9.27738  9.28014 -0.0890762   0.346498  -0.123853 -0.273184   15.2452  0.593046  0.0211269 0.00865359  0.0927688 0.0411413 -0.377533  0.224879   -0.00102128 -0.000257951 -0.000434598  0.000707153   0.00060231 -0.000632183    2.7828 -0.104388  -9.40914 27.216
-32.7416 -9.39138    8.992 -0.0879471   0.339037   -0.11994 -0.272663    15.244  0.591453 0.0211024 0.0086352  0.092739  0.045201 -0.398377  0.224152  -0.000963541 -0.000238128  -0.00035969  0.000705775  0.000591911 -0.000624151  2.78282 -0.10438 -9.40919 27.2245
-31.8614 -9.52971  8.63505 -0.0882781   0.331894  -0.115678 -0.262563   15.2514  0.606088   0.021054 0.00862849  0.0926786 0.0393349 -0.410937  0.227992   -0.00110252 -0.000241498  -0.00029699    0.0007137   0.00059224 -0.000635126   2.78278 -0.104392  -9.40921 27.2328
-31.2659 -9.65536  8.24349 -0.0884192   0.325311  -0.110457 -0.24125   15.253 0.616877  0.0209951 0.00864688  0.0926386 0.0325508 -0.419062   0.23378  -0.000910137 -0.000280966 -0.000283234  0.000720769  0.000601638 -0.000664578   2.78272 -0.104411   -9.4092 27.2412
 -30.343 -9.89606  7.78963 -0.0880004   0.315708  -0.105409 -0.242809   15.2555  0.619938  0.0209988 0.00863601  0.0926401 0.0310689 -0.441417   0.23416  -0.000966838 -0.000235662 -0.000236714  0.000722527  0.000602335 -0.000663762   2.78272 -0.104413   -9.4092 27.2521
-29.5734 -10.0937  7.35297 -0.0871036   0.306003  -0.101489 -0.250401   15.2562  0.617887  0.0209914 0.00861598  0.0926413 0.0299881   -0.4635  0.230155  -0.000938562 -0.000204051 -0.000225398  0.000720467  0.000590519 -0.000645857   2.78275 -0.104403  -9.40925 27.2626
 -28.781 -10.2429  7.01077 -0.0859897   0.295615 -0.0966281 -0.245211   15.2536  0.616243  0.0209496 0.00861879  0.0926324 0.0311115 -0.479337  0.226402  -0.000797153 -0.000161796 -0.000411217  0.000717973  0.000580179 -0.000641717   2.78276 -0.104396  -9.40931 27.2741
-27.8936 -10.3345  6.57302  -0.085722   0.289277 -0.0932591 -0.234425   15.2536  0.620088  0.0208917 0.00861337  0.0925972 0.0277754  -0.48411    0.2244  -0.000999336 -0.000229662 -0.000310175  0.000719869   0.00057606 -0.000649239   2.78274 -0.104394  -9.40934 27.2813
-26.9811 -10.4168  6.15328 -0.0858376    0.27997 -0.0881289 -0.219873   15.2555  0.628042  0.0208343 0.00861529  0.0925497 0.0198143 -0.496798  0.218689  -0.000938353 -0.000279787 -0.000309612  0.000725176  0.000579642 -0.000668127   2.78271 -0.104399  -9.40933 27.2919
-25.9598 -10.4849  5.78807 -0.0857051   0.269442 -0.0840307 -0.223853   15.2585  0.629866  0.0208438 0.00860477  0.0925603 0.0172597  -0.51961  0.207823   -0.00100745 -0.000276565 -0.000314274  0.000726189  0.000579604 -0.000664245  2.78271  -0.1044 -9.40933 27.3032
-24.9756 -10.5215  5.46979 -0.0854757   0.258218 -0.0806536 -0.231002   15.2619  0.630704  0.0208516 0.00857715  0.0925739 0.0160836 -0.539197  0.195999   -0.00100888 -0.000241407 -0.000370814  0.000725771   0.00057308 -0.000650025   2.78273 -0.104398  -9.40936 27.3149
-23.9944 -10.5293  5.09559 -0.0848932   0.247776 -0.0777805 -0.235107   15.2619  0.629036  0.0208557 0.00855669  0.0925782 0.0176849 -0.555513  0.183961   -0.00103506 -0.000258714 -0.000334741  0.000723551  0.000564358 -0.000635867   2.78275 -0.104392  -9.40942 27.3258
-22.8774 -10.4568  4.82909 -0.0847956   0.237096 -0.0741265 -0.228784   15.2629  0.632104   0.020848 0.00855251   0.092549 0.013256 -0.56427 0.176665   -0.00113339 -0.000287268 -0.000449916 0.000724312 0.000562273 -0.00064118   2.78274 -0.104388  -9.40942 27.3371
-21.7942 -10.4603  4.49144 -0.0852495   0.226785 -0.0693938 -0.210425   15.2622  0.638855  0.0208293 0.00857812  0.0924916 0.00292161  -0.564826   0.176353   -0.00108245 -0.000281788  -0.00043225  0.000729672  0.000570325 -0.000672005   2.78269 -0.104389  -9.40936 27.3484
-20.6672 -10.5238  4.18349 -0.0852521   0.215415 -0.0661712 -0.208635   15.2626  0.640199  0.0208315 0.00856744    0.09248 0.00293795  -0.574285   0.162106   -0.00108747 -0.000260467  -0.00039402  0.000729916  0.000566684 -0.000669879   2.78269 -0.104386  -9.40938 27.3602
-19.5534 -10.6565  3.97601 -0.0847907   0.203417 -0.0638105 -0.213089   15.2616  0.637525  0.0208335 0.00853374  0.0924875 0.0050241  -0.58322  0.144451   -0.00109668 -0.000191517 -0.000440099  0.000726476  0.000558224 -0.000653138  2.78272 -0.10438 -9.40945 27.3725
-18.5129 -10.7637  3.73541 -0.0838806   0.192518 -0.0613072 -0.216868   15.2554  0.630803  0.0208314 0.00852563  0.0924995 0.00985002  -0.590869   0.130638   -0.00114713 -0.000174483 -0.000401562   0.0007221 0.000558408 -0.00064673   2.78274 -0.104377  -9.40945 27.3837
-17.3707 -10.8092  3.50844 -0.0839523   0.180703 -0.0588282 -0.213935   15.2573  0.633251  0.0208355 0.00852152    0.09248 0.00577503  -0.592856   0.116535   -0.00118776 -0.000226875 -0.000429515 0.000723112 0.000556422 -0.00064856   2.78273 -0.104375  -9.40946 27.3958
-16.3152 -10.8858  3.27238 -0.0842354   0.169131 -0.0555556 -0.20142  15.2561 0.637256 0.0208593 0.0085336 0.0924348 -0.000235566    -0.586016     0.109476   -0.00107897 -0.000237124 -0.000436309  0.000725785  0.000559547 -0.000670463    2.7827 -0.104368  -9.40941 27.4078
-15.3921 -11.0384  3.04388 -0.0847819   0.157859 -0.0533372 -0.196862    15.259  0.641414 0.0208676 0.0085419 0.0924295 -0.00441858   -0.585925   0.0968433  -0.000998593  -0.00019709 -0.000417589  0.000728987  0.000560535 -0.000678789   2.78268 -0.104368  -9.40939 27.4193
  -14.48 -11.2115  2.85178 -0.0845694   0.146055 -0.0522948 -0.198205   15.2585  0.640714  0.0208603 0.00852059   0.092435 -0.00314901   -0.586956   0.0798688  -0.000964365  -0.00014499  -0.00044228  0.000726566  0.000552557 -0.000663994    2.7827 -0.104364  -9.40946 27.4311
-13.5128 -11.3169  2.51782 -0.0845189   0.134538 -0.0504641 -0.196008   15.2561  0.640028  0.0208672 0.00851566  0.0924252 -0.00316308   -0.586597   0.0712241    -0.0010171 -0.000179519 -0.000357507   0.00072645  0.000554187 -0.000669585  2.78269 -0.10436 -9.40944 27.4428
-12.6406 -11.3524  2.19222 -0.0853777   0.122843 -0.0495789 -0.196088   15.2639  0.644401  0.0208641 0.00852325  0.0924427 -0.00995933    -0.58822   0.0578196    -0.0010097 -0.000230238  -0.00034485  0.000730394  0.000552136 -0.000668264   2.78269 -0.104364  -9.40945 27.4546
-11.8239 -11.3601  1.83536 -0.0858838   0.112343 -0.0481192 -0.183333   15.2639  0.648888   0.020873 0.00849016  0.0924441 -0.013503 -0.576072 0.0539001  -0.000977656 -0.000273987 -0.000336499  0.000732487  0.000547633 -0.000681941   2.78266 -0.104347  -9.40944 27.4652
-11.1236 -11.4329  1.41106 -0.0865519   0.101487 -0.0470456 -0.175359    15.266   0.65281   0.020868 0.00846598  0.0924612 -0.0176915  -0.569232  0.0453569   -0.00084792 -0.000260705   -0.0002983  0.000735262  0.000544056 -0.000689753   2.78264 -0.104337  -9.40943 27.4761
-10.3573 -11.5521  1.08985 -0.0865747  0.0915074 -0.0469339 -0.168662   15.2641  0.654648  0.0208578 0.00845473  0.0924987 -0.0172882  -0.558764  0.0359345  -0.000889384 -0.000179393  -0.00037469 0.000733102 0.000533555 -0.00067981   2.78266 -0.104329   -9.4095 27.4861
-9.46483 -11.6909 0.530356 -0.0868619  0.0796173 -0.0462698 -0.168247   15.2631  0.654499  0.0208571 0.00845477  0.0925006 -0.0178677  -0.555499  0.0270736  -0.000893986 -0.000163821 -0.000283156  0.000732965  0.000533101 -0.000679286   2.78266 -0.104328  -9.40951 27.498
-8.55201 -11.7738 0.087722 -0.0871119  0.0686709 -0.0458273 -0.163064   15.2616  0.655644  0.0208446 0.00844159  0.0925183 -0.0193764  -0.548403  0.0188156  -0.000950567 -0.000179778 -0.000293081   0.00073254  0.000529042 -0.000679894   2.78266 -0.104321  -9.40952 27.509
 -7.76623  -11.8379 -0.299074 -0.0877753   0.058599 -0.0454707 -0.158395   15.2634  0.657622  0.0208336 0.00842344  0.0925287 -0.0264992   -0.54087  0.0131917  -0.000890413 -0.000204936  -0.00029297   0.00073417  0.000526832 -0.000684138   2.78265 -0.104314  -9.40951 27.5191
 -6.89367  -11.9426 -0.696226 -0.0882553  0.0486284 -0.0449657 -0.151058   15.2616  0.659448  0.0208171 0.00839726  0.0925362 -0.0270011  -0.527016 0.00472877  -0.000866751  -0.00020196 -0.000273663  0.000734791  0.000523536 -0.000691949   2.78264 -0.104302  -9.40949 27.5291
-5.93868 -12.1152 -1.01184 -0.088513 0.0389687 -0.045283 -0.143464   15.2592  0.661484  0.0208042 0.00838233  0.0925618  -0.0281175   -0.507862 -0.00636148  -0.000950121 -0.000139748 -0.000354471 0.000733108 0.000516223 -0.00068641   2.78265 -0.104295  -9.40953 27.5387
-5.00141   -12.27 -1.52033 -0.0884542  0.0291054 -0.0451516 -0.141396   15.2513  0.660599   0.020803 0.00838197  0.0925486 -0.029083 -0.494476 -0.016348  -0.000937679 -0.000134495 -0.000256485  0.000730841  0.000515614 -0.000688232   2.78265 -0.104291  -9.40952 27.5486
-4.06129 -12.4015 -1.87064 -0.0900364   0.019539 -0.0452846 -0.140655   15.2599   0.66204   0.020807 0.00836881  0.0925517 -0.0443181  -0.483233  -0.025582  -0.000979296 -0.000133231 -0.000294387  0.000734849  0.000517274 -0.000700929   2.78263 -0.104286  -9.40948 27.5583
-3.34207 -12.4685 -2.12117 -0.0913779 0.00981565 -0.0456988 -0.142579   15.2635  0.661781  0.0208087 0.00836909   0.092546 -0.0518456  -0.470157  -0.032118  -0.000860382 -0.000169588 -0.000359759  0.000736529   0.00051942 -0.000706554   2.78262 -0.104286  -9.40945 27.5681
-2.68673 -12.5041 -2.31527  -0.0927921 0.000996912  -0.0456616 -0.139286   15.2646  0.662615  0.0208141 0.00834272  0.0925403 -0.0604561  -0.449799 -0.0337313   -0.00078377 -0.000211057 -0.000394168  0.000738451  0.000519825 -0.000722673    2.7826 -0.104275  -9.40939 27.577
-2.03096 -12.5288 -2.46638  -0.0937153 -0.00734071  -0.0460819 -0.135543   15.2603  0.663513  0.0208233 0.00832274  0.0925458 -0.0631988  -0.423516 -0.0378153  -0.000812758 -0.000188872 -0.000439364  0.000737183  0.000518131 -0.000726614    2.7826 -0.104268  -9.40938 27.5854
-1.46949 -12.3858 -2.74247 -0.0946176 -0.0157905 -0.0461933 -0.138766   15.2541  0.661996  0.0208103 0.00830448  0.0925207 -0.0661531  -0.400073 -0.0366839  -0.000771682  -0.00029886 -0.000360894  0.000736287  0.000521863 -0.000734653   2.78259 -0.104265  -9.40934 27.5939
-1.03869 -12.3242 -2.96751 -0.0957678 -0.0219543 -0.0471635 -0.12706  15.2527 0.665712  0.0208484 0.00829071  0.0926019 -0.0708244  -0.367727 -0.0441507  -0.000739884 -0.000289377 -0.000364036 0.000735644 0.000513271 -0.00073269   2.78259 -0.104258  -9.40936 27.6003
-0.631272  -12.2947   -3.3524  -0.098305 -0.0296913 -0.0489398 -0.127839   15.2648  0.665077   0.020853 0.00833181  0.0925938 -0.0839523  -0.342018 -0.0513619  -0.000642069 -0.000263478 -0.000303807  0.000738806  0.000512497 -0.000724703    2.7826 -0.104266   -9.4094 27.6086
 -0.4123 -12.3477  -3.6891  -0.100122 -0.0358466 -0.0497817 -0.123068   15.2644  0.666504  0.0208558 0.00830621  0.0926339 -0.0919429    -0.3173 -0.0547244  -0.000433272 -0.000214861  -0.00029844  0.000739791  0.000509628 -0.000731001   2.78259 -0.104258  -9.40938 27.6151
0.00489651   -12.4321    -4.0046  -0.101468 -0.0413647 -0.0517624 -0.115027   15.2609  0.669851  0.0208753 0.00835557  0.0927239 -0.0941082  -0.291209 -0.0621576    -0.0005488 -0.000184668 -0.000311837  0.000737116  0.000503815 -0.000714197   2.78261 -0.104271  -9.40945 27.6211
0.298983  -12.561 -4.46492  -0.103643 -0.0466124 -0.0525817 -0.112113   15.2617  0.670434  0.0208748 0.00831653   0.092748  -0.105305  -0.272832 -0.0604137  -0.000529541 -0.000147293 -0.000238339  0.000738541  0.000501969 -0.000724416   2.78259 -0.104259  -9.40942 27.6268
0.442021 -12.6614  -4.8748  -0.106028 -0.0509281 -0.0539263 -0.105364   15.2669  0.671697  0.0208706 0.00831501  0.0928192  -0.115104  -0.256906 -0.0610476  -0.000449261 -0.000141705 -0.000234494  0.000740346  0.000497399 -0.000725059   2.78259 -0.104256  -9.40942 27.632
 0.59931 -12.6963 -5.49866  -0.108992 -0.0568772 -0.0561885 -0.107434   15.2737  0.670061  0.0208724 0.00838281  0.0927909  -0.127931  -0.250613 -0.0645932    -0.0004202 -0.000195507 -0.000166943  0.000740578  0.000499014 -0.000710107   2.78261 -0.104272  -9.40948 27.639
0.568205 -12.7798 -6.10469  -0.111713 -0.0614824 -0.0571722 -0.10421  15.2732 0.671006 0.0208651  0.008347 0.0928333  -0.139221  -0.245829 -0.0645095  -0.000273398 -0.000186243 -0.000132793  0.000741795  0.000496757 -0.000717489    2.7826 -0.104263  -9.40946 27.6444
0.679159 -12.9781 -6.66444  -0.114397 -0.0655536 -0.0582059 -0.0971207    15.2711   0.673601 0.0208482 0.0083256 0.0929183  -0.149147  -0.235037 -0.0626836  -0.000317905  -0.00010897 -0.000168124  0.000742087  0.000492323 -0.000722366    2.7826 -0.104258  -9.40944 27.6494
0.752702 -13.1592 -7.29681  -0.117158 -0.0703557 -0.0592617 -0.0984789    15.2668   0.674155  0.0208546 0.00832838  0.0929012  -0.159625  -0.232272 -0.0636601  -0.000321174 -0.000105824 -0.000172721  0.000740971  0.000493027 -0.000723245   2.7826 -0.10426 -9.40943 27.655
0.885097 -13.4779 -7.98639  -0.120782 -0.0744045 -0.0607287 -0.0929624    15.2712   0.674848  0.0208288 0.00831682  0.0929671  -0.177082  -0.226008 -0.0661581  -0.000345898 -5.75719e-05 -0.000139479  0.000742398  0.000489764 -0.000723867    2.7826 -0.104256  -9.40943 27.6607
0.988587 -13.8409 -8.67315  -0.125394  -0.079529 -0.0623116 -0.0985277    15.2801   0.670879   0.020859 0.00829265  0.0929262   -0.19594   -0.23195 -0.0704502  -0.000326351 -2.65295e-05 -0.000124993  0.000744111  0.000493588 -0.000726606    2.7826 -0.104249  -9.40943 27.6677
 1.08006 -14.1857 -9.34179  -0.130055 -0.0839299 -0.0634754 -0.0977643    15.2861   0.669632  0.0208734 0.00824799  0.0929509  -0.211532  -0.232078 -0.0693095  -0.000284701 -3.44629e-05 -0.000110331  0.000746319  0.000493041 -0.000735984   2.78259 -0.104236   -9.4094 27.6743
 1.23804 -14.6113 -10.0701  -0.134088 -0.0880078 -0.0658128 -0.0901397    15.2881   0.671961  0.0207868 0.00829375  0.0930078  -0.219473  -0.228002 -0.0801819  -0.000305976  4.71872e-05 -0.000107354  0.000746235  0.000489211 -0.000719672   2.78262 -0.104246  -9.40946 27.6804
 1.48705 -15.0389 -10.9913  -0.138783 -0.0927634 -0.0669032 -0.0927656    15.2871   0.671061  0.0208393 0.00826797  0.0929929  -0.231559  -0.232032 -0.0774876  -0.000360629  9.39329e-05 -2.21962e-05  0.000746165    0.0004906 -0.000729853    2.7826 -0.104241  -9.40942 27.6872
 1.72634 -15.5294 -11.9188  -0.142836 -0.0969341 -0.0685177 -0.089899    15.285  0.672546  0.0207906 0.00829059  0.0929963  -0.238302  -0.233822 -0.0798709  -0.000358274  0.000164074  6.70643e-05  0.000745776  0.000488821 -0.000724005   2.78261 -0.104247  -9.40944 27.6933
 2.02581 -16.2856  -12.966  -0.148371  -0.103112 -0.0706578 -0.100334   15.2863  0.668925  0.0208673 0.00831296  0.0929395  -0.251394  -0.246024 -0.0821105  -0.000347076   0.00028217  6.50994e-05  0.000744355  0.000496255 -0.000718881   2.78261 -0.104254  -9.40947 27.7018
 2.28271 -17.0341 -14.0334   -0.15352  -0.108796 -0.0722908 -0.108411   15.2855  0.666647  0.0209425 0.00832945  0.0928955  -0.259112  -0.259244 -0.0824097  -0.000296029  0.000318073  0.000111856  0.000743313   0.00050114 -0.000719614   2.78259 -0.104258  -9.40948 27.7097
 2.55016 -17.8649 -15.0294  -0.158149  -0.113141 -0.0737731 -0.102988   15.2847  0.668391  0.0208916 0.00832722  0.0929097  -0.265677   -0.25827 -0.0800926  -0.000287755   0.00041836  0.000107264   0.00074378  0.000498277 -0.000717529    2.7826 -0.104261  -9.40948 27.7162
 2.81047 -18.6534 -16.1699  -0.163389  -0.118623 -0.0752697 -0.105834   15.2817  0.668121  0.0209083 0.00834378  0.0928804   -0.27268  -0.262762 -0.0778519  -0.000275099  0.000383853  8.98286e-05  0.000742985  0.000499413 -0.000717329    2.7826 -0.104266  -9.40948 27.7239
  3.0295 -19.4425 -17.4578  -0.168339  -0.123637 -0.0765112 -0.103843   15.2766    0.6696  0.0208924 0.00836439  0.0928542  -0.277692  -0.264281 -0.0760174  -0.000206853  0.000404494  0.000196056  0.000742466  0.000497388 -0.000716732    2.7826 -0.104274  -9.40947 27.7311
 3.25493 -20.2695 -18.8295  -0.174591   -0.13093 -0.0790702 -0.117688   15.2765  0.666321  0.0209089 0.00840587  0.0927901  -0.288171  -0.278556 -0.0836132  -0.000176391   0.00040602  0.000166491  0.000741246  0.000505652 -0.000702649  2.78259 -0.10428 -9.40954 27.741
 3.47676 -21.0057 -20.3133  -0.180837  -0.137468 -0.0808068 -0.123523   15.2743  0.665523  0.0209428 0.00842477  0.0927562  -0.294782  -0.284886 -0.0865752  -0.000120372  0.000373924  0.000232735  0.000740436   0.00050853 -0.000703606   2.78257 -0.104282  -9.40954 27.7502
 3.70069 -21.6917 -21.5024  -0.185362  -0.142003 -0.0817964 -0.118917   15.2679  0.667034  0.0209204 0.00844092  0.0927485  -0.297002  -0.277325 -0.0813977  -0.000124268   0.00041054  0.000208754  0.000739623  0.000505579 -0.000705344  2.78257  -0.1043 -9.40951 27.7567
 4.01589 -22.5385  -23.041  -0.190815  -0.147329 -0.0825544 -0.116342   15.2607  0.668198   0.020934 0.00846682  0.0927235  -0.293896  -0.268469 -0.0759471  -0.000122722  0.000442851  0.000250371 0.000737948 0.000503625 -0.00071376  2.78256 -0.10432 -9.40947 27.7644
 4.37592 -23.4928 -24.5917  -0.196084   -0.15193 -0.0837037 -0.110476   15.2586  0.669135  0.0209032 0.00846301    0.09274  -0.285891  -0.258272 -0.0753463  -0.000127738  0.000506981  0.000282693  0.000737949  0.000500321 -0.000716063   2.78257 -0.104328  -9.40944 27.7714
 4.61114 -24.7025 -26.1653  -0.202102  -0.158742 -0.0861007 -0.125839   15.2572  0.667953  0.0209204 0.00851512   0.092655  -0.279307  -0.261566 -0.0824236  -2.39779e-05  0.000643995  0.000207156  0.000738139  0.000510348 -0.000701781   2.78254 -0.104335  -9.40952 27.7808
 5.11917 -25.7357 -27.8844  -0.207887   -0.16466 -0.0879032 -0.129237   15.2545  0.667824  0.0209138 0.00853708  0.0926279  -0.269904  -0.250835 -0.0834308  -9.29086e-05  0.000526331  0.000209564  0.000737057  0.000511203 -0.000699167   2.78253 -0.104341  -9.40952 27.7893
 5.50783 -26.6969 -29.2282  -0.212313  -0.168502 -0.0895314 -0.121833   15.2541  0.667937 0.0208686 0.0085171 0.0926642  -0.256814  -0.236711 -0.0913556  -0.000102566  0.000537632  0.000166844  0.000738203  0.000507009 -0.000696281   2.78256 -0.104347  -9.40952 27.7954
 6.04392 -27.5229 -30.7552  -0.217442   -0.17304 -0.0893435 -0.122141   15.2485  0.668866  0.0209791 0.00855687  0.0926031 -0.244677 -0.225457 -0.082166  -0.000134145  0.000465062  0.000233258 0.000731226 0.000505675 -0.00072599   2.78251 -0.104363  -9.40939 27.8022
 6.46456  -28.126 -31.8687  -0.221741  -0.176018 -0.0902618 -0.112344   15.2511  0.668129  0.0209978 0.00852485  0.0926301  -0.227604  -0.208752 -0.0822965  -0.000180244  0.000317216  4.44807e-05  0.000730559  0.000499548 -0.000736832   2.78254 -0.104358  -9.40934 27.8076
 6.93055 -28.8221 -33.2472  -0.226036  -0.181401 -0.0923962 -0.118378   15.2443  0.669486  0.0209556 0.00855488  0.0926122 -0.196365 -0.208141 -0.088799  -0.000159301  0.000283649 -4.10208e-05  0.000730587  0.000503642 -0.000726817   2.78252 -0.104382  -9.40937 27.8148
 7.35148 -29.3081 -34.4351 -0.229166 -0.186254 -0.094312 -0.119161   15.2355  0.670741  0.0209074 0.00856127   0.092626  -0.160403  -0.203976 -0.0921426  -0.000116918  0.000174143 -0.000116957 0.000729943 0.000503875 -0.00071964   2.78251 -0.104417  -9.40938 27.8209
 7.80667 -29.5993 -35.2879   -0.23204  -0.189251 -0.0961092 -0.113163     15.24  0.668829  0.0209528 0.00854359  0.0926058  -0.134697  -0.191312 -0.0906082   -0.00019035  8.50327e-05 -0.000175432   0.00073108  0.000499371 -0.000719781   2.78254 -0.104401  -9.40938 27.8254
 8.13591 -29.8118 -35.9036  -0.233359   -0.19268 -0.0967683 -0.10728  15.2309 0.668801  0.0209242 0.00851943  0.0926515 -0.0979084  -0.186628 -0.0798411  -0.000224136 -8.26101e-06 -0.000288619  0.000725879  0.000494775 -0.000727307   2.78254 -0.104445  -9.40932 27.8291
 8.41963 -29.9548 -36.2763  -0.233974  -0.195159 -0.0975864 -0.0958911     15.226   0.666216  0.0209992 0.00847423  0.0926544 -0.0621996  -0.179585 -0.0734334  -0.000294945 -0.000100756 -0.000417817  0.000722887  0.000486268 -0.000728844   2.78258 -0.104476  -9.40928 27.8318
 8.66718 -30.1035 -36.4987 -0.233576 -0.200096 -0.099352 -0.101283   15.2103  0.669807 0.0209155 0.0083603 0.0928252  -0.022639  -0.190293 -0.0729512  -0.000335744 -0.000120054 -0.000535659  0.000722261  0.000493553 -0.000716279   2.78253 -0.104541  -9.40931 27.837
 8.77033 -30.1755 -36.6737 -0.232436  -0.20522 -0.100762 -0.105785   15.1952  0.673398    0.02081 0.00822947  0.0930176  0.0114868  -0.197483 -0.0713461  -0.000199425 -0.000136422 -0.000597084  0.000719435  0.000499961 -0.000711022   2.78248 -0.104604  -9.40932 27.8425
 9.12888 -30.1465 -36.7699 -0.231386 -0.208634 -0.102075 -0.102456     15.19  0.672554  0.0208699 0.00816876  0.0930551  0.0358103   -0.19962 -0.0750153  -0.000373658  -0.00025137 -0.000598899  0.000718855  0.000498487 -0.000706147  2.78248 -0.10463 -9.40932 27.8463
 9.48995   -30.11 -36.8968 -0.229932 -0.212249 -0.103069 -0.0979741     15.186    0.67105  0.0209047 0.00812099  0.0930865  0.0566644  -0.194631 -0.0712885  -0.000441867 -0.000331774 -0.000562785    0.0007154   0.00049499 -0.000709019   2.78249 -0.104654  -9.40929 27.8503
   9.886 -30.1065 -37.0582 -0.228548 -0.215194 -0.103797 -0.0919511    15.1867   0.668191  0.0209541 0.00812167  0.0930493  0.0750879  -0.189795 -0.0685255  -0.000480932 -0.000325051 -0.000534136  0.000711748  0.000488806 -0.000715412   2.78252 -0.104658  -9.40925 27.8536
 10.4444 -30.0293 -37.2379 -0.225958 -0.219424 -0.105404 -0.090846   15.1793  0.668624  0.0209986 0.00803362  0.0931247  0.0961697  -0.187228 -0.0667198  -0.000558838 -0.000370767 -0.000553331  0.000711815  0.000490079 -0.000707851   2.78251 -0.104694  -9.40926 27.8589
   10.76 -30.0219  -37.415 -0.223926 -0.224108  -0.10692 -0.0962834    15.1795   0.671407  0.0209104 0.00805179  0.0931682   0.109847  -0.189711 -0.0653331  -0.000401131  -0.00040268 -0.000575582  0.000711796   0.00049484 -0.000710196   2.78248 -0.104688  -9.40927 27.8642
 11.2004 -30.1515 -37.6054 -0.221514 -0.227017 -0.108474 -0.0915339    15.1784   0.669082  0.0210219 0.00801666  0.0931249   0.121147  -0.181314 -0.0692464  -0.000436083 -0.000298328 -0.000541454  0.000715301  0.000491765 -0.000700733   2.78251 -0.104697  -9.40929 27.8683
  11.612 -30.0704 -37.5866 -0.219041 -0.230048 -0.109271 -0.0883076    15.1787   0.667315  0.0210242 0.00801731   0.093118   0.130294  -0.172655 -0.0687232  -0.000498807 -0.000361655 -0.000596045  0.000711395  0.000487861 -0.000707025   2.78253 -0.104702  -9.40926 27.8723
 12.0183  -29.887 -37.6088 -0.216621 -0.232673 -0.110325 -0.0837409    15.1821   0.664171  0.0210534 0.00803545  0.0930645   0.133941  -0.159197 -0.0708684  -0.000501038 -0.000419429  -0.00057877  0.000710244  0.000482803 -0.000710883   2.78256 -0.104692  -9.40923 27.876
 12.4132 -29.6121 -37.4879 -0.213087 -0.237079 -0.112015 -0.0918421    15.1688   0.670845  0.0210045 0.00794538  0.0932479   0.137941  -0.155966 -0.0753855  -0.000479767 -0.000445189 -0.000650302  0.000708764  0.000492856 -0.000703152   2.78248 -0.104751  -9.40926 27.8819
 12.8591 -29.0561 -37.4097 -0.209789 -0.241388  -0.11397 -0.0982022    15.1646   0.674713  0.0209575 0.00793443  0.0933267   0.136751  -0.148084 -0.0770235  -0.000441438 -0.000545238 -0.000644533  0.000708313  0.000499183 -0.000702028   2.78242 -0.104765  -9.40928 27.8876
 13.1132 -28.5666 -37.4223 -0.206624 -0.243628 -0.115727 -0.0924873    15.1613   0.672379   0.021061 0.00789069  0.0933168   0.141873  -0.134496 -0.0732538  -0.000406012 -0.000598391 -0.000567784  0.000712256  0.000496509 -0.000690125   2.78245 -0.104791  -9.40931 27.8919
 13.2411 -28.1507   -37.39 -0.203574 -0.245533 -0.116971 -0.0869119    15.1601   0.669806   0.021111 0.00786792  0.0933118   0.148146  -0.123917 -0.0699592  -0.000345651  -0.00061239 -0.000530138  0.000712748  0.000492125 -0.000686947   2.78248 -0.104808   -9.4093 27.8957
 13.2343 -27.8691  -37.307 -0.201301 -0.247153 -0.117333 -0.0840647     15.167   0.666795  0.0210421 0.00788533  0.0932778   0.148178   -0.11136 -0.0566326  -0.000291522 -0.000558397 -0.000564138  0.000707405  0.000486592 -0.000703744   2.78251 -0.104776  -9.40923 27.8985
 13.2237 -27.5964 -37.1782 -0.197227 -0.248973  -0.11818 -0.0764009    15.1628    0.66445  0.0210922 0.00785636  0.0933235   0.159672  -0.101989 -0.0436997  -0.000329497  -0.00052473 -0.000623853  0.000706379  0.000480742 -0.000700846   2.78254 -0.104815  -9.40921 27.9031
 13.0078 -27.2748 -36.9224 -0.192611 -0.251833 -0.119186 -0.0773454    15.1543   0.666822  0.0211217 0.00784008  0.0933674   0.170167 -0.0985362 -0.0325246  -0.000242924  -0.00059908 -0.000682041  0.000706373  0.000482895 -0.000692193   2.78252 -0.104862  -9.40923 27.9086
 12.9314 -27.3362 -36.8487  -0.18883 -0.252532 -0.119546 -0.0657935    15.1555    0.66186  0.0211704 0.00782861  0.0934224   0.178894 -0.0835764 -0.0230232  -0.000218964 -0.000421953 -0.000644795  0.000707189  0.000473955 -0.000691887  2.78258 -0.10488  -9.4092 27.9125
 12.7655 -27.3911 -36.6946 -0.184991 -0.253612 -0.120463 -0.0599686    15.1536   0.660227  0.0212165 0.00784263  0.0934546   0.187916 -0.0749828 -0.0232586  -0.000182474 -0.000323785   -0.0007029 0.000712379 0.000471023 -0.00068028   2.78262 -0.104904  -9.40924 27.9165
 12.6635 -27.4775 -36.7642 -0.181197 -0.254601 -0.120411 -0.0556034     15.152   0.658812  0.0212319 0.00782083  0.0934883    0.19657 -0.0691694 -0.0204532  -0.000131237 -0.000262619 -0.000605986  0.000709308  0.000467114 -0.000684829   2.78263 -0.104921   -9.4092 27.9205
 12.5561 -27.4983 -36.6512 -0.176258  -0.25607 -0.120607 -0.0523929    15.1442   0.659808  0.0212497 0.00781062  0.0935043   0.204165 -0.0623052 -0.0172703  -0.000197197  -0.00030008 -0.000657025   0.00070831   0.00046547 -0.000678498   2.78263 -0.104973  -9.40919 27.9256
 12.2105 -27.5267  -36.579 -0.171092  -0.25845 -0.121371 -0.0604103    15.1387   0.664115  0.0212318 0.00783218  0.0934327   0.206836 -0.0567472 -0.0167948  -0.000129667 -0.000325047 -0.000648748  0.000709628  0.000472276 -0.000668422   2.78258 -0.104988  -9.40923 27.9314
 11.9476 -27.6313 -36.6145 -0.167164  -0.25882 -0.122283 -0.0544935    15.1427   0.661298  0.021216 0.0078595 0.0934946   0.211761 -0.0431343 -0.0206948  -6.65016e-05 -0.000278092 -0.000622885  0.000715806  0.000469323 -0.000661104   2.78263 -0.104984  -9.40927 27.9354
 11.7912 -27.6108   -36.68 -0.162827 -0.258961 -0.122901 -0.0479185    15.1451   0.658759   0.021206 0.00786732  0.0935527    0.21799 -0.0298148 -0.0223778  -8.68295e-05 -0.000318633 -0.000599249  0.000719127  0.000465374 -0.000657911   2.78268 -0.104987  -9.40927 27.9398
 11.6202 -27.5618 -36.8064 -0.159237 -0.258802 -0.123037 -0.0445291    15.1513   0.655868  0.0212109 0.00783525  0.0935964   0.222101 -0.0188118 -0.0229893  -6.16723e-05 -0.000362057  -0.00055064  0.000717638  0.000462062 -0.000668965    2.7827 -0.104956  -9.40924 27.9434
  11.456  -27.506 -36.8491 -0.153512  -0.25929 -0.123594 -0.0393813    15.1409     0.6576  0.0212002 0.00787308  0.0936081  0.241335 -0.012995 -0.027544  -0.000133334   -0.0004041 -0.000625948  0.000719577  0.000459748 -0.000653819   2.78271 -0.105031  -9.40925 27.9492
 11.3158  -27.315 -37.0162 -0.147215 -0.260245 -0.124901 -0.0456275    15.1378   0.660519  0.0212054 0.00790269  0.0935652   0.254231 -0.0115147 -0.0409426  -0.000211945 -0.000495724 -0.000574813 0.000721322 0.000465161 -0.00064505   2.78268 -0.105037   -9.4093 27.9557
 10.9959  -27.361 -37.0531 -0.142569 -0.260453 -0.125749 -0.045892   15.1377  0.660465  0.0212046 0.00790448  0.0935638    0.265144 -0.00921008  -0.0486184  -8.90574e-05 -0.000402136 -0.000602434  0.000721672  0.000465429 -0.000644285   2.78268 -0.105037   -9.4093 27.9604
 10.8632 -27.2307 -36.9609 -0.137641 -0.260061 -0.126502 -0.0422728    15.1421   0.658244  0.0212027 0.00788354  0.0935846    0.276586 -0.00305895  -0.0555208  -0.000160227 -0.000439006 -0.000665732   0.00072125  0.000462087 -0.000651096    2.7827 -0.105017  -9.40928 27.9654
   10.73 -27.0394 -36.9726 -0.132638 -0.259759 -0.126891 -0.0396709    15.1433   0.657124 0.0212063 0.0078587 0.0935983   0.287666  0.0015589 -0.0574592  -0.000144642 -0.000496366 -0.000602755  0.000717183  0.000458854 -0.000662422   2.78271 -0.105012  -9.40923 27.9704
 10.6886 -26.7856 -36.9264 -0.126681 -0.259392 -0.128393 -0.0371267    15.1453   0.655997  0.0212016 0.00785815   0.093598   0.302386 0.00982434 -0.0640828  -0.000202302 -0.000521586 -0.000611738  0.000720281  0.000457758 -0.000657759   2.78273 -0.105006  -9.40924 27.9766
 10.5636 -26.2007 -36.8217 -0.118681 -0.260501  -0.13096 -0.0482762    15.1369   0.661489  0.0212338 0.00789214  0.0936092   0.325686 0.00222717 -0.0785497  -0.000199231 -0.000667189 -0.000626678  0.000721971  0.000468306 -0.000643528   2.78266 -0.105034  -9.40932 27.985
 10.3446 -25.8311 -36.6398 -0.112337 -0.260517 -0.132515 -0.0468625    15.1342   0.661705  0.0212413 0.00789795  0.0936197    0.34408 0.00278998 -0.0853009  -0.000144729 -0.000659815 -0.000656455  0.000722627  0.000467846 -0.000638355   2.78266 -0.105055  -9.40933 27.9916
 10.0541 -25.4147 -36.2911 -0.105932 -0.260234 -0.134347 -0.0449017    15.1354   0.660818  0.0212512 0.00789823  0.0936067   0.359806 0.00619544 -0.0925971  -0.000134087 -0.000672478 -0.000748836  0.000724951  0.000466608 -0.000634227   2.78268 -0.105051  -9.40934 27.9982
   9.761 -24.9188 -36.0236 -0.0993331  -0.259851  -0.134854 -0.0443367    15.1373   0.660073  0.0211992 0.00788594  0.0936222   0.371858  0.0110253 -0.0846374  -0.000115421  -0.00066922 -0.000705347  0.000717428  0.000462785 -0.000654996   2.78267 -0.105042  -9.40926 28.0049
 9.47424 -24.1966 -35.6084 -0.0914725  -0.260201  -0.136584 -0.0467268      15.13   0.662853   0.021208 0.00788614  0.0936819   0.388095 0.00802585 -0.0875048  -0.000175405 -0.000830017 -0.000756118  0.000716189  0.000465642 -0.000650252   2.78264 -0.105079  -9.40927 28.0129
 8.98587 -23.2157 -35.2675 -0.0813224  -0.261325  -0.139629 -0.0575611    15.1241   0.667141  0.0212311 0.00789623  0.0937251    0.406057 -0.00659794  -0.0963146  -6.19659e-05 -0.000910262 -0.000703752   0.00071702  0.000476457 -0.000640973   2.78257 -0.105097  -9.40933 28.0236
 8.74148 -22.5703  -35.275 -0.0734977  -0.261364  -0.141097 -0.054315   15.1215  0.666783  0.0212233 0.00789339  0.0937613     0.41969 -0.00986052  -0.0956535  -2.80002e-05 -0.000864162 -0.000546015  0.000715253  0.000474335 -0.000642249   2.78258 -0.105121  -9.40931 28.0316
  8.3748 -21.8897 -35.3127 -0.0660296     -0.261  -0.143165 -0.0506938    15.1264   0.664485  0.0212468 0.00788779  0.0936987   0.429872 -0.0114249 -0.0997903   3.94751e-05 -0.000859789  -0.00049908  0.000719263  0.000471866 -0.000637844   2.78262 -0.105097  -9.40933 28.0393
 7.95227 -21.1106 -35.4714 -0.0582828  -0.260911  -0.144419 -0.0489172    15.1306   0.662895   0.021182 0.00786285  0.0936794   0.431283 -0.0143546 -0.0963407   8.87873e-05 -0.000893239 -0.000403846  0.000716834  0.000469553 -0.000648833   2.78264 -0.105078  -9.40928 28.0472
 7.53567 -20.2818 -35.4411 -0.0498152  -0.260729  -0.146465 -0.0450078    15.1336   0.661332  0.0211884 0.00785712   0.093656   0.434079 -0.0177024 -0.0980857   6.90484e-05 -0.000931357 -0.000447682  0.000719785  0.000466172 -0.000645517   2.78267 -0.105066  -9.40929 28.0559
   7.149  -19.458 -35.5568 -0.0385857  -0.262526  -0.149323 -0.054504   15.1278  0.664927  0.0212386 0.00788383  0.0936704    0.43612 -0.0466822 -0.0980493  -5.52656e-06 -0.000836618 -0.000453903  0.000717932  0.000474071 -0.000641581    2.7826 -0.105083  -9.40932 28.0676
 6.89264 -19.0972 -35.8419 -0.0304058   -0.26333  -0.151414 -0.0517029    15.1285   0.664013  0.0212449 0.00788475   0.093671   0.435984 -0.0658571 -0.0955855   2.04766e-05 -0.000720716 -0.000379305  0.000720746  0.000472792 -0.000635155   2.78263 -0.105085  -9.40934 28.0761
 6.63785 -18.7868  -36.093 -0.0212094   -0.26496  -0.151739 -0.0485043    15.1229   0.663921  0.0211881 0.00788046  0.0937186    0.43665 -0.0912852 -0.0748175   -2.1434e-06 -0.000597867 -0.000411202  0.000711331  0.000469054 -0.000653899   2.78261 -0.105127  -9.40925 28.0854
 6.44456 -18.5632 -36.5348 -0.0131457  -0.266647  -0.152112 -0.0450152    15.1195   0.663487  0.0211595 0.00788489  0.0937401   0.435225  -0.107807 -0.0599137   2.58092e-05 -0.000514373 -0.000273035  0.000705952  0.000466103 -0.000663816  2.78262 -0.10516 -9.40919 28.0937
 6.25557 -18.2764 -36.8663 -0.00538246   -0.269228   -0.153643 -0.0496078    15.1175   0.664618  0.0211869 0.00790088  0.0937308     0.4288  -0.128071 -0.0581792   1.92323e-05 -0.000548702 -0.000280216   0.00070759  0.000469353 -0.000656051  2.78259 -0.10516 -9.40923 28.102
 6.10311 -18.0089 -37.3122 0.00443098  -0.273832   -0.15554 -0.0635037    15.1195   0.666769  0.0212709 0.00790331  0.0937191   0.408196  -0.160214 -0.0610102  -4.28199e-05 -0.000504775 -0.000340909   0.00070664  0.000479279 -0.000658758   2.78252 -0.105119  -9.40926 28.113
 5.97107  -17.636 -37.5502 0.0115313 -0.277193 -0.157069 -0.0684034    15.1248   0.667331   0.021293 0.00788749  0.0937294   0.389921  -0.178023 -0.0600236  -1.39765e-05 -0.000577452 -0.000356564  0.000708461  0.000482872 -0.000659847    2.7825 -0.105077  -9.40928 28.121
 6.00502 -17.3608 -37.6748  0.018007 -0.279748 -0.158142 -0.0644164    15.1269   0.667014  0.0212659 0.00787497  0.0937299   0.382033   -0.18824 -0.0559789  -0.000126054 -0.000570727 -0.000391235 0.000710487 0.000480071 -0.00065725  2.78253 -0.10507 -9.40929 28.128
 6.11501 -16.9529 -37.9915 0.0248368 -0.283384  -0.15803 -0.0635752    15.1241   0.667131  0.0212918 0.00790246  0.0937221   0.378892  -0.204733 -0.0461633   -0.00020924 -0.000636307 -0.000266375  0.000703905  0.000480084 -0.000673519   2.78251 -0.105097  -9.40922 28.1358
6.24014 -16.452 -38.288 0.0320396 -0.288528 -0.158768 -0.0721015    15.1219   0.667806  0.0213397 0.00792715  0.0937539   0.371075  -0.224283 -0.0416932  -0.000257028 -0.000674503 -0.000295119  0.000700657  0.000485482 -0.000680982   2.78245 -0.105095  -9.40921 28.1447
  6.5604 -15.6875 -38.6546 0.0406147 -0.295723 -0.160755 -0.0887541    15.1204   0.668561  0.0213903 0.00792178  0.0938477    0.35911  -0.242752 -0.0432674  -0.000332863  -0.00065985 -0.000316613 0.000701883 0.000494621  -0.0006749  2.78236 -0.10506 -9.40928 28.156
 6.75949 -14.7637  -38.861 0.0467549  -0.30016 -0.161202 -0.0898955    15.1219   0.668448  0.0213957 0.00793472  0.0938565    0.35316  -0.248022 -0.0338984  -0.000298194 -0.000918847 -0.000299411  0.000700845    0.0004955 -0.000681562   2.78235 -0.105052  -9.40926 28.1636
 6.98237  -14.107 -38.9739 0.0518843  -0.30382 -0.161199 -0.0883553    15.1274   0.669254  0.0213864 0.00795187  0.0938291   0.345272  -0.250203 -0.0229787  -0.000312892 -0.000899605 -0.000350589  0.000699704  0.000495672 -0.000692262   2.78236 -0.105031  -9.40922 28.1699
 7.19596 -13.2482 -39.0501 0.0586703 -0.308412 -0.160722 -0.0837443    15.1239   0.668935  0.0213605 0.00798516  0.0938173  0.348698 -0.255842 -0.010084   -0.00032977 -0.000951324 -0.000390066  0.000696733  0.000493403 -0.000701365  2.78237 -0.10507 -9.40917 28.1781
 7.29526 -12.4642 -39.0876  0.064381 -0.312627 -0.160922 -0.083174   15.1314  0.669831  0.0213638 0.00798197  0.0937711    0.346854   -0.258405 -0.00139018  -0.000280405 -0.000954284 -0.000421489   0.00069813  0.000493559 -0.000702944   2.78239 -0.105031  -9.40916 28.1852
  7.5553 -11.1487 -38.8865 0.0732946 -0.321367 -0.161681 -0.100635   15.1373   0.66993  0.0213734 0.00797615  0.0938667  0.346949 -0.275041 0.0136074  -0.000372095  -0.00104486  -0.00050334  0.000700499  0.000501979 -0.000699789   2.78231 -0.104949  -9.40923 28.1977
 7.36826 -10.7031 -38.7115 0.0793221   -0.3262  -0.16063 -0.0992971    15.1393   0.669389   0.021344 0.00800472  0.0938541  0.354066 -0.280248  0.033788  -7.35405e-05 -0.000811706 -0.000559549  0.000698963  0.000502067 -0.000711624  2.78232 -0.10495 -9.40918 28.2055
 7.24505 -10.3165 -38.1959 0.0863538 -0.331418 -0.159952 -0.0975922    15.1372   0.669232  0.0213587 0.00799161  0.0938525  0.371914 -0.286026 0.0509523  -8.16201e-05 -0.000710488 -0.000709991  0.000698992  0.000500306 -0.000707915  2.78232 -0.10496 -9.40919 28.2143
 7.01977  -9.9103 -37.6778 0.0943284 -0.336969 -0.158626 -0.0936374    15.1375   0.669649  0.0213867 0.00799649  0.0938381  0.393411 -0.289271  0.067149  -5.61168e-05 -0.000677974 -0.000736041  0.000698707  0.000498284 -0.000708541   2.78235 -0.104967  -9.40918 28.2241
 6.72492 -9.66281 -37.3047  0.100434 -0.341642 -0.157667 -0.0948832    15.1457   0.670436  0.0213874 0.00804764  0.0938343  0.401961 -0.291124 0.0787394   4.02928e-05 -0.000641715 -0.000683587 0.000700179 0.000498487 -0.00070864   2.78236 -0.104924  -9.40918 28.2319
 6.45316 -9.16602 -36.8545  0.110779 -0.349829 -0.155951 -0.101511   15.1462  0.669994  0.0213336 0.00805265  0.0938393  0.413968 -0.300462 0.0957518    -8.663e-05 -0.000750466 -0.000639622  0.000701891  0.000501012 -0.000700867   2.78234 -0.104902  -9.40922 28.2452
 5.99754 -9.02339 -36.8105  0.119187  -0.35636 -0.152829 -0.104317   15.1466  0.668884  0.0213378 0.00803315  0.0938304 0.421676 -0.30066 0.118923   0.000116278 -0.000579027 -0.000497426 0.000699246 0.000503974  -0.0007182   2.78231 -0.104898  -9.40916 28.2563
 5.88513 -8.91432 -36.5928  0.127486 -0.361414 -0.150219 -0.0979429    15.1423   0.669559  0.0213792 0.00800853   0.093826  0.438256 -0.299404  0.136553   3.94251e-05 -0.000524059 -0.000564654  0.000698111  0.000501427 -0.000719654   2.78233 -0.104935  -9.40914 28.2663
 5.65757 -8.85773 -36.5045  0.135702 -0.367171 -0.147468 -0.099706   15.1388  0.668885  0.0213728 0.00798828  0.0938038  0.455664 -0.304539  0.149109   6.90612e-05   -0.0004636 -0.000514599  0.000697121  0.000502358 -0.000720755   2.78231 -0.104949  -9.40914 28.2767
 5.44786 -8.86806  -36.462  0.144196 -0.372373 -0.144573 -0.0962253    15.1382   0.669403  0.0213944 0.00798352  0.0938092  0.472194 -0.305263  0.157718   8.72863e-05 -0.000430408 -0.000478281  0.000696721  0.000501048 -0.000722463   2.78232 -0.104961  -9.40913 28.2871
 5.32455 -8.90055 -36.5945  0.155749 -0.380376 -0.141147 -0.102394   15.1405  0.668303  0.0213494 0.00799941  0.0938154  0.487597 -0.309576  0.154454   2.39621e-05 -0.000428323  -0.00041939  0.000697945  0.000503123 -0.000716042   2.78231 -0.104931  -9.40916 28.3016
 5.25801 -8.89166 -37.0496  0.166084 -0.386597 -0.138013 -0.10036  15.1401 0.668667   0.021345 0.00799968  0.0938163 0.500613 -0.30675  0.15128   4.42451e-05 -0.000456349  -0.00023947  0.000698003  0.000502123 -0.000715002   2.78232 -0.104938  -9.40916 28.314
 5.28656 -8.98762 -37.2446  0.176522 -0.391916 -0.136254 -0.0917698    15.1341   0.670574  0.0212323 0.00801661  0.0937786  0.525208 -0.309788  0.135781  -2.66489e-06 -0.000367893 -0.000327697  0.000699623  0.000497166 -0.000691649   2.78237 -0.104992  -9.40923 28.3259
  5.3428 -8.88942 -37.4979 0.186571 -0.39784 -0.13431 -0.0923915    15.1358   0.670444  0.0211961 0.00802019  0.0937867  0.539822 -0.314589  0.120039  -3.26317e-05 -0.000429412  -0.00036041  0.000700688  0.000497163 -0.000683775   2.78238 -0.104982  -9.40926 28.3377
  5.3862 -8.65868 -37.7509  0.196461  -0.40398 -0.132493 -0.095258   15.1325  0.669867  0.0211909 0.00803009  0.0937676  0.551394 -0.324978  0.104193  -3.84124e-05 -0.000485743 -0.000325349  0.000700057  0.000498039 -0.000678985   2.78236 -0.104993  -9.40928 28.3495
 5.47942 -7.85874 -37.6386  0.210093 -0.413075 -0.131359 -0.105867   15.1396  0.667391  0.0211865 0.00801825  0.0937963  0.552223 -0.333764 0.0631798  -0.000135445 -0.000776724    -0.000483  0.000702017   0.00050283 -0.000665434   2.78232 -0.104925  -9.40935 28.3659
 5.43009 -7.03182 -37.4441  0.221173 -0.420165  -0.13017 -0.108847   15.1377  0.666185  0.0211905 0.00802275  0.0938041  0.545003  -0.33216 0.0395924   3.15374e-06 -0.000957686  -0.00052826 0.000701202 0.000504203 -0.00066882    2.7823 -0.104931  -9.40934 28.3791
 5.65672 -6.21327 -37.0954  0.230318 -0.425422 -0.130253 -0.106919   15.1365  0.667169  0.0212092 0.00801148   0.093806  0.539171 -0.328285 0.0120127  -0.000108598   -0.0010396 -0.000628765   0.00070096  0.000502631 -0.000658189   2.78232 -0.104937  -9.40938 28.3897
 5.90727 -5.29871  -36.617  0.239731 -0.431075 -0.130361 -0.106745    15.138  0.667568  0.0212134 0.00801088  0.0937941   0.533393  -0.324531 -0.0151689  -0.000188234  -0.00111045 -0.000753331   0.00070137   0.00050193 -0.000656753   2.78232 -0.104926  -9.40938 28.4007
 6.20328 -4.54836  -36.132  0.249835 -0.437191 -0.131139 -0.106465   15.1333  0.667831   0.021239 0.00798848  0.0938302   0.524099  -0.323898 -0.0442795  -0.000220125   -0.0010276  -0.00073659   0.00069948  0.000501731 -0.000651735   2.78232 -0.104949  -9.40941 28.4125
 6.64647 -3.31934 -35.1509  0.262872  -0.44598 -0.133796 -0.112883   15.1324  0.665239   0.021287 0.00793314  0.0938862   0.488972  -0.319071 -0.0816098  -0.000247566  -0.00110312 -0.000834028  0.000697174   0.00050572 -0.000636018   2.78229 -0.104939  -9.40949 28.4284
 6.74734 -2.39312 -34.5793  0.273565 -0.453709 -0.135749 -0.116579   15.1271  0.662512  0.0212426 0.00791957  0.0939625   0.45049  -0.31588 -0.107931  -7.56944e-05  -0.00106673 -0.000724539   0.00069514  0.000509066 -0.000640959   2.78225 -0.104971   -9.4095 28.4418
 6.79095 -1.89133  -34.234  0.280596 -0.459408 -0.137945 -0.122141   15.1223   0.65934  0.0212296 0.00788739  0.0940349  0.422534 -0.315143 -0.128207  -5.04491e-05 -0.000971383 -0.000703312   0.00069212  0.000513001 -0.000637436   2.78221 -0.104993  -9.40953 28.4511
 6.77433 -1.27486 -33.9371  0.286689 -0.464042  -0.14063 -0.122743   15.1279   0.65943  0.0212665 0.00789138  0.0939923  0.393204 -0.303178 -0.142352  -3.74706e-05 -0.000974025 -0.000668634  0.000693132  0.000512959 -0.000628684   2.78223 -0.104958  -9.40956 28.4592
   6.5222 -0.397673  -33.6856   0.29407 -0.470206 -0.143956 -0.124517   15.1346  0.658558  0.0212595 0.00790852  0.0939379  0.349992 -0.282004 -0.156378   6.66672e-05  -0.00100635 -0.000588239 0.000696516 0.000514644 -0.00062824   2.78222 -0.104919  -9.40954 28.4694
 6.25987 0.487297 -33.2365  0.301862 -0.476612 -0.148384 -0.125781   15.1364  0.658086  0.0212913 0.00791393   0.093936  0.309355 -0.255301 -0.165074   5.27001e-05  -0.00101932 -0.000659842 0.000694283  0.00051429 -0.00061786   2.78223 -0.104908  -9.40958 28.4804
5.80355 1.29203 -32.913  0.309297 -0.482842 -0.152631 -0.126412   15.1365  0.657127 0.0212944  0.007915 0.0939369  0.268534 -0.222893 -0.157253   0.000148848 -0.000945743 -0.000581351  0.000693276  0.000514774 -0.000615935   2.78223 -0.104911  -9.40959 28.491
 5.80648  1.54387 -32.5871  0.312878 -0.486071 -0.154516 -0.12758  15.1364 0.656457  0.0212769 0.00790822  0.0939261  0.246064 -0.205544 -0.148765   5.67246e-05 -0.000821271 -0.000652789  0.000696148  0.000515936 -0.000622674   2.78222 -0.104904  -9.40957 28.4962
 5.83028  1.75706 -32.2668  0.316399 -0.489019 -0.156787 -0.127263   15.1388  0.657326  0.0212788 0.00791343  0.0939221  0.225234 -0.189736 -0.144016  -4.04091e-05 -0.000689708 -0.000698274  0.000698502  0.000515463 -0.000624467   2.78222 -0.104886  -9.40955 28.5013
 5.90824  1.89748 -31.9598  0.319237 -0.492114 -0.159128 -0.130387   15.1442  0.655163  0.0212805 0.00792053  0.0939179  0.194157 -0.175754 -0.131721  -8.98148e-05 -0.000614801 -0.000681994 0.000703416 0.000518018  -0.0006287    2.7822 -0.104849  -9.40953 28.5061
 6.00007  1.96364 -31.5391  0.323069 -0.495757 -0.162253 -0.129502   15.1498  0.656772  0.0212864 0.00793142  0.0939394  0.159791 -0.159369 -0.114502  -8.66078e-05 -0.000557224 -0.000689579  0.000706351  0.000517334 -0.000628835   2.78221 -0.104816  -9.40952 28.5122
 5.95907  1.73146 -31.1516  0.325929 -0.499407 -0.164825 -0.131663   15.1557  0.655322  0.0213123 0.00793879  0.0939875   0.136036  -0.144644 -0.0979714  -2.78138e-06 -0.000461635 -0.000633787  0.000711806  0.000519267 -0.000635581   2.78218 -0.104779  -9.40949 28.5175
 5.95458  1.37681 -30.7261   0.32804 -0.501468 -0.166579 -0.130765   15.1579  0.656515   0.021295 0.00794292  0.0939979  0.132027 -0.136113 -0.089037  -2.73349e-06 -0.000376333 -0.000730227  0.000711001  0.000518314 -0.000631781   2.7822 -0.10477  -9.4095 28.521
 5.96467 0.930066 -30.3748  0.330124 -0.503539 -0.168236 -0.130943   15.1594  0.656441  0.0212659 0.00794427  0.0939991   0.131134  -0.132102 -0.0854889  -3.85929e-05 -0.000226904  -0.00077046  0.000709579  0.000517715 -0.000627053   2.78221 -0.104764  -9.40951 28.5243
 5.89795 0.697812 -30.1939  0.331686 -0.505715 -0.169085 -0.133646   15.1589  0.653628  0.0213122 0.00794373  0.0940166    0.12544  -0.128638 -0.0757359  -1.38983e-05 -0.000280097 -0.000650199  0.000712825  0.000519835 -0.000635288  2.78218 -0.10476 -9.40949 28.5271
 5.70557 0.452041  -29.661   0.33449 -0.508824 -0.171098 -0.133887   15.1649  0.653746  0.0213195 0.00795525  0.0940869   0.126607  -0.125056 -0.0620215   6.35666e-05 -0.000378728 -0.000686698  0.000715462  0.000520495 -0.000637196   2.78218 -0.104733  -9.40948 28.5318
 5.62765 0.648527 -29.3202   0.33685 -0.511602 -0.171874 -0.135512   15.1664  0.652052  0.0213752 0.00795363  0.0941268   0.129815  -0.120923 -0.0496737   3.99063e-05 -0.000541441 -0.000631556  0.000721094  0.000522439 -0.000648697   2.78215 -0.104721  -9.40944 28.5355
5.61832 1.01758 -28.915  0.340226 -0.514179 -0.172705 -0.13403  15.1594 0.653574  0.0213719 0.00794907  0.0940812   0.141201  -0.119609 -0.0482369  -2.41863e-05 -0.000710905 -0.000689875  0.000718306  0.000521647 -0.000646959   2.78215 -0.104754  -9.40946 28.5398
 5.58342  1.27445 -28.6708  0.342806 -0.515746 -0.173773 -0.130541   15.1598  0.657218   0.021356 0.00795313  0.0940816   0.141383  -0.114936 -0.0527739  -5.58216e-05 -0.000675141 -0.000659778  0.000715963  0.000519619 -0.000641219   2.78218 -0.104756  -9.40947 28.543
 5.54439  1.67776 -28.6328  0.345256 -0.518268 -0.173944 -0.133662   15.1536   0.65389  0.0213815 0.00794734  0.0940651   0.136121  -0.115423 -0.0471332  -8.26389e-05 -0.000709381 -0.000457987  0.000719077  0.000521969 -0.000652514   2.78214 -0.104778  -9.40945 28.5466
 5.52095  2.35598 -28.5801  0.348285 -0.521493 -0.175563 -0.13749  15.1577 0.649947  0.0213889 0.00793865  0.0940643   0.124336  -0.109679 -0.0553643  -8.94862e-05 -0.000741083  -0.00041963   0.00071892  0.000524224 -0.000650065  2.78213 -0.10476 -9.40945 28.5513
 5.52652  2.88195 -28.6008  0.350596  -0.52387 -0.176526 -0.139424   15.1595  0.647817  0.0213908 0.00792495  0.0940586   0.116992 -0.0979111  -0.059501  -3.46926e-05 -0.000744781 -0.000373387  0.000722802  0.000525579 -0.000656715   2.78211 -0.104747  -9.40942 28.5547
 5.82099  3.25279 -28.3634   0.35341 -0.525872 -0.177463 -0.13922  15.1491 0.648881 0.0213974 0.0079552 0.0940817   0.125427 -0.0936724 -0.0724753  -0.000180475 -0.000777242 -0.000480693  0.000719216  0.000524598 -0.000657123    2.7821 -0.104791  -9.40946 28.5583
 6.11322  3.68417 -28.0692  0.356129 -0.527494  -0.17892 -0.137566   15.1468   0.65083 0.0213933 0.0079619 0.0940837   0.131512 -0.0820675  -0.089305  -0.000241109 -0.000763237 -0.000545509  0.000718761  0.000523403 -0.000657559  2.78211  -0.1048 -9.40946 28.5618
 6.24584  2.85597 -28.2632  0.359155 -0.527919 -0.179955 -0.128339   15.1444  0.661016  0.0213375 0.00796533  0.0940549   0.10292 -0.052604 0.0518535  -0.000171929 -1.23549e-05 -0.000321746  0.000712493   0.00051765 -0.000642751   2.78217 -0.104812   -9.4095 28.565
6.15876 1.68345  -28.56  0.359535 -0.527826 -0.179496 -0.12943  15.1597 0.659343  0.0213346 0.00791101  0.0941505  0.0652958 -0.0167772 0.00242488  -7.54103e-05  0.000124358 -0.000274553  0.000717239   0.00051923 -0.000643922   2.78218 -0.104748  -9.40946 28.5656
  6.6118  2.09703 -28.6488  0.360967 -0.528663 -0.179636 -0.134066   15.1574  0.654544  0.0213754 0.00792135  0.0941678   0.0576429 -0.00247494  -0.0311532  -0.000125716 -0.000229999  -0.00024468  0.000719179  0.000521068 -0.000651159   2.78214 -0.104754  -9.40945 28.5673
 6.36803  1.77737 -28.6763  0.361514 -0.529175 -0.180192 -0.138813   15.1577  0.649901  0.0213775 0.00791897  0.0941696    0.04056 -0.0038357  0.0191152   4.84126e-05 -1.70234e-05 -0.000326927  0.000716144  0.000523775 -0.000645407   2.78213 -0.104755  -9.40948 28.5682
 6.61615  1.12095 -28.7962   0.36197 -0.528818 -0.180675 -0.137503   15.1618  0.650087  0.0213312 0.00790213  0.0941736  0.0359787   0.007366 -0.0241929  -0.000162744  0.000181856 -0.000349376  0.000713446  0.000523701 -0.000636293   2.78215 -0.104744  -9.40951 28.569
 7.09778 0.896698 -28.9718  0.362693 -0.528988 -0.180951 -0.139032   15.1593  0.648447  0.0213634 0.00791609  0.0941783   0.0510093 -0.00182316  -0.0382555   -0.00029771  0.000111081 -0.000291912  0.000715216  0.000523923 -0.000642392   2.78213 -0.104751  -9.40949 28.5698
  7.6877 0.219245 -29.2099  0.363752 -0.528541 -0.182744 -0.136294    15.168   0.65044  0.0212616 0.00785547  0.0941795  0.0425043 -0.0246861  0.0147757  -0.000237834  0.000158992 -0.000250326   0.00071057  0.000523784 -0.000623799   2.78218 -0.104722  -9.40953 28.5719
  7.56891 -0.446239  -29.5522  0.363364 -0.529183  -0.18281 -0.143202   15.1736   0.64403  0.0213223 0.00783389  0.0942598   0.0221572 -0.00960197   -0.019055  4.85716e-06 0.000169004 -0.00024669  0.000714789  0.000527862 -0.000631456   2.78214 -0.104696  -9.40951 28.5727
  7.41826 -0.899573  -29.6974  0.363761  -0.52938 -0.183104 -0.142482   15.1722  0.645142  0.0213098 0.00784023  0.0942446 -0.00516519 -0.00997423  -0.0127101   0.000143185  0.000240949 -0.000313662 0.000713581 0.000527694 -0.00062913   2.78214 -0.104704  -9.40952 28.5732
 7.60435  -1.1868 -29.8096  0.363739 -0.529698 -0.182756 -0.142291   15.1692  0.645429  0.0213485 0.00785278  0.0942413  -0.0118276  -0.0182833 -0.00317622   4.47807e-05  0.000228451 -0.000329314  0.000716084  0.000527225 -0.000637524   2.78213 -0.104712  -9.40949 28.5737
 7.58615 -1.41894 -29.9911  0.362579 -0.530131 -0.182398 -0.146103   15.1725  0.641653 0.0213993 0.0078364  0.094283    -0.03041  -0.0203921 -0.00410631   6.79472e-05  0.000163428 -0.000288519  0.000721263  0.000529394 -0.000648072    2.7821 -0.104694  -9.40946 28.5749
  7.5267 -1.79171 -30.1231  0.360872 -0.530667 -0.182824 -0.149323   15.1797   0.63822  0.0213934 0.00781555  0.0943095  -0.0464692  -0.0285217 -0.00133917   0.000147333    0.0001555 -0.000308665  0.000721741  0.000531716 -0.000644027   2.78209 -0.104669  -9.40946 28.5768
 7.48395 -2.10468  -30.196  0.358822 -0.531189 -0.183171 -0.148781   15.1865  0.638355   0.021382 0.00780423  0.0943263  -0.0627478  -0.0341644 -0.00561151   0.000192007  0.000113914 -0.000316127  0.000722772  0.000531741 -0.000640613    2.7821 -0.104645  -9.40946 28.5789
 7.59974 -2.24773 -30.2167  0.358364 -0.531951 -0.183955 -0.148715   15.1836  0.638413  0.0213711 0.00781649  0.0943179  -0.0627843  -0.0344053 -0.00491776   9.34537e-05  9.19778e-05 -0.000344699  0.000715924  0.000531461 -0.000627201   2.78212 -0.104659  -9.40951 28.5801
 7.63416 -2.40663 -30.2262  0.357056 -0.532264 -0.185398 -0.148891    15.189  0.637983  0.0213578 0.00781957  0.0943178 -0.0715733 -0.0348884 -0.0186795   8.33122e-05  0.000103984 -0.000385146  0.000709488  0.000531637 -0.000607224   2.78214 -0.104642  -9.40958 28.5821
  7.6209  -2.5751 -30.2033  0.355883 -0.532796 -0.186008 -0.148362     15.19  0.638418  0.0213574 0.00782175  0.0943178 -0.0772434 -0.0394665 -0.0243502   0.000101452  0.000111961 -0.000389902  0.000707795   0.00053153 -0.000602459  2.78215 -0.10464 -9.40959 28.5835
 7.49725 -2.96284 -29.9116  0.354224 -0.533546 -0.186868 -0.14624  15.1911 0.640256  0.0213616 0.00782851   0.094322   -0.07171 -0.0429679 -0.0234965   0.000182279   0.00016748 -0.000528788  0.000705749  0.000530382 -0.000596477   2.78216 -0.104638  -9.40961 28.5855
 7.38087 -3.46214 -29.5833  0.351675 -0.534637 -0.187511 -0.147185   15.1967  0.639452  0.0213561 0.00783651  0.0943177 -0.0803071 -0.0485501 -0.0335885   0.000219942   0.00017074 -0.000516302  0.000708734  0.000530968 -0.000599701  2.78216 -0.10462 -9.40959 28.5884
 7.41898 -3.93851  -29.382   0.35103 -0.535451 -0.188606 -0.144968   15.1922  0.641026  0.0213637 0.00782812  0.0943202  -0.078789 -0.0440316   -0.04057   0.000104473  0.000276694 -0.000517981  0.000703621  0.000529348 -0.000589584   2.78218 -0.104636  -9.40963 28.5899
 7.43516 -4.20461 -29.3664  0.349996 -0.535938 -0.189472 -0.144007    15.192  0.641703  0.0213659 0.00782936  0.0943211 -0.0820735 -0.0350052  -0.045227   6.39684e-05  0.000227709 -0.000435327  0.000702045  0.000528561 -0.000585216   2.78218 -0.104636  -9.40965 28.5913
 7.47816 -4.43797 -29.8096  0.348899 -0.536272 -0.190279 -0.141734   15.1894  0.643536  0.0213697 0.00783078  0.0943232 -0.0915985  -0.013813 -0.0423603    5.3149e-05  0.000191402 -0.000165302  0.000700337  0.000526518 -0.000582808    2.7822 -0.104643  -9.40966 28.5927
 7.62843 -4.76431 -30.4596  0.345998 -0.536385 -0.191791 -0.144952   15.1949  0.641085  0.0213715 0.00782418  0.0943189  -0.105163  0.0047705 -0.0469735   7.31402e-05  0.000206389 -9.47664e-05  0.000700195    0.0005283 -0.000576768   2.78219 -0.104621  -9.40967 28.596
 7.98183 -4.91256 -31.8039  0.342832 -0.536707 -0.193232 -0.151054   15.1947  0.636819    0.02141 0.00782594  0.0943216   -0.10922 0.00843768 -0.0423279  3.59344e-05 0.000128714 0.000117668  0.000698812  0.000530842 -0.000575225   2.78217 -0.104617  -9.40969 28.5995
 8.28045 -5.02198 -32.9195  0.341938 -0.537163  -0.19377 -0.151337   15.1854  0.637144  0.0214183 0.00790189  0.0943392 -0.0997963 0.00845929 -0.0318833  4.25512e-06  0.00016589 0.000258344   0.0006951  0.00052984 -0.00057472   2.78216 -0.104658  -9.40972 28.6006
  8.6281 -5.05946 -34.0613  0.340238 -0.537226 -0.193802 -0.152821   15.1832   0.63624  0.0214354 0.00791321  0.0943456 -0.0956731 0.00896804 -0.0338493  -6.39726e-05  0.000111161  0.000252383  0.000696587  0.000529934 -0.000584333   2.78215 -0.104664  -9.40969 28.6023
 8.92098 -5.33136 -35.5088  0.339751 -0.537417 -0.193955 -0.149096   15.1734  0.639514  0.0213875 0.00802696  0.0943565 -0.0823265  0.0105232  -0.040614  -4.01507e-05  0.000225206  0.000401554  0.000695551  0.000526768 -0.000588348   2.78215 -0.104713  -9.40968 28.6029
  9.3682 -5.87484 -37.4524  0.338307 -0.537788 -0.195167 -0.150562   15.1681  0.639124  0.0214256 0.00810533  0.0943612 -0.0703207 0.00382718 -0.0610466  -1.80885e-05  0.000389464  0.000416798  0.000692764  0.000528147 -0.000586185   2.78213 -0.104743  -9.40971 28.6048
 9.88107 -6.69714 -39.7537  0.335729 -0.537991 -0.196955 -0.156062   15.1704  0.635851  0.0215522 0.00806509  0.0943787   -0.0700234 -0.000190691     -0.07432  2.18019e-05  0.00041616 0.000402101  0.000693712  0.000532185 -0.000592668   2.78209 -0.104726   -9.4097 28.6079
 10.1371 -7.29933 -40.9561  0.336287 -0.538329 -0.198711 -0.148343   15.1597  0.641445  0.0213608 0.00822923  0.0943264 -0.0603201 -0.0070558 -0.0678798  6.73573e-05 0.000430444  0.00019893  0.000688248  0.000526944 -0.000574081   2.78214 -0.104795  -9.40976 28.6098
 10.3264 -7.68253 -41.5475  0.336239 -0.538206  -0.19952 -0.141498   15.1563  0.645419  0.0212491 0.00826972  0.0943079  -0.0447239 -0.00917581  -0.0558633  6.35572e-05 0.000300315 -0.00011015  0.000687978   0.00052299 -0.000572087   2.78218 -0.104822  -9.40975 28.6106
 10.3869 -8.17825  -41.937  0.335826 -0.538681 -0.200432 -0.142172   15.1532  0.645471  0.0212512 0.00830425  0.0942931 -0.0357587 -0.0108065  -0.047002   0.000121007  0.000339603 -0.000340333  0.000686099  0.000524124 -0.000568542   2.78217 -0.104841  -9.40977 28.6117
  10.387 -8.59808 -41.8999  0.334971 -0.539323 -0.201403 -0.145888    15.151  0.643792  0.0212665 0.00831207  0.0942841  -0.0369707 -0.00558738  -0.0255493   0.000135441   0.00017961 -0.000651075  0.000684637   0.00052694 -0.000566787   2.78215 -0.104851  -9.40978 28.6132
 10.1375 -9.01375 -41.2577  0.334187 -0.539612 -0.202126 -0.144946   15.1497  0.644473  0.0212678 0.00830758  0.0942855 -0.0332353  -0.017998 -0.0198107   0.000208383  0.000116126 -0.000819836 0.000683276 0.000527162 -0.00056188  2.78215 -0.10486  -9.4098 28.6143
 10.0629 -9.41935 -40.8274  0.334689 -0.540113 -0.202865 -0.141862   15.1428  0.646324  0.0212835 0.00826795  0.0942896 -0.0172866 -0.0315641 -0.0290174   0.000184892  0.000172656 -0.000868247  0.000679445  0.000526432 -0.000551453   2.78217 -0.104889  -9.40984 28.6153
  9.9812 -9.80545 -40.1814  0.335125  -0.54054 -0.203698 -0.138226   15.1392   0.64793  0.0213193 0.00823291  0.0942953 -0.00380827  -0.0387203   -0.033527  0.000112156 0.000148556 -0.00111707  0.000677047   0.00052614 -0.000542453   2.78218 -0.104908  -9.40988 28.6163
 9.82786 -10.3663 -39.6686  0.335959 -0.540727 -0.204246 -0.130996   15.1351  0.651216  0.0214301 0.00819808  0.0943113  0.0106246 -0.0367514 -0.0342749  0.000134406  0.00024021 -0.00104149  0.000674253  0.000522594 -0.000539927   2.7822 -0.10493 -9.40988 28.6174
 9.63029 -11.0905 -38.9396  0.336558 -0.541117 -0.205144 -0.12717  15.1354 0.652688  0.0214938 0.00820615   0.094321  0.0284411 -0.0292893 -0.0325333  0.000139886 0.000271006 -0.00103901  0.000673368  0.000520809 -0.000536531   2.78222 -0.104934  -9.40989 28.6185
 9.36488 -11.9167 -38.1319  0.337599 -0.542374 -0.205728 -0.13243  15.1344 0.650966   0.021396 0.00818114  0.0943058  0.0546681  -0.020502 -0.0188814   0.000174848  0.000232091 -0.000980288   0.00067407  0.000523314 -0.000540523   2.7822 -0.10493 -9.40988 28.6202
 9.31695 -12.3053 -37.8138  0.339296 -0.542442 -0.206199 -0.127791   15.1293  0.652633  0.0214778 0.00811179  0.0943155  0.0728374 -0.0177858 -0.0169689   0.000145209  0.000240325 -0.000941372  0.000671402  0.000522322 -0.000532832   2.78221 -0.104954  -9.40991 28.622
 9.25091 -12.7351 -37.3215  0.341375 -0.542578 -0.206122 -0.123225   15.1238  0.654157  0.0215535 0.00803698  0.0943244    0.084989  -0.0151034 -0.00991509   8.34056e-05  0.000208742 -0.000996109  0.000669267  0.000521383 -0.000534301  2.78222 -0.10498  -9.4099 28.6241
 9.16106 -13.0308 -37.1153  0.343636 -0.542698 -0.206239 -0.119205   15.1185   0.65562  0.0216191 0.00797103  0.0943377   0.0830595  -0.0108744 -0.00156826   0.000113127  0.000147802 -0.000839202  0.000666877  0.000520451 -0.000530438   2.78222 -0.105006  -9.40992 28.6264
 9.10247 -13.2202 -37.0311  0.345627 -0.542957 -0.205895 -0.117517   15.1139  0.656406  0.0216383 0.00792101  0.0943516   0.0656271 -0.00583641   0.0110068   0.000136925  0.000131893 -0.000762021 0.000665276 0.000520146 -0.00053196   2.78222 -0.105026  -9.40992 28.6284
 9.11921 -13.2452 -37.2918  0.346718 -0.544134 -0.205705 -0.127172   15.1104  0.654547  0.0215509 0.00789842  0.0943573   0.0424865 -0.00564797   0.0125847    0.00016965  0.000134681 -0.000626241 0.000664859  0.00052471 -0.00053127   2.78218 -0.105022  -9.40993 28.63
 9.22815 -13.1589 -37.5971  0.347463 -0.544234  -0.20573 -0.127619   15.1102  0.654463  0.0215554 0.00789997  0.0943597   0.0329499 -0.00128731  0.00087297    0.00014293  5.05294e-05 -0.000562434 0.000664742 0.000524922 -0.00052882   2.78218 -0.105021  -9.40994 28.6308
 9.39861 -13.4192 -37.7113  0.349021 -0.543736 -0.205063 -0.117736   15.1059   0.65684  0.0215796 0.00787764  0.0943814   0.0356901 -0.00393575  -0.0108689    7.0315e-06  0.000127288 -0.000688467  0.000663324  0.000520538 -0.000535202    2.7822 -0.105061  -9.40991 28.6325
  9.4543 -13.7318 -37.9739  0.350044 -0.543599 -0.204134 -0.112437   15.1033  0.658155  0.0215638 0.00786688  0.0943919    0.033776  -0.0113419 -0.00619969   2.77972e-05  0.000147239 -0.000649296  0.000662808  0.000517322 -0.000550239   2.78221 -0.105083  -9.40984 28.6339
 9.52336  -13.492 -38.2876  0.350223 -0.543825 -0.203792 -0.113336   15.1059  0.657672  0.0215572 0.00786743  0.0943773  0.0168085 -0.0183538  0.0161499    5.5877e-05 -7.06324e-05 -0.000584337  0.000663645  0.000517331 -0.000552629   2.78221 -0.105069  -9.40983 28.6344
 9.54857 -13.5297 -38.4781  0.350003 -0.544947 -0.203805 -0.121115   15.1077  0.656092  0.0215731 0.00787068  0.0943661 0.00903006  -0.026846  0.0165195   0.000128281 -7.13535e-05 -0.000640951  0.000663793  0.000520964 -0.000551235   2.78218 -0.105045  -9.40985 28.6355
 9.60638 -13.5194 -38.7421   0.35014 -0.545158 -0.203296 -0.119712   15.1089  0.656192  0.0215573 0.00786667   0.094361     0.0102 -0.0242925  0.0115977   0.000128799 -3.36764e-05 -0.000570139  0.000664169  0.000520143 -0.000554917   2.78219 -0.105045  -9.40984 28.6361
  9.7559 -13.4477 -38.8185  0.350402 -0.545586 -0.202687 -0.118846   15.1078  0.656458  0.0215429 0.00786953  0.0943696 0.00667074 -0.0189646  0.0148327   1.36342e-05 -9.29721e-05  -0.00066457  0.000663814  0.000519474 -0.000559211   2.78219 -0.105052  -9.40982 28.6369
 9.76704 -13.4214 -38.9403  0.351203 -0.545707  -0.20223 -0.114342   15.1039  0.657541  0.0215289 0.00787762  0.0943924 0.0118965 -0.012749 0.0210501   1.21226e-05 -8.79111e-05 -0.000664832   0.00066307  0.000517108 -0.000558757    2.7822 -0.105079  -9.40981 28.6378
9.80171 -13.453 -39.042  0.351588   -0.5456 -0.201576 -0.110285    15.105  0.658154  0.0215091 0.00787208  0.0943847 0.00489608 -0.0110518  0.0134955   4.05174e-06 -4.49158e-05 -0.000686335  0.000663638  0.000515298 -0.000560981   2.78222 -0.105083   -9.4098 28.6386
 9.78782 -13.4317 -39.0338  0.350706 -0.546741 -0.201663 -0.121439   15.1065  0.656195 0.0215442 0.0078733 0.0943783 -0.00588977  -0.0162892  0.00930334   1.61666e-05 -5.15508e-05 -0.000732874  0.000663402  0.000520535 -0.000559581   2.78218 -0.105054  -9.40982 28.64
 9.76998 -13.4389 -39.0532  0.350957 -0.547464 -0.201772 -0.122718    15.102  0.656262  0.0215598 0.00788533  0.0944024 -0.00739451  -0.0188307  0.00757462   4.57121e-05 -4.81899e-05 -0.000722774 0.000661962 0.000521053 -0.00055427   2.78216 -0.105072  -9.40985 28.6408
 9.79035 -13.4737 -38.9563  0.351242 -0.548217 -0.201958 -0.123969   15.0973  0.656362   0.021575 0.00789434  0.0944246 -0.00665563  -0.0219445  0.00601392   8.47676e-06 -3.62095e-05 -0.000816099  0.000660526  0.000521499 -0.000547792  2.78215 -0.10509 -9.40987 28.6416
 9.79317 -13.4788 -39.0644  0.351187 -0.548994 -0.201893 -0.126581   15.0946  0.656044  0.0215815 0.00790034  0.0944371 -0.00763498  -0.0242279  0.00435717   3.09348e-05 -1.72299e-05 -0.000734323  0.000659558  0.000522591 -0.000547124   2.78214 -0.105098  -9.40988 28.6424
 9.79249 -13.4235 -39.0001  0.350956  -0.54934 -0.202003 -0.125772   15.0965  0.656094  0.0215846 0.00789747  0.0944286 -0.00893127  -0.0237577 0.000842614   1.57204e-05 -9.91817e-05 -0.000786033 0.000660193 0.000522322 -0.00054464   2.78215 -0.105091  -9.40989 28.6428
 9.76498 -13.5193 -39.0207   0.34976 -0.550971 -0.202339 -0.137118   15.0976  0.654165  0.0215999 0.00789816  0.0944239   -0.0157234   -0.0293755 -0.000841517    3.8332e-05 -2.19418e-05 -0.000758424  0.000659984  0.000527729 -0.000544598    2.7821 -0.105065  -9.40991 28.6449
 9.73264 -13.4689 -38.9934  0.350241 -0.551581 -0.202531 -0.135361   15.0923  0.654726  0.0216058 0.00790442  0.0944408   -0.012074  -0.0272656 -0.00210056   5.94082e-05 -8.79029e-05 -0.000761517  0.000658528  0.000526771 -0.000537831   2.78211 -0.105092  -9.40993 28.6457
 9.78872 -13.4257  -38.877  0.350991 -0.552013  -0.20401 -0.132635   15.0883  0.655419  0.0216378 0.00790519   0.094445 -0.00574787  -0.0235063  -0.0118069  -1.80747e-05 -0.000152288 -0.000839957  0.000658101  0.000525691 -0.000511164   2.78213 -0.105113  -9.41002 28.6474
 9.78623  -13.415 -38.9227 0.351759 -0.55266 -0.20351  -0.1291  15.0803 0.656354  0.0216281 0.00791054   0.094472 0.000299098  -0.0170717 -0.00933154  -6.62325e-06 -0.000161724 -0.000760947   0.00065542   0.00052365 -0.000516973   2.78213 -0.105155  -9.40999 28.6485
  9.7739 -13.4349 -38.9207  0.351796 -0.552522  -0.20375 -0.126888   15.0825  0.656597  0.0216278 0.00790903  0.0944663 0.00235156 -0.0026693 -0.0100892   6.78028e-06 -0.000147434 -0.000763454  0.000656215  0.000522459 -0.000516098   2.78214 -0.105151  -9.40999 28.6488
 9.73856 -13.5765 -38.9345  0.350544  -0.55294 -0.204588 -0.137701   15.0892   0.65441  0.0216311 0.00790707  0.0944535 -0.00347174 -0.00229036  -0.0103272   4.22386e-05 -5.10037e-06 -0.000772591  0.000658149  0.000527916 -0.000516137   2.78211 -0.105102  -9.41001 28.6503
  9.7336  -13.411 -38.9601  0.350654 -0.552976 -0.204513 -0.136853   15.0877  0.654649  0.0216295 0.00790798  0.0944585 -0.00324349  0.00186892 -0.00771107   4.57931e-05 -0.000141234 -0.000734214  0.000657593   0.00052742 -0.000518247  2.78211 -0.10511    -9.41 28.6505
 9.77403  -13.445 -38.8583  0.351027 -0.552288 -0.205003 -0.130332   15.0889  0.655675   0.021633 0.00790715   0.094452 -0.0030405 0.00511689 -0.0111122   7.76464e-06 -0.000134891 -0.000814864  0.000658513   0.00052447 -0.000510451   2.78215 -0.105117  -9.41002 28.6514
 9.77428 -13.4616 -38.9012  0.350691 -0.552136 -0.204814 -0.131035   15.0903  0.655445  0.0216311 0.00790684  0.0944524 -0.00746378   0.0075456 -0.00709863   2.01229e-05  -0.00010086 -0.000771533  0.000658718  0.000524552 -0.000517484   2.78214 -0.105109  -9.40999 28.6518
 9.79799 -13.4614 -38.9757  0.350814 -0.552077 -0.204829 -0.130159   15.0874  0.655782  0.0216311 0.00790816  0.0944562 -0.00748767  0.00828944 -0.00440858   1.40072e-05 -9.49385e-05 -0.000712322  0.000657748  0.000524039 -0.000517413   2.78214 -0.105123  -9.40999 28.652
 9.76424 -13.4882  -38.977  0.349912 -0.552213  -0.20544 -0.13738  15.0899 0.654428  0.0216318 0.00790771  0.0944521  -0.0120822  0.00935897 -0.00334999   4.96793e-05 -6.69394e-05 -0.000714174  0.000658573  0.000527805 -0.000513633  2.78212  -0.1051 -9.41002 28.653
 9.78984 -13.3965 -38.9744  0.350469 -0.552371 -0.205019 -0.135402   15.0823  0.655368 0.0216326 0.0079105 0.0944617 -0.00615319  0.00853761 0.000502929   2.19401e-05 -0.000155162 -0.000696516  0.000655916  0.000526572 -0.000515334   2.78211 -0.105135  -9.41001 28.6538
 9.73865 -13.4766 -38.8978  0.350798 -0.552123 -0.205412 -0.13287  15.0808 0.655924  0.0216329 0.00791078  0.0944599 -0.00425729  0.00998284 -0.00278725   5.14052e-05  -0.00010672 -0.000765258  0.000655861  0.000525607 -0.000506591   2.78212 -0.105146  -9.41003 28.6543
 9.79851 -13.4775 -38.9709  0.351389 -0.551608 -0.204649 -0.126464   15.0773  0.657212  0.0216343 0.00791192  0.0944644 -0.000870378    0.0124076  0.000275244   3.52939e-06 -9.21171e-05 -0.000686729  0.000654536  0.000521859 -0.000514665   2.78214 -0.105172  -9.40999 28.6554
 9.75314 -13.4188 -38.9369  0.351666 -0.551255 -0.204581 -0.124572    15.076  0.657622  0.0216346 0.00791207  0.0944652 0.000969911   0.0135891  0.00154318   4.59041e-05  -0.00015972 -0.000705862  0.000654184   0.00052079 -0.000513401   2.78214 -0.105182  -9.40999 28.6559
 9.75415 -13.4694 -38.9468   0.35112 -0.551918  -0.20478 -0.135676   15.0735  0.656099  0.0216343 0.00791317  0.0944663 -0.00427739    0.010417  0.00288097   4.70054e-05 -0.000109849 -0.000708999   0.00065302  0.000526111 -0.000512226    2.7821 -0.105173  -9.41001 28.6568
 9.72273 -13.4409 -38.9722  0.351521 -0.551665 -0.203759 -0.131668   15.0691  0.657093  0.0216371 0.00791352  0.0944727 -0.00171127   0.0113545   0.0106046   6.85103e-05 -0.000128461  -0.00068763  0.000651036  0.000523733 -0.000523379   2.78209 -0.105197  -9.40997 28.6579
 9.75646 -13.3732   -38.88  0.352702 -0.551478  -0.20392 -0.12609  15.0622 0.658578  0.0216401 0.00791276  0.0944731 0.00713591  0.0108987 0.00736129   1.01966e-05 -0.000208253 -0.000760845  0.000649445  0.000521394 -0.000510509   2.78211 -0.105235     -9.41 28.6591
 9.79037  -13.401 -38.9742  0.352448  -0.55102 -0.202725 -0.124482   15.0641  0.658626   0.021642 0.00791334  0.0944779 0.00406355  0.0136009  0.0155463   3.13884e-06 -0.000178555 -0.000697339  0.000649211  0.000519949 -0.000529173    2.7821 -0.105229  -9.40993 28.6604
 9.78424 -13.4156 -38.9462  0.352978 -0.551035 -0.202205 -0.123348   15.0592  0.659234  0.0216435 0.00791428  0.0944803 0.0063944 0.0133972 0.0175969   1.54539e-06 -0.000167546 -0.000730196  0.000647554  0.000519507 -0.000529477    2.7821 -0.105249  -9.40993 28.6611
 9.73966 -13.3729 -38.9756  0.352462 -0.551069 -0.201846 -0.131541   15.0614  0.657791   0.021643 0.00791439  0.0944792 0.00316695   0.012462  0.0177512   4.16565e-05 -0.000199597 -0.000697997  0.000648106  0.000523495 -0.000529112   2.78207 -0.105226  -9.40995 28.6618
 9.75002 -13.4382 -38.9463  0.352057 -0.551423 -0.201683 -0.137734   15.0614  0.656867  0.0216425 0.00791496  0.0944803 0.00105668 0.00968053  0.0180374   2.85106e-05  -0.00015302 -0.000729816  0.000647881  0.000526393 -0.000529998   2.78205 -0.105216  -9.40995 28.6623
 9.77792 -13.4019 -38.9034  0.353352 -0.551534 -0.201707 -0.133904   15.0526  0.658202  0.0216442 0.00791424   0.094479 0.00894985 0.00924739  0.0166717   3.62607e-06 -0.000183621 -0.000757001   0.00064568  0.000524873 -0.000516411   2.78206 -0.105258  -9.40999 28.6636
 9.76956 -13.4575 -38.9931  0.353207 -0.551673 -0.201715 -0.137315   15.0531  0.657624  0.0216436 0.00791437  0.0944789 0.00665768  0.0082404  0.0157237   3.34389e-05 -0.000113041 -0.000679746  0.000645856  0.000526578 -0.000514397  2.78205 -0.10525    -9.41 28.6638
 9.81413 -13.4444 -38.9646  0.352904 -0.551029 -0.201523 -0.136385   15.0583  0.657326  0.0216423 0.00791328  0.0944773 0.00378868  0.0135007  0.0179234  -3.40811e-06 -0.000129338 -0.000693904  0.000647606  0.000526069 -0.000516184   2.78206 -0.105231     -9.41 28.6646
 9.86065 -13.3491 -38.9397   0.35184 -0.551427 -0.201662 -0.148313   15.0622  0.655247  0.0216398 0.00791356    0.09448 -0.00443223   0.0102251   0.0166439  -4.56461e-05 -0.000210168 -0.000705845  0.000648797  0.000531929 -0.000513476   2.78203 -0.105196  -9.41003 28.6657
 9.76331 -13.4057 -38.9764  0.352078 -0.550916  -0.20109 -0.144395   15.0615  0.655868    0.02164 0.00791341   0.094481 -0.00334497    0.014149   0.0204218   3.45654e-05 -0.000165498 -0.000689526  0.000648584  0.000530005 -0.000514939   2.78204 -0.105205  -9.41002 28.6665
 9.78747  -13.398 -38.8738  0.352054 -0.551026 -0.201914 -0.147013   15.0615  0.655498  0.0216369 0.00791227  0.0944771 -0.0025362  0.0134804  0.0149432  -1.02802e-05 -0.000191745 -0.000786126  0.000649399  0.000532051 -0.000499282  2.78204  -0.1052 -9.41007 28.6674
 9.79177 -13.3758  -38.905  0.351819 -0.550749 -0.202146 -0.14817  15.0635 0.655152  0.0216357 0.00791185  0.0944745 -0.00410644   0.0134827   0.0101449  -6.06649e-06 -0.000206479 -0.000749605  0.000650379  0.000532875 -0.000493695   2.78205 -0.105191   -9.4101 28.6678
 9.78252 -13.3924 -38.9334  0.351685 -0.550355 -0.201843 -0.14726  15.0647 0.655187  0.0216357 0.00791164  0.0944745 -0.0049652  0.0154243  0.0116059   1.00641e-05 -0.000188319 -0.000733447  0.000650562  0.000532539 -0.000495328   2.78205 -0.105189  -9.41009 28.6683
 9.80956  -13.315 -38.9319  0.351347  -0.55081 -0.202299 -0.155026   15.0616  0.654274  0.0216368 0.00791282  0.0944752 -0.00701577  0.00678497  0.00242704  -8.35888e-06 -0.000241724 -0.000728598  0.000649914  0.000536491 -0.000484497   2.78202 -0.105188  -9.41014 28.669
 9.79817  -13.355 -38.9585  0.351319 -0.551185 -0.201961 -0.157489   15.0581  0.654177  0.0216385 0.00791449  0.0944787 -0.00670081    0.003189  0.00298538   9.84906e-06 -0.000192842 -0.000702567  0.000648418    0.0005374 -0.000488075   2.78201 -0.105197  -9.41013 28.6695
 9.79006 -13.4491 -38.9129  0.351478 -0.551493 -0.202936 -0.159689   15.0562  0.653999  0.0216346 0.00791448  0.0944743 -0.00559434  0.00124898 -0.00378938   9.44978e-06 -8.63035e-05 -0.000778329  0.000648615  0.000538913 -0.000471614   2.78201 -0.105201  -9.41019 28.6706
 9.80597 -13.4487 -38.9118  0.351625 -0.551271 -0.203285 -0.157904   15.0562  0.654262  0.0216337 0.00791374  0.0944721 -0.00591839  0.00272956  -0.0070222   8.81092e-07 -8.68787e-05 -0.000780318  0.000649008  0.000538071 -0.000466075   2.78202 -0.105205   -9.4102 28.671
 9.83357 -13.4229 -38.9705  0.351699 -0.551934 -0.203196 -0.161508    15.051  0.654093   0.021636 0.00791621  0.0944754  -0.0053345 -0.00138189 -0.00617461  -8.20652e-06 -9.83807e-05 -0.000738017  0.000646966  0.000539548 -0.000467873     2.782 -0.105219   -9.4102 28.6717
 9.77608 -13.4434 -38.8893  0.351234 -0.552293 -0.203487 -0.165327   15.0513  0.653507  0.0216354 0.00791665  0.0944755 -0.00727027 -0.00250185  -0.0055498   2.96146e-05 -9.30068e-05  -0.00080929  0.000646975  0.000541359 -0.000467674   2.78199 -0.105212  -9.41021 28.6723
 9.75963 -13.3417 -38.9766   0.35027 -0.552188 -0.203827 -0.168279    15.057   0.65263  0.0216346 0.00791443  0.0944717   -0.0129493 -0.000610695  -0.00702794   6.52349e-05 -0.000175078 -0.000718768 0.000648771 0.000542893 -0.00046993   2.78198 -0.105185  -9.41021 28.6734
 9.75713 -13.4585 -38.8712  0.350487 -0.551965  -0.20448 -0.165449   15.0566   0.65312  0.0216338 0.00791416  0.0944686 -0.0107001 0.00110667 -0.0112532   4.30986e-05 -9.10101e-05 -0.000824509  0.000649283  0.000541832 -0.000459565     2.782 -0.105191  -9.41024 28.6741
 9.79224 -13.4387  -38.871  0.350751 -0.551503 -0.203582 -0.159408   15.0549  0.654166  0.0216364 0.00791418  0.0944717 -0.00865976  0.00555046 -0.00346793   4.39074e-06 -0.000113652 -0.000818438  0.000648136  0.000538531 -0.000472273   2.78201 -0.105207  -9.41018 28.6751
 9.81479 -13.4378 -38.9866  0.350198 -0.551454 -0.203021 -0.160946   15.0556  0.653856  0.021638 0.0079146 0.0944751 -0.0118855 0.00665586 0.00163649   1.85171e-05  -0.00010042 -0.000742915  0.000647689  0.000538953 -0.000483635   2.78199 -0.105202  -9.41015 28.6759
 9.62522 -13.3845 -38.8068  0.349998 -0.551924  -0.20305 -0.164868   15.0508  0.653595  0.0216381 0.00791529  0.0944763  -0.012786 0.00530932 0.00329256   0.000144674 -0.000170287 -0.000892213  0.000646049  0.000540773 -0.000480379   2.78197 -0.105215  -9.41016 28.6764
 9.74848 -13.3718 -38.9571  0.350261   -0.5518 -0.203296 -0.162423   15.0485  0.654094  0.0216385 0.00791662  0.0944758 -0.0113135 0.00646343 0.00125616   7.53355e-05 -0.000161881 -0.000783486  0.000645613  0.000539903 -0.000472631   2.78198 -0.105228  -9.41019 28.6768
 9.80526 -13.3807 -38.9295  0.351009 -0.551549 -0.204345 -0.158506   15.0453  0.654931  0.0216387 0.00791578  0.0944706 -0.00389745  0.00737921 -0.00516684   1.06954e-05 -0.000153196  -0.00081218  0.000645689  0.000538571 -0.000451708   2.78201 -0.105246  -9.41025 28.6781
 9.82835 -13.3705 -38.9573  0.351315  -0.55079 -0.203583 -0.15176  15.0453 0.655986  0.0216366 0.00791526  0.0944702 -0.00221759   0.0125793 0.000839221  -8.05589e-09 -0.000162536 -0.000779947 0.000645421 0.000535011 -0.00046158   2.78203 -0.105256   -9.4102 28.6792
 9.81221 -13.3325 -38.9751  0.351553 -0.549774 -0.203628 -0.145046   15.0476   0.65689  0.0216337 0.00791247   0.094465 -0.00177084   0.0190954  0.00225894   2.65138e-05 -0.000202665 -0.000756238  0.000646722  0.000532048 -0.000459242   2.78206 -0.105256   -9.4102 28.6803
 9.75018 -13.4377 -38.8651  0.350991 -0.550709 -0.204062 -0.157889   15.0436  0.655111  0.0216316 0.00791505  0.0944671 -0.00641877   0.0119241  0.00124887   6.28411e-05 -0.000106199 -0.000900996  0.000645251  0.000538109 -0.000453802   2.78201 -0.105251  -9.41024 28.6815
 9.79287 -13.3542 -38.9522  0.350577 -0.550001 -0.204244 -0.15648  15.0475 0.655066  0.0216304 0.00791346  0.0944634 -0.00955176    0.018126  0.00308386   4.21522e-05 -0.000164588 -0.000826526  0.000646756  0.000537626 -0.000452207   2.78202 -0.105239  -9.41024 28.6823
 9.78749 -13.4108   -38.98  0.350583 -0.550006 -0.204147 -0.157969   15.0445  0.655014  0.0216315 0.00791491  0.0944649 -0.00880746    0.017248  0.00393484   5.05831e-05 -0.000122377  -0.00081403  0.000645692  0.000538243 -0.000451461   2.78201 -0.105248  -9.41025 28.6824
 9.80498 -13.3248 -38.9061  0.351451 -0.550027 -0.203269 -0.154052   15.0359  0.656224   0.021633 0.00791666  0.0944728 -0.00329928   0.0143378  0.00609117   2.60344e-05 -0.000192434 -0.000858016  0.000642534  0.000536015 -0.000457356   2.78201 -0.105286  -9.41022 28.6836
 9.80163 -13.3552   -38.97  0.351465 -0.550174 -0.203191 -0.156804    15.033  0.655952 0.0216344 0.0079181 0.0944751 -0.00370131   0.0130224   0.0072535   4.41988e-05 -0.000155869 -0.000806655 0.000641497 0.000537244 -0.00045592   2.78199 -0.105292  -9.41023 28.6838
 9.78591 -13.4009 -38.8683  0.351348  -0.55123 -0.203462 -0.167292   15.0262  0.654697  0.0216336 0.00791913  0.0944789 -0.00299928  0.00203428   0.0013314   4.23257e-05 -0.000132616 -0.000879368  0.000639241  0.000542122 -0.000448913   2.78195 -0.105301  -9.41027 28.6849
 9.76835 -13.3015 -38.9816  0.351459 -0.550868  -0.20325 -0.16374  15.0265 0.655221  0.0216322 0.00791848  0.0944792 -0.00211245  0.00303083 -0.00136102   7.84002e-05 -0.000199888 -0.000772366   0.00063934  0.000540433 -0.000451359   2.78196 -0.105305  -9.41025 28.6853
 9.81147 -13.3625 -38.9053  0.351553 -0.550957 -0.204107 -0.165003   15.0263  0.655045  0.0216312 0.00791781   0.094476 -0.000320828   0.00145957  -0.00824508   1.24635e-05 -0.000144306 -0.000867236  0.000639905  0.000541384 -0.000438608   2.78197 -0.105304   -9.4103 28.6862
  9.8512 -13.3515 -38.8895  0.352036 -0.551352 -0.203634 -0.164678   15.0203  0.655484  0.0216329 0.00791936  0.0944818   0.00157398 -0.000110767  -0.00339208  -2.87471e-05 -0.000155361 -0.000882677  0.000637385  0.000541035 -0.000444089   2.78196 -0.105327  -9.41028 28.687
 9.81922 -13.3328 -38.9821  0.352073 -0.551218  -0.20369 -0.163632    15.021  0.655579  0.0216324 0.00791896  0.0944811  0.00249299 -0.00023012 -0.00417691   1.03455e-05 -0.000156956 -0.000810239 0.000637663 0.000540571 -0.00044413   2.78196 -0.105326  -9.41028 28.6871
 9.84711 -13.3889 -38.8712  0.352147 -0.551538   -0.2039 -0.166262   15.0193   0.65529  0.0216321 0.00791901  0.0944822    0.0038639 -0.000460555  -0.00439944  -2.72969e-05 -0.000131608 -0.000885492  0.000637107  0.000541816 -0.000441985   2.78195 -0.105328  -9.41029 28.6875
 9.79471 -13.2946 -38.9662  0.352043 -0.551974 -0.204013 -0.17022   15.018 0.654707  0.0216334 0.00792023  0.0944836    0.001958 -0.00186054  -0.0031031   5.20098e-05 -0.000218882 -0.000768133  0.000636505  0.000543642 -0.000442534   2.78194 -0.105327  -9.41029 28.688
 9.79919 -13.4215 -38.9738  0.352094 -0.552233 -0.204121 -0.171943   15.0167  0.654511  0.0216336 0.00792096  0.0944837   0.00251066  -0.00113773 -0.000564347   5.36678e-05 -0.000101701 -0.000781921  0.000636035  0.000544434 -0.000441027   2.78193 -0.105329   -9.4103 28.6883
 9.85148 -13.3219 -38.9149   0.35212 -0.551958 -0.203754 -0.169468   15.0177  0.654867  0.0216335 0.00792083  0.0944842 0.000641995  0.00180922  0.00146776  -1.56566e-05 -0.000217926 -0.000827764  0.000636193  0.000543132 -0.000446893   2.78193 -0.105329  -9.41027 28.6887
 9.82885 -13.3455  -38.947  0.351857 -0.551452 -0.203814 -0.167595   15.0222   0.65488  0.0216324 0.00791942  0.0944815 -0.00113157  0.00446067  0.00041977   1.72058e-05 -0.000193051 -0.000802254  0.000637797  0.000542355 -0.000447578   2.78195 -0.105316  -9.41027 28.6893
 9.90294 -13.3873 -38.8727  0.351384 -0.551792 -0.204707 -0.17383  15.0236 0.653802  0.0216293 0.00791872  0.0944805 -0.00505797  0.00177025 -0.00505124  -6.04604e-05 -0.000168924 -0.000871695   0.00063874  0.000545631 -0.000436961   2.78194 -0.105302  -9.41032 28.6904
 9.78619 -13.2716 -38.9554  0.351124 -0.551646 -0.204723 -0.174462   15.0251   0.65357  0.0216287 0.00791812  0.0944801  -0.00662313   0.00480857 -0.000290938    4.5597e-05 -0.000242967 -0.000797511  0.00063914 0.000545688 -0.00043858   2.78194 -0.105297  -9.41031 28.6907
 9.77877 -13.3721 -38.9283  0.350929 -0.551715 -0.204636 -0.17575  15.0248 0.653387  0.0216291 0.00791827  0.0944808   -0.0079023   0.00384723 -0.000520349   4.50184e-05 -0.000159671 -0.000834638 0.000638879 0.000546206 -0.00044046   2.78193 -0.105296  -9.41031 28.6909
 9.83544 -13.3259 -38.9512  0.351518 -0.551602 -0.203375 -0.17056  15.0187 0.654606  0.0216309 0.00791993   0.094488 -0.00335995  0.00526296  0.00879765   1.11101e-05 -0.000190356 -0.000809679  0.000636121  0.000543224 -0.000453839   2.78193 -0.105325  -9.41025 28.6923
  9.8378 -13.3267 -38.9784  0.351257 -0.551457 -0.203115 -0.17112  15.0197 0.654439  0.0216309 0.00791951  0.0944882 -0.00318936  0.00438968  0.00794681   1.23311e-05 -0.000188917 -0.000781118  0.000636454  0.000543428 -0.000456722  2.78192 -0.10532 -9.41024 28.6927
 9.85048 -13.3842 -38.8604  0.350811 -0.552139 -0.203396 -0.179096   15.0183  0.653274  0.0216285 0.00791992  0.0944887 -0.00607839 0.000749855  0.00762388  -1.22828e-05 -0.000159072 -0.000875305  0.000636088  0.000547259 -0.000450546    2.7819 -0.105313  -9.41028 28.6935
 9.82516 -13.3011 -38.9053  0.350709 -0.552216 -0.203362 -0.18009  15.0177 0.653139  0.0216286 0.00792015  0.0944885  -0.0059466 0.000989629  0.00793206   2.15133e-05  -0.00022974 -0.000816543  0.000636039  0.000547716 -0.000448185    2.7819 -0.105314  -9.41029 28.6937
 9.81016 -13.3755 -38.9257  0.350318 -0.551937 -0.203371 -0.179921   15.0209  0.652953 0.0216277 0.0079194 0.0944872 -0.00847852  0.00463021   0.0107326   4.27803e-05 -0.000165614 -0.000813376  0.000637229   0.00054774 -0.000447517   2.78191 -0.105303  -9.41029 28.6942
 9.78907 -13.3204 -38.8723  0.350775 -0.551591 -0.203147 -0.175207   15.0188  0.653859  0.0216285 0.00791904   0.094488 -0.00437153  0.00649276   0.0107021   4.91291e-05 -0.000233121 -0.000851289  0.000636737  0.000545616 -0.000445188   2.78192 -0.105317  -9.41029 28.6948
 9.81727 -13.3388 -38.9453  0.350418  -0.55144 -0.203088 -0.176599   15.0208  0.653485  0.0216282 0.00791854  0.0944869 -0.00640541  0.00857102   0.0126225   4.19075e-05 -0.000206042  -0.00079456  0.000637413  0.000546324 -0.000444714   2.78192 -0.105308  -9.41029 28.6952
 9.85734 -13.3408 -38.8834  0.349735 -0.551351 -0.202727 -0.179367   15.0233  0.652888 0.0216279 0.0079191 0.0944876 -0.00944486  0.00976983   0.0161897  -9.73001e-06 -0.000212347 -0.000850508  0.000638015  0.000547766 -0.000448612   2.78191 -0.105294  -9.41029 28.6959
 9.81977 -13.3418 -38.9102  0.349405 -0.552072  -0.20245 -0.186529   15.0189   0.65202  0.0216291 0.00792113  0.0944894 -0.0107107 0.00521849  0.0170373   2.27928e-05 -0.000204841 -0.000831739  0.000636453  0.000550972 -0.000445632   2.78188 -0.105299   -9.4103 28.6968
 9.79596 -13.3655 -38.9567  0.349698 -0.552103 -0.202267 -0.185173   15.0156  0.652451  0.0216288 0.00792231  0.0944897 -0.0084649  0.0056067  0.0172965   6.87814e-05 -0.000175106 -0.000788648  0.000635601  0.000550413 -0.000441818   2.78189 -0.105312  -9.41031 28.6971
 9.79874 -13.3022 -38.9047  0.350519 -0.551845 -0.202527 -0.180005   15.0113  0.653591  0.0216292 0.00792257  0.0944891 -0.00311596  0.00652445   0.0128649   5.40789e-05 -0.000250062 -0.000831157  0.000635024  0.000548456 -0.000428475   2.78191 -0.105334  -9.41035 28.698
 9.82725 -13.3448 -38.9658  0.350095 -0.551426  -0.20266 -0.180211   15.0156  0.653249  0.0216277 0.00792067  0.0944861 -0.00566941  0.00852031   0.0109777   4.35111e-05 -0.000214447 -0.000794795  0.000636662  0.000548779 -0.000425402   2.78192 -0.105319  -9.41036 28.6986
 9.81171 -13.3857 -38.9202  0.349992 -0.551045 -0.202556 -0.179884   15.0157  0.653305  0.0216266 0.00792041  0.0944842 -0.00566118   0.0123015   0.0140545   5.39934e-05 -0.000183272 -0.000840775  0.000637054  0.000548838 -0.000419441   2.78192 -0.105319  -9.41038 28.699
 9.80597  -13.234 -38.9634  0.349491 -0.551457  -0.20247 -0.186518   15.0147  0.652286  0.0216286 0.00792184  0.0944854 -0.0083776 0.00928089  0.0154024   6.74647e-05 -0.000318936 -0.000775557  0.000636615  0.000551826 -0.000417941    2.7819 -0.105313   -9.4104 28.6997
  9.7881 -13.3961  -38.934  0.350163 -0.550864  -0.20367 -0.181046   15.0145  0.653222  0.0216238 0.00792138  0.0944786 -0.00423964   0.0124658  0.00640985   7.83274e-05 -0.000203649 -0.000816831  0.000638047  0.000550231 -0.000393672   2.78194 -0.105321  -9.41047 28.7012
 9.82887 -13.3909 -38.9109  0.350132 -0.550771 -0.203431 -0.181231   15.0136  0.653258  0.0216242 0.00792167  0.0944795 -0.00300354   0.0130054  0.00832407   3.16089e-05 -0.000212662 -0.000836453   0.00063772  0.000550212 -0.000395793   2.78194 -0.105323  -9.41046 28.7015
 9.82985 -13.4071 -39.0033  0.350509 -0.550396 -0.203627 -0.17875  15.0122 0.653742  0.0216224 0.00792165  0.0944775 -0.00010934   0.0137709  0.00395975    5.4774e-05 -0.000181924 -0.000747308  0.000637724  0.000549347 -0.000388142   2.78195 -0.105331  -9.41048 28.702
 9.80737 -13.3132 -38.9006  0.350615 -0.550561 -0.203619 -0.181956   15.0087   0.65347  0.0216232 0.00792238  0.0944798 0.000145583   0.0119997  0.00561459   5.20178e-05 -0.000265426 -0.000815127  0.000636613   0.00055077 -0.000385598   2.78193 -0.105338  -9.41049 28.7022
 9.92414 -13.2559 -38.9411  0.351213 -0.550983 -0.203206 -0.183551   15.0012    0.6537  0.0216249 0.00792511  0.0944876 0.00480524 0.00787065 0.00701115  -4.79312e-05 -0.000310548 -0.000770155  0.000634031   0.00055127 -0.000385918  2.78192 -0.10536 -9.41049 28.7031
 9.85595  -13.349 -38.9724  0.351523 -0.550865 -0.203458 -0.18278  15.0003 0.653876  0.0216246 0.00792483  0.0944862 0.00655448 0.00863773 0.00565449    5.6862e-06 -0.000249623 -0.000760136  0.000634105  0.000551131 -0.000379175   2.78192 -0.105364  -9.41051 28.7035
 9.78039 -13.3952 -38.8344  0.352207 -0.550416 -0.202424 -0.177475   14.9969  0.655018  0.0216277 0.00792448  0.0944905 0.00862938  0.0113997  0.0105305   3.94223e-05 -0.000236054 -0.000874912  0.000632506  0.000548361 -0.000389219   2.78193 -0.105382  -9.41047 28.7048
 9.82218 -13.4035 -38.9541  0.352662 -0.550062 -0.202036 -0.174441   14.9955  0.655598  0.0216281 0.00792462  0.0944912 0.0104195 0.0129815 0.0122074    2.5812e-05 -0.000200537 -0.000743427  0.000632037  0.000546939 -0.000390616   2.78193 -0.105391  -9.41046 28.7055
 9.83709 -13.3042 -38.8983  0.352283 -0.550281 -0.202289 -0.181738    14.997  0.654294  0.0216282 0.00792453    0.09449 0.00516667 0.00946735  0.0072637   1.31817e-05 -0.000283114 -0.000774007    0.0006327  0.000550546 -0.000385942   2.78192 -0.105375  -9.41049 28.706
   9.753 -13.3193 -38.9252   0.35159 -0.550614 -0.201957 -0.189097   14.9986  0.652935  0.0216283 0.00792442    0.09449 -0.000641545   0.00655734   0.00748155   9.31163e-05 -0.000263758 -0.000752931  0.000632674  0.000553643 -0.000392913  2.78189 -0.10536 -9.41048 28.7068
 9.79242  -13.333 -38.9732  0.351916 -0.550618 -0.202155 -0.188413   14.9966  0.653158  0.0216284 0.00792507  0.0944893 0.00197089 0.00458191 0.00320693   7.17218e-05 -0.000246653 -0.000716807  0.000632331  0.000553479 -0.000386974    2.7819 -0.105367   -9.4105 28.7072
  9.8088 -13.2944 -38.8763   0.35231 -0.549859 -0.202258 -0.182985   14.9983  0.654002  0.0216289 0.00792394  0.0944862 0.00459644 0.00909227 0.00258536   2.43342e-05 -0.000310233 -0.000807893  0.000633217  0.000551028 -0.000382924  2.78192 -0.10537  -9.4105 28.7081
 9.86793 -13.3303  -38.965  0.352385  -0.55035 -0.202211 -0.186739   14.9954  0.653517  0.0216303 0.00792548   0.094489 0.00572999 0.00531703 0.00324026  -9.08501e-06  -0.00026462 -0.000731681  0.000632027  0.000552634 -0.000382858    2.7819 -0.105375  -9.41051 28.7086
 9.86532 -13.3237 -38.9308 0.352748 -0.55062 -0.20218 -0.187831    14.992  0.653532  0.0216309 0.00792618  0.0944907 0.00776185 0.00292748 0.00265658  -1.81601e-05 -0.000275486 -0.000762198  0.000630932  0.000553107 -0.000380858    2.7819 -0.105384  -9.41051 28.709
 9.84642 -13.3163 -38.8795  0.351997 -0.550879 -0.202385 -0.19464  14.9965 0.652143 0.0216296 0.0079267 0.0944904  0.000265326  5.60011e-05 -0.000444286  -7.14234e-06 -0.000285819  -0.00080593  0.000632231  0.000556231 -0.000383096   2.78188 -0.105361  -9.41052 28.7098
   9.807 -13.3448 -38.9528  0.352032 -0.551518 -0.202374 -0.198521    14.993  0.651656  0.0216307 0.00792821  0.0944919 -0.000376217  -0.00347069  -0.00103197   4.50462e-05 -0.000244784 -0.000742323   0.00063088  0.000557912 -0.000382974   2.78186 -0.105367  -9.41052 28.7105
 9.81214 -13.4152 -38.9188  0.352369 -0.551682 -0.202456 -0.197566   14.9902   0.65198  0.0216305 0.00792846  0.0944915  0.00124658 -0.00495531 -0.00317014   3.26503e-05 -0.000190855 -0.000780363  0.000630178  0.000557529 -0.000380191   2.78187 -0.105376  -9.41053 28.7109
 9.83673 -13.4204 -38.9757  0.352631 -0.552399 -0.202201 -0.200097    14.985  0.651817  0.0216325 0.00793053  0.0944934 0.000628915 -0.00876125 -0.00360466   2.86708e-05 -0.000183198 -0.000741548  0.000628065  0.000558467 -0.000383046   2.78185 -0.105389  -9.41052 28.7117
  9.8182  -13.343 -38.9147   0.35244 -0.552357 -0.202465 -0.200077   14.9873  0.651708  0.0216321 0.00793001  0.0944918 -0.00117594 -0.00754138 -0.00525304    4.0161e-05 -0.000294782 -0.000797092  0.000629013  0.000558576 -0.000381321   2.78185 -0.105382  -9.41053 28.712
 9.79739 -13.3608 -38.8058  0.352327 -0.552675 -0.202852 -0.201873   14.9872  0.651427  0.0216315 0.00793004  0.0944911 -0.00232318 -0.00664039 -0.00625926  3.79633e-05  -0.0002946 -0.00090268  0.000629147  0.000559492 -0.000377628  2.78185 -0.10538 -9.41054 28.7125
 9.79316 -13.3125 -38.9479  0.352243 -0.552833 -0.203741 -0.202828   14.9882   0.65117  0.0216317 0.00793007  0.0944876 -0.00328274 -0.00686955  -0.0122754   6.89701e-05  -0.00031544 -0.000797725  0.000630034  0.000560241 -0.000367146   2.78186 -0.105376  -9.41058 28.7134
 9.85584 -13.3405 -38.9326  0.352021 -0.553115 -0.203059 -0.203748   14.9867  0.651091  0.0216324 0.00793142  0.0944927 -0.00340127 -0.00717917 -0.00742275   2.69053e-05  -0.00029525 -0.000808268 0.000628856 0.000560135 -0.00038119   2.78184 -0.105379  -9.41053 28.7142
 9.82263 -13.2983 -38.9881  0.352284   -0.5526 -0.203283 -0.197999   14.9884  0.651985  0.0216301 0.00793009  0.0944902 -0.00122551 -0.00270212  -0.0083471   6.08423e-05 -0.000320893 -0.000768231  0.000629774    0.0005576 -0.000378532  2.78186 -0.10538 -9.41053 28.7148
 9.85034 -13.3638 -38.9441  0.351674 -0.552439 -0.203501 -0.199176    14.993  0.651581  0.0216293 0.00792933  0.0944896 -0.00498555 -0.00240269  -0.0116931   2.89058e-05 -0.000257552 -0.000823249  0.000631277   0.00055816 -0.000381564   2.78186 -0.105365  -9.41053 28.7155
 9.70659 -13.4397 -38.9242  0.351361 -0.553302 -0.203809 -0.204921   14.9901  0.650709  0.0216305 0.00792984  0.0944891  -0.0042762 -0.00893659  -0.0118443   0.000142274 -0.000194996 -0.000851472 0.000629965 0.000560703 -0.00038283   2.78184 -0.105367  -9.41053 28.7165
 9.78611 -13.3846 -38.9988  0.351684  -0.55371 -0.204333 -0.205318    14.987  0.650775  0.0216305 0.00793157  0.0944885 -0.00154596  -0.0111309  -0.0146498   7.33909e-05 -0.000234405  -0.00076042  0.000629199  0.000560984 -0.000375869   2.78184 -0.105376  -9.41055 28.7172
 9.81633 -13.4008 -38.8835  0.351752 -0.554211 -0.203346 -0.205907   14.9829  0.650894  0.0216328 0.00793235  0.0944952 -0.00158511  -0.0121919 -0.00693189   3.11437e-05  -0.00023326 -0.000847636  0.000626809  0.000560756 -0.000391903   2.78182 -0.105388   -9.4105 28.7183
 9.83947 -13.3951 -38.9618  0.352713 -0.553791 -0.203728 -0.19752  14.9809 0.652399  0.0216315 0.00793135  0.0944909  0.00340438 -0.00638002 -0.00830088    2.4889e-05 -0.000230023 -0.000784291  0.000626759  0.000557062 -0.000382832   2.78185 -0.105404  -9.41052 28.7194
 9.86489 -13.3365 -38.9418  0.352899 -0.553328 -0.203754 -0.193172   14.9829  0.653059  0.0216306 0.00793053  0.0944883  0.00402042 -0.00119119  -0.0050011  -5.84191e-07 -0.000272043  -0.00079012  0.000627561  0.000555082 -0.000383824   2.78187 -0.105403  -9.41051 28.7199
 9.75971 -13.2938 -38.8957  0.352682 -0.553758 -0.203838 -0.197264   14.9827  0.652371  0.0216303 0.00793052  0.0944892  0.00135469 -0.00294801 -0.00428137   5.83114e-05 -0.000303207 -0.000813419 0.000627264 0.000556883 -0.00038648   2.78185 -0.105399  -9.41051 28.7204
 9.78904 -13.3753 -38.9737  0.352292 -0.553328 -0.204063 -0.196208   14.9875  0.652318  0.0216289 0.00792902  0.0944873 -0.000403417   0.00139144  -0.00398661   5.06896e-05 -0.000205489 -0.000745635  0.000629004  0.000556586 -0.000386399   2.78186 -0.105385  -9.41051 28.721
 9.85485  -13.344 -38.9625  0.353013  -0.55303 -0.203819 -0.191208   14.9846  0.653326   0.021629 0.00792923  0.0944876  0.00218928  0.00301112 -0.00379731  -1.88794e-05 -0.000238283 -0.000755057  0.000627968  0.000554068 -0.000386555   2.78187 -0.105401   -9.4105 28.7218
 9.85929 -13.3244 -39.0143  0.352588  -0.55298 -0.203764 -0.193239   14.9868  0.652852  0.0216291 0.00792876  0.0944882 -0.00201902  0.00353861 -0.00472822   -9.8538e-06 -0.000250792 -0.000708103  0.000628486  0.000554927 -0.000391162   2.78187 -0.105392  -9.41049 28.7223
 9.88989 -13.3452  -38.948  0.351412 -0.552063 -0.203887 -0.19294  14.9969 0.652439  0.0216272 0.00792769  0.0944845 -0.00884772  0.00812327  -0.0047885  -4.31143e-05 -0.000240466 -0.000765862  0.000631836  0.000554841 -0.000397452   2.78187 -0.105362  -9.41047 28.7238
 9.67195 -13.3619 -38.8731   0.35136 -0.552439 -0.203646 -0.195614   14.9925  0.652178  0.0216277 0.00792692  0.0944865 -0.00963891  0.00595923 -0.00205331   0.000147721  -0.00023212 -0.000831248  0.000629938  0.000555859 -0.000400959   2.78186 -0.105373  -9.41046 28.7242
 9.76523 -13.3485  -38.983  0.351839 -0.551995 -0.203806 -0.19074  14.9911 0.653086  0.0216267 0.00792737  0.0944862 -0.00684282   0.0082078 -0.00476729   7.71265e-05 -0.000226256 -0.000712827  0.000629827  0.000553756 -0.000396063   2.78187 -0.105382  -9.41047 28.7249
 9.80844 -13.3759 -38.9183  0.352263 -0.551688 -0.204163 -0.187075   14.9892  0.653839  0.0216266 0.00792696  0.0944843 -0.00375409   0.0102261 -0.00461029   3.09902e-05 -0.000210838 -0.000773547  0.000629638  0.000552514 -0.000389159   2.78189 -0.105391  -9.41049 28.7255
  9.7994 -13.3829 -38.9332  0.352412 -0.551636 -0.203873 -0.186756   14.9869  0.654002  0.0216275 0.00792717  0.0944862 -0.00104482  0.00987794 -0.00184423   3.83367e-05  -0.00020244 -0.000753668   0.00062858  0.000552209 -0.000392977   2.78188 -0.105398  -9.41047 28.7259
  9.7784 -13.3888 -38.9223  0.351709 -0.551279 -0.204288 -0.189566    14.991  0.653308  0.0216266 0.00792709  0.0944845 -0.00616841   0.0110831 -0.00510538   6.30518e-05 -0.000198567 -0.000767934 0.000630141 0.000553571 -0.00039212   2.78188 -0.105382  -9.41048 28.7267
 9.79927 -13.2564 -38.8185  0.351767 -0.551389 -0.204753 -0.191157   14.9889  0.653156  0.0216273 0.00792676  0.0944858 -0.00570889  0.00838623 -0.00798817   2.98893e-05 -0.000306539 -0.000820161  0.000629681  0.000554433 -0.000386173   2.78188 -0.105387   -9.4105 28.7272
 9.82835 -13.2408 -38.9748  0.351811 -0.551306  -0.20483 -0.190701    14.988  0.653262  0.0216268 0.00792729  0.0944864 -0.00624687  0.00863094 -0.00870171   4.41118e-05 -0.000292478 -0.000634238  0.000629385  0.000554219 -0.000385963  2.78188 -0.10539  -9.4105 28.7274
 9.81149 -13.3316  -38.911  0.352039 -0.550903 -0.205698 -0.188239   14.9883  0.653706  0.0216264 0.00792644  0.0944827 -0.00528615   0.0097465  -0.0139473   4.71007e-05 -0.000227235 -0.000705005  0.000630149  0.000553451 -0.000374201   2.78189 -0.105392  -9.41053 28.7283
 9.83389  -13.386 -38.9892  0.352082 -0.550536 -0.204297 -0.184225   14.9857  0.654527  0.0216293 0.00792735  0.0944889 -0.00443331   0.0109644 -0.00447068    4.1401e-05  -0.00015836 -0.000630329  0.000628178  0.000551148 -0.000397098   2.78188 -0.105403  -9.41046 28.7298
 9.82383 -13.3232 -39.0081  0.352463 -0.550126 -0.203947 -0.180208   14.9836  0.655339  0.0216285 0.00792758  0.0944903 -0.00210182   0.0124823 -0.00295306    4.8863e-05 -0.000215279 -0.000603806  0.000627332  0.000549203 -0.000400938   2.78189 -0.105413  -9.41044 28.7304
 9.85543 -13.2962 -38.9017  0.352387 -0.550359 -0.204324 -0.18486  14.9809 0.654653  0.0216288 0.00792808  0.0944921 -0.00199095   0.0102181 -0.00222223  -1.13718e-07 -0.000250271 -0.000686124  0.000626503  0.000551346 -0.000396298   2.78187 -0.105416  -9.41046 28.7309
 9.77551 -13.2613   -38.96   0.35262 -0.550425   -0.2043 -0.185276   14.9786  0.654659  0.0216292 0.00792886  0.0944936  0.000408112   0.00956771 -0.000308954   8.01218e-05 -0.000270558 -0.000629889  0.000625604  0.000551429 -0.000395334   2.78187 -0.105423  -9.41046 28.7311
 9.82434 -13.3311 -38.9796  0.352303 -0.550502  -0.20413 -0.187963   14.9791  0.654149  0.0216298 0.00792922  0.0944952 -0.00192905  0.00914399  0.00143767   1.85548e-05 -0.000184753 -0.000618954  0.000625497  0.000552505 -0.000399447   2.78186 -0.105418  -9.41045 28.7315
 9.81431 -13.3007 -39.0121  0.352364 -0.550116 -0.203316 -0.185494   14.9789  0.654589  0.0216295 0.00792918  0.0944981 -0.000193366    0.0101592    0.0054296   3.66411e-05 -0.000203755 -0.000578006  0.000624786  0.000551053 -0.000409944   2.78186 -0.105423  -9.41042 28.7324
 9.86165 -13.3006 -39.0031  0.352888 -0.550113 -0.203451 -0.184527   14.9753   0.65493  0.0216297 0.00792961  0.0944978 0.00229886 0.00943051 0.00263684  -5.58968e-06 -0.000208407 -0.000586217  0.000623871  0.000550711 -0.000403785   2.78186 -0.105434  -9.41043 28.7329
 9.81565 -13.3783 -38.8866  0.351494 -0.550706 -0.203645 -0.197002   14.9794  0.652549 0.0216271  0.007931 0.0944998 -0.00765271  0.00456947  0.00105816   2.32811e-06 -0.000166978 -0.000679766  0.000624851  0.000556183 -0.000408034   2.78183 -0.105409  -9.41044 28.7345
 9.79386 -13.2731 -38.9783  0.351705 -0.551133 -0.203513 -0.198684   14.9746  0.652446 0.0216284 0.0079327 0.0945024 -0.00491311  0.00126364  0.00191832    3.5588e-05 -0.000235522 -0.000598268  0.000623137  0.000556843 -0.000407375   2.78182 -0.105421  -9.41044 28.735
 9.84312 -13.3147 -38.9168  0.351768 -0.550878  -0.20356 -0.196639   14.9748  0.652824  0.0216283 0.00793234  0.0945012 -0.00512948  0.00465069  0.00328726  -1.64142e-05 -0.000212611  -0.00064792   0.00062338  0.000556003 -0.000405086   2.78183 -0.105422  -9.41044 28.7352
 9.85177 -13.3255  -38.942  0.351571 -0.550414 -0.202755 -0.193667   14.9766  0.653271  0.0216288 0.00793276  0.0945032 -0.00641296  0.00822565  0.00736091   -2.4847e-05 -0.000199461  -0.00062555  0.000623454  0.000554399 -0.000416628   2.78183 -0.105421   -9.4104 28.7362
  9.8607  -13.279 -38.9261  0.351968  -0.55007 -0.202973 -0.190459   14.9752  0.653912   0.021629 0.00793207   0.094501 -0.00275837  0.00941415   0.0044061  -3.84147e-05 -0.000243358 -0.000630623   0.00062344  0.000553181 -0.000408905   2.78184 -0.105428  -9.41042 28.7368
 9.89734  -13.345 -38.9034   0.35135 -0.550758 -0.203273 -0.199815   14.9735  0.652316  0.0216279 0.00793221  0.0945035 -0.00800749  0.00438781  0.00105844  -6.49043e-05 -0.000201816  -0.00064923  0.000622879  0.000557376 -0.000404841   2.78182 -0.105422  -9.41045 28.7377
 9.85582 -13.2653 -38.9742  0.351373 -0.551388 -0.203103 -0.203633   14.9685  0.651848  0.0216298 0.00793442   0.094507 -0.00815162 0.000640843  0.00181031    2.8743e-06 -0.000269333  -0.00057174 0.000620971 0.000558928 -0.00040549    2.7818 -0.105432  -9.41045 28.7384
 9.83427 -13.3066  -38.896  0.351555 -0.551372 -0.203799 -0.203029   14.9679  0.651999  0.0216294 0.00793404  0.0945039  -0.00629048 -2.42444e-05  -0.00395615    7.2494e-06  -0.00023688 -0.000664998  0.000621375  0.000558971 -0.000393749   2.78181 -0.105434  -9.41049 28.7391
 9.82742 -13.3581 -38.9258  0.351871 -0.550864 -0.203346 -0.196991   14.9671   0.65313  0.0216306 0.00793365  0.0945058 -0.00461316  0.00461926 -6.1678e-06   1.74289e-05 -0.000191067 -0.000646719  0.000620931  0.000556148 -0.000399066   2.78182 -0.105443  -9.41046 28.7399
 9.82437 -13.2776 -38.9428  0.352004 -0.551423 -0.203316 -0.200161   14.9626  0.652751  0.0216316 0.00793529  0.0945079 -0.00424652  0.00214891 0.000787775   2.50464e-05 -0.000273526 -0.000619542  0.000619255  0.000557544 -0.000397817   2.78181 -0.105452  -9.41047 28.7404
 9.83067 -13.2793 -38.8886  0.351629 -0.551949 -0.203853 -0.206212    14.962  0.651677  0.0216314 0.00793584  0.0945064  -0.00534784 -0.000149226  -0.00036782   3.72591e-06 -0.000273498 -0.000668601  0.000619307  0.000560393 -0.000390175    2.7818 -0.105447   -9.4105 28.7413
 9.85192 -13.1928 -38.9916  0.351165 -0.552577 -0.204173 -0.212117   14.9614  0.650591  0.0216338 0.00793693  0.0945069 -0.00822001 -0.00454021 -0.00438662   2.90963e-06  -0.00032496 -0.000587351  0.000618994  0.000563127 -0.000387549   2.78179 -0.105443  -9.41052 28.7421
  9.8387 -13.3298  -38.937  0.351386 -0.553002 -0.204752 -0.213675   14.9582  0.650465   0.021633 0.00793737  0.0945049 -0.00774934 -0.00525348 -0.00767846   3.14879e-06  -0.00021123 -0.000661838  0.000618325  0.000564009 -0.000377569  2.78179 -0.10545 -9.41055 28.7429
 9.81681 -13.3255 -38.8285  0.350974 -0.552679 -0.204937 -0.211967   14.9619  0.650639  0.0216332 0.00793785  0.0945041 -0.00852227 -0.00226623  -0.0083231  -2.12107e-06 -0.000235878 -0.000748221  0.000619608  0.000563289 -0.000379032   2.78179 -0.105442  -9.41054 28.7434
 9.80801 -13.2323  -38.918  0.350655   -0.5529 -0.205154 -0.214673   14.9624  0.650078  0.0216336 0.00793813  0.0945038  -0.0107884 -0.00161255 -0.00766763   2.65139e-05 -0.000298041 -0.000666276 0.000619682 0.000564379 -0.00037848   2.78179 -0.105438  -9.41055 28.7439
 9.76886 -13.3108 -38.9418  0.34981 -0.55279  -0.2058 -0.216184   14.9664  0.649597  0.0216327 0.00793755  0.0945017  -0.0105839 -0.00118908  -0.0090486   5.71795e-05 -0.000237102 -0.000659203  0.000621192    0.0005652 -0.000375473   2.78179 -0.105426  -9.41056 28.7449
 9.82052 -13.2719 -38.9705  0.349872 -0.552935 -0.206042 -0.216043   14.9646  0.649704 0.0216329 0.0079381 0.0945018 -0.00835668   -0.002339 -0.00959411   2.23443e-05 -0.000260478 -0.000631778  0.000620716  0.000565185 -0.000372786   2.78179 -0.105431  -9.41057 28.7452
 9.81601 -13.3015 -38.9486  0.350389 -0.552497 -0.205739 -0.209531   14.9626  0.651024 0.0216327 0.0079381  0.094503 -0.00451504  0.00153296 -0.00625883   2.15787e-05 -0.000229701 -0.000656493  0.000620013  0.000562238 -0.000375413    2.7818 -0.105443  -9.41055 28.746
 9.85778 -13.2659 -38.9207  0.350733 -0.552502  -0.20503 -0.206789   14.9593  0.651706  0.0216335 0.00793918  0.0945066  -0.0021442  0.00127892 -0.00127787  -1.52338e-05 -0.000260826 -0.000672697  0.000618409  0.000560814 -0.000383916    2.7818 -0.105455  -9.41052 28.7468
 9.81741 -13.3454 -39.0112  0.351338 -0.552877  -0.20499 -0.206423   14.9536   0.65204   0.021634 0.00794103  0.0945066  0.00121359 -0.00127994 -0.00141444   4.36136e-05 -0.000174003 -0.000606504  0.000616518  0.000560599 -0.000381009    2.7818 -0.105471  -9.41053 28.7475
 9.84996 -13.2991 -38.9101  0.351761 -0.553038  -0.20525 -0.206246   14.9514  0.652212   0.021634 0.00794087   0.094506   0.00217107   0.00125155 -0.000230709   2.77811e-06 -0.000219313 -0.000672581  0.000615911  0.000560531 -0.000375351    2.7818 -0.105478  -9.41055 28.748
 9.83838 -13.2464 -38.9816   0.35135 -0.553292 -0.204871 -0.209542   14.9519  0.651563  0.0216349 0.00794121  0.0945083 -0.000556061 -0.000444446   0.00118425   2.93488e-05 -0.000260922 -0.000588051  0.000615615  0.000561739 -0.000383047   2.78178 -0.105473  -9.41053 28.7486
 9.78966 -13.3641 -38.9444  0.352196 -0.552847 -0.204359 -0.202286   14.9488  0.653057  0.0216359 0.00794103  0.0945103 0.00433627 0.00204501 0.00343113   7.38542e-05 -0.000132188  -0.00065038  0.000614478  0.000558456 -0.000385355    2.7818 -0.105489  -9.41051 28.7497
 9.85882 -13.3576 -38.9229  0.351558 -0.552564 -0.204359 -0.204006    14.954  0.652498 0.0216354 0.0079412 0.0945107 0.000300597  0.00423048  0.00339738   2.85233e-05 -0.000139603 -0.000660461  0.000616118  0.000559209 -0.000388327    2.7818 -0.105474   -9.4105 28.7504
 9.83304 -13.3291 -38.9456  0.351936 -0.551631 -0.204301 -0.197093   14.9559  0.653684  0.0216346 0.00794026  0.0945088 0.00208371  0.0101589 0.00369606   6.23163e-05 -0.000165718 -0.000630944  0.000617049  0.000556357 -0.000386363   2.78182 -0.105476   -9.4105 28.7514
  9.8487  -13.356 -38.8888   0.35201 -0.551766 -0.204543 -0.199609   14.9543  0.653306  0.0216339 0.00794005  0.0945084 0.00188037 0.00952307 0.00221578   4.05181e-05 -0.000154403 -0.000680483  0.000616697  0.000557563 -0.000381594   2.78181 -0.105478  -9.41052 28.7517
 9.77216 -13.2269  -38.951  0.352103 -0.552375 -0.204317 -0.204441     14.95  0.652603  0.0216353 0.00794191  0.0945118 0.00328106 0.00368921 0.00340655    0.00013321 -0.000275884 -0.000589743  0.000614972  0.000559508 -0.000383522   2.78179 -0.105484  -9.41052 28.7523
 9.79262 -13.3514 -38.9744  0.352991 -0.552409  -0.20394 -0.201152   14.9446  0.653474  0.0216354 0.00794297  0.0945134 0.00848503 0.00389521 0.00691588   0.000122973 -0.000179988 -0.000590279  0.000613148  0.000557938 -0.000383179    2.7818 -0.105501  -9.41051 28.7533
 9.82276 -13.3577 -38.8717  0.353239  -0.55214 -0.202519 -0.197735   14.9434  0.654189  0.0216376 0.00794386   0.094518 0.00825338 0.00480084  0.0127986   6.22147e-05  -0.00019057 -0.000697562  0.000611901  0.000556031 -0.000400753   2.78179 -0.105507  -9.41046 28.7548
 9.82452  -13.283 -38.9767  0.353658 -0.551721 -0.202415 -0.194563   14.9442  0.654716  0.0216371 0.00794339  0.0945168 0.00915831 0.00716894  0.0121772   8.46079e-05 -0.000239437 -0.000600025  0.000612219  0.000554694 -0.000397967   2.7818 -0.10551 -9.41046 28.7554
 9.90325 -13.2583 -38.8985  0.353437 -0.551619 -0.202456 -0.196952   14.9464  0.654193  0.0216369 0.00794312  0.0945159 0.00627655 0.00849273  0.0116377   1.39341e-06  -0.00027025 -0.000665344  0.000613076  0.000555823 -0.000395955    2.7818 -0.105502  -9.41047 28.7556
 9.76875 -13.1839 -38.9627  0.352179 -0.551414 -0.202722 -0.203946   14.9547  0.652467   0.021637 0.00794094  0.0945085 -0.00294615   0.0099338  0.00785722    0.00012451 -0.000320587 -0.000608422  0.000615821  0.000559018 -0.000395721   2.78179 -0.105474  -9.41048 28.7569
 9.82053 -13.3487 -38.9604  0.352134 -0.551287 -0.202311 -0.203989   14.9541   0.65249  0.0216374 0.00794119  0.0945101 -0.00221869  0.00972056  0.00974943   6.82726e-05 -0.000163109 -0.000633172  0.000615399   0.00055888 -0.000399334   2.78179 -0.105475  -9.41047 28.7574
 9.85841 -13.3263 -38.8518  0.352332 -0.551118 -0.202524 -0.203493   14.9525  0.652684 0.0216373 0.0079401 0.0945082 -0.00283529   0.0115874  0.00808719   1.73467e-05 -0.000196458 -0.000712251  0.000615395  0.000558903 -0.000392058   2.78179 -0.105478  -9.41049 28.7577
 9.88112 -13.2984 -39.0012  0.352285  -0.55071 -0.202509 -0.202226    14.954  0.652828  0.0216369 0.00793947   0.094507 -0.00233706    0.013533  0.00836059   3.00513e-05 -0.000197652 -0.000562476  0.000615985  0.000558404 -0.000390729    2.7818 -0.105476  -9.41049 28.7581
 9.83682 -13.2945  -38.923  0.352479 -0.551144 -0.202582 -0.205649   14.9495  0.652403  0.0216374 0.00794009  0.0945079 -0.00290621   0.0106659  0.00628126   5.23209e-05 -0.000211253 -0.000617177  0.000614589  0.000559914 -0.000386081   2.78179 -0.105484  -9.41051 28.7586
 9.79269 -13.2411 -38.9171  0.352184 -0.551232 -0.202666 -0.209851   14.9491  0.651616  0.0216377 0.00794054  0.0945072 -0.00306551  0.00842914  0.00617452   8.93586e-05 -0.000247405 -0.000613485  0.000614508  0.000561798 -0.000382601   2.78178 -0.105481  -9.41053 28.7589
 9.81931 -13.3219  -38.948  0.351887 -0.551899  -0.20284 -0.216221    14.947  0.650478  0.0216382 0.00794125  0.0945073 -0.00430378  0.00192616  0.00228658    7.4473e-05 -0.000189836  -0.00060081 0.000613759 0.000564521 -0.00038016  2.78177 -0.10548 -9.41054 28.7596
 9.83154 -13.3085 -38.8941  0.352734 -0.551319 -0.202858 -0.208451   14.9444  0.652098  0.0216392 0.00794071  0.0945053  5.34969e-05   0.00369864 -0.000305503   5.40024e-05 -0.000210321 -0.000635014  0.000613266  0.000561338 -0.000374717   2.78179 -0.105494  -9.41055 28.7607
 9.86111 -13.2745 -38.9454  0.352235 -0.551316 -0.202997 -0.211272   14.9471  0.651425   0.021639 0.00794046  0.0945051  -0.0016053  0.00260603 -0.00126914   4.06074e-05 -0.000224316 -0.000587542   0.00061412  0.000562579 -0.000375607   2.78178 -0.105484  -9.41055 28.7612
 9.78877  -13.374 -38.9026  0.351818 -0.551167 -0.203489 -0.212828   14.9503  0.650996  0.0216376 0.00794071  0.0945036 -0.00464659  0.00396054 -0.00344549   9.92965e-05 -0.000146062 -0.000637751  0.000615456  0.000563414 -0.000371052   2.78179 -0.105475  -9.41056 28.7619
 9.88371 -13.2887 -38.9378  0.351453 -0.551161 -0.203745 -0.214692   14.9517  0.650581  0.0216375 0.00794072  0.0945036 -0.00589484  0.00309884 -0.00573473   2.16355e-05 -0.000221826 -0.000592556  0.000615957  0.000564277 -0.000370045  2.78178 -0.10547 -9.41057 28.7623
 9.85655 -13.3506 -38.9743  0.351366 -0.551481 -0.203762 -0.217002   14.9493  0.650226  0.0216383 0.00794142  0.0945048 -0.00566217   0.0016603 -0.00445135   5.37073e-05 -0.000160749 -0.000571136  0.000615112   0.00056515 -0.000371091   2.78178 -0.105473  -9.41057 28.7626
  9.8223 -13.2673 -38.9121  0.351492 -0.550585 -0.203398 -0.210106   14.9515  0.651464  0.0216379 0.00794058  0.0945044  -0.0056992  0.00736058 -0.00227088   6.79813e-05 -0.000232238 -0.000603763  0.000615782  0.000562115 -0.000375879   2.78179 -0.105474  -9.41055 28.7636
 9.84693 -13.2879 -38.9652   0.35225 -0.550708 -0.202854 -0.207439    14.945  0.652227   0.021639 0.00794208  0.0945078 -0.00156559     0.00617 0.000264058   5.54502e-05 -0.000201336 -0.000555069  0.000613329  0.000560737 -0.000379228   2.78179 -0.105493  -9.41053 28.7645
 9.83722 -13.2875 -38.9143  0.351278 -0.550624 -0.203118 -0.211906   14.9498  0.651191 0.0216382  0.007942 0.0945065   -0.0076806   0.00764614 -0.000493662   5.30033e-05 -0.000209952 -0.000603772  0.000614957  0.000562758 -0.000380559   2.78178 -0.105476  -9.41053 28.7656
 9.81969 -13.2196 -38.9349  0.351189 -0.551436 -0.203328 -0.218374   14.9444   0.65016  0.0216397 0.00794406  0.0945092  -0.00756148   0.00356337 -0.000744686   6.93902e-05 -0.000266267 -0.000579584  0.000613067  0.000565538 -0.000376536   2.78176 -0.105483  -9.41055 28.7664
 9.89262 -13.2841 -38.9676  0.350699 -0.550993 -0.203538 -0.218286   14.9484  0.650016   0.021639 0.00794291  0.0945074  -0.0104909  0.00660549 -0.00266464    8.6173e-06 -0.000206754 -0.000558819  0.000614556  0.000565338 -0.000376023   2.78177 -0.105474  -9.41055 28.7671
   9.857 -13.2938 -38.9028  0.350475 -0.550772 -0.204482 -0.218627   14.9502  0.649895   0.021638 0.00794224  0.0945039 -0.0120021 0.00788855 -0.0089371   3.24103e-05 -0.000215528 -0.000626096  0.000615761  0.000565836 -0.000364243  2.78178 -0.10547 -9.41059 28.7681
 9.87399   -13.29 -38.9923  0.350462 -0.550583 -0.204347 -0.217061   14.9496  0.650206 0.0216381 0.0079424 0.0945046  -0.0125771  0.00968281 -0.00694113   3.60924e-05 -0.000204054 -0.000550587  0.000615369  0.000565143 -0.000366895   2.78178 -0.105473  -9.41058 28.7683
 9.89519 -13.2452 -38.9553  0.351192 -0.550519 -0.204357 -0.213401   14.9435  0.651158  0.0216385 0.00794286   0.094506 -0.00714305  0.00908138 -0.00592314   4.75636e-06 -0.000261656  -0.00058009  0.000613443   0.00056356 -0.000363131   2.78179 -0.105491  -9.41059 28.7691
 9.88683 -13.2782 -38.8564  0.350902 -0.550779 -0.204836 -0.217439   14.9424   0.65042  0.0216373 0.00794272  0.0945064 -0.00679197  0.00648032  -0.0057258  -1.39732e-05 -0.000239339 -0.000678906   0.00061322   0.00056538 -0.000358821   2.78178 -0.105489  -9.41061 28.7697
 9.77798 -13.2667 -38.9578  0.351263 -0.550488 -0.204455 -0.213722   14.9396  0.651227  0.0216371 0.00794277  0.0945097 -0.00414515  0.00830455 -0.00100644   0.000102402   -0.0002301 -0.000595464  0.000612066   0.00056364 -0.000362739  2.78178  -0.1055 -9.41059 28.7703
 9.88227 -13.3275 -38.9828  0.351824 -0.549989 -0.203855 -0.207559   14.9365  0.652555  0.0216373 0.00794313  0.0945108 -0.00110023   0.0119916  0.00366373   3.58213e-05 -0.000181924 -0.000587854  0.000610836  0.000561058 -0.000367577   2.78179 -0.105512  -9.41057 28.7712
 9.90191 -13.2727 -38.9446  0.352304 -0.549768 -0.203442 -0.204711   14.9335  0.653241  0.0216375 0.00794356   0.094512 0.00318204  0.0107957 0.00522317   1.21913e-05  -0.00022876 -0.000605771  0.000609704   0.00055973 -0.000369867   2.78179 -0.105522  -9.41056 28.7719
 9.92569 -13.2431 -38.9208  0.352481 -0.549973 -0.203326 -0.207697   14.9308  0.652767  0.0216379 0.00794406   0.094514 0.00413237 0.00788809 0.00606645  -1.62468e-05 -0.000253738 -0.000622315  0.000608687  0.000560776 -0.000368957   2.78178 -0.105526  -9.41056 28.7722
  9.9573 -13.3198 -38.9212  0.351852 -0.550479 -0.203552 -0.215862   14.9321  0.651112  0.0216374 0.00794458  0.0945161 0.000352638  0.00178492  0.00360641  -4.90952e-05 -0.000189683 -0.000626931  0.000609059  0.000564273 -0.000367711   2.78176 -0.105515  -9.41058 28.773
   9.835 -13.1893 -38.9989  0.351837 -0.550824 -0.203342 -0.218162     14.93  0.650725 0.0216383 0.0079456 0.0945178 -0.000213006  -0.00222511   0.00106046   5.22571e-05 -0.000277316 -0.000560811  0.000608156  0.000565142 -0.000370001   2.78175 -0.105518  -9.41057 28.7734
 9.83799   -13.25 -38.8697  0.352827 -0.550549 -0.203017 -0.211035   14.9251  0.652321  0.0216405 0.00794486  0.0945198  0.00627454 -0.00125342  0.00201462   2.31931e-05  -0.00024109 -0.000694278  0.000606668   0.00056207 -0.000369241   2.78177 -0.105535  -9.41057 28.7745
  9.9138 -13.2823   -38.97    0.3529 -0.550709 -0.202724 -0.21206  14.9247 0.652123  0.0216413 0.00794549  0.0945211   0.0064109 -0.00118752   0.0045707  -3.05657e-05  -0.00019356 -0.000605042   0.00060616  0.000562342 -0.000372985   2.78176 -0.105536  -9.41056 28.7749
 9.88521 -13.2451 -38.8718  0.353664 -0.551838 -0.203137 -0.21723  14.9166 0.651451  0.0216416 0.00794539  0.0945218    0.0100043   -0.0100899 -0.000347083   -2.7376e-05 -0.000237412 -0.000678792  0.000603796  0.000564712 -0.000361247   2.78175 -0.105549  -9.41059 28.7763
 9.79062 -13.1897 -38.9603  0.353672 -0.552285 -0.203129 -0.219647   14.9164  0.650975   0.021642 0.00794544  0.0945216   0.00769953   -0.0102863 -5.24667e-05    6.6051e-05 -0.000272545 -0.000596978  0.000603576   0.00056571 -0.000362624   2.78174 -0.105548  -9.41059 28.7767
 9.85443 -13.2996 -38.9556   0.35392 -0.552348 -0.203143 -0.218525   14.9159  0.651216 0.0216416 0.0079454 0.0945215   0.0080555 -0.00824545 0.000688396   1.27921e-05 -0.000181203 -0.000617849  0.000603478   0.00056524 -0.000361505  2.78175 -0.10555  -9.4106 28.777
 9.87265 -13.2336 -38.9082  0.354635 -0.552434 -0.203409 -0.215883   14.9131  0.651837  0.0216418 0.00794522  0.0945205   0.0114694 -0.00752987 0.000438365  -1.10934e-05 -0.000234205 -0.000643957  0.000602893  0.000564271 -0.000354235   2.78176 -0.105558  -9.41061 28.7778
 9.85322 -13.2222 -38.9704  0.355074 -0.552191 -0.203808  -0.2129  14.9147 0.652333  0.0216406 0.00794486   0.094518   0.0128041 -0.00584968 -0.00334671     1.178e-05 -0.000236324 -0.000600905  0.000603816  0.000563173 -0.000347455   2.78177 -0.105558  -9.41063 28.7784
 9.86119 -13.2642 -38.9221  0.355395 -0.552383 -0.203984 -0.213524   14.9143  0.652242  0.0216405 0.00794491  0.0945177   0.0146617 -0.00818466 -0.00501361  -1.41222e-06 -0.000212279 -0.000637614  0.000603686  0.000563302 -0.000345436   2.78177 -0.105559  -9.41064 28.7788
 9.97363 -13.2633 -38.9223   0.35398 -0.552673 -0.204875 -0.223114   14.9249  0.650043  0.0216385 0.00794414  0.0945179  0.00470759 -0.00994599  -0.0105094  -8.21732e-05 -0.000213941 -0.000635822  0.000607562  0.000567431 -0.000344546   2.78176 -0.105526  -9.41065 28.7805
 9.78156 -13.2521 -38.9999  0.353921 -0.553156 -0.205204 -0.22597  14.9242 0.649491 0.0216388 0.0079448 0.0945175 0.00212022 -0.0103413 -0.0114006   9.21673e-05 -0.000213039 -0.000575703  0.000607328  0.000568675 -0.000342698   2.78176 -0.105526  -9.41066 28.7811
 9.84642  -13.274 -38.9231  0.354175 -0.552841 -0.205225 -0.221469   14.9253  0.650336  0.021639 0.0079445  0.094518  0.00357519 -0.00675515  -0.0103277   2.86896e-05 -0.000204953 -0.000634773  0.000607711  0.000566729 -0.000344714   2.78177 -0.105527  -9.41065 28.7815
 9.87668  -13.255 -38.9928  0.353728 -0.552553 -0.204234 -0.220164   14.9282  0.650477  0.0216402 0.00794408  0.0945224 -0.000632808  -0.00385509  -0.00374717    1.4761e-05 -0.000211556 -0.000571434  0.000607844  0.000565577 -0.000363761   2.78176 -0.105522  -9.41059 28.7826
 9.87511 -13.2852 -38.9207  0.353683 -0.553215 -0.204749 -0.22438  14.9261 0.649761  0.0216395 0.00794398  0.0945215 -0.00130921 -0.00636253 -0.00558887  -9.22227e-07   -0.0001978 -0.000620705  0.000607334  0.000567479 -0.000357697   2.78175 -0.105523  -9.41061 28.7835
  9.7701 -13.2897 -38.8982  0.352677 -0.553327 -0.204994 -0.227981   14.9325  0.648861  0.0216386 0.00794366  0.0945202 -0.00685345 -0.00776647 -0.00868955   7.80769e-05 -0.000202013 -0.000636752  0.000609208  0.000569176 -0.000361446   2.78175 -0.105507  -9.41061 28.7845
 9.81535  -13.239 -38.9477   0.35282 -0.553436 -0.204946 -0.226452   14.9309  0.649193  0.0216388 0.00794395  0.0945215 -0.00431937 -0.00696528  -0.0065452   5.65852e-05  -0.00022828 -0.000596241  0.000608603  0.000568471 -0.000362844   2.78175 -0.105512   -9.4106 28.7847
 9.84008  -13.274 -38.9421  0.352524 -0.553371 -0.205405 -0.226946   14.9336  0.649016   0.021638 0.00794356  0.0945198 -0.00572261 -0.00557665 -0.00828372   3.47213e-05 -0.000188357 -0.000609635  0.000609728  0.000568785 -0.000359191   2.78175 -0.105505  -9.41061 28.7852
 9.87755 -13.2451 -38.9925  0.352525 -0.552582  -0.20413 -0.219551   14.9352  0.650367  0.0216371 0.00794357  0.0945231 -0.00563576  0.00137582   0.0010912   2.24476e-05 -0.000202552  -0.00057216  0.000609503  0.000565208 -0.000377709   2.78175 -0.105509  -9.41055 28.7867
 9.83882 -13.2984 -38.9506  0.353024 -0.552197 -0.204121 -0.214723   14.9338   0.65135  0.0216366 0.00794346  0.0945223 -0.0017597 0.00292753 0.00101027   5.60441e-05 -0.000151876 -0.000622273  0.000609238  0.000563203 -0.000374704   2.78176 -0.105516  -9.41055 28.7874
 9.77697  -13.303 -38.8769  0.353088 -0.552409 -0.204342 -0.2165 14.9323 0.65107  0.0216362 0.00794363  0.0945216  0.00112619 0.000690221  0.00110819   9.06192e-05 -0.000154181 -0.000669942  0.000608864  0.000564026 -0.000370708   2.78176 -0.105517  -9.41057 28.7877
  9.8225 -13.2646 -38.9645  0.352774  -0.55255 -0.204628 -0.218902   14.9338  0.650544  0.0216364 0.00794365  0.0945208  -0.00154709 -0.000938352  -0.00238831   7.12793e-05 -0.000174822  -0.00059487  0.000609505  0.000565217 -0.000368573   2.78176 -0.105512  -9.41058 28.7881
 9.82354 -13.2745 -38.8922  0.353255 -0.552339 -0.203674 -0.214562   14.9308  0.651487  0.0216377 0.00794358  0.0945238 0.000937285  0.00119798  0.00429904   5.50671e-05 -0.000171705 -0.000655075  0.000607906   0.00056302 -0.000378946   2.78176 -0.105522  -9.41054 28.7892
9.86928 -13.222 -38.873   0.35363 -0.552347 -0.203178 -0.21276  14.9282 0.651925   0.021638 0.00794387  0.0945259  0.00325199 0.000868647  0.00579387   1.43155e-05 -0.000215814 -0.000663912  0.000606787  0.000562114 -0.000382881   2.78175 -0.105529  -9.41053 28.7898
  9.8776 -13.3024 -38.9631  0.353478 -0.551384 -0.203037 -0.207823   14.9335  0.652674  0.0216366 0.00794208  0.0945239 0.00178379 0.00735406 0.00652285   3.39328e-05 -0.000120376 -0.000585498  0.000608719  0.000560095 -0.000384507   2.78177 -0.105522  -9.41052 28.7908
 9.89578 -13.2676  -38.895  0.352072 -0.551881 -0.203755 -0.219374    14.939  0.650296  0.0216347 0.00794203  0.0945245 -0.00824775  0.00565651  0.00192848   1.55064e-05 -0.000146054 -0.000625393  0.000610784  0.000565172 -0.000379476   2.78175 -0.105501  -9.41054 28.7925
 9.78548 -13.2398 -38.9861  0.352019 -0.551971 -0.203715 -0.220081   14.9379   0.65017  0.0216351 0.00794278   0.094525 -0.00748467  0.00542077  0.00357209   0.000115231 -0.000156369 -0.000553514  0.000610219  0.000565532 -0.000378535   2.78175 -0.105504  -9.41055 28.7926
 9.85008 -13.3107  -38.903  0.351892 -0.552035 -0.204094 -0.221455   14.9376  0.649934 0.0216341 0.0079426 0.0945237 -0.00909868   0.0055503 0.000545877   3.27991e-05 -9.66655e-05  -0.00064434  0.000610425  0.000566244 -0.000372379   2.78175 -0.105503  -9.41057 28.793
 9.89749 -13.3062 -38.9825  0.351224 -0.551656 -0.204069 -0.221729   14.9419  0.649725  0.0216341 0.00794179   0.094524  -0.0115639  0.00611875 6.63811e-05  -3.78645e-06 -8.56166e-05 -0.000555528  0.000611754  0.000566428 -0.000375405   2.78176 -0.105494  -9.41056 28.7938
 9.86797  -13.265 -38.9451  0.351242 -0.551149  -0.20374 -0.217996   14.9424  0.650438  0.0216338 0.00794132   0.094524 -0.0105649 0.00954816 0.00222568   1.68056e-05 -0.000141212 -0.000589816  0.000611823  0.000564788 -0.000379146   2.78176 -0.105496  -9.41054 28.7944
 9.84345 -13.2786  -38.872  0.350737 -0.551715  -0.20364 -0.224221   14.9387  0.649359 0.0216332 0.0079419 0.0945264   -0.012126  0.00478592 0.000554027   2.40241e-05 -0.000141244 -0.000647537  0.000610371  0.000567271 -0.000380225   2.78174 -0.105499  -9.41055 28.7951
 9.86875  -13.265 -38.9779  0.350656  -0.55178 -0.203092 -0.224126   14.9367  0.649429  0.0216337 0.00794268   0.094529 -0.0118184  0.0049092  0.0046938   2.35113e-05 -0.000134547 -0.000554027  0.000609306  0.000566999 -0.000387275   2.78174 -0.105503  -9.41052 28.7957
 9.80994 -13.3117 -38.9577  0.351481 -0.551952  -0.20408 -0.222178   14.9312  0.650023  0.0216321 0.00794442   0.094525  -0.0063747   0.0024873 -0.00359672   7.16628e-05 -9.84811e-05 -0.000580242  0.000608508  0.000566713 -0.000366979   2.78175 -0.105515  -9.41058 28.797
 9.88306  -13.237 -38.9404  0.351392 -0.551665 -0.203921 -0.220275   14.9319  0.650387  0.0216317 0.00794433  0.0945253 -0.00595473  0.00319055 -0.00228993   1.63977e-05 -0.000148874 -0.000579842  0.000608631   0.00056586 -0.000370018   2.78175 -0.105515  -9.41057 28.7973
 9.83028 -13.2477  -38.948  0.350982 -0.550985 -0.204145 -0.217835   14.9361  0.650719   0.021631 0.00794326  0.0945229 -0.00788381  0.00786947 -0.00189841   6.93787e-05 -0.000135122  -0.00057977  0.000610388   0.00056502 -0.000368951   2.78176 -0.105507  -9.41057 28.7982
 9.81648 -13.2632 -38.8892  0.350279 -0.552185 -0.204558 -0.228539   14.9322   0.64871  0.0216303 0.00794452  0.0945239   -0.0111316 -0.000989878  -0.00523222   7.74118e-05 -0.000131676 -0.000628893  0.000608962  0.000569618 -0.000365994   2.78174 -0.105506  -9.41059 28.7996
 9.87596 -13.2643 -38.9575  0.350968 -0.552359 -0.204626 -0.225784   14.9268  0.649437  0.0216304 0.00794526   0.094524 -0.00745895 -0.00275547 -0.00651432    4.4478e-05 -0.000123678 -0.000580497    0.0006073  0.000568494 -0.000361623   2.78174 -0.105519   -9.4106 28.8003
 9.84297 -13.3247 -38.8977  0.350991 -0.552366 -0.205834 -0.226123   14.9278  0.649347 0.0216285 0.0079449 0.0945194 -0.00496134 -0.00456224   -0.013617   5.85218e-05 -9.04831e-05 -0.000620762  0.000608468   0.00056908 -0.000345268   2.78176 -0.105517  -9.41065 28.8015
 9.86657  -13.275 -38.8772  0.351002 -0.552524 -0.204521 -0.224425   14.9249   0.64979  0.0216292 0.00794638  0.0945263 -0.00423676 -0.00673313 -0.00629925   3.61656e-05 -0.000124599 -0.000627179  0.000606406  0.000567741 -0.000367195   2.78174 -0.105524  -9.41058 28.8029
 9.85587 -13.2231 -38.9959  0.351223 -0.552314 -0.204673 -0.221416    14.925  0.650371  0.0216287 0.00794626  0.0945254 -0.00183327 -0.00570386  -0.0062215   6.91037e-05 -0.000156748 -0.000496141  0.000606604  0.000566578 -0.000364791   2.78175 -0.105527  -9.41059 28.8032
  9.8705  -13.284 -38.9015  0.350926  -0.55252 -0.204778 -0.223142   14.9259  0.650027  0.0216285 0.00794645   0.094526 -0.00399444 -0.00465629 -0.00640127   4.70632e-05 -0.000126881 -0.000571895  0.000606805  0.000567257 -0.000366608   2.78174 -0.105523  -9.41058 28.8036
 9.82943 -13.2358 -38.9521   0.35152 -0.552606 -0.205043 -0.219537   14.9223  0.650839  0.0216286 0.00794713  0.0945264 -0.000772035  -0.00458173  -0.00869905   9.00543e-05 -0.000158457 -0.000528082  0.000605802  0.000565796 -0.000362182   2.78175 -0.105533  -9.41059 28.8042
 9.84453 -13.3593 -38.9216  0.351711 -0.552529 -0.205897 -0.217599    14.923  0.651217  0.0216265 0.00794689  0.0945233 -0.00164448 -0.00278113  -0.0145594  7.54585e-05 -7.3947e-05 -0.00056391  0.000606553  0.000565438 -0.000351133   2.78176 -0.105533  -9.41063 28.8051
 9.85316 -13.2759 -38.8869  0.352552 -0.552008 -0.204773 -0.208769   14.9191  0.653101  0.0216277 0.00794701  0.0945273   0.0021259  0.00159214 -0.00631487   5.57258e-05 -0.000159265 -0.000583568  0.000604596  0.000561332 -0.000365675   2.78176 -0.105548  -9.41058 28.8066
 9.86291 -13.2447 -38.9401  0.352076 -0.551676 -0.204827 -0.208895   14.9234  0.652945  0.0216269 0.00794634  0.0945265 -0.00154018  0.00391756 -0.00631446   6.10881e-05 -0.000171854   -0.0005504  0.000605972  0.000561383 -0.000369268   2.78177 -0.105539  -9.41057 28.8072
 9.86593 -13.2173 -38.9043  0.352123 -0.551198 -0.205161 -0.206013   14.9253  0.653492  0.0216268 0.00794589  0.0945242 -3.29864e-06   0.00396889  -0.00955126   5.61026e-05 -0.000198387 -0.000571992  0.000606881  0.000560279 -0.000366284   2.78177 -0.105538  -9.41057 28.8078
 9.79119 -13.2412 -38.9402  0.351685 -0.551511 -0.205166 -0.210704   14.9252   0.65252  0.0216274 0.00794554  0.0945251 -0.00208293  0.00261494 -0.00614981   0.000117033 -0.000173451 -0.000548254  0.000606423  0.000562116 -0.000372338   2.78176 -0.105535  -9.41056 28.8083
 9.84997 -13.2986 -38.9033   0.35252 -0.551583 -0.204552 -0.207072   14.9187  0.653424  0.0216288 0.00794575  0.0945274  0.00152901  0.00400283 -0.00126105   4.55243e-05 -0.000124347 -0.000595682  0.000603818  0.000560339 -0.000378174  2.78176 -0.10555 -9.41054 28.8093
 9.85889 -13.2306 -38.8951  0.353074  -0.55116 -0.203371 -0.201354    14.916  0.654657  0.0216285 0.00794624  0.0945315 0.00536588 0.00562854 0.00543379   3.28424e-05 -0.000186236 -0.000589971  0.000602236  0.000557563 -0.000392959  2.78175 -0.10556 -9.41049 28.8107
 9.87504 -13.2478 -38.9387  0.353202 -0.551222 -0.203332 -0.202172    14.915   0.65451  0.0216287 0.00794648  0.0945318 0.00473432    0.00546 0.00459127   3.22664e-05 -0.000158801 -0.000557126 0.000601903  0.00055791 -0.00039208   2.78175 -0.105561  -9.41049 28.8109
 9.88955 -13.2311 -38.8877  0.352343 -0.551512 -0.203643 -0.209261   14.9186   0.65298  0.0216278 0.00794669  0.0945318 -0.00137133  0.00310952  0.00338407   1.49147e-05 -0.000175314 -0.000596377  0.000603158  0.000560961 -0.000390855   2.78174 -0.105549   -9.4105 28.8118
 9.86214 -13.1961 -38.9438  0.352644 -0.551395 -0.203727 -0.207795   14.9175  0.653295  0.0216279 0.00794675  0.0945312 0.000618118   0.0031528  0.00277748   4.77892e-05  -0.00019509 -0.000550523  0.000602986  0.000560435 -0.000386682   2.78175 -0.105552  -9.41051 28.8122
 9.86696 -13.2533 -38.9248  0.352183 -0.551209 -0.202782 -0.208133    14.919  0.653191  0.0216285 0.00794713  0.0945347 -0.0034545 0.00604768 0.00962597   4.47787e-05 -0.000159567 -0.000569485  0.000602854  0.000560252 -0.000401056   2.78174 -0.105549  -9.41047 28.8132
  9.8734 -13.2649 -38.8842  0.352318 -0.550924 -0.201853 -0.205374   14.9176  0.653804  0.0216296 0.00794762  0.0945371 -0.00306256  0.00850656   0.0157903   3.15203e-05 -0.000158906 -0.000601908  0.000601977  0.000558837 -0.000410636   2.78173 -0.105554  -9.41044 28.8142
 9.88845 -13.2553 -38.9502  0.352418 -0.551222 -0.201191 -0.206861   14.9144  0.653569  0.0216306 0.00794863  0.0945396 -0.00155541   0.0046343   0.0174059   3.50201e-05 -0.000155701 -0.000560594  0.000600519  0.000559255 -0.000416089   2.78172 -0.105559  -9.41042 28.8149
 9.93247 -13.2478 -38.9365  0.352684 -0.551578 -0.200864 -0.208823   14.9103  0.653289   0.021631 0.00794898  0.0945403 -4.12778e-05   0.00256331    0.0189687  -4.44767e-06 -0.000160953 -0.000569843  0.000599297  0.000559989 -0.000413215   2.78172 -0.105565  -9.41043 28.8155
 9.78649 -13.2516  -38.909  0.351755 -0.552237 -0.200337 -0.216901   14.9123  0.651562  0.0216311 0.00794871   0.094539 -0.00453664 -0.00223189   0.0197631   0.000136118 -0.000165576 -0.000590648  0.000599507  0.000563338 -0.000417671    2.7817 -0.105556  -9.41043 28.8167
 9.82484 -13.2486 -38.9353  0.351934 -0.552453 -0.200964 -0.218495   14.9112  0.651272 0.0216303 0.0079496 0.0945351  -0.00380157 -0.000837309    0.0152822   0.000110072 -0.000164844 -0.000571477  0.000599917  0.000564232 -0.000401726   2.78171 -0.105556  -9.41047 28.8174
 9.85113 -13.2764 -38.8734  0.351898 -0.552238 -0.201057 -0.217379   14.9126  0.651478  0.0216298 0.00794942  0.0945333 -0.00307451 0.000592061   0.0125589    8.0563e-05 -0.000153569 -0.000620071  0.000600687  0.000563932 -0.000396623   2.78172 -0.105554  -9.41049 28.8177
 9.87924 -13.2756 -38.9473  0.352272 -0.552102 -0.200887 -0.214829   14.9109   0.65205  0.0216295 0.00794945  0.0945326 -0.00139495  0.00150486   0.0114405   6.37392e-05 -0.000144259 -0.000543738  0.000600255  0.000562935 -0.000394123   2.78173 -0.105559  -9.41049 28.8181
  9.8505 -13.3004 -38.8804  0.351557 -0.552508 -0.200987 -0.220757   14.9131  0.650767  0.0216283 0.00794986  0.0945323 -0.00526744 -0.00216824  0.00806053   7.88118e-05 -0.000133499 -0.000598824 0.000601048 0.000565411  -0.0003922   2.78172 -0.105551   -9.4105 28.8189
  9.8619  -13.273 -38.9712  0.351446 -0.552977 -0.200984 -0.223645    14.911  0.650223  0.0216287 0.00795064  0.0945319 -0.00564178 -0.00246191  0.00875273   8.91433e-05 -0.000140386 -0.000524195  0.000600506  0.000566693 -0.000388159   2.78172 -0.105552  -9.41052 28.8194
 9.86833 -13.2691 -38.9453  0.351651 -0.552384 -0.202032 -0.220126   14.9136  0.650869  0.0216266 0.00794924  0.0945265  -0.00396202 -0.000129092  0.000301467   7.72441e-05  -0.00015126 -0.000545472  0.000602459  0.000565699 -0.000370734   2.78174 -0.105549  -9.41057 28.8206
 9.83912  -13.264 -38.8927  0.352205 -0.551961 -0.201556 -0.214514   14.9115  0.652116  0.0216275 0.00794889  0.0945278 -0.00165445  0.00247616  0.00173393   8.72362e-05 -0.000163097  -0.00058426  0.000601622  0.000563198 -0.000374318   2.78174 -0.105558  -9.41055 28.8215
 9.90989 -13.1944 -38.9152  0.351524 -0.551536 -0.201463 -0.214985   14.9168  0.651838  0.0216265 0.00794882  0.0945262 -0.00489524  0.00473384  0.00283012   4.31654e-05 -0.000207963 -0.000559465  0.000603278  0.000563359 -0.000378664   2.78174 -0.105548  -9.41054 28.8223
 9.80453 -13.2705 -38.8948  0.351392 -0.550969 -0.201961 -0.212313   14.9197  0.652293 0.0216257 0.0079491 0.0945241 -0.00570535   0.0066681 -0.00335933   0.000118134 -0.000154505 -0.000591693  0.000604662  0.000562697 -0.000371178   2.78176 -0.105544  -9.41056 28.8231
 9.83751 -13.1967 -38.9324  0.351187 -0.551674 -0.201768 -0.218139   14.9151  0.651219  0.0216268 0.00795034  0.0945273   -0.0065829   0.00270353 -0.000242402   0.000100097 -0.000207057 -0.000552296  0.000602887  0.000564731 -0.000374849   2.78174 -0.105548  -9.41055 28.8238
 9.87308 -13.2935 -38.8833  0.351602 -0.551586 -0.202879 -0.216767   14.9141  0.651553  0.0216248 0.00794929  0.0945225  -0.0030159  0.00215005 -0.00665101    6.9373e-05 -0.000148313  -0.00059081  0.000603438  0.000564651 -0.000356618   2.78176 -0.105551  -9.41061 28.825
 9.87775 -13.2389 -38.8959  0.352152  -0.55104 -0.202718 -0.210786   14.9128  0.652834  0.0216252 0.00794912   0.094522 -0.000310492   0.00615717  -0.00441794   6.79629e-05 -0.000188315 -0.000576736  0.000603061   0.00056221 -0.000357082   2.78176 -0.105557   -9.4106 28.8258
  9.8606 -13.2303 -38.9289  0.352059   -0.5506 -0.202778 -0.209557    14.915  0.653014  0.0216248 0.00794867  0.0945214 -0.00164708   0.0079006 -0.00587168   8.52186e-05 -0.000191379 -0.000547055  0.000603793  0.000561504 -0.000357686   2.78177 -0.105555   -9.4106 28.8262
 9.85925 -13.2596 -38.9475   0.35278 -0.550545 -0.203191 -0.208113   14.9103  0.653454  0.0216249 0.00794949   0.094521    0.001769   0.0063706 -0.00993801   8.93489e-05 -0.000169568 -0.000539835  0.000602293  0.000560844 -0.000351711   2.78177 -0.105565  -9.41061 28.8271
  9.8122 -13.1833 -38.9723   0.35246 -0.550443 -0.203863 -0.210092   14.9126  0.652963  0.0216249 0.00794926  0.0945185 -0.0020381 0.00612738 -0.0158361   0.000128722 -0.000218754 -0.000521582  0.000603303  0.000561812 -0.000346756  2.78177 -0.10556 -9.41063 28.8278
 9.83595 -13.2568 -38.9772  0.352709  -0.55074 -0.204261 -0.211367   14.9097  0.652778   0.021625 0.00795005   0.094518 0.00088992 0.00262184  -0.017183   0.000103843 -0.000141982 -0.000529104  0.000602416  0.000562364 -0.000342786   2.78177 -0.105564  -9.41064 28.8284
 9.85193 -13.2363 -38.9497  0.353318 -0.549878 -0.204149 -0.203738   14.9097  0.654397  0.0216247 0.00794978  0.0945181 0.00421054 0.00767833 -0.0134163   8.90905e-05 -0.000155391 -0.000542386  0.000602432  0.000559197 -0.000345381   2.78178 -0.105569  -9.41063 28.8294
 9.92914 -13.1947 -38.9255  0.353497 -0.549584 -0.203521  -0.2014  14.9088 0.654927  0.0216245 0.00795157   0.094521  0.00567305  0.00722752 -0.00881535   1.90968e-05 -0.000188357 -0.000550751  0.000601625  0.000557927 -0.000357067   2.78178 -0.105572  -9.41059 28.8302
 9.83471 -13.1996 -38.9183   0.35346 -0.550204 -0.203468 -0.206096   14.9064     0.654 0.0216248 0.0079519 0.0945235  0.00341786   0.0029484 -0.00889728   7.50466e-05 -0.000187934 -0.000558373   0.00060033  0.000559664 -0.000360347   2.78177 -0.105574  -9.41059 28.8308
 9.83031 -13.2185 -38.9151  0.352997 -0.550706 -0.204415 -0.212462   14.9078  0.652625   0.021624 0.00795234  0.0945213 -0.00091714 0.000418704  -0.0130873   8.30676e-05 -0.000174477 -0.000566789   0.00060106  0.000562446 -0.000353436   2.78176 -0.105568  -9.41061 28.832
 9.87684 -13.2457  -38.963  0.353008 -0.551167 -0.204142 -0.214438   14.9044  0.652278  0.0216253 0.00795322  0.0945241   -0.0030643 -0.000362462  -0.00987271   5.44191e-05 -0.000144261 -0.000529056  0.000599488  0.000563034 -0.000360375   2.78175 -0.105572  -9.41059 28.8325
 9.81928 -13.1766 -38.9038  0.353484  -0.55095 -0.204483 -0.211207   14.9029  0.653003  0.0216258 0.00795308  0.0945237 -0.000760819   0.00167006    -0.010286   9.81581e-05  -0.00022173 -0.000575769  0.000599217  0.000561813 -0.000355309   2.78176 -0.105577   -9.4106 28.8331
 9.87719 -13.2056 -38.8662  0.353339 -0.551089 -0.203241 -0.211114   14.9007  0.653081  0.0216266 0.00795464  0.0945298   -0.0019077   0.00184213 -4.35397e-05   3.09726e-05  -0.00020119 -0.000617117  0.000597543  0.000561271 -0.000375009   2.78174 -0.105581  -9.41055 28.8344
  9.8231  -13.285 -38.9615  0.352714 -0.550772  -0.20302 -0.211721   14.9045  0.652848  0.0216277 0.00795387  0.0945312 -0.00719525  0.00528602  0.00207294   9.14984e-05 -0.000130218 -0.000563669  0.000598605  0.000561456 -0.000380778   2.78174 -0.105575  -9.41053 28.8351
 9.78897 -13.2445 -38.9132  0.352269 -0.552091 -0.203094 -0.221501    14.899  0.650862  0.0216276 0.00795488  0.0945311  -0.00998345  -0.00201988 -0.000469273   0.000100454 -0.000170165 -0.000604234 0.000596551 0.000565375 -0.00037957   2.78172 -0.105577  -9.41054 28.8365
 9.81435 -13.2757 -38.9797   0.35235 -0.552306 -0.203228 -0.221816   14.8972   0.65082  0.0216273 0.00795542  0.0945304 -0.00861293 -0.00174775 0.000722346   9.38029e-05 -0.000142482 -0.000570198  0.000596013  0.000565544 -0.000376388  2.78172 -0.10558 -9.41055 28.8368
  9.8689 -13.2293 -38.9205  0.352603 -0.552136 -0.202078 -0.217256   14.8945   0.65189 0.0216288 0.0079559 0.0945339   -0.0059636 -0.000601697   0.00689385   2.91128e-05 -0.000196203 -0.000616022  0.000594365  0.000563393 -0.000390076   2.78171 -0.105589  -9.41051 28.838
 9.84064 -13.2543 -38.9322  0.352402 -0.552041 -0.201942 -0.217076   14.8954  0.651906  0.0216289 0.00795582  0.0945339 -0.00724788 0.000482446  0.00690947   6.26466e-05 -0.000170813 -0.000608369  0.000594649  0.000563314 -0.000390883   2.78171 -0.105587   -9.4105 28.8382
 9.91084 -13.2712 -38.8675  0.352084 -0.552559 -0.202697 -0.221577    14.895  0.650936 0.0216265 0.0079545 0.0945326  -0.0076328 -0.00352166 -0.00116542   3.95564e-06 -0.000170693 -0.000648609  0.000595005  0.000565431 -0.000378718   2.78172 -0.105585  -9.41054 28.8392
 9.84689 -13.2076 -38.9056  0.351635 -0.553317 -0.202698 -0.226816   14.8935  0.649804  0.0216268 0.00795515  0.0945341  -0.0111647 -0.00650472 -0.00154535   6.90717e-05 -0.000219194  -0.00060736   0.00059431  0.000567493 -0.000380576   2.78171 -0.105584  -9.41054 28.8401
 9.82862 -13.2464 -38.9242  0.351706 -0.553627  -0.20254 -0.226906   14.8911  0.649839  0.0216272 0.00795546  0.0945351  -0.0108157  -0.0085768 -0.00209146   9.02971e-05 -0.000184912 -0.000597901  0.000593355  0.000567378 -0.000381849    2.7817 -0.105588  -9.41054 28.8404
 9.89337 -13.2425 -38.9145  0.352285 -0.553269   -0.2032 -0.221349   14.8901  0.651097 0.0216261 0.0079541 0.0945311 -0.00779756 -0.00489019 -0.00496561   2.95913e-05 -0.000192395 -0.000606874  0.000593553  0.000565416 -0.000369621   2.78172 -0.105593  -9.41057 28.8414
 9.83106  -13.197 -38.9726  0.352089 -0.553184 -0.203885 -0.221067    14.892  0.651099  0.0216256 0.00795396  0.0945286 -0.00734144  -0.0048304 -0.00950283   7.93027e-05 -0.000216592 -0.000564271  0.000594562   0.00056551 -0.000362109  2.78173 -0.10559 -9.41059 28.8421
 9.81384 -13.1934 -38.9252  0.352801 -0.553431 -0.204129 -0.218786   14.8868   0.65173  0.0216261 0.00795476  0.0945295 -0.00278573 -0.00518112 -0.00902129   8.63465e-05 -0.000225134 -0.000608484  0.000592959  0.000564602 -0.000356267   2.78173 -0.105601   -9.4106 28.8429
   9.893 -13.1896 -38.9115  0.351228 -0.553578 -0.204677 -0.225437   14.8954  0.650075  0.0216252 0.00795503  0.0945291  -0.0113835 -0.00520794  -0.0103735    2.4001e-05 -0.000228742 -0.000613725  0.000595805  0.000567274 -0.000360856   2.78173 -0.105582   -9.4106 28.8446
 9.76838 -13.2345 -38.9379  0.351051 -0.553765 -0.204997 -0.225909   14.8948  0.649976  0.0216251 0.00795539   0.094529  -0.0129763 -0.00509668  -0.0129187    0.00011956  -0.00019714 -0.000606818  0.000595652  0.000567491 -0.000359021   2.78173 -0.105583   -9.4106 28.845
 9.85038 -13.2365 -38.9095  0.351579 -0.553489 -0.203451 -0.218257   14.8898  0.651783   0.021627 0.00795595  0.0945348 -0.00774965 -0.00323755  -0.0022646   3.54401e-05 -0.000205134 -0.000635482   0.00059314  0.000563849 -0.000379344   2.78172 -0.105596  -9.41054 28.8466
  9.8442 -13.2324 -38.9983  0.351697 -0.553335  -0.20342 -0.215952   14.8896  0.652285  0.0216265 0.00795588  0.0945348 -0.00725485 -0.00125141 -0.00143774   6.28173e-05 -0.000197044 -0.000562209  0.000593024  0.000562922 -0.000378969   2.78172 -0.105598  -9.41054 28.8468
 9.86494 -13.2621 -38.9262  0.351554 -0.552614 -0.203441 -0.211342    14.893  0.653253  0.0216261 0.00795548  0.0945338  -0.00781214    0.0043316 -9.96659e-05     3.156e-05 -0.000184416 -0.000613105  0.000594331  0.000561107 -0.000378978   2.78173 -0.105595  -9.41053 28.8476
 9.79047 -13.2257 -38.9065  0.351093 -0.552721 -0.203914 -0.214063   14.8944  0.652622  0.0216257 0.00795568  0.0945319  -0.0101748  0.00456839 -0.00109724    7.8859e-05 -0.000211245 -0.000622951  0.000594836  0.000562432 -0.000373342   2.78173 -0.105592  -9.41055 28.8482
 9.83506 -13.2462 -38.9776   0.35132 -0.552409 -0.204075 -0.21116  14.8939 0.653261  0.0216248 0.00795567  0.0945309  -0.00771166   0.00682624 -0.000858308  5.71119e-05 -0.00018761 -0.00057665   0.00059487  0.000561353 -0.000369458   2.78174 -0.105595  -9.41056 28.8486
 9.84002 -13.1847 -38.9039  0.351709 -0.552355  -0.20374 -0.209121   14.8902  0.653808  0.0216253 0.00795566  0.0945328 -0.00386281  0.00669546  0.00273655   3.60943e-05  -0.00025956 -0.000637372  0.000593528  0.000560451 -0.000371203   2.78174 -0.105602  -9.41056 28.8492
 9.82082 -13.2469 -38.9503   0.35166 -0.552208 -0.202711 -0.208136   14.8887  0.654049  0.0216266 0.00795571  0.0945364 -0.00447517  0.00904248  0.00993672   6.01205e-05 -0.000208426 -0.000609515   0.00059244  0.000559721 -0.000383972   2.78173 -0.105605  -9.41052 28.8502
 9.80013 -13.3137 -38.8787  0.351771 -0.551616 -0.201987 -0.20405  14.8889 0.654961  0.0216288 0.00795561  0.0945381 -0.00506922   0.0130821   0.0130642   7.01332e-05 -0.000159145  -0.00067845  0.000592268  0.000557932 -0.000390634   2.78173 -0.105607   -9.4105 28.8511
 9.71434 -13.4093  -38.802  0.351117 -0.551627 -0.201954 -0.208965     14.89  0.653856  0.0216262 0.00795628  0.0945369 -0.00811626   0.0117748   0.0117398   0.000125116 -8.88359e-05 -0.000753134  0.000592707  0.000559915 -0.000388246   2.78172 -0.105602  -9.41051 28.8518
 9.78554 -13.3041 -38.9879  0.351644  -0.55151 -0.201915 -0.206751   14.8865  0.654415  0.0216252 0.00795813  0.0945366 -0.00445929   0.0120669   0.0126408   0.000100292 -0.000151089 -0.000574195  0.000591743  0.000559121 -0.000383127   2.78173 -0.105609  -9.41052 28.8523
 9.84299 -13.2461 -38.9351   0.35267 -0.551025 -0.202038 -0.201419   14.8823  0.655726  0.0216245 0.00795791  0.0945346 0.0041432 0.0128801 0.0121198   4.27394e-05 -0.000196379 -0.000600724  0.000590835  0.000557172 -0.000372232   2.78174 -0.105619  -9.41055 28.8535
 9.84564 -13.2031 -38.9782  0.353008 -0.550088 -0.201389 -0.195448   14.8837  0.656966  0.0216222 0.00795717  0.0945336 0.00483619  0.0173082  0.0138766   5.05238e-05 -0.000219464 -0.000569546 0.000591194 0.000554574 -0.00037749   2.78175 -0.105621  -9.41053 28.8547
 9.87225 -13.2542 -38.9544  0.351873 -0.550024 -0.201015 -0.201594   14.8889  0.655475   0.021623 0.00795744  0.0945357 -0.00236552   0.0173872   0.0164884   2.67889e-05 -0.000181867 -0.000594067  0.000592557  0.000556807 -0.000385488   2.78174 -0.105609  -9.41051 28.8559
  9.9134  -13.222 -38.8681  0.351274 -0.550305 -0.200919 -0.209057   14.8886  0.653889   0.021622 0.00795752   0.094539 -0.00574743   0.0125693   0.0142431  -2.25856e-05 -0.000221594 -0.000662246  0.000592497   0.00055977 -0.000382771   2.78173 -0.105605  -9.41052 28.8565
 9.80381 -13.2511 -38.9757  0.351559 -0.550117 -0.200702 -0.207968   14.8863  0.654163 0.0216216 0.0079582 0.0945393 -0.00176491   0.0127925   0.0159074   7.51305e-05 -0.000185981 -0.000585522  0.000591868  0.000559401 -0.000379598   2.78173 -0.105609  -9.41053 28.8569
